[Licensing::Module] Trying to connect to existing licensing client channel...
Built from '6000.5/staging' branch; Version is '6000.5.9f1 (b57deb96f08d) revision 11894251'; Using compiler version '194234433'; Build Type 'Release'
[Licensing::IpcConnector] Successfully connected to: "LicenseClient-golfa" at "2026-09-14T19:37:10.7850344Z"
OS: 'Windows 11  (10.0.26200) Core' Language: 'en' Physical Memory: 16125 MB
BatchMode: 1, IsHumanControllingUs: 0, StartBugReporterOnCrash: 0, Is64bit: 1
System  architecture: x64
Process architecture: x64
Date: 2026-09-14T19:37:10Z
[Licensing::Client] Code 10 while verifying Licensing Client signature (process Id: 16192, path: "C:/Program Files/Unity Hub/UnityLicensingClient_V1/Unity.Licensing.Client.exe")
[Licensing::Module] LicensingClient has failed validation; ignoring
[Licensing::Client] Handshaking with LicensingClient:
  Version:                 1.18.3+d7ffd15
  Session Id:              562a1ec0c9b246718bdae2656dc285d0
  Correlation Id:          072e5d8d47958b7b3cefe669362c5ab1
  External correlation Id: 8809475822342096191
  Machine Id:              FUnE4I3JiGVUYJ7CitaydDp0Olk=
[Licensing::Module] Successfully connected to LicensingClient on channel: "LicenseClient-golfa" (connect: 0.00s, validation: 0.00s, handshake: 0.03s)
[Licensing::IpcConnector] Successfully connected to: "LicenseClient-golfa-notifications" at "2026-09-14T19:37:10.8173247Z"
[Licensing::Module] Licensing Background thread has ended after 0.03s

COMMAND LINE ARGUMENTS:
C:\Program Files\Unity\Hub\Editor\6000.5.9f1\Editor\Unity.exe
-adb2
-batchMode
-noUpm
-name
AssetImportWorkerHW1
-projectPath
C:/Users/golfa/Rocket
-logFile
Logs/AssetImportWorkerHW1.log
-srvPort
63768
-parentPid
28452
-analyticsCloudUserId
18967218653225
-analyticsLocalProjectId
64207c39853c3f149af8c67a4b542fb9
-editorAnalyticsEnabled
1
-cbmEditorLicense
2483fd98348eaff93f7cb9b040f9533a53650a6a
-cbmMachineId
FUnE4I3JiGVUYJ7CitaydDp0Olk=
-licensingIpc
LicenseClient-golfa
-noDiagnosticSwitchPersistentStore
-job-worker-count
9
-background-job-worker-count
8
-asset-garbage-collectors
1
-force-d3d12
-name
AssetImport
Successfully changed project path to: C:/Users/golfa/Rocket
C:/Users/golfa/Rocket
[UnityMemory] Configuration Parameters - Can be set up in boot.config
    "memorysetup-temp-allocator-size-gi-baking-worker=262144"
    "memorysetup-temp-allocator-size-gi-baking-worker=262144"
    "memorysetup-temp-allocator-size-gi-baking-worker=262144"
    "memorysetup-temp-allocator-size-gi-baking-worker=262144"
    "memorysetup-temp-allocator-size-gi-baking-worker=262144"
    "memorysetup-temp-allocator-size-nav-mesh-worker=65536"
    "memorysetup-temp-allocator-size-audio-worker=65536"
    "memorysetup-temp-allocator-size-cloud-worker=32768"
    "memorysetup-temp-allocator-size-gfx=262144"
    "memorysetup-remapper-allocator-initial-capacity=32768"
    "memorysetup-temp-allocator-size-preload-manager=33554432"
    "memorysetup-allocator-temp-initial-block-size-main=262144"
    "memorysetup-allocator-temp-initial-block-size-worker=262144"
    "memorysetup-temp-allocator-size-job-worker=262144"
    "memorysetup-temp-allocator-size-background-worker=32768"
    "memorysetup-bucket-allocator-granularity=16"
    "memorysetup-bucket-allocator-bucket-count=8"
    "memorysetup-bucket-allocator-block-size=33554432"
    "memorysetup-bucket-allocator-block-count=8"
    "memorysetup-main-allocator-block-size=16777216"
    "memorysetup-thread-allocator-block-size=16777216"
    "memorysetup-main-allocator-mimalloc-enabled=0"
    "memorysetup-gfx-main-allocator-block-size=16777216"
    "memorysetup-gfx-thread-allocator-block-size=16777216"
    "memorysetup-cache-allocator-block-size=4194304"
    "memorysetup-typetree-allocator-block-size=2097152"
    "memorysetup-profiler-bucket-allocator-granularity=16"
    "memorysetup-profiler-bucket-allocator-bucket-count=8"
    "memorysetup-profiler-bucket-allocator-block-size=33554432"
    "memorysetup-profiler-bucket-allocator-block-count=8"
    "memorysetup-profiler-allocator-block-size=16777216"
    "memorysetup-profiler-editor-allocator-block-size=1048576"
    "memorysetup-temp-allocator-size-main=16777216"
    "memorysetup-job-temp-allocator-block-size=2097152"
    "memorysetup-job-temp-allocator-block-size-background=1048576"
    "memorysetup-job-temp-allocator-reduction-small-platforms=262144"
Player connection [20212]  Target information:

Player connection [20212]  * "[IP] 192.168.1.100 [Port] 0 [Flags] 2 [Guid] 4146081957 [EditorId] 4146081957 [Version] 1048832 [Id] WindowsEditor(7,Onejack) [Debug] 1 [PackageName] WindowsEditor [ProjectName] Editor" 

Player connection [20212] Host joined multi-casting on [225.0.0.222:54997]...
Player connection [20212] Host joined alternative multi-casting on [225.0.0.222:34997]...
JobSystem: Creating JobQueue using job-worker-count value 9
Input System module state changed to: Initialized.
[Physics::Module] Initialized fallback backend.
[Physics::Module] Id: 0xdecafbad
Library Redirect Path: Library/
[Physics::Module] Selected backend.
[Physics::Module] Name: PhysX
[Physics::Module] Id: 0xf2b8ea05
[Physics::Module] SDK Version: 4.1.2
[Physics::Module] Integration Version: 1.0.0
[Physics::Module] Threading Mode: Multi-Threaded
Refreshing native plugins compatible for Editor in 2.65 ms, found 4 plugins.
Initialize engine version: 6000.5.9f1 (b57deb96f08d)
[Subsystems] Discovering subsystems at path C:/Program Files/Unity/Hub/Editor/6000.5.9f1/Editor/Data/Resources/UnitySubsystems
[Subsystems] Discovering subsystems at path C:/Users/golfa/Rocket/Assets
Forcing GfxDevice: Direct3D 12
GfxDevice: creating device client; kGfxThreadingModeNonThreaded
d3d12: failed to query info queue interface (0x80004002).
Direct3D:
    Version:         Direct3D 12 [level 12.2]
    Renderer:        NVIDIA GeForce RTX 4060 Ti (ID=0x2803)
    Vendor:          NVIDIA
    VRAM:            7949 MB
    App VRAM Budget: 7181 MB
    Driver:          32.0.16.1088
Initialize mono
Mono path[0] = 'C:/Program Files/Unity/Hub/Editor/6000.5.9f1/Editor/Data/Managed'
Mono path[1] = 'C:/Program Files/Unity/Hub/Editor/6000.5.9f1/Editor/Data/BCLExtensions/runtime/netstandard2.1'
Mono path[2] = 'C:/Program Files/Unity/Hub/Editor/6000.5.9f1/Editor/Data/MonoBleedingEdge/lib/mono/unityjit-win32'
Mono config path = 'C:/Program Files/Unity/Hub/Editor/6000.5.9f1/Editor/Data/MonoBleedingEdge/etc'
Using monoOptions --debugger-agent=transport=dt_socket,embedding=1,server=y,suspend=n,address=127.0.0.1:56912
CodeReloadManager initialized
Begin MonoManager ReloadAssembly
Registering precompiled unity dll's ...
Register platform support module: C:/Program Files/Unity/Hub/Editor/6000.5.9f1/Editor/Data/PlaybackEngines/WebGLSupport/UnityEditor.WebGL.Extensions.dll
Register platform support module: C:/Program Files/Unity/Hub/Editor/6000.5.9f1/Editor/Data/PlaybackEngines/WindowsStandaloneSupport/UnityEditor.WindowsStandalone.Extensions.dll
Registered in 0.001555 seconds.
Native extension for WindowsStandalone target not found
Native extension for WebGL target not found
Package Manager log level set to [2]
[Package Manager] Failed to launch server process. Reason: Unity was launched with the -noUpm command-line argument
[Package Manager] Unable to send message (not connected to server process).
[Package Manager] Cannot connect to Unity Package Manager local server
ScheduleIndexationOnStartup MainProcess:False IndexOnStartup:True
Mono: successfully reloaded assembly
- Finished resetting the current domain, in  0.404 seconds
Domain Reload Profiling: 829ms
	BeginReloadAssembly (106ms)
	RebuildCommonClasses (4ms)
	RebuildNativeTypeToScriptingClass (15ms)
	initialDomainReloadingComplete (55ms)
	LoadAllAssembliesAndSetupDomain (245ms)
		LoadAssemblies (103ms)
		AnalyzeDomain (175ms)
			TypeCache.Refresh (173ms)
				TypeCache.ScanAssembly (161ms)
	FinalizeReload (405ms)
		SetupLoadedEditorAssemblies (0ms)
			BeforeProcessingInitializeOnLoad (77ms)
			ProcessInitializeOnLoadAttributes (83ms)
			ProcessInitializeOnLoadMethodAttributes (176ms)
Initializing Unity extensions:
[Licensing::Client] Successfully resolved entitlement details
[Licensing::Module] License group:
  Id: 18967218653225-UnityPersXXXX
  Product: Unity Personal
  Type: Assigned
  Expiration: Unlimited
========================================================================
Worker process is ready to serve import requests
Import Worker Mode flag is 0x00
Begin MonoManager ReloadAssembly
Native extension for WindowsStandalone target not found
Native extension for WebGL target not found
[Package Manager] Failed to launch server process. Reason: Unity was launched with the -noUpm command-line argument
[Package Manager] Unable to send message (not connected to server process).
[Package Manager] Cannot connect to Unity Package Manager local server
[Package Manager] Failed to launch server process. Reason: Unity was launched with the -noUpm command-line argument
[Package Manager] Unable to send message (not connected to server process).
[Package Manager] Cannot connect to Unity Package Manager local server
ScheduleIndexationOnStartup MainProcess:False IndexOnStartup:True
Mono: successfully reloaded assembly
- Finished resetting the current domain, in  0.685 seconds
Domain Reload Profiling: 1417ms
	BeginReloadAssembly (168ms)
		DisableScriptedObjects (8ms)
		CreateAndSetChildDomain (24ms)
	RebuildCommonClasses (7ms)
	RebuildNativeTypeToScriptingClass (13ms)
	initialDomainReloadingComplete (43ms)
	LoadAllAssembliesAndSetupDomain (500ms)
		LoadAssemblies (284ms)
		AnalyzeDomain (208ms)
			TypeCache.Refresh (145ms)
				TypeCache.ScanAssembly (133ms)
			BuildScriptInfoCaches (57ms)
			ResolveRequiredComponents (4ms)
	FinalizeReload (686ms)
		SetupLoadedEditorAssemblies (0ms)
			BeforeProcessingInitializeOnLoad (78ms)
			ProcessInitializeOnLoadAttributes (251ms)
			ProcessInitializeOnLoadMethodAttributes (115ms)
			AfterProcessingInitializeOnLoad (5ms)
		AwakeInstancesAfterBackupRestoration (7ms)
AcceleratorClientConnectionCallback - disconnected - :0
Launched and connected shader compiler UnityShaderCompiler.exe after 0.01 seconds
Unloading 24 Unused Serialized files (Serialized files now loaded: 0)
Curl error 3: URL rejected: Malformed input to a URL function
Unloading 6634 unused Assets / (6.2 MB). Loaded Objects now: 7611.
Memory consumption went from 335.6 MB to 329.4 MB.
Total: 9.929900 ms (FindLiveObjects: 1.647100 ms CreateObjectMapping: 2.117000 ms MarkObjects: 3.953900 ms  DeleteObjects: 2.209600 ms)

========================================================================
Received Prepare
AcceleratorClientConnectionCallback - disconnected - :0
Refreshing native plugins compatible for Editor in 3.15 ms, found 4 plugins.
Unloading 24 Unused Serialized files (Serialized files now loaded: 0)
Unloading 6619 unused Assets / (8.2 MB). Loaded Objects now: 7611.
Memory consumption went from 333.2 MB to 325.0 MB.
Total: 241.179100 ms (FindLiveObjects: 11.269100 ms CreateObjectMapping: 4.223900 ms MarkObjects: 214.697800 ms  DeleteObjects: 10.882500 ms)

Prepare: number of updated asset objects reloaded= 0
========================================================================
Received Import Request.
  Time of request: 2026-09-14T19:38:52.3059552Z
  Time since last request: 245.9674066 seconds.
  importAddress: GUID: ddfab16af75a799468df8eb8410342ff - Path: Assets/Script/CoinSpawner.cs - Importer: ScriptedImporter/UnityEditor.QuickSearchModule:UnityEditor.Search:ASIAI0B
Importing 'GUID: ddfab16af75a799468df8eb8410342ff - Path: Assets/Script/CoinSpawner.cs - Importer: ScriptedImporter/UnityEditor.QuickSearchModule:UnityEditor.Search:ASIAI0B' with importer (ScriptedImporter : UnityEditor.QuickSearchModule:UnityEditor.Search:ASIAI0B)
Imported 'GUID: ddfab16af75a799468df8eb8410342ff' -> (Import Result ID: '50a403a7e3307c5c28c7eac776fc7bcb') in 0.844 seconds [static and dynamic dependencies]. Details - ImportResultOutputID=f4774162456ad543bce95972cfa0b8ad DependenciesID=03abef1f3a9d4929c0514bb8910b2cdc StaticDependenciesID=6447cdf33ecee5d4e3782b59229a00bc 
Number of updated asset objects reloaded before import = 0
Number of asset objects unloaded after import = 0
========================================================================
Received Prepare
AcceleratorClientConnectionCallback - disconnected - :0
[Licensing::Client] Successfully resolved entitlement details
Begin MonoManager ReloadAssembly
Refreshing native plugins compatible for Editor in 4.53 ms, found 4 plugins.
Native extension for WindowsStandalone target not found
Native extension for WebGL target not found
[Package Manager] Failed to launch server process. Reason: Unity was launched with the -noUpm command-line argument
[Package Manager] Unable to send message (not connected to server process).
[Package Manager] Cannot connect to Unity Package Manager local server
[Package Manager] Failed to launch server process. Reason: Unity was launched with the -noUpm command-line argument
[Package Manager] Unable to send message (not connected to server process).
[Package Manager] Cannot connect to Unity Package Manager local server
ScheduleIndexationOnStartup MainProcess:False IndexOnStartup:True
Mono: successfully reloaded assembly
- Finished resetting the current domain, in  1.954 seconds
Domain Reload Profiling: 5094ms
	BeginReloadAssembly (996ms)
		DisableScriptedObjects (60ms)
		CreateAndSetChildDomain (364ms)
	RebuildCommonClasses (21ms)
	RebuildNativeTypeToScriptingClass (34ms)
	initialDomainReloadingComplete (158ms)
	LoadAllAssembliesAndSetupDomain (1929ms)
		LoadAssemblies (1293ms)
		AnalyzeDomain (695ms)
			TypeCache.Refresh (77ms)
			BuildScriptInfoCaches (582ms)
			ResolveRequiredComponents (15ms)
	FinalizeReload (1956ms)
		SetupLoadedEditorAssemblies (0ms)
			InitializePlatformSupportModulesInManaged (5ms)
			BeforeProcessingInitializeOnLoad (180ms)
			ProcessInitializeOnLoadAttributes (462ms)
			ProcessInitializeOnLoadMethodAttributes (601ms)
			AfterProcessingInitializeOnLoad (10ms)
		AwakeInstancesAfterBackupRestoration (41ms)
Refreshing native plugins compatible for Editor in 6.44 ms, found 4 plugins.
Unloading 24 Unused Serialized files (Serialized files now loaded: 0)
Unloading 6630 unused Assets / (6.1 MB). Loaded Objects now: 7657.
Memory consumption went from 350.5 MB to 344.4 MB.
Total: 19.560100 ms (FindLiveObjects: 1.051600 ms CreateObjectMapping: 4.113200 ms MarkObjects: 8.172900 ms  DeleteObjects: 6.218900 ms)

Prepare: number of updated asset objects reloaded= 0
========================================================================
Received Prepare
AcceleratorClientConnectionCallback - disconnected - :0
Begin MonoManager ReloadAssembly
Refreshing native plugins compatible for Editor in 2.23 ms, found 4 plugins.
Native extension for WindowsStandalone target not found
Native extension for WebGL target not found
[Package Manager] Failed to launch server process. Reason: Unity was launched with the -noUpm command-line argument
[Package Manager] Unable to send message (not connected to server process).
[Package Manager] Cannot connect to Unity Package Manager local server
[Package Manager] Failed to launch server process. Reason: Unity was launched with the -noUpm command-line argument
[Package Manager] Unable to send message (not connected to server process).
[Package Manager] Cannot connect to Unity Package Manager local server
ScheduleIndexationOnStartup MainProcess:False IndexOnStartup:True
Mono: successfully reloaded assembly
- Finished resetting the current domain, in  1.340 seconds
Domain Reload Profiling: 2621ms
	BeginReloadAssembly (457ms)
		DisableScriptedObjects (30ms)
		CreateAndSetChildDomain (111ms)
	RebuildCommonClasses (17ms)
	RebuildNativeTypeToScriptingClass (31ms)
	initialDomainReloadingComplete (105ms)
	LoadAllAssembliesAndSetupDomain (668ms)
		LoadAssemblies (638ms)
		AnalyzeDomain (34ms)
			TypeCache.Refresh (18ms)
			ResolveRequiredComponents (10ms)
	FinalizeReload (1342ms)
		SetupLoadedEditorAssemblies (0ms)
			InitializePlatformSupportModulesInManaged (4ms)
			BeforeProcessingInitializeOnLoad (155ms)
			ProcessInitializeOnLoadAttributes (455ms)
			ProcessInitializeOnLoadMethodAttributes (242ms)
			AfterProcessingInitializeOnLoad (9ms)
		AwakeInstancesAfterBackupRestoration (49ms)
Refreshing native plugins compatible for Editor in 2.41 ms, found 4 plugins.
Unloading 24 Unused Serialized files (Serialized files now loaded: 0)
Unloading 6630 unused Assets / (6.4 MB). Loaded Objects now: 7660.
Memory consumption went from 352.2 MB to 345.9 MB.
Total: 18.466600 ms (FindLiveObjects: 1.392600 ms CreateObjectMapping: 3.509200 ms MarkObjects: 7.584400 ms  DeleteObjects: 5.975500 ms)

Prepare: number of updated asset objects reloaded= 0
========================================================================
Received Prepare
AcceleratorClientConnectionCallback - disconnected - :0
Refreshing native plugins compatible for Editor in 2.26 ms, found 4 plugins.
Unloading 24 Unused Serialized files (Serialized files now loaded: 0)
Unloading 6619 unused Assets / (6.7 MB). Loaded Objects now: 7660.
Memory consumption went from 355.3 MB to 348.6 MB.
Total: 67.922500 ms (FindLiveObjects: 3.713000 ms CreateObjectMapping: 4.365500 ms MarkObjects: 52.117200 ms  DeleteObjects: 7.720900 ms)

Prepare: number of updated asset objects reloaded= 0
========================================================================
Received Prepare
AcceleratorClientConnectionCallback - disconnected - :0
[Licensing::Client] Successfully resolved entitlement details
Begin MonoManager ReloadAssembly
Native extension for WindowsStandalone target not found
Native extension for WebGL target not found
[Package Manager] Failed to launch server process. Reason: Unity was launched with the -noUpm command-line argument
[Package Manager] Unable to send message (not connected to server process).
[Package Manager] Cannot connect to Unity Package Manager local server
[Package Manager] Failed to launch server process. Reason: Unity was launched with the -noUpm command-line argument
[Package Manager] Unable to send message (not connected to server process).
[Package Manager] Cannot connect to Unity Package Manager local server
ScheduleIndexationOnStartup MainProcess:False IndexOnStartup:True
Mono: successfully reloaded assembly
- Finished resetting the current domain, in  1.258 seconds
Domain Reload Profiling: 3300ms
	BeginReloadAssembly (800ms)
		DisableScriptedObjects (72ms)
		CreateAndSetChildDomain (244ms)
	RebuildCommonClasses (17ms)
	RebuildNativeTypeToScriptingClass (30ms)
	initialDomainReloadingComplete (125ms)
	LoadAllAssembliesAndSetupDomain (1068ms)
		LoadAssemblies (680ms)
		AnalyzeDomain (404ms)
			TypeCache.Refresh (44ms)
			BuildScriptInfoCaches (329ms)
			ResolveRequiredComponents (9ms)
	FinalizeReload (1260ms)
		SetupLoadedEditorAssemblies (0ms)
			InitializePlatformSupportModulesInManaged (5ms)
			BeforeProcessingInitializeOnLoad (151ms)
			ProcessInitializeOnLoadAttributes (461ms)
			ProcessInitializeOnLoadMethodAttributes (207ms)
			AfterProcessingInitializeOnLoad (9ms)
		AwakeInstancesAfterBackupRestoration (53ms)
Unloading 24 Unused Serialized files (Serialized files now loaded: 0)
Unloading 6630 unused Assets / (6.2 MB). Loaded Objects now: 7663.
Memory consumption went from 361.4 MB to 355.2 MB.
Total: 19.274600 ms (FindLiveObjects: 1.070400 ms CreateObjectMapping: 3.739200 ms MarkObjects: 8.612700 ms  DeleteObjects: 5.849100 ms)

Prepare: number of updated asset objects reloaded= 0
========================================================================
Received Prepare
AcceleratorClientConnectionCallback - disconnected - :0
Begin MonoManager ReloadAssembly
Refreshing native plugins compatible for Editor in 2.35 ms, found 4 plugins.
Native extension for WindowsStandalone target not found
Native extension for WebGL target not found
[Package Manager] Failed to launch server process. Reason: Unity was launched with the -noUpm command-line argument
[Package Manager] Unable to send message (not connected to server process).
[Package Manager] Cannot connect to Unity Package Manager local server
[Package Manager] Failed to launch server process. Reason: Unity was launched with the -noUpm command-line argument
[Package Manager] Unable to send message (not connected to server process).
[Package Manager] Cannot connect to Unity Package Manager local server
ScheduleIndexationOnStartup MainProcess:False IndexOnStartup:True
Mono: successfully reloaded assembly
- Finished resetting the current domain, in  1.199 seconds
Domain Reload Profiling: 2310ms
	BeginReloadAssembly (375ms)
		DisableScriptedObjects (17ms)
		CreateAndSetChildDomain (98ms)
	RebuildCommonClasses (16ms)
	RebuildNativeTypeToScriptingClass (29ms)
	initialDomainReloadingComplete (95ms)
	LoadAllAssembliesAndSetupDomain (594ms)
		LoadAssemblies (538ms)
		AnalyzeDomain (29ms)
			TypeCache.Refresh (15ms)
			ResolveRequiredComponents (8ms)
	FinalizeReload (1200ms)
		SetupLoadedEditorAssemblies (0ms)
			InitializePlatformSupportModulesInManaged (4ms)
			BeforeProcessingInitializeOnLoad (150ms)
			ProcessInitializeOnLoadAttributes (417ms)
			ProcessInitializeOnLoadMethodAttributes (186ms)
			AfterProcessingInitializeOnLoad (8ms)
		AwakeInstancesAfterBackupRestoration (44ms)
Refreshing native plugins compatible for Editor in 2.31 ms, found 4 plugins.
Unloading 24 Unused Serialized files (Serialized files now loaded: 0)
Unloading 6630 unused Assets / (6.2 MB). Loaded Objects now: 7666.
Memory consumption went from 365.0 MB to 358.7 MB.
Total: 17.315300 ms (FindLiveObjects: 0.986300 ms CreateObjectMapping: 3.592500 ms MarkObjects: 8.218900 ms  DeleteObjects: 4.514000 ms)

Prepare: number of updated asset objects reloaded= 0
========================================================================
Received Prepare
AcceleratorClientConnectionCallback - disconnected - :0
Begin MonoManager ReloadAssembly
Native extension for WindowsStandalone target not found
Native extension for WebGL target not found
[Package Manager] Failed to launch server process. Reason: Unity was launched with the -noUpm command-line argument
[Package Manager] Unable to send message (not connected to server process).
[Package Manager] Cannot connect to Unity Package Manager local server
[Package Manager] Failed to launch server process. Reason: Unity was launched with the -noUpm command-line argument
[Package Manager] Unable to send message (not connected to server process).
[Package Manager] Cannot connect to Unity Package Manager local server
ScheduleIndexationOnStartup MainProcess:False IndexOnStartup:True
Mono: successfully reloaded assembly
- Finished resetting the current domain, in  1.194 seconds
Domain Reload Profiling: 2352ms
	BeginReloadAssembly (387ms)
		DisableScriptedObjects (20ms)
		CreateAndSetChildDomain (95ms)
	RebuildCommonClasses (19ms)
	RebuildNativeTypeToScriptingClass (29ms)
	initialDomainReloadingComplete (105ms)
	LoadAllAssembliesAndSetupDomain (617ms)
		LoadAssemblies (568ms)
		AnalyzeDomain (29ms)
			TypeCache.Refresh (14ms)
			ResolveRequiredComponents (9ms)
	FinalizeReload (1195ms)
		SetupLoadedEditorAssemblies (0ms)
			InitializePlatformSupportModulesInManaged (4ms)
			BeforeProcessingInitializeOnLoad (142ms)
			ProcessInitializeOnLoadAttributes (426ms)
			ProcessInitializeOnLoadMethodAttributes (183ms)
			AfterProcessingInitializeOnLoad (9ms)
		AwakeInstancesAfterBackupRestoration (43ms)
Unloading 24 Unused Serialized files (Serialized files now loaded: 0)
Unloading 6630 unused Assets / (6.6 MB). Loaded Objects now: 7669.
Memory consumption went from 368.0 MB to 361.4 MB.
Total: 18.957000 ms (FindLiveObjects: 1.178900 ms CreateObjectMapping: 3.691700 ms MarkObjects: 7.798800 ms  DeleteObjects: 6.283700 ms)

Prepare: number of updated asset objects reloaded= 0
========================================================================
Received Prepare
AcceleratorClientConnectionCallback - disconnected - :0
[Licensing::Client] Successfully resolved entitlement details
Begin MonoManager ReloadAssembly
Native extension for WindowsStandalone target not found
Native extension for WebGL target not found
[Package Manager] Failed to launch server process. Reason: Unity was launched with the -noUpm command-line argument
[Package Manager] Unable to send message (not connected to server process).
[Package Manager] Cannot connect to Unity Package Manager local server
[Package Manager] Failed to launch server process. Reason: Unity was launched with the -noUpm command-line argument
[Package Manager] Unable to send message (not connected to server process).
[Package Manager] Cannot connect to Unity Package Manager local server
ScheduleIndexationOnStartup MainProcess:False IndexOnStartup:True
Mono: successfully reloaded assembly
- Finished resetting the current domain, in  1.204 seconds
Domain Reload Profiling: 2258ms
	BeginReloadAssembly (341ms)
		DisableScriptedObjects (14ms)
		CreateAndSetChildDomain (84ms)
	RebuildCommonClasses (18ms)
	RebuildNativeTypeToScriptingClass (27ms)
	initialDomainReloadingComplete (92ms)
	LoadAllAssembliesAndSetupDomain (574ms)
		LoadAssemblies (517ms)
		AnalyzeDomain (29ms)
			TypeCache.Refresh (12ms)
			ResolveRequiredComponents (10ms)
	FinalizeReload (1206ms)
		SetupLoadedEditorAssemblies (0ms)
			InitializePlatformSupportModulesInManaged (3ms)
			BeforeProcessingInitializeOnLoad (145ms)
			ProcessInitializeOnLoadAttributes (440ms)
			ProcessInitializeOnLoadMethodAttributes (190ms)
			AfterProcessingInitializeOnLoad (8ms)
		AwakeInstancesAfterBackupRestoration (43ms)
Unloading 24 Unused Serialized files (Serialized files now loaded: 0)
Unloading 6630 unused Assets / (7.0 MB). Loaded Objects now: 7672.
Memory consumption went from 370.9 MB to 364.0 MB.
Total: 20.481700 ms (FindLiveObjects: 1.015300 ms CreateObjectMapping: 5.108600 ms MarkObjects: 7.657900 ms  DeleteObjects: 6.695800 ms)

Prepare: number of updated asset objects reloaded= 0
========================================================================
Received Prepare
AcceleratorClientConnectionCallback - disconnected - :0
Begin MonoManager ReloadAssembly
Refreshing native plugins compatible for Editor in 2.15 ms, found 4 plugins.
Native extension for WindowsStandalone target not found
Native extension for WebGL target not found
[Package Manager] Failed to launch server process. Reason: Unity was launched with the -noUpm command-line argument
[Package Manager] Unable to send message (not connected to server process).
[Package Manager] Cannot connect to Unity Package Manager local server
[Package Manager] Failed to launch server process. Reason: Unity was launched with the -noUpm command-line argument
[Package Manager] Unable to send message (not connected to server process).
[Package Manager] Cannot connect to Unity Package Manager local server
ScheduleIndexationOnStartup MainProcess:False IndexOnStartup:True
Mono: successfully reloaded assembly
- Finished resetting the current domain, in  1.184 seconds
Domain Reload Profiling: 2267ms
	BeginReloadAssembly (361ms)
		DisableScriptedObjects (16ms)
		CreateAndSetChildDomain (91ms)
	RebuildCommonClasses (15ms)
	RebuildNativeTypeToScriptingClass (30ms)
	initialDomainReloadingComplete (89ms)
	LoadAllAssembliesAndSetupDomain (586ms)
		LoadAssemblies (536ms)
		AnalyzeDomain (28ms)
			TypeCache.Refresh (13ms)
			ResolveRequiredComponents (9ms)
	FinalizeReload (1186ms)
		SetupLoadedEditorAssemblies (0ms)
			InitializePlatformSupportModulesInManaged (4ms)
			BeforeProcessingInitializeOnLoad (148ms)
			ProcessInitializeOnLoadAttributes (435ms)
			ProcessInitializeOnLoadMethodAttributes (187ms)
			AfterProcessingInitializeOnLoad (11ms)
		AwakeInstancesAfterBackupRestoration (41ms)
Refreshing native plugins compatible for Editor in 2.27 ms, found 4 plugins.
Unloading 24 Unused Serialized files (Serialized files now loaded: 0)
Unloading 6630 unused Assets / (6.8 MB). Loaded Objects now: 7675.
Memory consumption went from 375.5 MB to 368.6 MB.
Total: 18.775200 ms (FindLiveObjects: 1.075100 ms CreateObjectMapping: 4.110700 ms MarkObjects: 7.366700 ms  DeleteObjects: 6.220200 ms)

Prepare: number of updated asset objects reloaded= 0
========================================================================
Received Prepare
AcceleratorClientConnectionCallback - disconnected - :0
Begin MonoManager ReloadAssembly
Refreshing native plugins compatible for Editor in 2.01 ms, found 4 plugins.
Native extension for WindowsStandalone target not found
Native extension for WebGL target not found
[Package Manager] Failed to launch server process. Reason: Unity was launched with the -noUpm command-line argument
[Package Manager] Unable to send message (not connected to server process).
[Package Manager] Cannot connect to Unity Package Manager local server
[Package Manager] Failed to launch server process. Reason: Unity was launched with the -noUpm command-line argument
[Package Manager] Unable to send message (not connected to server process).
[Package Manager] Cannot connect to Unity Package Manager local server
ScheduleIndexationOnStartup MainProcess:False IndexOnStartup:True
Mono: successfully reloaded assembly
- Finished resetting the current domain, in  1.179 seconds
Domain Reload Profiling: 2233ms
	BeginReloadAssembly (349ms)
		DisableScriptedObjects (16ms)
		CreateAndSetChildDomain (81ms)
	RebuildCommonClasses (18ms)
	RebuildNativeTypeToScriptingClass (22ms)
	initialDomainReloadingComplete (93ms)
	LoadAllAssembliesAndSetupDomain (571ms)
		LoadAssemblies (510ms)
		AnalyzeDomain (34ms)
			TypeCache.Refresh (16ms)
			ResolveRequiredComponents (10ms)
	FinalizeReload (1180ms)
		SetupLoadedEditorAssemblies (0ms)
			InitializePlatformSupportModulesInManaged (4ms)
			BeforeProcessingInitializeOnLoad (145ms)
			ProcessInitializeOnLoadAttributes (423ms)
			ProcessInitializeOnLoadMethodAttributes (185ms)
			AfterProcessingInitializeOnLoad (6ms)
		AwakeInstancesAfterBackupRestoration (37ms)
Unloading 24 Unused Serialized files (Serialized files now loaded: 0)
Unloading 6630 unused Assets / (6.4 MB). Loaded Objects now: 7678.
Memory consumption went from 381.0 MB to 374.6 MB.
Total: 15.333100 ms (FindLiveObjects: 1.109100 ms CreateObjectMapping: 4.310900 ms MarkObjects: 5.270400 ms  DeleteObjects: 4.640200 ms)

Prepare: number of updated asset objects reloaded= 0
========================================================================
Received Prepare
AcceleratorClientConnectionCallback - disconnected - :0
Refreshing native plugins compatible for Editor in 2.01 ms, found 4 plugins.
Unloading 24 Unused Serialized files (Serialized files now loaded: 0)
Unloading 6620 unused Assets / (6.6 MB). Loaded Objects now: 7679.
Memory consumption went from 384.1 MB to 377.5 MB.
Total: 20.982400 ms (FindLiveObjects: 1.268400 ms CreateObjectMapping: 4.740400 ms MarkObjects: 8.924600 ms  DeleteObjects: 6.046000 ms)

Prepare: number of updated asset objects reloaded= 0
========================================================================
Received Prepare
AcceleratorClientConnectionCallback - disconnected - :0
[Licensing::Client] Successfully resolved entitlement details
Begin MonoManager ReloadAssembly
Refreshing native plugins compatible for Editor in 2.10 ms, found 4 plugins.
Native extension for WindowsStandalone target not found
Native extension for WebGL target not found
[Package Manager] Failed to launch server process. Reason: Unity was launched with the -noUpm command-line argument
[Package Manager] Unable to send message (not connected to server process).
[Package Manager] Cannot connect to Unity Package Manager local server
[Package Manager] Failed to launch server process. Reason: Unity was launched with the -noUpm command-line argument
[Package Manager] Unable to send message (not connected to server process).
[Package Manager] Cannot connect to Unity Package Manager local server
ScheduleIndexationOnStartup MainProcess:False IndexOnStartup:True
Mono: successfully reloaded assembly
- Finished resetting the current domain, in  1.375 seconds
Domain Reload Profiling: 2955ms
	BeginReloadAssembly (459ms)
		DisableScriptedObjects (17ms)
		ReleaseScriptingObjects (5ms)
		CreateAndSetChildDomain (147ms)
	RebuildCommonClasses (15ms)
	RebuildNativeTypeToScriptingClass (33ms)
	initialDomainReloadingComplete (110ms)
	LoadAllAssembliesAndSetupDomain (961ms)
		LoadAssemblies (593ms)
		AnalyzeDomain (367ms)
			TypeCache.Refresh (23ms)
			BuildScriptInfoCaches (334ms)
			ResolveRequiredComponents (7ms)
	FinalizeReload (1377ms)
		SetupLoadedEditorAssemblies (0ms)
			InitializePlatformSupportModulesInManaged (4ms)
			BeforeProcessingInitializeOnLoad (160ms)
			ProcessInitializeOnLoadAttributes (489ms)
			ProcessInitializeOnLoadMethodAttributes (232ms)
			AfterProcessingInitializeOnLoad (11ms)
		AwakeInstancesAfterBackupRestoration (51ms)
Refreshing native plugins compatible for Editor in 4.03 ms, found 4 plugins.
Unloading 24 Unused Serialized files (Serialized files now loaded: 0)
Unloading 6631 unused Assets / (6.4 MB). Loaded Objects now: 7682.
Memory consumption went from 398.7 MB to 392.2 MB.
Total: 17.707800 ms (FindLiveObjects: 1.243300 ms CreateObjectMapping: 4.269000 ms MarkObjects: 7.282800 ms  DeleteObjects: 4.910000 ms)

Prepare: number of updated asset objects reloaded= 0
========================================================================
Received Prepare
AcceleratorClientConnectionCallback - disconnected - :0
Refreshing native plugins compatible for Editor in 2.06 ms, found 4 plugins.
Unloading 24 Unused Serialized files (Serialized files now loaded: 0)
Unloading 6620 unused Assets / (5.8 MB). Loaded Objects now: 7682.
Memory consumption went from 401.7 MB to 395.9 MB.
Total: 17.982000 ms (FindLiveObjects: 1.063800 ms CreateObjectMapping: 5.096200 ms MarkObjects: 7.833000 ms  DeleteObjects: 3.986500 ms)

Prepare: number of updated asset objects reloaded= 0
========================================================================
Received Prepare
AcceleratorClientConnectionCallback - disconnected - :0
Refreshing native plugins compatible for Editor in 2.19 ms, found 4 plugins.
Unloading 24 Unused Serialized files (Serialized files now loaded: 0)
Unloading 6621 unused Assets / (6.6 MB). Loaded Objects now: 7683.
Memory consumption went from 404.6 MB to 398.0 MB.
Total: 19.012300 ms (FindLiveObjects: 1.064300 ms CreateObjectMapping: 4.294200 ms MarkObjects: 7.691700 ms  DeleteObjects: 5.959600 ms)

Prepare: number of updated asset objects reloaded= 0
========================================================================
Received Import Request.
  Time of request: 2026-09-14T20:02:55.8403993Z
  Time since last request: 1442.6261371999999 seconds.
  importAddress: GUID: 9ad42031d5b307d44ae748aba074047b - Path: Assets/Script/ScoreManager.cs - Importer: PreviewImporter
Importing 'GUID: 9ad42031d5b307d44ae748aba074047b - Path: Assets/Script/ScoreManager.cs - Importer: PreviewImporter' with importer (PreviewImporter)
Imported 'GUID: 9ad42031d5b307d44ae748aba074047b' -> (Import Result ID: '249a3d58d97284be21411c2cb3bd301c') in 0.283 seconds [static and dynamic dependencies]. Details - ImportResultOutputID=41d82373944578076b1eb62535f925e0 DependenciesID=d642e5614e0dea8dbe11ae7d7dc92f81 StaticDependenciesID=98780b74012ce2511481569bffc325c3 
Number of updated asset objects reloaded before import = 0
Number of asset objects unloaded after import = 0
========================================================================
Received Prepare
AcceleratorClientConnectionCallback - disconnected - :0
Refreshing native plugins compatible for Editor in 3.75 ms, found 4 plugins.
Unloading 24 Unused Serialized files (Serialized files now loaded: 0)
Unloading 6621 unused Assets / (7.1 MB). Loaded Objects now: 7683.
Memory consumption went from 404.6 MB to 397.5 MB.
Total: 24.152700 ms (FindLiveObjects: 1.636300 ms CreateObjectMapping: 4.152000 ms MarkObjects: 11.068400 ms  DeleteObjects: 7.292700 ms)

Prepare: number of updated asset objects reloaded= 0
========================================================================
Received Import Request.
  Time of request: 2026-09-14T20:03:02.5553869Z
  Time since last request: 6.4143428 seconds.
  importAddress: GUID: 9ad42031d5b307d44ae748aba074047b - Path: Assets/Script/ScoreManager.cs - Importer: PreviewImporter
Importing 'GUID: 9ad42031d5b307d44ae748aba074047b - Path: Assets/Script/ScoreManager.cs - Importer: PreviewImporter' with importer (PreviewImporter)
Imported 'GUID: 9ad42031d5b307d44ae748aba074047b' -> (Import Result ID: '44ebafca019d701e1dbd0f09d01f7248') in 0.039 seconds [static and dynamic dependencies]. Details - ImportResultOutputID=41d82373944578076b1eb62535f925e0 DependenciesID=0926fe857a06b84ba2423e4917288459 StaticDependenciesID=aa21522c3d7d5a2c1a407ad5403557a5 
Number of updated asset objects reloaded before import = 0
Number of asset objects unloaded after import = 0
========================================================================
Received Prepare
AcceleratorClientConnectionCallback - disconnected - :0
[Licensing::Client] Successfully resolved entitlement details
Begin MonoManager ReloadAssembly
Refreshing native plugins compatible for Editor in 4.51 ms, found 4 plugins.
Native extension for WindowsStandalone target not found
Native extension for WebGL target not found
[Package Manager] Failed to launch server process. Reason: Unity was launched with the -noUpm command-line argument
[Package Manager] Unable to send message (not connected to server process).
[Package Manager] Cannot connect to Unity Package Manager local server
[Package Manager] Failed to launch server process. Reason: Unity was launched with the -noUpm command-line argument
[Package Manager] Unable to send message (not connected to server process).
[Package Manager] Cannot connect to Unity Package Manager local server
ScheduleIndexationOnStartup MainProcess:False IndexOnStartup:True
Mono: successfully reloaded assembly
- Finished resetting the current domain, in  1.404 seconds
Domain Reload Profiling: 2926ms
	BeginReloadAssembly (394ms)
		DisableScriptedObjects (17ms)
		CreateAndSetChildDomain (106ms)
	RebuildCommonClasses (17ms)
	RebuildNativeTypeToScriptingClass (30ms)
	initialDomainReloadingComplete (99ms)
	LoadAllAssembliesAndSetupDomain (981ms)
		LoadAssemblies (586ms)
		AnalyzeDomain (369ms)
			TypeCache.Refresh (20ms)
			BuildScriptInfoCaches (337ms)
			ResolveRequiredComponents (9ms)
	FinalizeReload (1406ms)
		SetupLoadedEditorAssemblies (0ms)
			InitializePlatformSupportModulesInManaged (4ms)
			BeforeProcessingInitializeOnLoad (175ms)
			ProcessInitializeOnLoadAttributes (484ms)
			ProcessInitializeOnLoadMethodAttributes (214ms)
			AfterProcessingInitializeOnLoad (11ms)
		AwakeInstancesAfterBackupRestoration (50ms)
Refreshing native plugins compatible for Editor in 2.61 ms, found 4 plugins.
Unloading 24 Unused Serialized files (Serialized files now loaded: 0)
Unloading 6632 unused Assets / (6.3 MB). Loaded Objects now: 7686.
Memory consumption went from 373.0 MB to 366.7 MB.
Total: 20.156000 ms (FindLiveObjects: 1.284700 ms CreateObjectMapping: 4.045700 ms MarkObjects: 8.634600 ms  DeleteObjects: 6.187100 ms)

Prepare: number of updated asset objects reloaded= 0
========================================================================
Received Import Request.
  Time of request: 2026-09-14T20:03:13.2574109Z
  Time since last request: 10.6291316 seconds.
  importAddress: GUID: 9ad42031d5b307d44ae748aba074047b - Path: Assets/Script/ScoreManager.cs - Importer: PreviewImporter
Importing 'GUID: 9ad42031d5b307d44ae748aba074047b - Path: Assets/Script/ScoreManager.cs - Importer: PreviewImporter' with importer (PreviewImporter)
Imported 'GUID: 9ad42031d5b307d44ae748aba074047b' -> (Import Result ID: '8cae0a3f91b1538d9ef067cf30fcef88') in 0.008 seconds [static and dynamic dependencies]. Details - ImportResultOutputID=41d82373944578076b1eb62535f925e0 DependenciesID=b49a1d2f3700aabd2af275596e4d1731 StaticDependenciesID=aa21522c3d7d5a2c1a407ad5403557a5 
Number of updated asset objects reloaded before import = 0
Number of asset objects unloaded after import = 0
========================================================================
Received Prepare
AcceleratorClientConnectionCallback - disconnected - :0
Unloading 24 Unused Serialized files (Serialized files now loaded: 0)
Unloading 24 unused Assets / (2.7 MB). Loaded Objects now: 7686.
Memory consumption went from 368.2 MB to 365.6 MB.
Total: 12.786300 ms (FindLiveObjects: 0.665400 ms CreateObjectMapping: 1.763800 ms MarkObjects: 9.198400 ms  DeleteObjects: 1.156200 ms)

Prepare: number of updated asset objects reloaded= 0
========================================================================
Received Prepare
AcceleratorClientConnectionCallback - disconnected - :0
[Licensing::Client] Successfully resolved entitlement details
Begin MonoManager ReloadAssembly
Native extension for WindowsStandalone target not found
Native extension for WebGL target not found
[Package Manager] Failed to launch server process. Reason: Unity was launched with the -noUpm command-line argument
[Package Manager] Unable to send message (not connected to server process).
[Package Manager] Cannot connect to Unity Package Manager local server
[Package Manager] Failed to launch server process. Reason: Unity was launched with the -noUpm command-line argument
[Package Manager] Unable to send message (not connected to server process).
[Package Manager] Cannot connect to Unity Package Manager local server
ScheduleIndexationOnStartup MainProcess:False IndexOnStartup:True
Mono: successfully reloaded assembly
- Finished resetting the current domain, in  1.215 seconds
Domain Reload Profiling: 2413ms
	BeginReloadAssembly (403ms)
		DisableScriptedObjects (19ms)
		CreateAndSetChildDomain (100ms)
	RebuildCommonClasses (21ms)
	RebuildNativeTypeToScriptingClass (36ms)
	initialDomainReloadingComplete (107ms)
	LoadAllAssembliesAndSetupDomain (628ms)
		LoadAssemblies (596ms)
		AnalyzeDomain (31ms)
			TypeCache.Refresh (16ms)
			ResolveRequiredComponents (8ms)
	FinalizeReload (1217ms)
		SetupLoadedEditorAssemblies (0ms)
			InitializePlatformSupportModulesInManaged (3ms)
			BeforeProcessingInitializeOnLoad (152ms)
			ProcessInitializeOnLoadAttributes (431ms)
			ProcessInitializeOnLoadMethodAttributes (189ms)
			AfterProcessingInitializeOnLoad (8ms)
		AwakeInstancesAfterBackupRestoration (41ms)
Refreshing native plugins compatible for Editor in 2.49 ms, found 4 plugins.
Unloading 24 Unused Serialized files (Serialized files now loaded: 0)
Unloading 6632 unused Assets / (6.4 MB). Loaded Objects now: 7689.
Memory consumption went from 374.4 MB to 368.0 MB.
Total: 17.306800 ms (FindLiveObjects: 0.799200 ms CreateObjectMapping: 3.572600 ms MarkObjects: 7.597000 ms  DeleteObjects: 5.334400 ms)

Prepare: number of updated asset objects reloaded= 0
========================================================================
Received Prepare
AcceleratorClientConnectionCallback - disconnected - :0
[Licensing::Client] Successfully resolved entitlement details
Begin MonoManager ReloadAssembly
Native extension for WindowsStandalone target not found
Native extension for WebGL target not found
[Package Manager] Failed to launch server process. Reason: Unity was launched with the -noUpm command-line argument
[Package Manager] Unable to send message (not connected to server process).
[Package Manager] Cannot connect to Unity Package Manager local server
[Package Manager] Failed to launch server process. Reason: Unity was launched with the -noUpm command-line argument
[Package Manager] Unable to send message (not connected to server process).
[Package Manager] Cannot connect to Unity Package Manager local server
ScheduleIndexationOnStartup MainProcess:False IndexOnStartup:True
Mono: successfully reloaded assembly
- Finished resetting the current domain, in  1.190 seconds
Domain Reload Profiling: 2339ms
	BeginReloadAssembly (382ms)
		DisableScriptedObjects (19ms)
		CreateAndSetChildDomain (105ms)
	RebuildCommonClasses (17ms)
	RebuildNativeTypeToScriptingClass (32ms)
	initialDomainReloadingComplete (93ms)
	LoadAllAssembliesAndSetupDomain (623ms)
		LoadAssemblies (561ms)
		AnalyzeDomain (33ms)
			TypeCache.Refresh (15ms)
			ResolveRequiredComponents (10ms)
	FinalizeReload (1192ms)
		SetupLoadedEditorAssemblies (0ms)
			InitializePlatformSupportModulesInManaged (4ms)
			BeforeProcessingInitializeOnLoad (146ms)
			ProcessInitializeOnLoadAttributes (419ms)
			ProcessInitializeOnLoadMethodAttributes (192ms)
			AfterProcessingInitializeOnLoad (8ms)
		AwakeInstancesAfterBackupRestoration (43ms)
Refreshing native plugins compatible for Editor in 2.20 ms, found 4 plugins.
Unloading 24 Unused Serialized files (Serialized files now loaded: 0)
Unloading 6632 unused Assets / (6.2 MB). Loaded Objects now: 7692.
Memory consumption went from 377.4 MB to 371.1 MB.
Total: 16.668000 ms (FindLiveObjects: 0.897100 ms CreateObjectMapping: 2.903300 ms MarkObjects: 7.698600 ms  DeleteObjects: 5.165800 ms)

Prepare: number of updated asset objects reloaded= 0
========================================================================
Received Prepare
AcceleratorClientConnectionCallback - disconnected - :0
Begin MonoManager ReloadAssembly
Refreshing native plugins compatible for Editor in 2.45 ms, found 4 plugins.
Native extension for WindowsStandalone target not found
Native extension for WebGL target not found
[Package Manager] Failed to launch server process. Reason: Unity was launched with the -noUpm command-line argument
[Package Manager] Unable to send message (not connected to server process).
[Package Manager] Cannot connect to Unity Package Manager local server
[Package Manager] Failed to launch server process. Reason: Unity was launched with the -noUpm command-line argument
[Package Manager] Unable to send message (not connected to server process).
[Package Manager] Cannot connect to Unity Package Manager local server
ScheduleIndexationOnStartup MainProcess:False IndexOnStartup:True
Mono: successfully reloaded assembly
- Finished resetting the current domain, in  1.191 seconds
Domain Reload Profiling: 2341ms
	BeginReloadAssembly (406ms)
		DisableScriptedObjects (16ms)
		CreateAndSetChildDomain (102ms)
	RebuildCommonClasses (19ms)
	RebuildNativeTypeToScriptingClass (29ms)
	initialDomainReloadingComplete (95ms)
	LoadAllAssembliesAndSetupDomain (600ms)
		LoadAssemblies (577ms)
		AnalyzeDomain (30ms)
			TypeCache.Refresh (15ms)
			ResolveRequiredComponents (10ms)
	FinalizeReload (1192ms)
		SetupLoadedEditorAssemblies (0ms)
			InitializePlatformSupportModulesInManaged (3ms)
			BeforeProcessingInitializeOnLoad (145ms)
			ProcessInitializeOnLoadAttributes (412ms)
			ProcessInitializeOnLoadMethodAttributes (191ms)
			AfterProcessingInitializeOnLoad (8ms)
		AwakeInstancesAfterBackupRestoration (45ms)
Refreshing native plugins compatible for Editor in 2.37 ms, found 4 plugins.
Unloading 24 Unused Serialized files (Serialized files now loaded: 0)
Unloading 6632 unused Assets / (6.8 MB). Loaded Objects now: 7695.
Memory consumption went from 380.3 MB to 373.5 MB.
Total: 19.848800 ms (FindLiveObjects: 1.049800 ms CreateObjectMapping: 4.657900 ms MarkObjects: 7.885500 ms  DeleteObjects: 6.252700 ms)

Prepare: number of updated asset objects reloaded= 0
========================================================================
Received Prepare
AcceleratorClientConnectionCallback - disconnected - :0
Begin MonoManager ReloadAssembly
Refreshing native plugins compatible for Editor in 2.11 ms, found 4 plugins.
Native extension for WindowsStandalone target not found
Native extension for WebGL target not found
[Package Manager] Failed to launch server process. Reason: Unity was launched with the -noUpm command-line argument
[Package Manager] Unable to send message (not connected to server process).
[Package Manager] Cannot connect to Unity Package Manager local server
[Package Manager] Failed to launch server process. Reason: Unity was launched with the -noUpm command-line argument
[Package Manager] Unable to send message (not connected to server process).
[Package Manager] Cannot connect to Unity Package Manager local server
ScheduleIndexationOnStartup MainProcess:False IndexOnStartup:True
Mono: successfully reloaded assembly
- Finished resetting the current domain, in  1.183 seconds
Domain Reload Profiling: 2233ms
	BeginReloadAssembly (367ms)
		DisableScriptedObjects (16ms)
		CreateAndSetChildDomain (89ms)
	RebuildCommonClasses (16ms)
	RebuildNativeTypeToScriptingClass (22ms)
	initialDomainReloadingComplete (91ms)
	LoadAllAssembliesAndSetupDomain (553ms)
		LoadAssemblies (508ms)
		AnalyzeDomain (25ms)
			TypeCache.Refresh (14ms)
			ResolveRequiredComponents (7ms)
	FinalizeReload (1184ms)
		SetupLoadedEditorAssemblies (0ms)
			InitializePlatformSupportModulesInManaged (4ms)
			BeforeProcessingInitializeOnLoad (143ms)
			ProcessInitializeOnLoadAttributes (431ms)
			ProcessInitializeOnLoadMethodAttributes (189ms)
			AfterProcessingInitializeOnLoad (7ms)
		AwakeInstancesAfterBackupRestoration (37ms)
Refreshing native plugins compatible for Editor in 2.15 ms, found 4 plugins.
Unloading 24 Unused Serialized files (Serialized files now loaded: 0)
Unloading 6632 unused Assets / (6.9 MB). Loaded Objects now: 7698.
Memory consumption went from 384.8 MB to 377.9 MB.
Total: 18.441300 ms (FindLiveObjects: 1.031000 ms CreateObjectMapping: 3.615300 ms MarkObjects: 8.127100 ms  DeleteObjects: 5.665500 ms)

Prepare: number of updated asset objects reloaded= 0
========================================================================
Received Prepare
AcceleratorClientConnectionCallback - disconnected - :0
[Licensing::Client] Successfully resolved entitlement details
Begin MonoManager ReloadAssembly
Refreshing native plugins compatible for Editor in 2.69 ms, found 4 plugins.
Native extension for WindowsStandalone target not found
Native extension for WebGL target not found
[Package Manager] Failed to launch server process. Reason: Unity was launched with the -noUpm command-line argument
[Package Manager] Unable to send message (not connected to server process).
[Package Manager] Cannot connect to Unity Package Manager local server
[Package Manager] Failed to launch server process. Reason: Unity was launched with the -noUpm command-line argument
[Package Manager] Unable to send message (not connected to server process).
[Package Manager] Cannot connect to Unity Package Manager local server
ScheduleIndexationOnStartup MainProcess:False IndexOnStartup:True
Mono: successfully reloaded assembly
- Finished resetting the current domain, in  1.198 seconds
Domain Reload Profiling: 2289ms
	BeginReloadAssembly (374ms)
		DisableScriptedObjects (17ms)
		CreateAndSetChildDomain (97ms)
	RebuildCommonClasses (20ms)
	RebuildNativeTypeToScriptingClass (26ms)
	initialDomainReloadingComplete (101ms)
	LoadAllAssembliesAndSetupDomain (568ms)
		LoadAssemblies (521ms)
		AnalyzeDomain (32ms)
			TypeCache.Refresh (15ms)
			ResolveRequiredComponents (10ms)
	FinalizeReload (1200ms)
		SetupLoadedEditorAssemblies (0ms)
			InitializePlatformSupportModulesInManaged (4ms)
			BeforeProcessingInitializeOnLoad (145ms)
			ProcessInitializeOnLoadAttributes (420ms)
			ProcessInitializeOnLoadMethodAttributes (192ms)
			AfterProcessingInitializeOnLoad (9ms)
		AwakeInstancesAfterBackupRestoration (43ms)
Refreshing native plugins compatible for Editor in 2.03 ms, found 4 plugins.
Unloading 24 Unused Serialized files (Serialized files now loaded: 0)
Unloading 6632 unused Assets / (7.0 MB). Loaded Objects now: 7701.
Memory consumption went from 390.2 MB to 383.3 MB.
Total: 18.789000 ms (FindLiveObjects: 1.222400 ms CreateObjectMapping: 4.632300 ms MarkObjects: 7.033100 ms  DeleteObjects: 5.898500 ms)

Prepare: number of updated asset objects reloaded= 0
========================================================================
Received Prepare
AcceleratorClientConnectionCallback - disconnected - :0
Refreshing native plugins compatible for Editor in 2.11 ms, found 4 plugins.
Unloading 24 Unused Serialized files (Serialized files now loaded: 0)
Unloading 6621 unused Assets / (6.2 MB). Loaded Objects now: 7701.
Memory consumption went from 393.3 MB to 387.1 MB.
Total: 20.548900 ms (FindLiveObjects: 1.532500 ms CreateObjectMapping: 4.869300 ms MarkObjects: 7.446200 ms  DeleteObjects: 6.698100 ms)

Prepare: number of updated asset objects reloaded= 0
========================================================================
Received Prepare
AcceleratorClientConnectionCallback - disconnected - :0
[Licensing::Client] Successfully resolved entitlement details
Begin MonoManager ReloadAssembly
Refreshing native plugins compatible for Editor in 2.13 ms, found 4 plugins.
Native extension for WindowsStandalone target not found
Native extension for WebGL target not found
[Package Manager] Failed to launch server process. Reason: Unity was launched with the -noUpm command-line argument
[Package Manager] Unable to send message (not connected to server process).
[Package Manager] Cannot connect to Unity Package Manager local server
[Package Manager] Failed to launch server process. Reason: Unity was launched with the -noUpm command-line argument
[Package Manager] Unable to send message (not connected to server process).
[Package Manager] Cannot connect to Unity Package Manager local server
ScheduleIndexationOnStartup MainProcess:False IndexOnStartup:True
Mono: successfully reloaded assembly
- Finished resetting the current domain, in  1.231 seconds
Domain Reload Profiling: 2693ms
	BeginReloadAssembly (388ms)
		DisableScriptedObjects (17ms)
		CreateAndSetChildDomain (100ms)
	RebuildCommonClasses (18ms)
	RebuildNativeTypeToScriptingClass (28ms)
	initialDomainReloadingComplete (90ms)
	LoadAllAssembliesAndSetupDomain (937ms)
		LoadAssemblies (552ms)
		AnalyzeDomain (358ms)
			TypeCache.Refresh (20ms)
			BuildScriptInfoCaches (322ms)
			ResolveRequiredComponents (10ms)
	FinalizeReload (1233ms)
		SetupLoadedEditorAssemblies (0ms)
			InitializePlatformSupportModulesInManaged (4ms)
			BeforeProcessingInitializeOnLoad (155ms)
			ProcessInitializeOnLoadAttributes (436ms)
			ProcessInitializeOnLoadMethodAttributes (195ms)
			AfterProcessingInitializeOnLoad (10ms)
		AwakeInstancesAfterBackupRestoration (45ms)
Refreshing native plugins compatible for Editor in 2.75 ms, found 4 plugins.
Unloading 24 Unused Serialized files (Serialized files now loaded: 0)
Unloading 6632 unused Assets / (6.6 MB). Loaded Objects now: 7704.
Memory consumption went from 408.5 MB to 401.8 MB.
Total: 19.565600 ms (FindLiveObjects: 1.097900 ms CreateObjectMapping: 4.555400 ms MarkObjects: 7.816000 ms  DeleteObjects: 6.093500 ms)

Prepare: number of updated asset objects reloaded= 0
========================================================================
Received Prepare
AcceleratorClientConnectionCallback - disconnected - :0
Begin MonoManager ReloadAssembly
Native extension for WindowsStandalone target not found
Native extension for WebGL target not found
[Package Manager] Failed to launch server process. Reason: Unity was launched with the -noUpm command-line argument
[Package Manager] Unable to send message (not connected to server process).
[Package Manager] Cannot connect to Unity Package Manager local server
[Package Manager] Failed to launch server process. Reason: Unity was launched with the -noUpm command-line argument
[Package Manager] Unable to send message (not connected to server process).
[Package Manager] Cannot connect to Unity Package Manager local server
ScheduleIndexationOnStartup MainProcess:False IndexOnStartup:True
Mono: successfully reloaded assembly
- Finished resetting the current domain, in  1.177 seconds
Domain Reload Profiling: 2282ms
	BeginReloadAssembly (386ms)
		DisableScriptedObjects (17ms)
		CreateAndSetChildDomain (108ms)
	RebuildCommonClasses (15ms)
	RebuildNativeTypeToScriptingClass (26ms)
	initialDomainReloadingComplete (95ms)
	LoadAllAssembliesAndSetupDomain (581ms)
		LoadAssemblies (531ms)
		AnalyzeDomain (27ms)
			TypeCache.Refresh (11ms)
			ResolveRequiredComponents (9ms)
	FinalizeReload (1179ms)
		SetupLoadedEditorAssemblies (0ms)
			InitializePlatformSupportModulesInManaged (4ms)
			BeforeProcessingInitializeOnLoad (140ms)
			ProcessInitializeOnLoadAttributes (416ms)
			ProcessInitializeOnLoadMethodAttributes (193ms)
			AfterProcessingInitializeOnLoad (7ms)
		AwakeInstancesAfterBackupRestoration (45ms)
Unloading 24 Unused Serialized files (Serialized files now loaded: 0)
Unloading 6632 unused Assets / (6.4 MB). Loaded Objects now: 7707.
Memory consumption went from 406.5 MB to 400.1 MB.
Total: 19.648300 ms (FindLiveObjects: 1.273800 ms CreateObjectMapping: 4.030800 ms MarkObjects: 8.157500 ms  DeleteObjects: 6.183200 ms)

Prepare: number of updated asset objects reloaded= 0
========================================================================
Received Prepare
AcceleratorClientConnectionCallback - disconnected - :0
Begin MonoManager ReloadAssembly
Refreshing native plugins compatible for Editor in 3.05 ms, found 4 plugins.
Native extension for WindowsStandalone target not found
Native extension for WebGL target not found
[Package Manager] Failed to launch server process. Reason: Unity was launched with the -noUpm command-line argument
[Package Manager] Unable to send message (not connected to server process).
[Package Manager] Cannot connect to Unity Package Manager local server
[Package Manager] Failed to launch server process. Reason: Unity was launched with the -noUpm command-line argument
[Package Manager] Unable to send message (not connected to server process).
[Package Manager] Cannot connect to Unity Package Manager local server
ScheduleIndexationOnStartup MainProcess:False IndexOnStartup:True
Mono: successfully reloaded assembly
- Finished resetting the current domain, in  1.202 seconds
Domain Reload Profiling: 2295ms
	BeginReloadAssembly (374ms)
		DisableScriptedObjects (13ms)
		CreateAndSetChildDomain (110ms)
	RebuildCommonClasses (20ms)
	RebuildNativeTypeToScriptingClass (27ms)
	initialDomainReloadingComplete (96ms)
	LoadAllAssembliesAndSetupDomain (575ms)
		LoadAssemblies (526ms)
		AnalyzeDomain (28ms)
			TypeCache.Refresh (14ms)
			ResolveRequiredComponents (10ms)
	FinalizeReload (1204ms)
		SetupLoadedEditorAssemblies (0ms)
			InitializePlatformSupportModulesInManaged (4ms)
			BeforeProcessingInitializeOnLoad (148ms)
			ProcessInitializeOnLoadAttributes (430ms)
			ProcessInitializeOnLoadMethodAttributes (191ms)
			AfterProcessingInitializeOnLoad (7ms)
		AwakeInstancesAfterBackupRestoration (40ms)
Unloading 24 Unused Serialized files (Serialized files now loaded: 0)
Unloading 6632 unused Assets / (6.3 MB). Loaded Objects now: 7710.
Memory consumption went from 410.0 MB to 403.7 MB.
Total: 16.641400 ms (FindLiveObjects: 1.059700 ms CreateObjectMapping: 3.970300 ms MarkObjects: 7.271400 ms  DeleteObjects: 4.337300 ms)

Prepare: number of updated asset objects reloaded= 0
========================================================================
Received Prepare
AcceleratorClientConnectionCallback - disconnected - :0
[Licensing::Client] Successfully resolved entitlement details
Begin MonoManager ReloadAssembly
ScriptableSingleton already exists. Did you query the singleton in a constructor?
UnityEngine.Debug:ExtractStackTraceNoAlloc (byte*,int,string)
UnityEngine.StackTraceUtility:ExtractStackTrace ()
UnityEngine.DebugLogHandler:Internal_Log (UnityEngine.LogType,UnityEngine.LogOption,string,UnityEngine.Object)
UnityEngine.DebugLogHandler:LogFormat (UnityEngine.LogType,UnityEngine.Object,string,object[])
UnityEngine.Logger:Log (UnityEngine.LogType,object)
UnityEngine.Debug:LogError (object)
UnityEditor.ScriptableSingleton`1<Unity.ProjectAuditor.Editor.ProjectAuditorSettings>:.ctor ()
Unity.ProjectAuditor.Editor.ProjectAuditorSettings:.ctor ()

Native extension for WindowsStandalone target not found
Native extension for WebGL target not found
[Package Manager] Failed to launch server process. Reason: Unity was launched with the -noUpm command-line argument
[Package Manager] Unable to send message (not connected to server process).
[Package Manager] Cannot connect to Unity Package Manager local server
[Package Manager] Failed to launch server process. Reason: Unity was launched with the -noUpm command-line argument
[Package Manager] Unable to send message (not connected to server process).
[Package Manager] Cannot connect to Unity Package Manager local server
ScheduleIndexationOnStartup MainProcess:False IndexOnStartup:True
Mono: successfully reloaded assembly
- Finished resetting the current domain, in  1.194 seconds
Domain Reload Profiling: 2291ms
	BeginReloadAssembly (379ms)
		DisableScriptedObjects (16ms)
		CreateAndSetChildDomain (106ms)
	RebuildCommonClasses (18ms)
	RebuildNativeTypeToScriptingClass (23ms)
	initialDomainReloadingComplete (98ms)
	LoadAllAssembliesAndSetupDomain (577ms)
		LoadAssemblies (529ms)
		AnalyzeDomain (29ms)
			TypeCache.Refresh (14ms)
			ResolveRequiredComponents (9ms)
	FinalizeReload (1195ms)
		SetupLoadedEditorAssemblies (0ms)
			InitializePlatformSupportModulesInManaged (4ms)
			BeforeProcessingInitializeOnLoad (147ms)
			ProcessInitializeOnLoadAttributes (422ms)
			ProcessInitializeOnLoadMethodAttributes (182ms)
			AfterProcessingInitializeOnLoad (10ms)
		AwakeInstancesAfterBackupRestoration (42ms)
Unloading 24 Unused Serialized files (Serialized files now loaded: 0)
Unloading 6632 unused Assets / (6.2 MB). Loaded Objects now: 7714.
Memory consumption went from 414.8 MB to 408.6 MB.
Total: 15.943500 ms (FindLiveObjects: 0.899000 ms CreateObjectMapping: 3.746700 ms MarkObjects: 6.390600 ms  DeleteObjects: 4.904900 ms)

Prepare: number of updated asset objects reloaded= 0
========================================================================
Received Prepare
AcceleratorClientConnectionCallback - disconnected - :0
Refreshing native plugins compatible for Editor in 2.44 ms, found 4 plugins.
Unloading 24 Unused Serialized files (Serialized files now loaded: 0)
Unloading 24 unused Assets / (2.7 MB). Loaded Objects now: 7714.
Memory consumption went from 412.9 MB to 410.2 MB.
Total: 11.656400 ms (FindLiveObjects: 0.517600 ms CreateObjectMapping: 1.126800 ms MarkObjects: 8.925400 ms  DeleteObjects: 1.083600 ms)

Prepare: number of updated asset objects reloaded= 0
========================================================================
Received Prepare
AcceleratorClientConnectionCallback - disconnected - :0
Unloading 24 Unused Serialized files (Serialized files now loaded: 0)
Unloading 24 unused Assets / (2.7 MB). Loaded Objects now: 7714.
Memory consumption went from 415.8 MB to 413.1 MB.
Total: 8.762400 ms (FindLiveObjects: 0.486100 ms CreateObjectMapping: 1.489700 ms MarkObjects: 5.618200 ms  DeleteObjects: 1.165500 ms)

Prepare: number of updated asset objects reloaded= 0
========================================================================
Received Prepare
AcceleratorClientConnectionCallback - disconnected - :0
Refreshing native plugins compatible for Editor in 2.42 ms, found 4 plugins.
Unloading 24 Unused Serialized files (Serialized files now loaded: 0)
Unloading 24 unused Assets / (2.7 MB). Loaded Objects now: 7714.
Memory consumption went from 418.6 MB to 416.0 MB.
Total: 11.841500 ms (FindLiveObjects: 0.663600 ms CreateObjectMapping: 1.690600 ms MarkObjects: 8.660200 ms  DeleteObjects: 0.824700 ms)

Prepare: number of updated asset objects reloaded= 0
========================================================================
Received Prepare
AcceleratorClientConnectionCallback - disconnected - :0
Unloading 24 Unused Serialized files (Serialized files now loaded: 0)
Unloading 24 unused Assets / (2.7 MB). Loaded Objects now: 7714.
Memory consumption went from 421.5 MB to 418.9 MB.
Total: 11.115700 ms (FindLiveObjects: 0.672200 ms CreateObjectMapping: 1.676900 ms MarkObjects: 7.945800 ms  DeleteObjects: 0.818300 ms)

Prepare: number of updated asset objects reloaded= 0
========================================================================
Received Import Request.
  Time of request: 2026-09-14T20:24:05.1211115Z
  Time since last request: 1251.8349346 seconds.
  importAddress: GUID: 99c9720ab356a0642a771bea13969a05 - Path: Assets/Scenes/SampleScene.unity - Importer: ScriptedImporter/UnityEditor.QuickSearchModule:UnityEditor.Search:ASIAI0B
Importing 'GUID: 99c9720ab356a0642a771bea13969a05 - Path: Assets/Scenes/SampleScene.unity - Importer: ScriptedImporter/UnityEditor.QuickSearchModule:UnityEditor.Search:ASIAI0B' with importer (ScriptedImporter : UnityEditor.QuickSearchModule:UnityEditor.Search:ASIAI0B)
Imported 'GUID: 99c9720ab356a0642a771bea13969a05' -> (Import Result ID: '18399079579f284591ce1ae8c5baae4b') in 0.132 seconds [static and dynamic dependencies]. Details - ImportResultOutputID=16d56c2c9ae32c34738c91560cfce1bd DependenciesID=3e416e75d751bc5503a0d540953cc296 StaticDependenciesID=d499253686cb58c665d61a0dbfa0c8ef 
Number of updated asset objects reloaded before import = 0
Number of asset objects unloaded after import = 1
========================================================================
Received Import Request.
  Time of request: 2026-09-14T20:24:05.2723136Z
  Time since last request: 0.0012811 seconds.
  importAddress: GUID: 4604fd450118bfd4bba2eb387984f7b7 - Path: Assets/Prefab/Coin.prefab - Importer: ScriptedImporter/UnityEditor.QuickSearchModule:UnityEditor.Search:ASIAI0B
Importing 'GUID: 4604fd450118bfd4bba2eb387984f7b7 - Path: Assets/Prefab/Coin.prefab - Importer: ScriptedImporter/UnityEditor.QuickSearchModule:UnityEditor.Search:ASIAI0B' with importer (ScriptedImporter : UnityEditor.QuickSearchModule:UnityEditor.Search:ASIAI0B)
Imported 'GUID: 4604fd450118bfd4bba2eb387984f7b7' -> (Import Result ID: 'ce722113783fd8cd9ddc0b45f0377675') in 0.133 seconds [static and dynamic dependencies]. Details - ImportResultOutputID=4e4b42dc258c8de0759f9232333c9d03 DependenciesID=4e7e9104bf45060c927662be94e0a302 StaticDependenciesID=0c2aeafdb228bd90b3054c91f81acbff 
Number of updated asset objects reloaded before import = 0
Number of asset objects unloaded after import = 9
========================================================================
Received Prepare
AcceleratorClientConnectionCallback - disconnected - :0
Refreshing native plugins compatible for Editor in 2.20 ms, found 4 plugins.
Unloading 24 Unused Serialized files (Serialized files now loaded: 0)
Unloading 6622 unused Assets / (5.8 MB). Loaded Objects now: 7716.
Memory consumption went from 385.4 MB to 379.6 MB.
Total: 16.503000 ms (FindLiveObjects: 1.202200 ms CreateObjectMapping: 3.923300 ms MarkObjects: 6.008500 ms  DeleteObjects: 5.365700 ms)

Prepare: number of updated asset objects reloaded= 0
========================================================================
Received Prepare
AcceleratorClientConnectionCallback - disconnected - :0
[Licensing::Client] Successfully resolved entitlement details
Begin MonoManager ReloadAssembly
You may not pass in objects that are already persistent
UnityEngine.Debug:ExtractStackTraceNoAlloc (byte*,int,string)
UnityEngine.StackTraceUtility:ExtractStackTrace ()
UnityEditorInternal.InternalEditorUtility:SaveToSerializedFileAndForgetInternal (string,UnityEngine.Object[],bool)
UnityEditorInternal.InternalEditorUtility:SaveToSerializedFileAndForget (UnityEngine.Object[],string,bool)
UnityEditor.ScriptableSingleton`1<Unity.ProjectAuditor.Editor.ProjectAuditorSettings>:Save (bool)
Unity.ProjectAuditor.Editor.ProjectAuditorSettings:Save ()
Unity.ProjectAuditor.Editor.ProjectAuditorSettings:OnDisable ()

[C:\build\output\unity\unity\Editor\Src\EditorWindowController.cpp line 140]

You may not pass in objects that are already persistent
UnityEngine.Debug:ExtractStackTraceNoAlloc (byte*,int,string)
UnityEngine.StackTraceUtility:ExtractStackTrace ()
UnityEditorInternal.InternalEditorUtility:SaveToSerializedFileAndForgetInternal (string,UnityEngine.Object[],bool)
UnityEditorInternal.InternalEditorUtility:SaveToSerializedFileAndForget (UnityEngine.Object[],string,bool)
UnityEditor.ScriptableSingleton`1<Unity.ProjectAuditor.Editor.ProjectAuditorSettings>:Save (bool)
Unity.ProjectAuditor.Editor.ProjectAuditorSettings:Save ()
Unity.ProjectAuditor.Editor.ProjectAuditorSettings:OnDisable ()

[C:\build\output\unity\unity\Editor\Src\EditorWindowController.cpp line 140]

ScriptableSingleton already exists. Did you query the singleton in a constructor?
UnityEngine.Debug:ExtractStackTraceNoAlloc (byte*,int,string)
UnityEngine.StackTraceUtility:ExtractStackTrace ()
UnityEngine.DebugLogHandler:Internal_Log (UnityEngine.LogType,UnityEngine.LogOption,string,UnityEngine.Object)
UnityEngine.DebugLogHandler:LogFormat (UnityEngine.LogType,UnityEngine.Object,string,object[])
UnityEngine.Logger:Log (UnityEngine.LogType,object)
UnityEngine.Debug:LogError (object)
UnityEditor.ScriptableSingleton`1<Unity.ProjectAuditor.Editor.ProjectAuditorSettings>:.ctor ()
Unity.ProjectAuditor.Editor.ProjectAuditorSettings:.ctor ()

Native extension for WindowsStandalone target not found
Native extension for WebGL target not found
[Package Manager] Failed to launch server process. Reason: Unity was launched with the -noUpm command-line argument
[Package Manager] Unable to send message (not connected to server process).
[Package Manager] Cannot connect to Unity Package Manager local server
[Package Manager] Failed to launch server process. Reason: Unity was launched with the -noUpm command-line argument
[Package Manager] Unable to send message (not connected to server process).
[Package Manager] Cannot connect to Unity Package Manager local server
ScheduleIndexationOnStartup MainProcess:False IndexOnStartup:True
Mono: successfully reloaded assembly
- Finished resetting the current domain, in  1.294 seconds
Domain Reload Profiling: 2848ms
	BeginReloadAssembly (422ms)
		DisableScriptedObjects (17ms)
		CreateAndSetChildDomain (124ms)
	RebuildCommonClasses (16ms)
	RebuildNativeTypeToScriptingClass (29ms)
	initialDomainReloadingComplete (102ms)
	LoadAllAssembliesAndSetupDomain (982ms)
		LoadAssemblies (590ms)
		AnalyzeDomain (365ms)
			TypeCache.Refresh (34ms)
			BuildScriptInfoCaches (306ms)
			ResolveRequiredComponents (9ms)
	FinalizeReload (1296ms)
		SetupLoadedEditorAssemblies (0ms)
			InitializePlatformSupportModulesInManaged (5ms)
			BeforeProcessingInitializeOnLoad (162ms)
			ProcessInitializeOnLoadAttributes (452ms)
			ProcessInitializeOnLoadMethodAttributes (199ms)
			AfterProcessingInitializeOnLoad (8ms)
		AwakeInstancesAfterBackupRestoration (45ms)
Refreshing native plugins compatible for Editor in 2.05 ms, found 4 plugins.
Unloading 24 Unused Serialized files (Serialized files now loaded: 0)
Unloading 6633 unused Assets / (6.5 MB). Loaded Objects now: 7719.
Memory consumption went from 399.2 MB to 392.6 MB.
Total: 19.803600 ms (FindLiveObjects: 1.140100 ms CreateObjectMapping: 4.622500 ms MarkObjects: 8.049000 ms  DeleteObjects: 5.989100 ms)

Prepare: number of updated asset objects reloaded= 0
========================================================================
Received Prepare
AcceleratorClientConnectionCallback - disconnected - :0
Unloading 24 Unused Serialized files (Serialized files now loaded: 0)
Unloading 6622 unused Assets / (6.5 MB). Loaded Objects now: 7719.
Memory consumption went from 402.2 MB to 395.7 MB.
Total: 20.186300 ms (FindLiveObjects: 1.121000 ms CreateObjectMapping: 4.086900 ms MarkObjects: 9.077800 ms  DeleteObjects: 5.898000 ms)

Prepare: number of updated asset objects reloaded= 0
========================================================================
Received Import Request.
  Time of request: 2026-09-14T20:25:02.7340425Z
  Time since last request: 57.3094617 seconds.
  importAddress: GUID: 4847fff48a1af31479c9bf18c97af65d - Path: Assets/Script/MenuManager.cs - Importer: PreviewImporter
Importing 'GUID: 4847fff48a1af31479c9bf18c97af65d - Path: Assets/Script/MenuManager.cs - Importer: PreviewImporter' with importer (PreviewImporter)
Imported 'GUID: 4847fff48a1af31479c9bf18c97af65d' -> (Import Result ID: '554c11611a248154645858aee05a111f') in 0.009 seconds [static and dynamic dependencies]. Details - ImportResultOutputID=8197ffebf8bc03a182471c4ede564a49 DependenciesID=97a15df31d71146216b038fa81d697f2 StaticDependenciesID=f5db2007231c6a7e32da571e1f8cac46 
Number of updated asset objects reloaded before import = 0
Number of asset objects unloaded after import = 0
========================================================================
Received Prepare
AcceleratorClientConnectionCallback - disconnected - :0
Begin MonoManager ReloadAssembly
You may not pass in objects that are already persistent
UnityEngine.Debug:ExtractStackTraceNoAlloc (byte*,int,string)
UnityEngine.StackTraceUtility:ExtractStackTrace ()
UnityEditorInternal.InternalEditorUtility:SaveToSerializedFileAndForgetInternal (string,UnityEngine.Object[],bool)
UnityEditorInternal.InternalEditorUtility:SaveToSerializedFileAndForget (UnityEngine.Object[],string,bool)
UnityEditor.ScriptableSingleton`1<Unity.ProjectAuditor.Editor.ProjectAuditorSettings>:Save (bool)
Unity.ProjectAuditor.Editor.ProjectAuditorSettings:Save ()
Unity.ProjectAuditor.Editor.ProjectAuditorSettings:OnDisable ()

[C:\build\output\unity\unity\Editor\Src\EditorWindowController.cpp line 140]

You may not pass in objects that are already persistent
UnityEngine.Debug:ExtractStackTraceNoAlloc (byte*,int,string)
UnityEngine.StackTraceUtility:ExtractStackTrace ()
UnityEditorInternal.InternalEditorUtility:SaveToSerializedFileAndForgetInternal (string,UnityEngine.Object[],bool)
UnityEditorInternal.InternalEditorUtility:SaveToSerializedFileAndForget (UnityEngine.Object[],string,bool)
UnityEditor.ScriptableSingleton`1<Unity.ProjectAuditor.Editor.ProjectAuditorSettings>:Save (bool)
Unity.ProjectAuditor.Editor.ProjectAuditorSettings:Save ()
Unity.ProjectAuditor.Editor.ProjectAuditorSettings:OnDisable ()

[C:\build\output\unity\unity\Editor\Src\EditorWindowController.cpp line 140]

Refreshing native plugins compatible for Editor in 4.82 ms, found 4 plugins.
ScriptableSingleton already exists. Did you query the singleton in a constructor?
UnityEngine.Debug:ExtractStackTraceNoAlloc (byte*,int,string)
UnityEngine.StackTraceUtility:ExtractStackTrace ()
UnityEngine.DebugLogHandler:Internal_Log (UnityEngine.LogType,UnityEngine.LogOption,string,UnityEngine.Object)
UnityEngine.DebugLogHandler:LogFormat (UnityEngine.LogType,UnityEngine.Object,string,object[])
UnityEngine.Logger:Log (UnityEngine.LogType,object)
UnityEngine.Debug:LogError (object)
UnityEditor.ScriptableSingleton`1<Unity.ProjectAuditor.Editor.ProjectAuditorSettings>:.ctor ()
Unity.ProjectAuditor.Editor.ProjectAuditorSettings:.ctor ()

Native extension for WindowsStandalone target not found
Native extension for WebGL target not found
[Package Manager] Failed to launch server process. Reason: Unity was launched with the -noUpm command-line argument
[Package Manager] Unable to send message (not connected to server process).
[Package Manager] Cannot connect to Unity Package Manager local server
[Package Manager] Failed to launch server process. Reason: Unity was launched with the -noUpm command-line argument
[Package Manager] Unable to send message (not connected to server process).
[Package Manager] Cannot connect to Unity Package Manager local server
ScheduleIndexationOnStartup MainProcess:False IndexOnStartup:True
Mono: successfully reloaded assembly
- Finished resetting the current domain, in  1.305 seconds
Domain Reload Profiling: 2952ms
	BeginReloadAssembly (438ms)
		DisableScriptedObjects (16ms)
		CreateAndSetChildDomain (117ms)
	RebuildCommonClasses (21ms)
	RebuildNativeTypeToScriptingClass (33ms)
	initialDomainReloadingComplete (99ms)
	LoadAllAssembliesAndSetupDomain (1055ms)
		LoadAssemblies (680ms)
		AnalyzeDomain (373ms)
			TypeCache.Refresh (22ms)
			BuildScriptInfoCaches (338ms)
			ResolveRequiredComponents (9ms)
	FinalizeReload (1307ms)
		SetupLoadedEditorAssemblies (0ms)
			InitializePlatformSupportModulesInManaged (4ms)
			BeforeProcessingInitializeOnLoad (154ms)
			ProcessInitializeOnLoadAttributes (470ms)
			ProcessInitializeOnLoadMethodAttributes (192ms)
			AfterProcessingInitializeOnLoad (9ms)
		AwakeInstancesAfterBackupRestoration (46ms)
Refreshing native plugins compatible for Editor in 2.27 ms, found 4 plugins.
Unloading 24 Unused Serialized files (Serialized files now loaded: 0)
Unloading 6633 unused Assets / (6.2 MB). Loaded Objects now: 7722.
Memory consumption went from 408.0 MB to 401.8 MB.
Total: 17.686100 ms (FindLiveObjects: 0.997900 ms CreateObjectMapping: 3.192400 ms MarkObjects: 8.100400 ms  DeleteObjects: 5.392000 ms)

Prepare: number of updated asset objects reloaded= 0
========================================================================
Received Prepare
AcceleratorClientConnectionCallback - disconnected - :0
Refreshing native plugins compatible for Editor in 2.71 ms, found 4 plugins.
Unloading 24 Unused Serialized files (Serialized files now loaded: 0)
Unloading 6622 unused Assets / (7.0 MB). Loaded Objects now: 7722.
Memory consumption went from 411.0 MB to 404.0 MB.
Total: 22.528000 ms (FindLiveObjects: 1.129300 ms CreateObjectMapping: 4.977100 ms MarkObjects: 9.401800 ms  DeleteObjects: 7.017400 ms)

Prepare: number of updated asset objects reloaded= 0
========================================================================
Received Prepare
AcceleratorClientConnectionCallback - disconnected - :0
[Licensing::Client] Successfully resolved entitlement details
Begin MonoManager ReloadAssembly
You may not pass in objects that are already persistent
UnityEngine.Debug:ExtractStackTraceNoAlloc (byte*,int,string)
UnityEngine.StackTraceUtility:ExtractStackTrace ()
UnityEditorInternal.InternalEditorUtility:SaveToSerializedFileAndForgetInternal (string,UnityEngine.Object[],bool)
UnityEditorInternal.InternalEditorUtility:SaveToSerializedFileAndForget (UnityEngine.Object[],string,bool)
UnityEditor.ScriptableSingleton`1<Unity.ProjectAuditor.Editor.ProjectAuditorSettings>:Save (bool)
Unity.ProjectAuditor.Editor.ProjectAuditorSettings:Save ()
Unity.ProjectAuditor.Editor.ProjectAuditorSettings:OnDisable ()

[C:\build\output\unity\unity\Editor\Src\EditorWindowController.cpp line 140]

You may not pass in objects that are already persistent
UnityEngine.Debug:ExtractStackTraceNoAlloc (byte*,int,string)
UnityEngine.StackTraceUtility:ExtractStackTrace ()
UnityEditorInternal.InternalEditorUtility:SaveToSerializedFileAndForgetInternal (string,UnityEngine.Object[],bool)
UnityEditorInternal.InternalEditorUtility:SaveToSerializedFileAndForget (UnityEngine.Object[],string,bool)
UnityEditor.ScriptableSingleton`1<Unity.ProjectAuditor.Editor.ProjectAuditorSettings>:Save (bool)
Unity.ProjectAuditor.Editor.ProjectAuditorSettings:Save ()
Unity.ProjectAuditor.Editor.ProjectAuditorSettings:OnDisable ()

[C:\build\output\unity\unity\Editor\Src\EditorWindowController.cpp line 140]

ScriptableSingleton already exists. Did you query the singleton in a constructor?
UnityEngine.Debug:ExtractStackTraceNoAlloc (byte*,int,string)
UnityEngine.StackTraceUtility:ExtractStackTrace ()
UnityEngine.DebugLogHandler:Internal_Log (UnityEngine.LogType,UnityEngine.LogOption,string,UnityEngine.Object)
UnityEngine.DebugLogHandler:LogFormat (UnityEngine.LogType,UnityEngine.Object,string,object[])
UnityEngine.Logger:Log (UnityEngine.LogType,object)
UnityEngine.Debug:LogError (object)
UnityEditor.ScriptableSingleton`1<Unity.ProjectAuditor.Editor.ProjectAuditorSettings>:.ctor ()
Unity.ProjectAuditor.Editor.ProjectAuditorSettings:.ctor ()

Native extension for WindowsStandalone target not found
Native extension for WebGL target not found
[Package Manager] Failed to launch server process. Reason: Unity was launched with the -noUpm command-line argument
[Package Manager] Unable to send message (not connected to server process).
[Package Manager] Cannot connect to Unity Package Manager local server
[Package Manager] Failed to launch server process. Reason: Unity was launched with the -noUpm command-line argument
[Package Manager] Unable to send message (not connected to server process).
[Package Manager] Cannot connect to Unity Package Manager local server
ScheduleIndexationOnStartup MainProcess:False IndexOnStartup:True
Mono: successfully reloaded assembly
- Finished resetting the current domain, in  1.258 seconds
Domain Reload Profiling: 2776ms
	BeginReloadAssembly (402ms)
		DisableScriptedObjects (15ms)
		CreateAndSetChildDomain (112ms)
	RebuildCommonClasses (20ms)
	RebuildNativeTypeToScriptingClass (27ms)
	initialDomainReloadingComplete (99ms)
	LoadAllAssembliesAndSetupDomain (969ms)
		LoadAssemblies (591ms)
		AnalyzeDomain (354ms)
			TypeCache.Refresh (19ms)
			BuildScriptInfoCaches (319ms)
			ResolveRequiredComponents (12ms)
	FinalizeReload (1260ms)
		SetupLoadedEditorAssemblies (0ms)
			InitializePlatformSupportModulesInManaged (4ms)
			BeforeProcessingInitializeOnLoad (157ms)
			ProcessInitializeOnLoadAttributes (440ms)
			ProcessInitializeOnLoadMethodAttributes (195ms)
			AfterProcessingInitializeOnLoad (8ms)
		AwakeInstancesAfterBackupRestoration (47ms)
Refreshing native plugins compatible for Editor in 2.46 ms, found 4 plugins.
Unloading 24 Unused Serialized files (Serialized files now loaded: 0)
Unloading 6633 unused Assets / (6.1 MB). Loaded Objects now: 7725.
Memory consumption went from 416.7 MB to 410.5 MB.
Total: 19.586000 ms (FindLiveObjects: 1.471900 ms CreateObjectMapping: 4.187000 ms MarkObjects: 8.353100 ms  DeleteObjects: 5.570800 ms)

Prepare: number of updated asset objects reloaded= 0
========================================================================
Received Prepare
AcceleratorClientConnectionCallback - disconnected - :0
Refreshing native plugins compatible for Editor in 2.27 ms, found 4 plugins.
Unloading 24 Unused Serialized files (Serialized files now loaded: 0)
Unloading 24 unused Assets / (2.7 MB). Loaded Objects now: 7725.
Memory consumption went from 414.8 MB to 412.1 MB.
Total: 11.212500 ms (FindLiveObjects: 0.691600 ms CreateObjectMapping: 1.808700 ms MarkObjects: 7.852100 ms  DeleteObjects: 0.856900 ms)

Prepare: number of updated asset objects reloaded= 0
========================================================================
Received Prepare
AcceleratorClientConnectionCallback - disconnected - :0
[Licensing::Client] Successfully resolved entitlement details
Begin MonoManager ReloadAssembly
You may not pass in objects that are already persistent
UnityEngine.Debug:ExtractStackTraceNoAlloc (byte*,int,string)
UnityEngine.StackTraceUtility:ExtractStackTrace ()
UnityEditorInternal.InternalEditorUtility:SaveToSerializedFileAndForgetInternal (string,UnityEngine.Object[],bool)
UnityEditorInternal.InternalEditorUtility:SaveToSerializedFileAndForget (UnityEngine.Object[],string,bool)
UnityEditor.ScriptableSingleton`1<Unity.ProjectAuditor.Editor.ProjectAuditorSettings>:Save (bool)
Unity.ProjectAuditor.Editor.ProjectAuditorSettings:Save ()
Unity.ProjectAuditor.Editor.ProjectAuditorSettings:OnDisable ()

[C:\build\output\unity\unity\Editor\Src\EditorWindowController.cpp line 140]

You may not pass in objects that are already persistent
UnityEngine.Debug:ExtractStackTraceNoAlloc (byte*,int,string)
UnityEngine.StackTraceUtility:ExtractStackTrace ()
UnityEditorInternal.InternalEditorUtility:SaveToSerializedFileAndForgetInternal (string,UnityEngine.Object[],bool)
UnityEditorInternal.InternalEditorUtility:SaveToSerializedFileAndForget (UnityEngine.Object[],string,bool)
UnityEditor.ScriptableSingleton`1<Unity.ProjectAuditor.Editor.ProjectAuditorSettings>:Save (bool)
Unity.ProjectAuditor.Editor.ProjectAuditorSettings:Save ()
Unity.ProjectAuditor.Editor.ProjectAuditorSettings:OnDisable ()

[C:\build\output\unity\unity\Editor\Src\EditorWindowController.cpp line 140]

ScriptableSingleton already exists. Did you query the singleton in a constructor?
UnityEngine.Debug:ExtractStackTraceNoAlloc (byte*,int,string)
UnityEngine.StackTraceUtility:ExtractStackTrace ()
UnityEngine.DebugLogHandler:Internal_Log (UnityEngine.LogType,UnityEngine.LogOption,string,UnityEngine.Object)
UnityEngine.DebugLogHandler:LogFormat (UnityEngine.LogType,UnityEngine.Object,string,object[])
UnityEngine.Logger:Log (UnityEngine.LogType,object)
UnityEngine.Debug:LogError (object)
UnityEditor.ScriptableSingleton`1<Unity.ProjectAuditor.Editor.ProjectAuditorSettings>:.ctor ()
Unity.ProjectAuditor.Editor.ProjectAuditorSettings:.ctor ()

Native extension for WindowsStandalone target not found
Native extension for WebGL target not found
[Package Manager] Failed to launch server process. Reason: Unity was launched with the -noUpm command-line argument
[Package Manager] Unable to send message (not connected to server process).
[Package Manager] Cannot connect to Unity Package Manager local server
[Package Manager] Failed to launch server process. Reason: Unity was launched with the -noUpm command-line argument
[Package Manager] Unable to send message (not connected to server process).
[Package Manager] Cannot connect to Unity Package Manager local server
ScheduleIndexationOnStartup MainProcess:False IndexOnStartup:True
Mono: successfully reloaded assembly
- Finished resetting the current domain, in  1.216 seconds
Domain Reload Profiling: 2353ms
	BeginReloadAssembly (367ms)
		DisableScriptedObjects (15ms)
		CreateAndSetChildDomain (92ms)
	RebuildCommonClasses (20ms)
	RebuildNativeTypeToScriptingClass (29ms)
	initialDomainReloadingComplete (95ms)
	LoadAllAssembliesAndSetupDomain (625ms)
		LoadAssemblies (573ms)
		AnalyzeDomain (33ms)
			TypeCache.Refresh (17ms)
			ResolveRequiredComponents (10ms)
	FinalizeReload (1218ms)
		SetupLoadedEditorAssemblies (0ms)
			InitializePlatformSupportModulesInManaged (4ms)
			BeforeProcessingInitializeOnLoad (146ms)
			ProcessInitializeOnLoadAttributes (433ms)
			ProcessInitializeOnLoadMethodAttributes (196ms)
			AfterProcessingInitializeOnLoad (10ms)
		AwakeInstancesAfterBackupRestoration (42ms)
Unloading 24 Unused Serialized files (Serialized files now loaded: 0)
Unloading 6633 unused Assets / (6.5 MB). Loaded Objects now: 7728.
Memory consumption went from 421.3 MB to 414.8 MB.
Total: 16.363600 ms (FindLiveObjects: 1.124300 ms CreateObjectMapping: 4.116600 ms MarkObjects: 5.440800 ms  DeleteObjects: 5.679800 ms)

Prepare: number of updated asset objects reloaded= 0
========================================================================
Received Prepare
AcceleratorClientConnectionCallback - disconnected - :0
Unloading 24 Unused Serialized files (Serialized files now loaded: 0)
Unloading 24 unused Assets / (2.7 MB). Loaded Objects now: 7728.
Memory consumption went from 419.5 MB to 416.8 MB.
Total: 12.102500 ms (FindLiveObjects: 0.669100 ms CreateObjectMapping: 1.825500 ms MarkObjects: 8.833000 ms  DeleteObjects: 0.771700 ms)

Prepare: number of updated asset objects reloaded= 0
========================================================================
Received Prepare
AcceleratorClientConnectionCallback - disconnected - :0
Begin MonoManager ReloadAssembly
You may not pass in objects that are already persistent
UnityEngine.Debug:ExtractStackTraceNoAlloc (byte*,int,string)
UnityEngine.StackTraceUtility:ExtractStackTrace ()
UnityEditorInternal.InternalEditorUtility:SaveToSerializedFileAndForgetInternal (string,UnityEngine.Object[],bool)
UnityEditorInternal.InternalEditorUtility:SaveToSerializedFileAndForget (UnityEngine.Object[],string,bool)
UnityEditor.ScriptableSingleton`1<Unity.ProjectAuditor.Editor.ProjectAuditorSettings>:Save (bool)
Unity.ProjectAuditor.Editor.ProjectAuditorSettings:Save ()
Unity.ProjectAuditor.Editor.ProjectAuditorSettings:OnDisable ()

[C:\build\output\unity\unity\Editor\Src\EditorWindowController.cpp line 140]

You may not pass in objects that are already persistent
UnityEngine.Debug:ExtractStackTraceNoAlloc (byte*,int,string)
UnityEngine.StackTraceUtility:ExtractStackTrace ()
UnityEditorInternal.InternalEditorUtility:SaveToSerializedFileAndForgetInternal (string,UnityEngine.Object[],bool)
UnityEditorInternal.InternalEditorUtility:SaveToSerializedFileAndForget (UnityEngine.Object[],string,bool)
UnityEditor.ScriptableSingleton`1<Unity.ProjectAuditor.Editor.ProjectAuditorSettings>:Save (bool)
Unity.ProjectAuditor.Editor.ProjectAuditorSettings:Save ()
Unity.ProjectAuditor.Editor.ProjectAuditorSettings:OnDisable ()

[C:\build\output\unity\unity\Editor\Src\EditorWindowController.cpp line 140]

ScriptableSingleton already exists. Did you query the singleton in a constructor?
UnityEngine.Debug:ExtractStackTraceNoAlloc (byte*,int,string)
UnityEngine.StackTraceUtility:ExtractStackTrace ()
UnityEngine.DebugLogHandler:Internal_Log (UnityEngine.LogType,UnityEngine.LogOption,string,UnityEngine.Object)
UnityEngine.DebugLogHandler:LogFormat (UnityEngine.LogType,UnityEngine.Object,string,object[])
UnityEngine.Logger:Log (UnityEngine.LogType,object)
UnityEngine.Debug:LogError (object)
UnityEditor.ScriptableSingleton`1<Unity.ProjectAuditor.Editor.ProjectAuditorSettings>:.ctor ()
Unity.ProjectAuditor.Editor.ProjectAuditorSettings:.ctor ()

Native extension for WindowsStandalone target not found
Native extension for WebGL target not found
[Package Manager] Failed to launch server process. Reason: Unity was launched with the -noUpm command-line argument
[Package Manager] Unable to send message (not connected to server process).
[Package Manager] Cannot connect to Unity Package Manager local server
[Package Manager] Failed to launch server process. Reason: Unity was launched with the -noUpm command-line argument
[Package Manager] Unable to send message (not connected to server process).
[Package Manager] Cannot connect to Unity Package Manager local server
ScheduleIndexationOnStartup MainProcess:False IndexOnStartup:True
Mono: successfully reloaded assembly
- Finished resetting the current domain, in  1.242 seconds
Domain Reload Profiling: 2400ms
	BeginReloadAssembly (410ms)
		DisableScriptedObjects (15ms)
		CreateAndSetChildDomain (116ms)
	RebuildCommonClasses (19ms)
	RebuildNativeTypeToScriptingClass (29ms)
	initialDomainReloadingComplete (92ms)
	LoadAllAssembliesAndSetupDomain (607ms)
		LoadAssemblies (563ms)
		AnalyzeDomain (32ms)
			TypeCache.Refresh (15ms)
			ResolveRequiredComponents (10ms)
	FinalizeReload (1243ms)
		SetupLoadedEditorAssemblies (0ms)
			InitializePlatformSupportModulesInManaged (4ms)
			BeforeProcessingInitializeOnLoad (151ms)
			ProcessInitializeOnLoadAttributes (439ms)
			ProcessInitializeOnLoadMethodAttributes (202ms)
			AfterProcessingInitializeOnLoad (10ms)
		AwakeInstancesAfterBackupRestoration (45ms)
Unloading 24 Unused Serialized files (Serialized files now loaded: 0)
Unloading 6633 unused Assets / (6.7 MB). Loaded Objects now: 7731.
Memory consumption went from 427.2 MB to 420.5 MB.
Total: 17.830600 ms (FindLiveObjects: 0.988600 ms CreateObjectMapping: 4.545200 ms MarkObjects: 5.578200 ms  DeleteObjects: 6.716500 ms)

Prepare: number of updated asset objects reloaded= 0
========================================================================
Received Prepare
AcceleratorClientConnectionCallback - disconnected - :0
Refreshing native plugins compatible for Editor in 2.06 ms, found 4 plugins.
Unloading 24 Unused Serialized files (Serialized files now loaded: 0)
Unloading 6622 unused Assets / (6.3 MB). Loaded Objects now: 7731.
Memory consumption went from 430.2 MB to 423.9 MB.
Total: 22.598200 ms (FindLiveObjects: 1.230800 ms CreateObjectMapping: 5.015900 ms MarkObjects: 10.224100 ms  DeleteObjects: 6.124800 ms)

Prepare: number of updated asset objects reloaded= 0
========================================================================
Received Prepare
AcceleratorClientConnectionCallback - disconnected - :0
[Licensing::Client] Successfully resolved entitlement details
Begin MonoManager ReloadAssembly
You may not pass in objects that are already persistent
UnityEngine.Debug:ExtractStackTraceNoAlloc (byte*,int,string)
UnityEngine.StackTraceUtility:ExtractStackTrace ()
UnityEditorInternal.InternalEditorUtility:SaveToSerializedFileAndForgetInternal (string,UnityEngine.Object[],bool)
UnityEditorInternal.InternalEditorUtility:SaveToSerializedFileAndForget (UnityEngine.Object[],string,bool)
UnityEditor.ScriptableSingleton`1<Unity.ProjectAuditor.Editor.ProjectAuditorSettings>:Save (bool)
Unity.ProjectAuditor.Editor.ProjectAuditorSettings:Save ()
Unity.ProjectAuditor.Editor.ProjectAuditorSettings:OnDisable ()

[C:\build\output\unity\unity\Editor\Src\EditorWindowController.cpp line 140]

You may not pass in objects that are already persistent
UnityEngine.Debug:ExtractStackTraceNoAlloc (byte*,int,string)
UnityEngine.StackTraceUtility:ExtractStackTrace ()
UnityEditorInternal.InternalEditorUtility:SaveToSerializedFileAndForgetInternal (string,UnityEngine.Object[],bool)
UnityEditorInternal.InternalEditorUtility:SaveToSerializedFileAndForget (UnityEngine.Object[],string,bool)
UnityEditor.ScriptableSingleton`1<Unity.ProjectAuditor.Editor.ProjectAuditorSettings>:Save (bool)
Unity.ProjectAuditor.Editor.ProjectAuditorSettings:Save ()
Unity.ProjectAuditor.Editor.ProjectAuditorSettings:OnDisable ()

[C:\build\output\unity\unity\Editor\Src\EditorWindowController.cpp line 140]

Refreshing native plugins compatible for Editor in 2.65 ms, found 4 plugins.
ScriptableSingleton already exists. Did you query the singleton in a constructor?
UnityEngine.Debug:ExtractStackTraceNoAlloc (byte*,int,string)
UnityEngine.StackTraceUtility:ExtractStackTrace ()
UnityEngine.DebugLogHandler:Internal_Log (UnityEngine.LogType,UnityEngine.LogOption,string,UnityEngine.Object)
UnityEngine.DebugLogHandler:LogFormat (UnityEngine.LogType,UnityEngine.Object,string,object[])
UnityEngine.Logger:Log (UnityEngine.LogType,object)
UnityEngine.Debug:LogError (object)
UnityEditor.ScriptableSingleton`1<Unity.ProjectAuditor.Editor.ProjectAuditorSettings>:.ctor ()
Unity.ProjectAuditor.Editor.ProjectAuditorSettings:.ctor ()

Native extension for WindowsStandalone target not found
Native extension for WebGL target not found
[Package Manager] Failed to launch server process. Reason: Unity was launched with the -noUpm command-line argument
[Package Manager] Unable to send message (not connected to server process).
[Package Manager] Cannot connect to Unity Package Manager local server
[Package Manager] Failed to launch server process. Reason: Unity was launched with the -noUpm command-line argument
[Package Manager] Unable to send message (not connected to server process).
[Package Manager] Cannot connect to Unity Package Manager local server
ScheduleIndexationOnStartup MainProcess:False IndexOnStartup:True
Mono: successfully reloaded assembly
- Finished resetting the current domain, in  1.367 seconds
Domain Reload Profiling: 2969ms
	BeginReloadAssembly (438ms)
		DisableScriptedObjects (16ms)
		CreateAndSetChildDomain (114ms)
	RebuildCommonClasses (21ms)
	RebuildNativeTypeToScriptingClass (29ms)
	initialDomainReloadingComplete (106ms)
	LoadAllAssembliesAndSetupDomain (1006ms)
		LoadAssemblies (625ms)
		AnalyzeDomain (377ms)
			TypeCache.Refresh (20ms)
			BuildScriptInfoCaches (343ms)
			ResolveRequiredComponents (11ms)
	FinalizeReload (1369ms)
		SetupLoadedEditorAssemblies (0ms)
			InitializePlatformSupportModulesInManaged (4ms)
			BeforeProcessingInitializeOnLoad (168ms)
			ProcessInitializeOnLoadAttributes (490ms)
			ProcessInitializeOnLoadMethodAttributes (205ms)
			AfterProcessingInitializeOnLoad (11ms)
		AwakeInstancesAfterBackupRestoration (50ms)
Refreshing native plugins compatible for Editor in 3.11 ms, found 4 plugins.
Unloading 24 Unused Serialized files (Serialized files now loaded: 0)
Unloading 6633 unused Assets / (6.3 MB). Loaded Objects now: 7734.
Memory consumption went from 440.1 MB to 433.8 MB.
Total: 23.656800 ms (FindLiveObjects: 2.868700 ms CreateObjectMapping: 5.029400 ms MarkObjects: 8.415600 ms  DeleteObjects: 7.340100 ms)

Prepare: number of updated asset objects reloaded= 0
========================================================================
Received Prepare
AcceleratorClientConnectionCallback - disconnected - :0
[Licensing::Client] Successfully resolved entitlement details
Begin MonoManager ReloadAssembly
You may not pass in objects that are already persistent
UnityEngine.Debug:ExtractStackTraceNoAlloc (byte*,int,string)
UnityEngine.StackTraceUtility:ExtractStackTrace ()
UnityEditorInternal.InternalEditorUtility:SaveToSerializedFileAndForgetInternal (string,UnityEngine.Object[],bool)
UnityEditorInternal.InternalEditorUtility:SaveToSerializedFileAndForget (UnityEngine.Object[],string,bool)
UnityEditor.ScriptableSingleton`1<Unity.ProjectAuditor.Editor.ProjectAuditorSettings>:Save (bool)
Unity.ProjectAuditor.Editor.ProjectAuditorSettings:Save ()
Unity.ProjectAuditor.Editor.ProjectAuditorSettings:OnDisable ()

[C:\build\output\unity\unity\Editor\Src\EditorWindowController.cpp line 140]

You may not pass in objects that are already persistent
UnityEngine.Debug:ExtractStackTraceNoAlloc (byte*,int,string)
UnityEngine.StackTraceUtility:ExtractStackTrace ()
UnityEditorInternal.InternalEditorUtility:SaveToSerializedFileAndForgetInternal (string,UnityEngine.Object[],bool)
UnityEditorInternal.InternalEditorUtility:SaveToSerializedFileAndForget (UnityEngine.Object[],string,bool)
UnityEditor.ScriptableSingleton`1<Unity.ProjectAuditor.Editor.ProjectAuditorSettings>:Save (bool)
Unity.ProjectAuditor.Editor.ProjectAuditorSettings:Save ()
Unity.ProjectAuditor.Editor.ProjectAuditorSettings:OnDisable ()

[C:\build\output\unity\unity\Editor\Src\EditorWindowController.cpp line 140]

Refreshing native plugins compatible for Editor in 4.86 ms, found 4 plugins.
ScriptableSingleton already exists. Did you query the singleton in a constructor?
UnityEngine.Debug:ExtractStackTraceNoAlloc (byte*,int,string)
UnityEngine.StackTraceUtility:ExtractStackTrace ()
UnityEngine.DebugLogHandler:Internal_Log (UnityEngine.LogType,UnityEngine.LogOption,string,UnityEngine.Object)
UnityEngine.DebugLogHandler:LogFormat (UnityEngine.LogType,UnityEngine.Object,string,object[])
UnityEngine.Logger:Log (UnityEngine.LogType,object)
UnityEngine.Debug:LogError (object)
UnityEditor.ScriptableSingleton`1<Unity.ProjectAuditor.Editor.ProjectAuditorSettings>:.ctor ()
Unity.ProjectAuditor.Editor.ProjectAuditorSettings:.ctor ()

Native extension for WindowsStandalone target not found
Native extension for WebGL target not found
[Package Manager] Failed to launch server process. Reason: Unity was launched with the -noUpm command-line argument
[Package Manager] Unable to send message (not connected to server process).
[Package Manager] Cannot connect to Unity Package Manager local server
[Package Manager] Failed to launch server process. Reason: Unity was launched with the -noUpm command-line argument
[Package Manager] Unable to send message (not connected to server process).
[Package Manager] Cannot connect to Unity Package Manager local server
ScheduleIndexationOnStartup MainProcess:False IndexOnStartup:True
Mono: successfully reloaded assembly
- Finished resetting the current domain, in  1.438 seconds
Domain Reload Profiling: 2619ms
	BeginReloadAssembly (410ms)
		DisableScriptedObjects (13ms)
		CreateAndSetChildDomain (111ms)
	RebuildCommonClasses (21ms)
	RebuildNativeTypeToScriptingClass (31ms)
	initialDomainReloadingComplete (101ms)
	LoadAllAssembliesAndSetupDomain (617ms)
		LoadAssemblies (579ms)
		AnalyzeDomain (34ms)
			TypeCache.Refresh (16ms)
			ResolveRequiredComponents (10ms)
	FinalizeReload (1439ms)
		SetupLoadedEditorAssemblies (0ms)
			InitializePlatformSupportModulesInManaged (3ms)
			BeforeProcessingInitializeOnLoad (170ms)
			ProcessInitializeOnLoadAttributes (484ms)
			ProcessInitializeOnLoadMethodAttributes (250ms)
			AfterProcessingInitializeOnLoad (10ms)
		AwakeInstancesAfterBackupRestoration (49ms)
Refreshing native plugins compatible for Editor in 2.79 ms, found 4 plugins.
Unloading 24 Unused Serialized files (Serialized files now loaded: 0)
Unloading 6633 unused Assets / (8.2 MB). Loaded Objects now: 7737.
Memory consumption went from 441.5 MB to 433.3 MB.
Total: 25.764400 ms (FindLiveObjects: 1.450500 ms CreateObjectMapping: 4.573200 ms MarkObjects: 8.291700 ms  DeleteObjects: 11.446600 ms)

Prepare: number of updated asset objects reloaded= 0
========================================================================
Received Prepare
AcceleratorClientConnectionCallback - disconnected - :0
Refreshing native plugins compatible for Editor in 2.34 ms, found 4 plugins.
Unloading 24 Unused Serialized files (Serialized files now loaded: 0)
Unloading 6622 unused Assets / (6.4 MB). Loaded Objects now: 7737.
Memory consumption went from 444.6 MB to 438.1 MB.
Total: 23.826100 ms (FindLiveObjects: 1.232400 ms CreateObjectMapping: 4.722200 ms MarkObjects: 9.949500 ms  DeleteObjects: 7.918400 ms)

Prepare: number of updated asset objects reloaded= 0
========================================================================
Received Prepare
AcceleratorClientConnectionCallback - disconnected - :0
[Licensing::Client] Successfully resolved entitlement details
Begin MonoManager ReloadAssembly
You may not pass in objects that are already persistent
UnityEngine.Debug:ExtractStackTraceNoAlloc (byte*,int,string)
UnityEngine.StackTraceUtility:ExtractStackTrace ()
UnityEditorInternal.InternalEditorUtility:SaveToSerializedFileAndForgetInternal (string,UnityEngine.Object[],bool)
UnityEditorInternal.InternalEditorUtility:SaveToSerializedFileAndForget (UnityEngine.Object[],string,bool)
UnityEditor.ScriptableSingleton`1<Unity.ProjectAuditor.Editor.ProjectAuditorSettings>:Save (bool)
Unity.ProjectAuditor.Editor.ProjectAuditorSettings:Save ()
Unity.ProjectAuditor.Editor.ProjectAuditorSettings:OnDisable ()

[C:\build\output\unity\unity\Editor\Src\EditorWindowController.cpp line 140]

You may not pass in objects that are already persistent
UnityEngine.Debug:ExtractStackTraceNoAlloc (byte*,int,string)
UnityEngine.StackTraceUtility:ExtractStackTrace ()
UnityEditorInternal.InternalEditorUtility:SaveToSerializedFileAndForgetInternal (string,UnityEngine.Object[],bool)
UnityEditorInternal.InternalEditorUtility:SaveToSerializedFileAndForget (UnityEngine.Object[],string,bool)
UnityEditor.ScriptableSingleton`1<Unity.ProjectAuditor.Editor.ProjectAuditorSettings>:Save (bool)
Unity.ProjectAuditor.Editor.ProjectAuditorSettings:Save ()
Unity.ProjectAuditor.Editor.ProjectAuditorSettings:OnDisable ()

[C:\build\output\unity\unity\Editor\Src\EditorWindowController.cpp line 140]

Refreshing native plugins compatible for Editor in 7.37 ms, found 4 plugins.
ScriptableSingleton already exists. Did you query the singleton in a constructor?
UnityEngine.Debug:ExtractStackTraceNoAlloc (byte*,int,string)
UnityEngine.StackTraceUtility:ExtractStackTrace ()
UnityEngine.DebugLogHandler:Internal_Log (UnityEngine.LogType,UnityEngine.LogOption,string,UnityEngine.Object)
UnityEngine.DebugLogHandler:LogFormat (UnityEngine.LogType,UnityEngine.Object,string,object[])
UnityEngine.Logger:Log (UnityEngine.LogType,object)
UnityEngine.Debug:LogError (object)
UnityEditor.ScriptableSingleton`1<Unity.ProjectAuditor.Editor.ProjectAuditorSettings>:.ctor ()
Unity.ProjectAuditor.Editor.ProjectAuditorSettings:.ctor ()

Native extension for WindowsStandalone target not found
Native extension for WebGL target not found
[Package Manager] Failed to launch server process. Reason: Unity was launched with the -noUpm command-line argument
[Package Manager] Unable to send message (not connected to server process).
[Package Manager] Cannot connect to Unity Package Manager local server
[Package Manager] Failed to launch server process. Reason: Unity was launched with the -noUpm command-line argument
[Package Manager] Unable to send message (not connected to server process).
[Package Manager] Cannot connect to Unity Package Manager local server
ScheduleIndexationOnStartup MainProcess:False IndexOnStartup:True
Mono: successfully reloaded assembly
- Finished resetting the current domain, in  1.292 seconds
Domain Reload Profiling: 2913ms
	BeginReloadAssembly (428ms)
		DisableScriptedObjects (17ms)
		CreateAndSetChildDomain (118ms)
	RebuildCommonClasses (20ms)
	RebuildNativeTypeToScriptingClass (34ms)
	initialDomainReloadingComplete (97ms)
	LoadAllAssembliesAndSetupDomain (1039ms)
		LoadAssemblies (613ms)
		AnalyzeDomain (393ms)
			TypeCache.Refresh (27ms)
			BuildScriptInfoCaches (350ms)
			ResolveRequiredComponents (12ms)
	FinalizeReload (1295ms)
		SetupLoadedEditorAssemblies (0ms)
			InitializePlatformSupportModulesInManaged (4ms)
			BeforeProcessingInitializeOnLoad (149ms)
			ProcessInitializeOnLoadAttributes (454ms)
			ProcessInitializeOnLoadMethodAttributes (181ms)
			AfterProcessingInitializeOnLoad (9ms)
		AwakeInstancesAfterBackupRestoration (54ms)
Refreshing native plugins compatible for Editor in 2.24 ms, found 4 plugins.
Unloading 24 Unused Serialized files (Serialized files now loaded: 0)
Unloading 6633 unused Assets / (6.8 MB). Loaded Objects now: 7740.
Memory consumption went from 453.6 MB to 446.8 MB.
Total: 21.092000 ms (FindLiveObjects: 1.221000 ms CreateObjectMapping: 4.224400 ms MarkObjects: 8.314300 ms  DeleteObjects: 7.328800 ms)

Prepare: number of updated asset objects reloaded= 0
========================================================================
Received Prepare
AcceleratorClientConnectionCallback - disconnected - :0
Refreshing native plugins compatible for Editor in 2.46 ms, found 4 plugins.
Unloading 24 Unused Serialized files (Serialized files now loaded: 0)
Unloading 6622 unused Assets / (6.4 MB). Loaded Objects now: 7740.
Memory consumption went from 456.6 MB to 450.2 MB.
Total: 18.964000 ms (FindLiveObjects: 1.003800 ms CreateObjectMapping: 3.673100 ms MarkObjects: 8.126300 ms  DeleteObjects: 6.158400 ms)

Prepare: number of updated asset objects reloaded= 0
========================================================================
Received Import Request.
  Time of request: 2026-09-14T20:38:37.3352688Z
  Time since last request: 814.57153549999998 seconds.
  importAddress: GUID: f4e3c7115132136478b063318cad7719 - Path: Assets/Script/PlatForm.cs - Importer: PreviewImporter
Importing 'GUID: f4e3c7115132136478b063318cad7719 - Path: Assets/Script/PlatForm.cs - Importer: PreviewImporter' with importer (PreviewImporter)
Imported 'GUID: f4e3c7115132136478b063318cad7719' -> (Import Result ID: '00000000000000000000000000000000') in 0.141 seconds
Import Error Code:(4)
Message: Build asset version error: assets/script/platform.cs in SourceAssetDB has modification time of '2026-09-14T20:38:36.2675117Z' while content on disk has modification time of '2026-09-14T20:38:36.7732726Z'
  ERROR: Build asset version error: assets/script/platform.cs in SourceAssetDB has modification time of '2026-09-14T20:38:36.2675117Z' while content on disk has modification time of '2026-09-14T20:38:36.7732726Z'
Number of updated asset objects reloaded before import = 0
Number of asset objects unloaded after import = 0
========================================================================
Received Prepare
AcceleratorClientConnectionCallback - disconnected - :0
Refreshing native plugins compatible for Editor in 3.31 ms, found 4 plugins.
Unloading 24 Unused Serialized files (Serialized files now loaded: 0)
Unloading 6622 unused Assets / (5.6 MB). Loaded Objects now: 7740.
Memory consumption went from 450.9 MB to 445.3 MB.
Total: 40.924100 ms (FindLiveObjects: 1.745400 ms CreateObjectMapping: 4.869300 ms MarkObjects: 27.463300 ms  DeleteObjects: 6.843800 ms)

Prepare: number of updated asset objects reloaded= 0
========================================================================
Received Prepare
AcceleratorClientConnectionCallback - disconnected - :0
[Licensing::Client] Successfully resolved entitlement details
Begin MonoManager ReloadAssembly
You may not pass in objects that are already persistent
UnityEngine.Debug:ExtractStackTraceNoAlloc (byte*,int,string)
UnityEngine.StackTraceUtility:ExtractStackTrace ()
UnityEditorInternal.InternalEditorUtility:SaveToSerializedFileAndForgetInternal (string,UnityEngine.Object[],bool)
UnityEditorInternal.InternalEditorUtility:SaveToSerializedFileAndForget (UnityEngine.Object[],string,bool)
UnityEditor.ScriptableSingleton`1<Unity.ProjectAuditor.Editor.ProjectAuditorSettings>:Save (bool)
Unity.ProjectAuditor.Editor.ProjectAuditorSettings:Save ()
Unity.ProjectAuditor.Editor.ProjectAuditorSettings:OnDisable ()

[C:\build\output\unity\unity\Editor\Src\EditorWindowController.cpp line 140]

You may not pass in objects that are already persistent
UnityEngine.Debug:ExtractStackTraceNoAlloc (byte*,int,string)
UnityEngine.StackTraceUtility:ExtractStackTrace ()
UnityEditorInternal.InternalEditorUtility:SaveToSerializedFileAndForgetInternal (string,UnityEngine.Object[],bool)
UnityEditorInternal.InternalEditorUtility:SaveToSerializedFileAndForget (UnityEngine.Object[],string,bool)
UnityEditor.ScriptableSingleton`1<Unity.ProjectAuditor.Editor.ProjectAuditorSettings>:Save (bool)
Unity.ProjectAuditor.Editor.ProjectAuditorSettings:Save ()
Unity.ProjectAuditor.Editor.ProjectAuditorSettings:OnDisable ()

[C:\build\output\unity\unity\Editor\Src\EditorWindowController.cpp line 140]

Refreshing native plugins compatible for Editor in 3.52 ms, found 4 plugins.
ScriptableSingleton already exists. Did you query the singleton in a constructor?
UnityEngine.Debug:ExtractStackTraceNoAlloc (byte*,int,string)
UnityEngine.StackTraceUtility:ExtractStackTrace ()
UnityEngine.DebugLogHandler:Internal_Log (UnityEngine.LogType,UnityEngine.LogOption,string,UnityEngine.Object)
UnityEngine.DebugLogHandler:LogFormat (UnityEngine.LogType,UnityEngine.Object,string,object[])
UnityEngine.Logger:Log (UnityEngine.LogType,object)
UnityEngine.Debug:LogError (object)
UnityEditor.ScriptableSingleton`1<Unity.ProjectAuditor.Editor.ProjectAuditorSettings>:.ctor ()
Unity.ProjectAuditor.Editor.ProjectAuditorSettings:.ctor ()

Native extension for WindowsStandalone target not found
Native extension for WebGL target not found
[Package Manager] Failed to launch server process. Reason: Unity was launched with the -noUpm command-line argument
[Package Manager] Unable to send message (not connected to server process).
[Package Manager] Cannot connect to Unity Package Manager local server
[Package Manager] Failed to launch server process. Reason: Unity was launched with the -noUpm command-line argument
[Package Manager] Unable to send message (not connected to server process).
[Package Manager] Cannot connect to Unity Package Manager local server
ScheduleIndexationOnStartup MainProcess:False IndexOnStartup:True
Mono: successfully reloaded assembly
- Finished resetting the current domain, in  1.258 seconds
Domain Reload Profiling: 2884ms
	BeginReloadAssembly (453ms)
		DisableScriptedObjects (18ms)
		CreateAndSetChildDomain (128ms)
	RebuildCommonClasses (22ms)
	RebuildNativeTypeToScriptingClass (28ms)
	initialDomainReloadingComplete (109ms)
	LoadAllAssembliesAndSetupDomain (1013ms)
		LoadAssemblies (628ms)
		AnalyzeDomain (364ms)
			TypeCache.Refresh (21ms)
			BuildScriptInfoCaches (333ms)
			ResolveRequiredComponents (7ms)
	FinalizeReload (1260ms)
		SetupLoadedEditorAssemblies (0ms)
			InitializePlatformSupportModulesInManaged (4ms)
			BeforeProcessingInitializeOnLoad (157ms)
			ProcessInitializeOnLoadAttributes (445ms)
			ProcessInitializeOnLoadMethodAttributes (186ms)
			AfterProcessingInitializeOnLoad (11ms)
		AwakeInstancesAfterBackupRestoration (46ms)
Unloading 24 Unused Serialized files (Serialized files now loaded: 0)
Unloading 6633 unused Assets / (6.5 MB). Loaded Objects now: 7743.
Memory consumption went from 456.1 MB to 449.6 MB.
Total: 20.468800 ms (FindLiveObjects: 1.305400 ms CreateObjectMapping: 4.385900 ms MarkObjects: 8.303100 ms  DeleteObjects: 6.471600 ms)

Prepare: number of updated asset objects reloaded= 0
========================================================================
Received Prepare
AcceleratorClientConnectionCallback - disconnected - :0
Begin MonoManager ReloadAssembly
You may not pass in objects that are already persistent
UnityEngine.Debug:ExtractStackTraceNoAlloc (byte*,int,string)
UnityEngine.StackTraceUtility:ExtractStackTrace ()
UnityEditorInternal.InternalEditorUtility:SaveToSerializedFileAndForgetInternal (string,UnityEngine.Object[],bool)
UnityEditorInternal.InternalEditorUtility:SaveToSerializedFileAndForget (UnityEngine.Object[],string,bool)
UnityEditor.ScriptableSingleton`1<Unity.ProjectAuditor.Editor.ProjectAuditorSettings>:Save (bool)
Unity.ProjectAuditor.Editor.ProjectAuditorSettings:Save ()
Unity.ProjectAuditor.Editor.ProjectAuditorSettings:OnDisable ()

[C:\build\output\unity\unity\Editor\Src\EditorWindowController.cpp line 140]

You may not pass in objects that are already persistent
UnityEngine.Debug:ExtractStackTraceNoAlloc (byte*,int,string)
UnityEngine.StackTraceUtility:ExtractStackTrace ()
UnityEditorInternal.InternalEditorUtility:SaveToSerializedFileAndForgetInternal (string,UnityEngine.Object[],bool)
UnityEditorInternal.InternalEditorUtility:SaveToSerializedFileAndForget (UnityEngine.Object[],string,bool)
UnityEditor.ScriptableSingleton`1<Unity.ProjectAuditor.Editor.ProjectAuditorSettings>:Save (bool)
Unity.ProjectAuditor.Editor.ProjectAuditorSettings:Save ()
Unity.ProjectAuditor.Editor.ProjectAuditorSettings:OnDisable ()

[C:\build\output\unity\unity\Editor\Src\EditorWindowController.cpp line 140]

Refreshing native plugins compatible for Editor in 2.75 ms, found 4 plugins.
ScriptableSingleton already exists. Did you query the singleton in a constructor?
UnityEngine.Debug:ExtractStackTraceNoAlloc (byte*,int,string)
UnityEngine.StackTraceUtility:ExtractStackTrace ()
UnityEngine.DebugLogHandler:Internal_Log (UnityEngine.LogType,UnityEngine.LogOption,string,UnityEngine.Object)
UnityEngine.DebugLogHandler:LogFormat (UnityEngine.LogType,UnityEngine.Object,string,object[])
UnityEngine.Logger:Log (UnityEngine.LogType,object)
UnityEngine.Debug:LogError (object)
UnityEditor.ScriptableSingleton`1<Unity.ProjectAuditor.Editor.ProjectAuditorSettings>:.ctor ()
Unity.ProjectAuditor.Editor.ProjectAuditorSettings:.ctor ()

Native extension for WindowsStandalone target not found
Native extension for WebGL target not found
[Package Manager] Failed to launch server process. Reason: Unity was launched with the -noUpm command-line argument
[Package Manager] Unable to send message (not connected to server process).
[Package Manager] Cannot connect to Unity Package Manager local server
[Package Manager] Failed to launch server process. Reason: Unity was launched with the -noUpm command-line argument
[Package Manager] Unable to send message (not connected to server process).
[Package Manager] Cannot connect to Unity Package Manager local server
ScheduleIndexationOnStartup MainProcess:False IndexOnStartup:True
Mono: successfully reloaded assembly
- Finished resetting the current domain, in  1.373 seconds
Domain Reload Profiling: 2575ms
	BeginReloadAssembly (410ms)
		DisableScriptedObjects (14ms)
		CreateAndSetChildDomain (121ms)
	RebuildCommonClasses (22ms)
	RebuildNativeTypeToScriptingClass (32ms)
	initialDomainReloadingComplete (102ms)
	LoadAllAssembliesAndSetupDomain (635ms)
		LoadAssemblies (571ms)
		AnalyzeDomain (34ms)
			TypeCache.Refresh (17ms)
			ResolveRequiredComponents (10ms)
	FinalizeReload (1375ms)
		SetupLoadedEditorAssemblies (0ms)
			InitializePlatformSupportModulesInManaged (4ms)
			BeforeProcessingInitializeOnLoad (151ms)
			ProcessInitializeOnLoadAttributes (474ms)
			ProcessInitializeOnLoadMethodAttributes (216ms)
			AfterProcessingInitializeOnLoad (11ms)
		AwakeInstancesAfterBackupRestoration (52ms)
Refreshing native plugins compatible for Editor in 2.42 ms, found 4 plugins.
Unloading 24 Unused Serialized files (Serialized files now loaded: 0)
Unloading 6633 unused Assets / (6.9 MB). Loaded Objects now: 7746.
Memory consumption went from 459.5 MB to 452.6 MB.
Total: 22.056600 ms (FindLiveObjects: 1.213400 ms CreateObjectMapping: 5.403800 ms MarkObjects: 8.227600 ms  DeleteObjects: 7.208500 ms)

Prepare: number of updated asset objects reloaded= 0
========================================================================
Received Prepare
AcceleratorClientConnectionCallback - disconnected - :0
Unloading 24 Unused Serialized files (Serialized files now loaded: 0)
Unloading 6622 unused Assets / (7.2 MB). Loaded Objects now: 7746.
Memory consumption went from 462.5 MB to 455.3 MB.
Total: 27.116800 ms (FindLiveObjects: 1.530300 ms CreateObjectMapping: 5.173000 ms MarkObjects: 12.284800 ms  DeleteObjects: 8.125200 ms)

Prepare: number of updated asset objects reloaded= 0
========================================================================
Received Prepare
AcceleratorClientConnectionCallback - disconnected - :0
Refreshing native plugins compatible for Editor in 5.42 ms, found 4 plugins.
Unloading 24 Unused Serialized files (Serialized files now loaded: 0)
Unloading 6622 unused Assets / (9.5 MB). Loaded Objects now: 7746.
Memory consumption went from 465.4 MB to 455.8 MB.
Total: 64.456700 ms (FindLiveObjects: 10.226700 ms CreateObjectMapping: 17.665900 ms MarkObjects: 17.002700 ms  DeleteObjects: 19.559500 ms)

Prepare: number of updated asset objects reloaded= 0
========================================================================
Received Prepare
AcceleratorClientConnectionCallback - disconnected - :0
Unloading 24 Unused Serialized files (Serialized files now loaded: 0)
Unloading 6622 unused Assets / (7.1 MB). Loaded Objects now: 7746.
Memory consumption went from 468.3 MB to 461.1 MB.
Total: 21.178500 ms (FindLiveObjects: 1.132200 ms CreateObjectMapping: 3.680300 ms MarkObjects: 9.785000 ms  DeleteObjects: 6.578400 ms)

Prepare: number of updated asset objects reloaded= 0
========================================================================
Received Prepare
AcceleratorClientConnectionCallback - disconnected - :0
[Licensing::Client] Successfully resolved entitlement details
Begin MonoManager ReloadAssembly
You may not pass in objects that are already persistent
UnityEngine.Debug:ExtractStackTraceNoAlloc (byte*,int,string)
UnityEngine.StackTraceUtility:ExtractStackTrace ()
UnityEditorInternal.InternalEditorUtility:SaveToSerializedFileAndForgetInternal (string,UnityEngine.Object[],bool)
UnityEditorInternal.InternalEditorUtility:SaveToSerializedFileAndForget (UnityEngine.Object[],string,bool)
UnityEditor.ScriptableSingleton`1<Unity.ProjectAuditor.Editor.ProjectAuditorSettings>:Save (bool)
Unity.ProjectAuditor.Editor.ProjectAuditorSettings:Save ()
Unity.ProjectAuditor.Editor.ProjectAuditorSettings:OnDisable ()

[C:\build\output\unity\unity\Editor\Src\EditorWindowController.cpp line 140]

You may not pass in objects that are already persistent
UnityEngine.Debug:ExtractStackTraceNoAlloc (byte*,int,string)
UnityEngine.StackTraceUtility:ExtractStackTrace ()
UnityEditorInternal.InternalEditorUtility:SaveToSerializedFileAndForgetInternal (string,UnityEngine.Object[],bool)
UnityEditorInternal.InternalEditorUtility:SaveToSerializedFileAndForget (UnityEngine.Object[],string,bool)
UnityEditor.ScriptableSingleton`1<Unity.ProjectAuditor.Editor.ProjectAuditorSettings>:Save (bool)
Unity.ProjectAuditor.Editor.ProjectAuditorSettings:Save ()
Unity.ProjectAuditor.Editor.ProjectAuditorSettings:OnDisable ()

[C:\build\output\unity\unity\Editor\Src\EditorWindowController.cpp line 140]

ScriptableSingleton already exists. Did you query the singleton in a constructor?
UnityEngine.Debug:ExtractStackTraceNoAlloc (byte*,int,string)
UnityEngine.StackTraceUtility:ExtractStackTrace ()
UnityEngine.DebugLogHandler:Internal_Log (UnityEngine.LogType,UnityEngine.LogOption,string,UnityEngine.Object)
UnityEngine.DebugLogHandler:LogFormat (UnityEngine.LogType,UnityEngine.Object,string,object[])
UnityEngine.Logger:Log (UnityEngine.LogType,object)
UnityEngine.Debug:LogError (object)
UnityEditor.ScriptableSingleton`1<Unity.ProjectAuditor.Editor.ProjectAuditorSettings>:.ctor ()
Unity.ProjectAuditor.Editor.ProjectAuditorSettings:.ctor ()

Native extension for WindowsStandalone target not found
Native extension for WebGL target not found
[Package Manager] Failed to launch server process. Reason: Unity was launched with the -noUpm command-line argument
[Package Manager] Unable to send message (not connected to server process).
[Package Manager] Cannot connect to Unity Package Manager local server
[Package Manager] Failed to launch server process. Reason: Unity was launched with the -noUpm command-line argument
[Package Manager] Unable to send message (not connected to server process).
[Package Manager] Cannot connect to Unity Package Manager local server
ScheduleIndexationOnStartup MainProcess:False IndexOnStartup:True
Mono: successfully reloaded assembly
- Finished resetting the current domain, in  1.217 seconds
Domain Reload Profiling: 2903ms
	BeginReloadAssembly (439ms)
		DisableScriptedObjects (21ms)
		CreateAndSetChildDomain (131ms)
	RebuildCommonClasses (19ms)
	RebuildNativeTypeToScriptingClass (30ms)
	initialDomainReloadingComplete (100ms)
	LoadAllAssembliesAndSetupDomain (1096ms)
		LoadAssemblies (607ms)
		AnalyzeDomain (454ms)
			TypeCache.Refresh (20ms)
			BuildScriptInfoCaches (422ms)
			ResolveRequiredComponents (9ms)
	FinalizeReload (1218ms)
		SetupLoadedEditorAssemblies (0ms)
			InitializePlatformSupportModulesInManaged (4ms)
			BeforeProcessingInitializeOnLoad (152ms)
			ProcessInitializeOnLoadAttributes (431ms)
			ProcessInitializeOnLoadMethodAttributes (181ms)
			AfterProcessingInitializeOnLoad (7ms)
		AwakeInstancesAfterBackupRestoration (40ms)
Unloading 24 Unused Serialized files (Serialized files now loaded: 0)
Unloading 6633 unused Assets / (6.5 MB). Loaded Objects now: 7749.
Memory consumption went from 475.3 MB to 468.7 MB.
Total: 19.022700 ms (FindLiveObjects: 1.244100 ms CreateObjectMapping: 3.695200 ms MarkObjects: 8.542100 ms  DeleteObjects: 5.537300 ms)

Prepare: number of updated asset objects reloaded= 0
========================================================================
Received Prepare
AcceleratorClientConnectionCallback - disconnected - :0
Refreshing native plugins compatible for Editor in 2.32 ms, found 4 plugins.
Unloading 24 Unused Serialized files (Serialized files now loaded: 0)
Unloading 6622 unused Assets / (6.8 MB). Loaded Objects now: 7749.
Memory consumption went from 478.3 MB to 471.5 MB.
Total: 21.014000 ms (FindLiveObjects: 1.302000 ms CreateObjectMapping: 4.417200 ms MarkObjects: 9.170900 ms  DeleteObjects: 6.120900 ms)

Prepare: number of updated asset objects reloaded= 0
========================================================================
Received Prepare
AcceleratorClientConnectionCallback - disconnected - :0
[Licensing::Client] Successfully resolved entitlement details
Begin MonoManager ReloadAssembly
You may not pass in objects that are already persistent
UnityEngine.Debug:ExtractStackTraceNoAlloc (byte*,int,string)
UnityEngine.StackTraceUtility:ExtractStackTrace ()
UnityEditorInternal.InternalEditorUtility:SaveToSerializedFileAndForgetInternal (string,UnityEngine.Object[],bool)
UnityEditorInternal.InternalEditorUtility:SaveToSerializedFileAndForget (UnityEngine.Object[],string,bool)
UnityEditor.ScriptableSingleton`1<Unity.ProjectAuditor.Editor.ProjectAuditorSettings>:Save (bool)
Unity.ProjectAuditor.Editor.ProjectAuditorSettings:Save ()
Unity.ProjectAuditor.Editor.ProjectAuditorSettings:OnDisable ()

[C:\build\output\unity\unity\Editor\Src\EditorWindowController.cpp line 140]

You may not pass in objects that are already persistent
UnityEngine.Debug:ExtractStackTraceNoAlloc (byte*,int,string)
UnityEngine.StackTraceUtility:ExtractStackTrace ()
UnityEditorInternal.InternalEditorUtility:SaveToSerializedFileAndForgetInternal (string,UnityEngine.Object[],bool)
UnityEditorInternal.InternalEditorUtility:SaveToSerializedFileAndForget (UnityEngine.Object[],string,bool)
UnityEditor.ScriptableSingleton`1<Unity.ProjectAuditor.Editor.ProjectAuditorSettings>:Save (bool)
Unity.ProjectAuditor.Editor.ProjectAuditorSettings:Save ()
Unity.ProjectAuditor.Editor.ProjectAuditorSettings:OnDisable ()

[C:\build\output\unity\unity\Editor\Src\EditorWindowController.cpp line 140]

Refreshing native plugins compatible for Editor in 3.32 ms, found 4 plugins.
ScriptableSingleton already exists. Did you query the singleton in a constructor?
UnityEngine.Debug:ExtractStackTraceNoAlloc (byte*,int,string)
UnityEngine.StackTraceUtility:ExtractStackTrace ()
UnityEngine.DebugLogHandler:Internal_Log (UnityEngine.LogType,UnityEngine.LogOption,string,UnityEngine.Object)
UnityEngine.DebugLogHandler:LogFormat (UnityEngine.LogType,UnityEngine.Object,string,object[])
UnityEngine.Logger:Log (UnityEngine.LogType,object)
UnityEngine.Debug:LogError (object)
UnityEditor.ScriptableSingleton`1<Unity.ProjectAuditor.Editor.ProjectAuditorSettings>:.ctor ()
Unity.ProjectAuditor.Editor.ProjectAuditorSettings:.ctor ()

Native extension for WindowsStandalone target not found
Native extension for WebGL target not found
[Package Manager] Failed to launch server process. Reason: Unity was launched with the -noUpm command-line argument
[Package Manager] Unable to send message (not connected to server process).
[Package Manager] Cannot connect to Unity Package Manager local server
[Package Manager] Failed to launch server process. Reason: Unity was launched with the -noUpm command-line argument
[Package Manager] Unable to send message (not connected to server process).
[Package Manager] Cannot connect to Unity Package Manager local server
ScheduleIndexationOnStartup MainProcess:False IndexOnStartup:True
Mono: successfully reloaded assembly
- Finished resetting the current domain, in  1.249 seconds
Domain Reload Profiling: 2862ms
	BeginReloadAssembly (438ms)
		DisableScriptedObjects (17ms)
		CreateAndSetChildDomain (131ms)
	RebuildCommonClasses (22ms)
	RebuildNativeTypeToScriptingClass (35ms)
	initialDomainReloadingComplete (121ms)
	LoadAllAssembliesAndSetupDomain (995ms)
		LoadAssemblies (593ms)
		AnalyzeDomain (384ms)
			TypeCache.Refresh (18ms)
			BuildScriptInfoCaches (350ms)
			ResolveRequiredComponents (12ms)
	FinalizeReload (1251ms)
		SetupLoadedEditorAssemblies (0ms)
			InitializePlatformSupportModulesInManaged (4ms)
			BeforeProcessingInitializeOnLoad (153ms)
			ProcessInitializeOnLoadAttributes (452ms)
			ProcessInitializeOnLoadMethodAttributes (191ms)
			AfterProcessingInitializeOnLoad (9ms)
		AwakeInstancesAfterBackupRestoration (46ms)
Refreshing native plugins compatible for Editor in 2.41 ms, found 4 plugins.
Unloading 24 Unused Serialized files (Serialized files now loaded: 0)
Unloading 6633 unused Assets / (6.6 MB). Loaded Objects now: 7752.
Memory consumption went from 483.5 MB to 476.9 MB.
Total: 20.494200 ms (FindLiveObjects: 1.102100 ms CreateObjectMapping: 4.905300 ms MarkObjects: 8.067900 ms  DeleteObjects: 6.415500 ms)

Prepare: number of updated asset objects reloaded= 0
========================================================================
Received Prepare
AcceleratorClientConnectionCallback - disconnected - :0
[Licensing::Client] Successfully resolved entitlement details
Begin MonoManager ReloadAssembly
You may not pass in objects that are already persistent
UnityEngine.Debug:ExtractStackTraceNoAlloc (byte*,int,string)
UnityEngine.StackTraceUtility:ExtractStackTrace ()
UnityEditorInternal.InternalEditorUtility:SaveToSerializedFileAndForgetInternal (string,UnityEngine.Object[],bool)
UnityEditorInternal.InternalEditorUtility:SaveToSerializedFileAndForget (UnityEngine.Object[],string,bool)
UnityEditor.ScriptableSingleton`1<Unity.ProjectAuditor.Editor.ProjectAuditorSettings>:Save (bool)
Unity.ProjectAuditor.Editor.ProjectAuditorSettings:Save ()
Unity.ProjectAuditor.Editor.ProjectAuditorSettings:OnDisable ()

[C:\build\output\unity\unity\Editor\Src\EditorWindowController.cpp line 140]

You may not pass in objects that are already persistent
UnityEngine.Debug:ExtractStackTraceNoAlloc (byte*,int,string)
UnityEngine.StackTraceUtility:ExtractStackTrace ()
UnityEditorInternal.InternalEditorUtility:SaveToSerializedFileAndForgetInternal (string,UnityEngine.Object[],bool)
UnityEditorInternal.InternalEditorUtility:SaveToSerializedFileAndForget (UnityEngine.Object[],string,bool)
UnityEditor.ScriptableSingleton`1<Unity.ProjectAuditor.Editor.ProjectAuditorSettings>:Save (bool)
Unity.ProjectAuditor.Editor.ProjectAuditorSettings:Save ()
Unity.ProjectAuditor.Editor.ProjectAuditorSettings:OnDisable ()

[C:\build\output\unity\unity\Editor\Src\EditorWindowController.cpp line 140]

ScriptableSingleton already exists. Did you query the singleton in a constructor?
UnityEngine.Debug:ExtractStackTraceNoAlloc (byte*,int,string)
UnityEngine.StackTraceUtility:ExtractStackTrace ()
UnityEngine.DebugLogHandler:Internal_Log (UnityEngine.LogType,UnityEngine.LogOption,string,UnityEngine.Object)
UnityEngine.DebugLogHandler:LogFormat (UnityEngine.LogType,UnityEngine.Object,string,object[])
UnityEngine.Logger:Log (UnityEngine.LogType,object)
UnityEngine.Debug:LogError (object)
UnityEditor.ScriptableSingleton`1<Unity.ProjectAuditor.Editor.ProjectAuditorSettings>:.ctor ()
Unity.ProjectAuditor.Editor.ProjectAuditorSettings:.ctor ()

Native extension for WindowsStandalone target not found
Native extension for WebGL target not found
[Package Manager] Failed to launch server process. Reason: Unity was launched with the -noUpm command-line argument
[Package Manager] Unable to send message (not connected to server process).
[Package Manager] Cannot connect to Unity Package Manager local server
[Package Manager] Failed to launch server process. Reason: Unity was launched with the -noUpm command-line argument
[Package Manager] Unable to send message (not connected to server process).
[Package Manager] Cannot connect to Unity Package Manager local server
ScheduleIndexationOnStartup MainProcess:False IndexOnStartup:True
Mono: successfully reloaded assembly
- Finished resetting the current domain, in  1.258 seconds
Domain Reload Profiling: 2462ms
	BeginReloadAssembly (409ms)
		DisableScriptedObjects (17ms)
		CreateAndSetChildDomain (113ms)
	RebuildCommonClasses (20ms)
	RebuildNativeTypeToScriptingClass (30ms)
	initialDomainReloadingComplete (99ms)
	LoadAllAssembliesAndSetupDomain (644ms)
		LoadAssemblies (595ms)
		AnalyzeDomain (31ms)
			TypeCache.Refresh (14ms)
			ResolveRequiredComponents (10ms)
	FinalizeReload (1259ms)
		SetupLoadedEditorAssemblies (0ms)
			InitializePlatformSupportModulesInManaged (4ms)
			BeforeProcessingInitializeOnLoad (152ms)
			ProcessInitializeOnLoadAttributes (439ms)
			ProcessInitializeOnLoadMethodAttributes (199ms)
			AfterProcessingInitializeOnLoad (9ms)
		AwakeInstancesAfterBackupRestoration (42ms)
Refreshing native plugins compatible for Editor in 3.49 ms, found 4 plugins.
Unloading 24 Unused Serialized files (Serialized files now loaded: 0)
Unloading 6633 unused Assets / (6.9 MB). Loaded Objects now: 7755.
Memory consumption went from 487.1 MB to 480.2 MB.
Total: 19.933800 ms (FindLiveObjects: 1.265600 ms CreateObjectMapping: 4.539400 ms MarkObjects: 7.739400 ms  DeleteObjects: 6.386100 ms)

Prepare: number of updated asset objects reloaded= 0
========================================================================
Received Prepare
AcceleratorClientConnectionCallback - disconnected - :0
Refreshing native plugins compatible for Editor in 2.44 ms, found 4 plugins.
Unloading 24 Unused Serialized files (Serialized files now loaded: 0)
Unloading 6622 unused Assets / (7.0 MB). Loaded Objects now: 7755.
Memory consumption went from 490.1 MB to 483.1 MB.
Total: 22.527100 ms (FindLiveObjects: 1.625000 ms CreateObjectMapping: 4.392200 ms MarkObjects: 9.018900 ms  DeleteObjects: 7.487100 ms)

Prepare: number of updated asset objects reloaded= 0
========================================================================
Received Prepare
AcceleratorClientConnectionCallback - disconnected - :0
[Licensing::Client] Successfully resolved entitlement details
Begin MonoManager ReloadAssembly
You may not pass in objects that are already persistent
UnityEngine.Debug:ExtractStackTraceNoAlloc (byte*,int,string)
UnityEngine.StackTraceUtility:ExtractStackTrace ()
UnityEditorInternal.InternalEditorUtility:SaveToSerializedFileAndForgetInternal (string,UnityEngine.Object[],bool)
UnityEditorInternal.InternalEditorUtility:SaveToSerializedFileAndForget (UnityEngine.Object[],string,bool)
UnityEditor.ScriptableSingleton`1<Unity.ProjectAuditor.Editor.ProjectAuditorSettings>:Save (bool)
Unity.ProjectAuditor.Editor.ProjectAuditorSettings:Save ()
Unity.ProjectAuditor.Editor.ProjectAuditorSettings:OnDisable ()

[C:\build\output\unity\unity\Editor\Src\EditorWindowController.cpp line 140]

You may not pass in objects that are already persistent
UnityEngine.Debug:ExtractStackTraceNoAlloc (byte*,int,string)
UnityEngine.StackTraceUtility:ExtractStackTrace ()
UnityEditorInternal.InternalEditorUtility:SaveToSerializedFileAndForgetInternal (string,UnityEngine.Object[],bool)
UnityEditorInternal.InternalEditorUtility:SaveToSerializedFileAndForget (UnityEngine.Object[],string,bool)
UnityEditor.ScriptableSingleton`1<Unity.ProjectAuditor.Editor.ProjectAuditorSettings>:Save (bool)
Unity.ProjectAuditor.Editor.ProjectAuditorSettings:Save ()
Unity.ProjectAuditor.Editor.ProjectAuditorSettings:OnDisable ()

[C:\build\output\unity\unity\Editor\Src\EditorWindowController.cpp line 140]

Refreshing native plugins compatible for Editor in 2.25 ms, found 4 plugins.
ScriptableSingleton already exists. Did you query the singleton in a constructor?
UnityEngine.Debug:ExtractStackTraceNoAlloc (byte*,int,string)
UnityEngine.StackTraceUtility:ExtractStackTrace ()
UnityEngine.DebugLogHandler:Internal_Log (UnityEngine.LogType,UnityEngine.LogOption,string,UnityEngine.Object)
UnityEngine.DebugLogHandler:LogFormat (UnityEngine.LogType,UnityEngine.Object,string,object[])
UnityEngine.Logger:Log (UnityEngine.LogType,object)
UnityEngine.Debug:LogError (object)
UnityEditor.ScriptableSingleton`1<Unity.ProjectAuditor.Editor.ProjectAuditorSettings>:.ctor ()
Unity.ProjectAuditor.Editor.ProjectAuditorSettings:.ctor ()

Native extension for WindowsStandalone target not found
Native extension for WebGL target not found
[Package Manager] Failed to launch server process. Reason: Unity was launched with the -noUpm command-line argument
[Package Manager] Unable to send message (not connected to server process).
[Package Manager] Cannot connect to Unity Package Manager local server
[Package Manager] Failed to launch server process. Reason: Unity was launched with the -noUpm command-line argument
[Package Manager] Unable to send message (not connected to server process).
[Package Manager] Cannot connect to Unity Package Manager local server
ScheduleIndexationOnStartup MainProcess:False IndexOnStartup:True
Mono: successfully reloaded assembly
- Finished resetting the current domain, in  1.314 seconds
Domain Reload Profiling: 2851ms
	BeginReloadAssembly (420ms)
		DisableScriptedObjects (17ms)
		CreateAndSetChildDomain (102ms)
	RebuildCommonClasses (22ms)
	RebuildNativeTypeToScriptingClass (29ms)
	initialDomainReloadingComplete (101ms)
	LoadAllAssembliesAndSetupDomain (964ms)
		LoadAssemblies (585ms)
		AnalyzeDomain (353ms)
			TypeCache.Refresh (17ms)
			BuildScriptInfoCaches (323ms)
			ResolveRequiredComponents (10ms)
	FinalizeReload (1316ms)
		SetupLoadedEditorAssemblies (0ms)
			InitializePlatformSupportModulesInManaged (4ms)
			BeforeProcessingInitializeOnLoad (151ms)
			ProcessInitializeOnLoadAttributes (489ms)
			ProcessInitializeOnLoadMethodAttributes (187ms)
			AfterProcessingInitializeOnLoad (10ms)
		AwakeInstancesAfterBackupRestoration (46ms)
Refreshing native plugins compatible for Editor in 2.16 ms, found 4 plugins.
Unloading 24 Unused Serialized files (Serialized files now loaded: 0)
Unloading 6633 unused Assets / (7.0 MB). Loaded Objects now: 7758.
Memory consumption went from 496.8 MB to 489.8 MB.
Total: 20.859100 ms (FindLiveObjects: 1.127000 ms CreateObjectMapping: 4.656500 ms MarkObjects: 8.092000 ms  DeleteObjects: 6.980500 ms)

Prepare: number of updated asset objects reloaded= 0
========================================================================
Received Prepare
AcceleratorClientConnectionCallback - disconnected - :0
Begin MonoManager ReloadAssembly
You may not pass in objects that are already persistent
UnityEngine.Debug:ExtractStackTraceNoAlloc (byte*,int,string)
UnityEngine.StackTraceUtility:ExtractStackTrace ()
UnityEditorInternal.InternalEditorUtility:SaveToSerializedFileAndForgetInternal (string,UnityEngine.Object[],bool)
UnityEditorInternal.InternalEditorUtility:SaveToSerializedFileAndForget (UnityEngine.Object[],string,bool)
UnityEditor.ScriptableSingleton`1<Unity.ProjectAuditor.Editor.ProjectAuditorSettings>:Save (bool)
Unity.ProjectAuditor.Editor.ProjectAuditorSettings:Save ()
Unity.ProjectAuditor.Editor.ProjectAuditorSettings:OnDisable ()

[C:\build\output\unity\unity\Editor\Src\EditorWindowController.cpp line 140]

You may not pass in objects that are already persistent
UnityEngine.Debug:ExtractStackTraceNoAlloc (byte*,int,string)
UnityEngine.StackTraceUtility:ExtractStackTrace ()
UnityEditorInternal.InternalEditorUtility:SaveToSerializedFileAndForgetInternal (string,UnityEngine.Object[],bool)
UnityEditorInternal.InternalEditorUtility:SaveToSerializedFileAndForget (UnityEngine.Object[],string,bool)
UnityEditor.ScriptableSingleton`1<Unity.ProjectAuditor.Editor.ProjectAuditorSettings>:Save (bool)
Unity.ProjectAuditor.Editor.ProjectAuditorSettings:Save ()
Unity.ProjectAuditor.Editor.ProjectAuditorSettings:OnDisable ()

[C:\build\output\unity\unity\Editor\Src\EditorWindowController.cpp line 140]

ScriptableSingleton already exists. Did you query the singleton in a constructor?
UnityEngine.Debug:ExtractStackTraceNoAlloc (byte*,int,string)
UnityEngine.StackTraceUtility:ExtractStackTrace ()
UnityEngine.DebugLogHandler:Internal_Log (UnityEngine.LogType,UnityEngine.LogOption,string,UnityEngine.Object)
UnityEngine.DebugLogHandler:LogFormat (UnityEngine.LogType,UnityEngine.Object,string,object[])
UnityEngine.Logger:Log (UnityEngine.LogType,object)
UnityEngine.Debug:LogError (object)
UnityEditor.ScriptableSingleton`1<Unity.ProjectAuditor.Editor.ProjectAuditorSettings>:.ctor ()
Unity.ProjectAuditor.Editor.ProjectAuditorSettings:.ctor ()

Native extension for WindowsStandalone target not found
Native extension for WebGL target not found
[Package Manager] Failed to launch server process. Reason: Unity was launched with the -noUpm command-line argument
[Package Manager] Unable to send message (not connected to server process).
[Package Manager] Cannot connect to Unity Package Manager local server
[Package Manager] Failed to launch server process. Reason: Unity was launched with the -noUpm command-line argument
[Package Manager] Unable to send message (not connected to server process).
[Package Manager] Cannot connect to Unity Package Manager local server
ScheduleIndexationOnStartup MainProcess:False IndexOnStartup:True
Mono: successfully reloaded assembly
- Finished resetting the current domain, in  1.280 seconds
Domain Reload Profiling: 2472ms
	BeginReloadAssembly (433ms)
		DisableScriptedObjects (14ms)
		CreateAndSetChildDomain (117ms)
	RebuildCommonClasses (18ms)
	RebuildNativeTypeToScriptingClass (24ms)
	initialDomainReloadingComplete (107ms)
	LoadAllAssembliesAndSetupDomain (607ms)
		LoadAssemblies (552ms)
		AnalyzeDomain (31ms)
			TypeCache.Refresh (15ms)
			ResolveRequiredComponents (10ms)
	FinalizeReload (1282ms)
		SetupLoadedEditorAssemblies (0ms)
			InitializePlatformSupportModulesInManaged (4ms)
			BeforeProcessingInitializeOnLoad (151ms)
			ProcessInitializeOnLoadAttributes (459ms)
			ProcessInitializeOnLoadMethodAttributes (193ms)
			AfterProcessingInitializeOnLoad (10ms)
		AwakeInstancesAfterBackupRestoration (45ms)
Refreshing native plugins compatible for Editor in 2.51 ms, found 4 plugins.
Unloading 24 Unused Serialized files (Serialized files now loaded: 0)
Unloading 6633 unused Assets / (6.6 MB). Loaded Objects now: 7761.
Memory consumption went from 499.8 MB to 493.2 MB.
Total: 21.205100 ms (FindLiveObjects: 1.360400 ms CreateObjectMapping: 4.682500 ms MarkObjects: 8.180500 ms  DeleteObjects: 6.977900 ms)

Prepare: number of updated asset objects reloaded= 0
========================================================================
Received Prepare
AcceleratorClientConnectionCallback - disconnected - :0
Begin MonoManager ReloadAssembly
You may not pass in objects that are already persistent
UnityEngine.Debug:ExtractStackTraceNoAlloc (byte*,int,string)
UnityEngine.StackTraceUtility:ExtractStackTrace ()
UnityEditorInternal.InternalEditorUtility:SaveToSerializedFileAndForgetInternal (string,UnityEngine.Object[],bool)
UnityEditorInternal.InternalEditorUtility:SaveToSerializedFileAndForget (UnityEngine.Object[],string,bool)
UnityEditor.ScriptableSingleton`1<Unity.ProjectAuditor.Editor.ProjectAuditorSettings>:Save (bool)
Unity.ProjectAuditor.Editor.ProjectAuditorSettings:Save ()
Unity.ProjectAuditor.Editor.ProjectAuditorSettings:OnDisable ()

[C:\build\output\unity\unity\Editor\Src\EditorWindowController.cpp line 140]

You may not pass in objects that are already persistent
UnityEngine.Debug:ExtractStackTraceNoAlloc (byte*,int,string)
UnityEngine.StackTraceUtility:ExtractStackTrace ()
UnityEditorInternal.InternalEditorUtility:SaveToSerializedFileAndForgetInternal (string,UnityEngine.Object[],bool)
UnityEditorInternal.InternalEditorUtility:SaveToSerializedFileAndForget (UnityEngine.Object[],string,bool)
UnityEditor.ScriptableSingleton`1<Unity.ProjectAuditor.Editor.ProjectAuditorSettings>:Save (bool)
Unity.ProjectAuditor.Editor.ProjectAuditorSettings:Save ()
Unity.ProjectAuditor.Editor.ProjectAuditorSettings:OnDisable ()

[C:\build\output\unity\unity\Editor\Src\EditorWindowController.cpp line 140]

ScriptableSingleton already exists. Did you query the singleton in a constructor?
UnityEngine.Debug:ExtractStackTraceNoAlloc (byte*,int,string)
UnityEngine.StackTraceUtility:ExtractStackTrace ()
UnityEngine.DebugLogHandler:Internal_Log (UnityEngine.LogType,UnityEngine.LogOption,string,UnityEngine.Object)
UnityEngine.DebugLogHandler:LogFormat (UnityEngine.LogType,UnityEngine.Object,string,object[])
UnityEngine.Logger:Log (UnityEngine.LogType,object)
UnityEngine.Debug:LogError (object)
UnityEditor.ScriptableSingleton`1<Unity.ProjectAuditor.Editor.ProjectAuditorSettings>:.ctor ()
Unity.ProjectAuditor.Editor.ProjectAuditorSettings:.ctor ()

Native extension for WindowsStandalone target not found
Native extension for WebGL target not found
[Package Manager] Failed to launch server process. Reason: Unity was launched with the -noUpm command-line argument
[Package Manager] Unable to send message (not connected to server process).
[Package Manager] Cannot connect to Unity Package Manager local server
[Package Manager] Failed to launch server process. Reason: Unity was launched with the -noUpm command-line argument
[Package Manager] Unable to send message (not connected to server process).
[Package Manager] Cannot connect to Unity Package Manager local server
ScheduleIndexationOnStartup MainProcess:False IndexOnStartup:True
Mono: successfully reloaded assembly
- Finished resetting the current domain, in  1.266 seconds
Domain Reload Profiling: 2374ms
	BeginReloadAssembly (380ms)
		DisableScriptedObjects (14ms)
		CreateAndSetChildDomain (87ms)
	RebuildCommonClasses (22ms)
	RebuildNativeTypeToScriptingClass (29ms)
	initialDomainReloadingComplete (96ms)
	LoadAllAssembliesAndSetupDomain (580ms)
		LoadAssemblies (545ms)
		AnalyzeDomain (28ms)
			TypeCache.Refresh (15ms)
			ResolveRequiredComponents (8ms)
	FinalizeReload (1268ms)
		SetupLoadedEditorAssemblies (0ms)
			InitializePlatformSupportModulesInManaged (4ms)
			BeforeProcessingInitializeOnLoad (156ms)
			ProcessInitializeOnLoadAttributes (442ms)
			ProcessInitializeOnLoadMethodAttributes (182ms)
			AfterProcessingInitializeOnLoad (9ms)
		AwakeInstancesAfterBackupRestoration (49ms)
Refreshing native plugins compatible for Editor in 2.10 ms, found 4 plugins.
Unloading 24 Unused Serialized files (Serialized files now loaded: 0)
Unloading 6633 unused Assets / (7.2 MB). Loaded Objects now: 7764.
Memory consumption went from 502.8 MB to 495.6 MB.
Total: 22.017300 ms (FindLiveObjects: 1.454000 ms CreateObjectMapping: 5.155500 ms MarkObjects: 7.675400 ms  DeleteObjects: 7.728900 ms)

Prepare: number of updated asset objects reloaded= 0
========================================================================
Received Prepare
AcceleratorClientConnectionCallback - disconnected - :0
[Licensing::Client] Successfully resolved entitlement details
Begin MonoManager ReloadAssembly
You may not pass in objects that are already persistent
UnityEngine.Debug:ExtractStackTraceNoAlloc (byte*,int,string)
UnityEngine.StackTraceUtility:ExtractStackTrace ()
UnityEditorInternal.InternalEditorUtility:SaveToSerializedFileAndForgetInternal (string,UnityEngine.Object[],bool)
UnityEditorInternal.InternalEditorUtility:SaveToSerializedFileAndForget (UnityEngine.Object[],string,bool)
UnityEditor.ScriptableSingleton`1<Unity.ProjectAuditor.Editor.ProjectAuditorSettings>:Save (bool)
Unity.ProjectAuditor.Editor.ProjectAuditorSettings:Save ()
Unity.ProjectAuditor.Editor.ProjectAuditorSettings:OnDisable ()

[C:\build\output\unity\unity\Editor\Src\EditorWindowController.cpp line 140]

You may not pass in objects that are already persistent
UnityEngine.Debug:ExtractStackTraceNoAlloc (byte*,int,string)
UnityEngine.StackTraceUtility:ExtractStackTrace ()
UnityEditorInternal.InternalEditorUtility:SaveToSerializedFileAndForgetInternal (string,UnityEngine.Object[],bool)
UnityEditorInternal.InternalEditorUtility:SaveToSerializedFileAndForget (UnityEngine.Object[],string,bool)
UnityEditor.ScriptableSingleton`1<Unity.ProjectAuditor.Editor.ProjectAuditorSettings>:Save (bool)
Unity.ProjectAuditor.Editor.ProjectAuditorSettings:Save ()
Unity.ProjectAuditor.Editor.ProjectAuditorSettings:OnDisable ()

[C:\build\output\unity\unity\Editor\Src\EditorWindowController.cpp line 140]

ScriptableSingleton already exists. Did you query the singleton in a constructor?
UnityEngine.Debug:ExtractStackTraceNoAlloc (byte*,int,string)
UnityEngine.StackTraceUtility:ExtractStackTrace ()
UnityEngine.DebugLogHandler:Internal_Log (UnityEngine.LogType,UnityEngine.LogOption,string,UnityEngine.Object)
UnityEngine.DebugLogHandler:LogFormat (UnityEngine.LogType,UnityEngine.Object,string,object[])
UnityEngine.Logger:Log (UnityEngine.LogType,object)
UnityEngine.Debug:LogError (object)
UnityEditor.ScriptableSingleton`1<Unity.ProjectAuditor.Editor.ProjectAuditorSettings>:.ctor ()
Unity.ProjectAuditor.Editor.ProjectAuditorSettings:.ctor ()

Native extension for WindowsStandalone target not found
Native extension for WebGL target not found
[Package Manager] Failed to launch server process. Reason: Unity was launched with the -noUpm command-line argument
[Package Manager] Unable to send message (not connected to server process).
[Package Manager] Cannot connect to Unity Package Manager local server
[Package Manager] Failed to launch server process. Reason: Unity was launched with the -noUpm command-line argument
[Package Manager] Unable to send message (not connected to server process).
[Package Manager] Cannot connect to Unity Package Manager local server
ScheduleIndexationOnStartup MainProcess:False IndexOnStartup:True
Mono: successfully reloaded assembly
- Finished resetting the current domain, in  1.217 seconds
Domain Reload Profiling: 2352ms
	BeginReloadAssembly (388ms)
		DisableScriptedObjects (15ms)
		CreateAndSetChildDomain (101ms)
	RebuildCommonClasses (17ms)
	RebuildNativeTypeToScriptingClass (29ms)
	initialDomainReloadingComplete (94ms)
	LoadAllAssembliesAndSetupDomain (606ms)
		LoadAssemblies (554ms)
		AnalyzeDomain (30ms)
			TypeCache.Refresh (14ms)
			ResolveRequiredComponents (9ms)
	FinalizeReload (1218ms)
		SetupLoadedEditorAssemblies (0ms)
			InitializePlatformSupportModulesInManaged (4ms)
			BeforeProcessingInitializeOnLoad (142ms)
			ProcessInitializeOnLoadAttributes (441ms)
			ProcessInitializeOnLoadMethodAttributes (189ms)
			AfterProcessingInitializeOnLoad (8ms)
		AwakeInstancesAfterBackupRestoration (39ms)
Unloading 24 Unused Serialized files (Serialized files now loaded: 0)
Unloading 6633 unused Assets / (6.6 MB). Loaded Objects now: 7767.
Memory consumption went from 505.8 MB to 499.2 MB.
Total: 19.948200 ms (FindLiveObjects: 1.263000 ms CreateObjectMapping: 5.125100 ms MarkObjects: 6.982300 ms  DeleteObjects: 6.575800 ms)

Prepare: number of updated asset objects reloaded= 0
========================================================================
Received Prepare
AcceleratorClientConnectionCallback - disconnected - :0
Begin MonoManager ReloadAssembly
You may not pass in objects that are already persistent
UnityEngine.Debug:ExtractStackTraceNoAlloc (byte*,int,string)
UnityEngine.StackTraceUtility:ExtractStackTrace ()
UnityEditorInternal.InternalEditorUtility:SaveToSerializedFileAndForgetInternal (string,UnityEngine.Object[],bool)
UnityEditorInternal.InternalEditorUtility:SaveToSerializedFileAndForget (UnityEngine.Object[],string,bool)
UnityEditor.ScriptableSingleton`1<Unity.ProjectAuditor.Editor.ProjectAuditorSettings>:Save (bool)
Unity.ProjectAuditor.Editor.ProjectAuditorSettings:Save ()
Unity.ProjectAuditor.Editor.ProjectAuditorSettings:OnDisable ()

[C:\build\output\unity\unity\Editor\Src\EditorWindowController.cpp line 140]

You may not pass in objects that are already persistent
UnityEngine.Debug:ExtractStackTraceNoAlloc (byte*,int,string)
UnityEngine.StackTraceUtility:ExtractStackTrace ()
UnityEditorInternal.InternalEditorUtility:SaveToSerializedFileAndForgetInternal (string,UnityEngine.Object[],bool)
UnityEditorInternal.InternalEditorUtility:SaveToSerializedFileAndForget (UnityEngine.Object[],string,bool)
UnityEditor.ScriptableSingleton`1<Unity.ProjectAuditor.Editor.ProjectAuditorSettings>:Save (bool)
Unity.ProjectAuditor.Editor.ProjectAuditorSettings:Save ()
Unity.ProjectAuditor.Editor.ProjectAuditorSettings:OnDisable ()

[C:\build\output\unity\unity\Editor\Src\EditorWindowController.cpp line 140]

ScriptableSingleton already exists. Did you query the singleton in a constructor?
UnityEngine.Debug:ExtractStackTraceNoAlloc (byte*,int,string)
UnityEngine.StackTraceUtility:ExtractStackTrace ()
UnityEngine.DebugLogHandler:Internal_Log (UnityEngine.LogType,UnityEngine.LogOption,string,UnityEngine.Object)
UnityEngine.DebugLogHandler:LogFormat (UnityEngine.LogType,UnityEngine.Object,string,object[])
UnityEngine.Logger:Log (UnityEngine.LogType,object)
UnityEngine.Debug:LogError (object)
UnityEditor.ScriptableSingleton`1<Unity.ProjectAuditor.Editor.ProjectAuditorSettings>:.ctor ()
Unity.ProjectAuditor.Editor.ProjectAuditorSettings:.ctor ()

Native extension for WindowsStandalone target not found
Native extension for WebGL target not found
[Package Manager] Failed to launch server process. Reason: Unity was launched with the -noUpm command-line argument
[Package Manager] Unable to send message (not connected to server process).
[Package Manager] Cannot connect to Unity Package Manager local server
[Package Manager] Failed to launch server process. Reason: Unity was launched with the -noUpm command-line argument
[Package Manager] Unable to send message (not connected to server process).
[Package Manager] Cannot connect to Unity Package Manager local server
ScheduleIndexationOnStartup MainProcess:False IndexOnStartup:True
Mono: successfully reloaded assembly
- Finished resetting the current domain, in  1.220 seconds
Domain Reload Profiling: 2368ms
	BeginReloadAssembly (400ms)
		DisableScriptedObjects (17ms)
		CreateAndSetChildDomain (114ms)
	RebuildCommonClasses (18ms)
	RebuildNativeTypeToScriptingClass (29ms)
	initialDomainReloadingComplete (93ms)
	LoadAllAssembliesAndSetupDomain (605ms)
		LoadAssemblies (562ms)
		AnalyzeDomain (28ms)
			TypeCache.Refresh (13ms)
			ResolveRequiredComponents (10ms)
	FinalizeReload (1222ms)
		SetupLoadedEditorAssemblies (0ms)
			InitializePlatformSupportModulesInManaged (4ms)
			BeforeProcessingInitializeOnLoad (151ms)
			ProcessInitializeOnLoadAttributes (439ms)
			ProcessInitializeOnLoadMethodAttributes (185ms)
			AfterProcessingInitializeOnLoad (8ms)
		AwakeInstancesAfterBackupRestoration (48ms)
Refreshing native plugins compatible for Editor in 3.54 ms, found 4 plugins.
Unloading 24 Unused Serialized files (Serialized files now loaded: 0)
Unloading 6633 unused Assets / (6.4 MB). Loaded Objects now: 7770.
Memory consumption went from 508.8 MB to 502.4 MB.
Total: 20.204700 ms (FindLiveObjects: 1.268800 ms CreateObjectMapping: 5.484100 ms MarkObjects: 7.772300 ms  DeleteObjects: 5.677600 ms)

Prepare: number of updated asset objects reloaded= 0
========================================================================
Received Prepare
AcceleratorClientConnectionCallback - disconnected - :0
Unloading 24 Unused Serialized files (Serialized files now loaded: 0)
Unloading 24 unused Assets / (2.7 MB). Loaded Objects now: 7770.
Memory consumption went from 506.9 MB to 504.3 MB.
Total: 11.296700 ms (FindLiveObjects: 0.579000 ms CreateObjectMapping: 1.445000 ms MarkObjects: 8.369000 ms  DeleteObjects: 0.900900 ms)

Prepare: number of updated asset objects reloaded= 0
========================================================================
Received Prepare
AcceleratorClientConnectionCallback - disconnected - :0
Begin MonoManager ReloadAssembly
You may not pass in objects that are already persistent
UnityEngine.Debug:ExtractStackTraceNoAlloc (byte*,int,string)
UnityEngine.StackTraceUtility:ExtractStackTrace ()
UnityEditorInternal.InternalEditorUtility:SaveToSerializedFileAndForgetInternal (string,UnityEngine.Object[],bool)
UnityEditorInternal.InternalEditorUtility:SaveToSerializedFileAndForget (UnityEngine.Object[],string,bool)
UnityEditor.ScriptableSingleton`1<Unity.ProjectAuditor.Editor.ProjectAuditorSettings>:Save (bool)
Unity.ProjectAuditor.Editor.ProjectAuditorSettings:Save ()
Unity.ProjectAuditor.Editor.ProjectAuditorSettings:OnDisable ()

[C:\build\output\unity\unity\Editor\Src\EditorWindowController.cpp line 140]

You may not pass in objects that are already persistent
UnityEngine.Debug:ExtractStackTraceNoAlloc (byte*,int,string)
UnityEngine.StackTraceUtility:ExtractStackTrace ()
UnityEditorInternal.InternalEditorUtility:SaveToSerializedFileAndForgetInternal (string,UnityEngine.Object[],bool)
UnityEditorInternal.InternalEditorUtility:SaveToSerializedFileAndForget (UnityEngine.Object[],string,bool)
UnityEditor.ScriptableSingleton`1<Unity.ProjectAuditor.Editor.ProjectAuditorSettings>:Save (bool)
Unity.ProjectAuditor.Editor.ProjectAuditorSettings:Save ()
Unity.ProjectAuditor.Editor.ProjectAuditorSettings:OnDisable ()

[C:\build\output\unity\unity\Editor\Src\EditorWindowController.cpp line 140]

ScriptableSingleton already exists. Did you query the singleton in a constructor?
UnityEngine.Debug:ExtractStackTraceNoAlloc (byte*,int,string)
UnityEngine.StackTraceUtility:ExtractStackTrace ()
UnityEngine.DebugLogHandler:Internal_Log (UnityEngine.LogType,UnityEngine.LogOption,string,UnityEngine.Object)
UnityEngine.DebugLogHandler:LogFormat (UnityEngine.LogType,UnityEngine.Object,string,object[])
UnityEngine.Logger:Log (UnityEngine.LogType,object)
UnityEngine.Debug:LogError (object)
UnityEditor.ScriptableSingleton`1<Unity.ProjectAuditor.Editor.ProjectAuditorSettings>:.ctor ()
Unity.ProjectAuditor.Editor.ProjectAuditorSettings:.ctor ()

Native extension for WindowsStandalone target not found
Native extension for WebGL target not found
[Package Manager] Failed to launch server process. Reason: Unity was launched with the -noUpm command-line argument
[Package Manager] Unable to send message (not connected to server process).
[Package Manager] Cannot connect to Unity Package Manager local server
[Package Manager] Failed to launch server process. Reason: Unity was launched with the -noUpm command-line argument
[Package Manager] Unable to send message (not connected to server process).
[Package Manager] Cannot connect to Unity Package Manager local server
ScheduleIndexationOnStartup MainProcess:False IndexOnStartup:True
Mono: successfully reloaded assembly
- Finished resetting the current domain, in  1.228 seconds
Domain Reload Profiling: 2342ms
	BeginReloadAssembly (377ms)
		DisableScriptedObjects (14ms)
		CreateAndSetChildDomain (101ms)
	RebuildCommonClasses (18ms)
	RebuildNativeTypeToScriptingClass (32ms)
	initialDomainReloadingComplete (96ms)
	LoadAllAssembliesAndSetupDomain (589ms)
		LoadAssemblies (532ms)
		AnalyzeDomain (34ms)
			TypeCache.Refresh (17ms)
			ResolveRequiredComponents (10ms)
	FinalizeReload (1229ms)
		SetupLoadedEditorAssemblies (0ms)
			InitializePlatformSupportModulesInManaged (4ms)
			BeforeProcessingInitializeOnLoad (148ms)
			ProcessInitializeOnLoadAttributes (434ms)
			ProcessInitializeOnLoadMethodAttributes (191ms)
			AfterProcessingInitializeOnLoad (9ms)
		AwakeInstancesAfterBackupRestoration (46ms)
Refreshing native plugins compatible for Editor in 2.58 ms, found 4 plugins.
Unloading 24 Unused Serialized files (Serialized files now loaded: 0)
Unloading 6633 unused Assets / (6.0 MB). Loaded Objects now: 7773.
Memory consumption went from 0.50 GB to 508.7 MB.
Total: 16.719700 ms (FindLiveObjects: 0.957900 ms CreateObjectMapping: 3.495500 ms MarkObjects: 7.396300 ms  DeleteObjects: 4.867800 ms)

Prepare: number of updated asset objects reloaded= 0
========================================================================
Received Prepare
AcceleratorClientConnectionCallback - disconnected - :0
Unloading 24 Unused Serialized files (Serialized files now loaded: 0)
Unloading 24 unused Assets / (2.7 MB). Loaded Objects now: 7773.
Memory consumption went from 0.50 GB to 510.2 MB.
Total: 11.837100 ms (FindLiveObjects: 0.968100 ms CreateObjectMapping: 1.654300 ms MarkObjects: 8.189800 ms  DeleteObjects: 1.022700 ms)

Prepare: number of updated asset objects reloaded= 0
========================================================================
Received Prepare
AcceleratorClientConnectionCallback - disconnected - :0
Unloading 24 Unused Serialized files (Serialized files now loaded: 0)
Unloading 6622 unused Assets / (6.8 MB). Loaded Objects now: 7773.
Memory consumption went from 0.51 GB to 0.50 GB.
Total: 22.554900 ms (FindLiveObjects: 1.574600 ms CreateObjectMapping: 4.838900 ms MarkObjects: 9.169400 ms  DeleteObjects: 6.969000 ms)

Prepare: number of updated asset objects reloaded= 0
========================================================================
Received Prepare
AcceleratorClientConnectionCallback - disconnected - :0
[Licensing::Client] Successfully resolved entitlement details
Begin MonoManager ReloadAssembly
You may not pass in objects that are already persistent
UnityEngine.Debug:ExtractStackTraceNoAlloc (byte*,int,string)
UnityEngine.StackTraceUtility:ExtractStackTrace ()
UnityEditorInternal.InternalEditorUtility:SaveToSerializedFileAndForgetInternal (string,UnityEngine.Object[],bool)
UnityEditorInternal.InternalEditorUtility:SaveToSerializedFileAndForget (UnityEngine.Object[],string,bool)
UnityEditor.ScriptableSingleton`1<Unity.ProjectAuditor.Editor.ProjectAuditorSettings>:Save (bool)
Unity.ProjectAuditor.Editor.ProjectAuditorSettings:Save ()
Unity.ProjectAuditor.Editor.ProjectAuditorSettings:OnDisable ()

[C:\build\output\unity\unity\Editor\Src\EditorWindowController.cpp line 140]

You may not pass in objects that are already persistent
UnityEngine.Debug:ExtractStackTraceNoAlloc (byte*,int,string)
UnityEngine.StackTraceUtility:ExtractStackTrace ()
UnityEditorInternal.InternalEditorUtility:SaveToSerializedFileAndForgetInternal (string,UnityEngine.Object[],bool)
UnityEditorInternal.InternalEditorUtility:SaveToSerializedFileAndForget (UnityEngine.Object[],string,bool)
UnityEditor.ScriptableSingleton`1<Unity.ProjectAuditor.Editor.ProjectAuditorSettings>:Save (bool)
Unity.ProjectAuditor.Editor.ProjectAuditorSettings:Save ()
Unity.ProjectAuditor.Editor.ProjectAuditorSettings:OnDisable ()

[C:\build\output\unity\unity\Editor\Src\EditorWindowController.cpp line 140]

Refreshing native plugins compatible for Editor in 2.61 ms, found 4 plugins.
ScriptableSingleton already exists. Did you query the singleton in a constructor?
UnityEngine.Debug:ExtractStackTraceNoAlloc (byte*,int,string)
UnityEngine.StackTraceUtility:ExtractStackTrace ()
UnityEngine.DebugLogHandler:Internal_Log (UnityEngine.LogType,UnityEngine.LogOption,string,UnityEngine.Object)
UnityEngine.DebugLogHandler:LogFormat (UnityEngine.LogType,UnityEngine.Object,string,object[])
UnityEngine.Logger:Log (UnityEngine.LogType,object)
UnityEngine.Debug:LogError (object)
UnityEditor.ScriptableSingleton`1<Unity.ProjectAuditor.Editor.ProjectAuditorSettings>:.ctor ()
Unity.ProjectAuditor.Editor.ProjectAuditorSettings:.ctor ()

Native extension for WindowsStandalone target not found
Native extension for WebGL target not found
[Package Manager] Failed to launch server process. Reason: Unity was launched with the -noUpm command-line argument
[Package Manager] Unable to send message (not connected to server process).
[Package Manager] Cannot connect to Unity Package Manager local server
[Package Manager] Failed to launch server process. Reason: Unity was launched with the -noUpm command-line argument
[Package Manager] Unable to send message (not connected to server process).
[Package Manager] Cannot connect to Unity Package Manager local server
ScheduleIndexationOnStartup MainProcess:False IndexOnStartup:True
Mono: successfully reloaded assembly
- Finished resetting the current domain, in  1.306 seconds
Domain Reload Profiling: 2870ms
	BeginReloadAssembly (413ms)
		DisableScriptedObjects (18ms)
		CreateAndSetChildDomain (121ms)
	RebuildCommonClasses (16ms)
	RebuildNativeTypeToScriptingClass (24ms)
	initialDomainReloadingComplete (100ms)
	LoadAllAssembliesAndSetupDomain (1009ms)
		LoadAssemblies (586ms)
		AnalyzeDomain (391ms)
			TypeCache.Refresh (26ms)
			BuildScriptInfoCaches (352ms)
			ResolveRequiredComponents (10ms)
	FinalizeReload (1308ms)
		SetupLoadedEditorAssemblies (0ms)
			InitializePlatformSupportModulesInManaged (4ms)
			BeforeProcessingInitializeOnLoad (149ms)
			ProcessInitializeOnLoadAttributes (472ms)
			ProcessInitializeOnLoadMethodAttributes (200ms)
			AfterProcessingInitializeOnLoad (10ms)
		AwakeInstancesAfterBackupRestoration (50ms)
Unloading 24 Unused Serialized files (Serialized files now loaded: 0)
Unloading 6633 unused Assets / (6.9 MB). Loaded Objects now: 7776.
Memory consumption went from 0.52 GB to 0.52 GB.
Total: 20.043500 ms (FindLiveObjects: 1.290600 ms CreateObjectMapping: 3.774800 ms MarkObjects: 7.853200 ms  DeleteObjects: 7.122000 ms)

Prepare: number of updated asset objects reloaded= 0
========================================================================
Received Prepare
AcceleratorClientConnectionCallback - disconnected - :0
[Licensing::Client] Successfully resolved entitlement details
Begin MonoManager ReloadAssembly
You may not pass in objects that are already persistent
UnityEngine.Debug:ExtractStackTraceNoAlloc (byte*,int,string)
UnityEngine.StackTraceUtility:ExtractStackTrace ()
UnityEditorInternal.InternalEditorUtility:SaveToSerializedFileAndForgetInternal (string,UnityEngine.Object[],bool)
UnityEditorInternal.InternalEditorUtility:SaveToSerializedFileAndForget (UnityEngine.Object[],string,bool)
UnityEditor.ScriptableSingleton`1<Unity.ProjectAuditor.Editor.ProjectAuditorSettings>:Save (bool)
Unity.ProjectAuditor.Editor.ProjectAuditorSettings:Save ()
Unity.ProjectAuditor.Editor.ProjectAuditorSettings:OnDisable ()

[C:\build\output\unity\unity\Editor\Src\EditorWindowController.cpp line 140]

You may not pass in objects that are already persistent
UnityEngine.Debug:ExtractStackTraceNoAlloc (byte*,int,string)
UnityEngine.StackTraceUtility:ExtractStackTrace ()
UnityEditorInternal.InternalEditorUtility:SaveToSerializedFileAndForgetInternal (string,UnityEngine.Object[],bool)
UnityEditorInternal.InternalEditorUtility:SaveToSerializedFileAndForget (UnityEngine.Object[],string,bool)
UnityEditor.ScriptableSingleton`1<Unity.ProjectAuditor.Editor.ProjectAuditorSettings>:Save (bool)
Unity.ProjectAuditor.Editor.ProjectAuditorSettings:Save ()
Unity.ProjectAuditor.Editor.ProjectAuditorSettings:OnDisable ()

[C:\build\output\unity\unity\Editor\Src\EditorWindowController.cpp line 140]

ScriptableSingleton already exists. Did you query the singleton in a constructor?
UnityEngine.Debug:ExtractStackTraceNoAlloc (byte*,int,string)
UnityEngine.StackTraceUtility:ExtractStackTrace ()
UnityEngine.DebugLogHandler:Internal_Log (UnityEngine.LogType,UnityEngine.LogOption,string,UnityEngine.Object)
UnityEngine.DebugLogHandler:LogFormat (UnityEngine.LogType,UnityEngine.Object,string,object[])
UnityEngine.Logger:Log (UnityEngine.LogType,object)
UnityEngine.Debug:LogError (object)
UnityEditor.ScriptableSingleton`1<Unity.ProjectAuditor.Editor.ProjectAuditorSettings>:.ctor ()
Unity.ProjectAuditor.Editor.ProjectAuditorSettings:.ctor ()

Native extension for WindowsStandalone target not found
Native extension for WebGL target not found
[Package Manager] Failed to launch server process. Reason: Unity was launched with the -noUpm command-line argument
[Package Manager] Unable to send message (not connected to server process).
[Package Manager] Cannot connect to Unity Package Manager local server
[Package Manager] Failed to launch server process. Reason: Unity was launched with the -noUpm command-line argument
[Package Manager] Unable to send message (not connected to server process).
[Package Manager] Cannot connect to Unity Package Manager local server
ScheduleIndexationOnStartup MainProcess:False IndexOnStartup:True
Mono: successfully reloaded assembly
- Finished resetting the current domain, in  1.286 seconds
Domain Reload Profiling: 2472ms
	BeginReloadAssembly (418ms)
		DisableScriptedObjects (16ms)
		CreateAndSetChildDomain (119ms)
	RebuildCommonClasses (19ms)
	RebuildNativeTypeToScriptingClass (29ms)
	initialDomainReloadingComplete (92ms)
	LoadAllAssembliesAndSetupDomain (627ms)
		LoadAssemblies (576ms)
		AnalyzeDomain (34ms)
			TypeCache.Refresh (16ms)
			ResolveRequiredComponents (10ms)
	FinalizeReload (1288ms)
		SetupLoadedEditorAssemblies (0ms)
			InitializePlatformSupportModulesInManaged (4ms)
			BeforeProcessingInitializeOnLoad (152ms)
			ProcessInitializeOnLoadAttributes (457ms)
			ProcessInitializeOnLoadMethodAttributes (198ms)
			AfterProcessingInitializeOnLoad (8ms)
		AwakeInstancesAfterBackupRestoration (46ms)
Refreshing native plugins compatible for Editor in 2.38 ms, found 4 plugins.
Unloading 24 Unused Serialized files (Serialized files now loaded: 0)
Unloading 6633 unused Assets / (6.8 MB). Loaded Objects now: 7779.
Memory consumption went from 0.52 GB to 0.51 GB.
Total: 20.311700 ms (FindLiveObjects: 1.171000 ms CreateObjectMapping: 4.767500 ms MarkObjects: 7.908500 ms  DeleteObjects: 6.461900 ms)

Prepare: number of updated asset objects reloaded= 0
========================================================================
Received Prepare
AcceleratorClientConnectionCallback - disconnected - :0
Begin MonoManager ReloadAssembly
You may not pass in objects that are already persistent
UnityEngine.Debug:ExtractStackTraceNoAlloc (byte*,int,string)
UnityEngine.StackTraceUtility:ExtractStackTrace ()
UnityEditorInternal.InternalEditorUtility:SaveToSerializedFileAndForgetInternal (string,UnityEngine.Object[],bool)
UnityEditorInternal.InternalEditorUtility:SaveToSerializedFileAndForget (UnityEngine.Object[],string,bool)
UnityEditor.ScriptableSingleton`1<Unity.ProjectAuditor.Editor.ProjectAuditorSettings>:Save (bool)
Unity.ProjectAuditor.Editor.ProjectAuditorSettings:Save ()
Unity.ProjectAuditor.Editor.ProjectAuditorSettings:OnDisable ()

[C:\build\output\unity\unity\Editor\Src\EditorWindowController.cpp line 140]

You may not pass in objects that are already persistent
UnityEngine.Debug:ExtractStackTraceNoAlloc (byte*,int,string)
UnityEngine.StackTraceUtility:ExtractStackTrace ()
UnityEditorInternal.InternalEditorUtility:SaveToSerializedFileAndForgetInternal (string,UnityEngine.Object[],bool)
UnityEditorInternal.InternalEditorUtility:SaveToSerializedFileAndForget (UnityEngine.Object[],string,bool)
UnityEditor.ScriptableSingleton`1<Unity.ProjectAuditor.Editor.ProjectAuditorSettings>:Save (bool)
Unity.ProjectAuditor.Editor.ProjectAuditorSettings:Save ()
Unity.ProjectAuditor.Editor.ProjectAuditorSettings:OnDisable ()

[C:\build\output\unity\unity\Editor\Src\EditorWindowController.cpp line 140]

ScriptableSingleton already exists. Did you query the singleton in a constructor?
UnityEngine.Debug:ExtractStackTraceNoAlloc (byte*,int,string)
UnityEngine.StackTraceUtility:ExtractStackTrace ()
UnityEngine.DebugLogHandler:Internal_Log (UnityEngine.LogType,UnityEngine.LogOption,string,UnityEngine.Object)
UnityEngine.DebugLogHandler:LogFormat (UnityEngine.LogType,UnityEngine.Object,string,object[])
UnityEngine.Logger:Log (UnityEngine.LogType,object)
UnityEngine.Debug:LogError (object)
UnityEditor.ScriptableSingleton`1<Unity.ProjectAuditor.Editor.ProjectAuditorSettings>:.ctor ()
Unity.ProjectAuditor.Editor.ProjectAuditorSettings:.ctor ()

Native extension for WindowsStandalone target not found
Native extension for WebGL target not found
[Package Manager] Failed to launch server process. Reason: Unity was launched with the -noUpm command-line argument
[Package Manager] Unable to send message (not connected to server process).
[Package Manager] Cannot connect to Unity Package Manager local server
[Package Manager] Failed to launch server process. Reason: Unity was launched with the -noUpm command-line argument
[Package Manager] Unable to send message (not connected to server process).
[Package Manager] Cannot connect to Unity Package Manager local server
ScheduleIndexationOnStartup MainProcess:False IndexOnStartup:True
Mono: successfully reloaded assembly
- Finished resetting the current domain, in  1.241 seconds
Domain Reload Profiling: 2382ms
	BeginReloadAssembly (411ms)
		DisableScriptedObjects (15ms)
		CreateAndSetChildDomain (113ms)
	RebuildCommonClasses (20ms)
	RebuildNativeTypeToScriptingClass (20ms)
	initialDomainReloadingComplete (87ms)
	LoadAllAssembliesAndSetupDomain (601ms)
		LoadAssemblies (561ms)
		AnalyzeDomain (31ms)
			TypeCache.Refresh (16ms)
			ResolveRequiredComponents (7ms)
	FinalizeReload (1243ms)
		SetupLoadedEditorAssemblies (0ms)
			InitializePlatformSupportModulesInManaged (4ms)
			BeforeProcessingInitializeOnLoad (151ms)
			ProcessInitializeOnLoadAttributes (450ms)
			ProcessInitializeOnLoadMethodAttributes (193ms)
			AfterProcessingInitializeOnLoad (8ms)
		AwakeInstancesAfterBackupRestoration (45ms)
Refreshing native plugins compatible for Editor in 2.32 ms, found 4 plugins.
Unloading 24 Unused Serialized files (Serialized files now loaded: 0)
Unloading 6633 unused Assets / (6.2 MB). Loaded Objects now: 7782.
Memory consumption went from 0.52 GB to 0.52 GB.
Total: 21.187100 ms (FindLiveObjects: 1.138300 ms CreateObjectMapping: 5.259200 ms MarkObjects: 8.551800 ms  DeleteObjects: 6.235000 ms)

Prepare: number of updated asset objects reloaded= 0
========================================================================
Received Prepare
AcceleratorClientConnectionCallback - disconnected - :0
Begin MonoManager ReloadAssembly
You may not pass in objects that are already persistent
UnityEngine.Debug:ExtractStackTraceNoAlloc (byte*,int,string)
UnityEngine.StackTraceUtility:ExtractStackTrace ()
UnityEditorInternal.InternalEditorUtility:SaveToSerializedFileAndForgetInternal (string,UnityEngine.Object[],bool)
UnityEditorInternal.InternalEditorUtility:SaveToSerializedFileAndForget (UnityEngine.Object[],string,bool)
UnityEditor.ScriptableSingleton`1<Unity.ProjectAuditor.Editor.ProjectAuditorSettings>:Save (bool)
Unity.ProjectAuditor.Editor.ProjectAuditorSettings:Save ()
Unity.ProjectAuditor.Editor.ProjectAuditorSettings:OnDisable ()

[C:\build\output\unity\unity\Editor\Src\EditorWindowController.cpp line 140]

You may not pass in objects that are already persistent
UnityEngine.Debug:ExtractStackTraceNoAlloc (byte*,int,string)
UnityEngine.StackTraceUtility:ExtractStackTrace ()
UnityEditorInternal.InternalEditorUtility:SaveToSerializedFileAndForgetInternal (string,UnityEngine.Object[],bool)
UnityEditorInternal.InternalEditorUtility:SaveToSerializedFileAndForget (UnityEngine.Object[],string,bool)
UnityEditor.ScriptableSingleton`1<Unity.ProjectAuditor.Editor.ProjectAuditorSettings>:Save (bool)
Unity.ProjectAuditor.Editor.ProjectAuditorSettings:Save ()
Unity.ProjectAuditor.Editor.ProjectAuditorSettings:OnDisable ()

[C:\build\output\unity\unity\Editor\Src\EditorWindowController.cpp line 140]

ScriptableSingleton already exists. Did you query the singleton in a constructor?
UnityEngine.Debug:ExtractStackTraceNoAlloc (byte*,int,string)
UnityEngine.StackTraceUtility:ExtractStackTrace ()
UnityEngine.DebugLogHandler:Internal_Log (UnityEngine.LogType,UnityEngine.LogOption,string,UnityEngine.Object)
UnityEngine.DebugLogHandler:LogFormat (UnityEngine.LogType,UnityEngine.Object,string,object[])
UnityEngine.Logger:Log (UnityEngine.LogType,object)
UnityEngine.Debug:LogError (object)
UnityEditor.ScriptableSingleton`1<Unity.ProjectAuditor.Editor.ProjectAuditorSettings>:.ctor ()
Unity.ProjectAuditor.Editor.ProjectAuditorSettings:.ctor ()

Native extension for WindowsStandalone target not found
Native extension for WebGL target not found
[Package Manager] Failed to launch server process. Reason: Unity was launched with the -noUpm command-line argument
[Package Manager] Unable to send message (not connected to server process).
[Package Manager] Cannot connect to Unity Package Manager local server
[Package Manager] Failed to launch server process. Reason: Unity was launched with the -noUpm command-line argument
[Package Manager] Unable to send message (not connected to server process).
[Package Manager] Cannot connect to Unity Package Manager local server
ScheduleIndexationOnStartup MainProcess:False IndexOnStartup:True
Mono: successfully reloaded assembly
- Finished resetting the current domain, in  1.380 seconds
Domain Reload Profiling: 2588ms
	BeginReloadAssembly (416ms)
		DisableScriptedObjects (14ms)
		CreateAndSetChildDomain (114ms)
	RebuildCommonClasses (23ms)
	RebuildNativeTypeToScriptingClass (32ms)
	initialDomainReloadingComplete (97ms)
	LoadAllAssembliesAndSetupDomain (637ms)
		LoadAssemblies (566ms)
		AnalyzeDomain (36ms)
			TypeCache.Refresh (17ms)
			ResolveRequiredComponents (11ms)
	FinalizeReload (1382ms)
		SetupLoadedEditorAssemblies (0ms)
			InitializePlatformSupportModulesInManaged (4ms)
			BeforeProcessingInitializeOnLoad (160ms)
			ProcessInitializeOnLoadAttributes (501ms)
			ProcessInitializeOnLoadMethodAttributes (197ms)
			AfterProcessingInitializeOnLoad (10ms)
		AwakeInstancesAfterBackupRestoration (45ms)
Refreshing native plugins compatible for Editor in 2.47 ms, found 4 plugins.
Unloading 24 Unused Serialized files (Serialized files now loaded: 0)
Unloading 6633 unused Assets / (6.6 MB). Loaded Objects now: 7785.
Memory consumption went from 0.53 GB to 0.52 GB.
Total: 17.943200 ms (FindLiveObjects: 1.132200 ms CreateObjectMapping: 4.282100 ms MarkObjects: 5.961100 ms  DeleteObjects: 6.565200 ms)

Prepare: number of updated asset objects reloaded= 0
========================================================================
Received Prepare
AcceleratorClientConnectionCallback - disconnected - :0
Refreshing native plugins compatible for Editor in 2.18 ms, found 4 plugins.
Unloading 24 Unused Serialized files (Serialized files now loaded: 0)
Unloading 6622 unused Assets / (6.3 MB). Loaded Objects now: 7785.
Memory consumption went from 0.53 GB to 0.52 GB.
Total: 19.858000 ms (FindLiveObjects: 1.315800 ms CreateObjectMapping: 4.658100 ms MarkObjects: 7.977700 ms  DeleteObjects: 5.902400 ms)

Prepare: number of updated asset objects reloaded= 0
========================================================================
Received Prepare
AcceleratorClientConnectionCallback - disconnected - :0
[Licensing::Client] Successfully resolved entitlement details
Begin MonoManager ReloadAssembly
You may not pass in objects that are already persistent
UnityEngine.Debug:ExtractStackTraceNoAlloc (byte*,int,string)
UnityEngine.StackTraceUtility:ExtractStackTrace ()
UnityEditorInternal.InternalEditorUtility:SaveToSerializedFileAndForgetInternal (string,UnityEngine.Object[],bool)
UnityEditorInternal.InternalEditorUtility:SaveToSerializedFileAndForget (UnityEngine.Object[],string,bool)
UnityEditor.ScriptableSingleton`1<Unity.ProjectAuditor.Editor.ProjectAuditorSettings>:Save (bool)
Unity.ProjectAuditor.Editor.ProjectAuditorSettings:Save ()
Unity.ProjectAuditor.Editor.ProjectAuditorSettings:OnDisable ()

[C:\build\output\unity\unity\Editor\Src\EditorWindowController.cpp line 140]

You may not pass in objects that are already persistent
UnityEngine.Debug:ExtractStackTraceNoAlloc (byte*,int,string)
UnityEngine.StackTraceUtility:ExtractStackTrace ()
UnityEditorInternal.InternalEditorUtility:SaveToSerializedFileAndForgetInternal (string,UnityEngine.Object[],bool)
UnityEditorInternal.InternalEditorUtility:SaveToSerializedFileAndForget (UnityEngine.Object[],string,bool)
UnityEditor.ScriptableSingleton`1<Unity.ProjectAuditor.Editor.ProjectAuditorSettings>:Save (bool)
Unity.ProjectAuditor.Editor.ProjectAuditorSettings:Save ()
Unity.ProjectAuditor.Editor.ProjectAuditorSettings:OnDisable ()

[C:\build\output\unity\unity\Editor\Src\EditorWindowController.cpp line 140]

ScriptableSingleton already exists. Did you query the singleton in a constructor?
UnityEngine.Debug:ExtractStackTraceNoAlloc (byte*,int,string)
UnityEngine.StackTraceUtility:ExtractStackTrace ()
UnityEngine.DebugLogHandler:Internal_Log (UnityEngine.LogType,UnityEngine.LogOption,string,UnityEngine.Object)
UnityEngine.DebugLogHandler:LogFormat (UnityEngine.LogType,UnityEngine.Object,string,object[])
UnityEngine.Logger:Log (UnityEngine.LogType,object)
UnityEngine.Debug:LogError (object)
UnityEditor.ScriptableSingleton`1<Unity.ProjectAuditor.Editor.ProjectAuditorSettings>:.ctor ()
Unity.ProjectAuditor.Editor.ProjectAuditorSettings:.ctor ()

Native extension for WindowsStandalone target not found
Native extension for WebGL target not found
[Package Manager] Failed to launch server process. Reason: Unity was launched with the -noUpm command-line argument
[Package Manager] Unable to send message (not connected to server process).
[Package Manager] Cannot connect to Unity Package Manager local server
[Package Manager] Failed to launch server process. Reason: Unity was launched with the -noUpm command-line argument
[Package Manager] Unable to send message (not connected to server process).
[Package Manager] Cannot connect to Unity Package Manager local server
ScheduleIndexationOnStartup MainProcess:False IndexOnStartup:True
Mono: successfully reloaded assembly
- Finished resetting the current domain, in  1.286 seconds
Domain Reload Profiling: 2870ms
	BeginReloadAssembly (438ms)
		DisableScriptedObjects (17ms)
		CreateAndSetChildDomain (126ms)
	RebuildCommonClasses (21ms)
	RebuildNativeTypeToScriptingClass (33ms)
	initialDomainReloadingComplete (103ms)
	LoadAllAssembliesAndSetupDomain (988ms)
		LoadAssemblies (607ms)
		AnalyzeDomain (371ms)
			TypeCache.Refresh (20ms)
			BuildScriptInfoCaches (338ms)
			ResolveRequiredComponents (9ms)
	FinalizeReload (1288ms)
		SetupLoadedEditorAssemblies (0ms)
			InitializePlatformSupportModulesInManaged (3ms)
			BeforeProcessingInitializeOnLoad (154ms)
			ProcessInitializeOnLoadAttributes (445ms)
			ProcessInitializeOnLoadMethodAttributes (193ms)
			AfterProcessingInitializeOnLoad (10ms)
		AwakeInstancesAfterBackupRestoration (43ms)
Refreshing native plugins compatible for Editor in 3.20 ms, found 4 plugins.
Unloading 24 Unused Serialized files (Serialized files now loaded: 0)
Unloading 6633 unused Assets / (7.1 MB). Loaded Objects now: 7788.
Memory consumption went from 0.54 GB to 0.54 GB.
Total: 21.359500 ms (FindLiveObjects: 0.901100 ms CreateObjectMapping: 3.829300 ms MarkObjects: 7.844400 ms  DeleteObjects: 8.781500 ms)

Prepare: number of updated asset objects reloaded= 0
========================================================================
Received Prepare
AcceleratorClientConnectionCallback - disconnected - :0
Begin MonoManager ReloadAssembly
You may not pass in objects that are already persistent
UnityEngine.Debug:ExtractStackTraceNoAlloc (byte*,int,string)
UnityEngine.StackTraceUtility:ExtractStackTrace ()
UnityEditorInternal.InternalEditorUtility:SaveToSerializedFileAndForgetInternal (string,UnityEngine.Object[],bool)
UnityEditorInternal.InternalEditorUtility:SaveToSerializedFileAndForget (UnityEngine.Object[],string,bool)
UnityEditor.ScriptableSingleton`1<Unity.ProjectAuditor.Editor.ProjectAuditorSettings>:Save (bool)
Unity.ProjectAuditor.Editor.ProjectAuditorSettings:Save ()
Unity.ProjectAuditor.Editor.ProjectAuditorSettings:OnDisable ()

[C:\build\output\unity\unity\Editor\Src\EditorWindowController.cpp line 140]

You may not pass in objects that are already persistent
UnityEngine.Debug:ExtractStackTraceNoAlloc (byte*,int,string)
UnityEngine.StackTraceUtility:ExtractStackTrace ()
UnityEditorInternal.InternalEditorUtility:SaveToSerializedFileAndForgetInternal (string,UnityEngine.Object[],bool)
UnityEditorInternal.InternalEditorUtility:SaveToSerializedFileAndForget (UnityEngine.Object[],string,bool)
UnityEditor.ScriptableSingleton`1<Unity.ProjectAuditor.Editor.ProjectAuditorSettings>:Save (bool)
Unity.ProjectAuditor.Editor.ProjectAuditorSettings:Save ()
Unity.ProjectAuditor.Editor.ProjectAuditorSettings:OnDisable ()

[C:\build\output\unity\unity\Editor\Src\EditorWindowController.cpp line 140]

ScriptableSingleton already exists. Did you query the singleton in a constructor?
UnityEngine.Debug:ExtractStackTraceNoAlloc (byte*,int,string)
UnityEngine.StackTraceUtility:ExtractStackTrace ()
UnityEngine.DebugLogHandler:Internal_Log (UnityEngine.LogType,UnityEngine.LogOption,string,UnityEngine.Object)
UnityEngine.DebugLogHandler:LogFormat (UnityEngine.LogType,UnityEngine.Object,string,object[])
UnityEngine.Logger:Log (UnityEngine.LogType,object)
UnityEngine.Debug:LogError (object)
UnityEditor.ScriptableSingleton`1<Unity.ProjectAuditor.Editor.ProjectAuditorSettings>:.ctor ()
Unity.ProjectAuditor.Editor.ProjectAuditorSettings:.ctor ()

Native extension for WindowsStandalone target not found
Native extension for WebGL target not found
[Package Manager] Failed to launch server process. Reason: Unity was launched with the -noUpm command-line argument
[Package Manager] Unable to send message (not connected to server process).
[Package Manager] Cannot connect to Unity Package Manager local server
[Package Manager] Failed to launch server process. Reason: Unity was launched with the -noUpm command-line argument
[Package Manager] Unable to send message (not connected to server process).
[Package Manager] Cannot connect to Unity Package Manager local server
ScheduleIndexationOnStartup MainProcess:False IndexOnStartup:True
Mono: successfully reloaded assembly
- Finished resetting the current domain, in  1.255 seconds
Domain Reload Profiling: 2408ms
	BeginReloadAssembly (403ms)
		DisableScriptedObjects (14ms)
		CreateAndSetChildDomain (125ms)
	RebuildCommonClasses (23ms)
	RebuildNativeTypeToScriptingClass (21ms)
	initialDomainReloadingComplete (103ms)
	LoadAllAssembliesAndSetupDomain (602ms)
		LoadAssemblies (546ms)
		AnalyzeDomain (31ms)
			TypeCache.Refresh (15ms)
			ResolveRequiredComponents (9ms)
	FinalizeReload (1257ms)
		SetupLoadedEditorAssemblies (0ms)
			InitializePlatformSupportModulesInManaged (4ms)
			BeforeProcessingInitializeOnLoad (153ms)
			ProcessInitializeOnLoadAttributes (442ms)
			ProcessInitializeOnLoadMethodAttributes (199ms)
			AfterProcessingInitializeOnLoad (8ms)
		AwakeInstancesAfterBackupRestoration (47ms)
Unloading 24 Unused Serialized files (Serialized files now loaded: 0)
Unloading 6633 unused Assets / (6.5 MB). Loaded Objects now: 7791.
Memory consumption went from 0.54 GB to 0.54 GB.
Total: 18.609900 ms (FindLiveObjects: 1.085400 ms CreateObjectMapping: 4.592700 ms MarkObjects: 6.702300 ms  DeleteObjects: 6.227600 ms)

Prepare: number of updated asset objects reloaded= 0
========================================================================
Received Prepare
AcceleratorClientConnectionCallback - disconnected - :0
Unloading 24 Unused Serialized files (Serialized files now loaded: 0)
Unloading 6622 unused Assets / (8.3 MB). Loaded Objects now: 7791.
Memory consumption went from 0.55 GB to 0.54 GB.
Total: 20.248100 ms (FindLiveObjects: 1.041200 ms CreateObjectMapping: 4.138500 ms MarkObjects: 6.838000 ms  DeleteObjects: 8.227700 ms)

Prepare: number of updated asset objects reloaded= 0
========================================================================
Received Prepare
AcceleratorClientConnectionCallback - disconnected - :0
[Licensing::Client] Successfully resolved entitlement details
Begin MonoManager ReloadAssembly
You may not pass in objects that are already persistent
UnityEngine.Debug:ExtractStackTraceNoAlloc (byte*,int,string)
UnityEngine.StackTraceUtility:ExtractStackTrace ()
UnityEditorInternal.InternalEditorUtility:SaveToSerializedFileAndForgetInternal (string,UnityEngine.Object[],bool)
UnityEditorInternal.InternalEditorUtility:SaveToSerializedFileAndForget (UnityEngine.Object[],string,bool)
UnityEditor.ScriptableSingleton`1<Unity.ProjectAuditor.Editor.ProjectAuditorSettings>:Save (bool)
Unity.ProjectAuditor.Editor.ProjectAuditorSettings:Save ()
Unity.ProjectAuditor.Editor.ProjectAuditorSettings:OnDisable ()

[C:\build\output\unity\unity\Editor\Src\EditorWindowController.cpp line 140]

You may not pass in objects that are already persistent
UnityEngine.Debug:ExtractStackTraceNoAlloc (byte*,int,string)
UnityEngine.StackTraceUtility:ExtractStackTrace ()
UnityEditorInternal.InternalEditorUtility:SaveToSerializedFileAndForgetInternal (string,UnityEngine.Object[],bool)
UnityEditorInternal.InternalEditorUtility:SaveToSerializedFileAndForget (UnityEngine.Object[],string,bool)
UnityEditor.ScriptableSingleton`1<Unity.ProjectAuditor.Editor.ProjectAuditorSettings>:Save (bool)
Unity.ProjectAuditor.Editor.ProjectAuditorSettings:Save ()
Unity.ProjectAuditor.Editor.ProjectAuditorSettings:OnDisable ()

[C:\build\output\unity\unity\Editor\Src\EditorWindowController.cpp line 140]

Refreshing native plugins compatible for Editor in 2.30 ms, found 4 plugins.
ScriptableSingleton already exists. Did you query the singleton in a constructor?
UnityEngine.Debug:ExtractStackTraceNoAlloc (byte*,int,string)
UnityEngine.StackTraceUtility:ExtractStackTrace ()
UnityEngine.DebugLogHandler:Internal_Log (UnityEngine.LogType,UnityEngine.LogOption,string,UnityEngine.Object)
UnityEngine.DebugLogHandler:LogFormat (UnityEngine.LogType,UnityEngine.Object,string,object[])
UnityEngine.Logger:Log (UnityEngine.LogType,object)
UnityEngine.Debug:LogError (object)
UnityEditor.ScriptableSingleton`1<Unity.ProjectAuditor.Editor.ProjectAuditorSettings>:.ctor ()
Unity.ProjectAuditor.Editor.ProjectAuditorSettings:.ctor ()

Native extension for WindowsStandalone target not found
Native extension for WebGL target not found
[Package Manager] Failed to launch server process. Reason: Unity was launched with the -noUpm command-line argument
[Package Manager] Unable to send message (not connected to server process).
[Package Manager] Cannot connect to Unity Package Manager local server
[Package Manager] Failed to launch server process. Reason: Unity was launched with the -noUpm command-line argument
[Package Manager] Unable to send message (not connected to server process).
[Package Manager] Cannot connect to Unity Package Manager local server
ScheduleIndexationOnStartup MainProcess:False IndexOnStartup:True
Mono: successfully reloaded assembly
- Finished resetting the current domain, in  1.283 seconds
Domain Reload Profiling: 2796ms
	BeginReloadAssembly (416ms)
		DisableScriptedObjects (16ms)
		CreateAndSetChildDomain (120ms)
	RebuildCommonClasses (22ms)
	RebuildNativeTypeToScriptingClass (29ms)
	initialDomainReloadingComplete (94ms)
	LoadAllAssembliesAndSetupDomain (950ms)
		LoadAssemblies (567ms)
		AnalyzeDomain (362ms)
			TypeCache.Refresh (21ms)
			BuildScriptInfoCaches (328ms)
			ResolveRequiredComponents (9ms)
	FinalizeReload (1285ms)
		SetupLoadedEditorAssemblies (0ms)
			InitializePlatformSupportModulesInManaged (4ms)
			BeforeProcessingInitializeOnLoad (161ms)
			ProcessInitializeOnLoadAttributes (441ms)
			ProcessInitializeOnLoadMethodAttributes (193ms)
			AfterProcessingInitializeOnLoad (12ms)
		AwakeInstancesAfterBackupRestoration (46ms)
Refreshing native plugins compatible for Editor in 2.34 ms, found 4 plugins.
Unloading 24 Unused Serialized files (Serialized files now loaded: 0)
Unloading 6633 unused Assets / (6.3 MB). Loaded Objects now: 7794.
Memory consumption went from 0.56 GB to 0.55 GB.
Total: 20.436100 ms (FindLiveObjects: 1.157100 ms CreateObjectMapping: 4.481500 ms MarkObjects: 8.634900 ms  DeleteObjects: 6.159400 ms)

Prepare: number of updated asset objects reloaded= 0
========================================================================
Received Prepare
AcceleratorClientConnectionCallback - disconnected - :0
Begin MonoManager ReloadAssembly
You may not pass in objects that are already persistent
UnityEngine.Debug:ExtractStackTraceNoAlloc (byte*,int,string)
UnityEngine.StackTraceUtility:ExtractStackTrace ()
UnityEditorInternal.InternalEditorUtility:SaveToSerializedFileAndForgetInternal (string,UnityEngine.Object[],bool)
UnityEditorInternal.InternalEditorUtility:SaveToSerializedFileAndForget (UnityEngine.Object[],string,bool)
UnityEditor.ScriptableSingleton`1<Unity.ProjectAuditor.Editor.ProjectAuditorSettings>:Save (bool)
Unity.ProjectAuditor.Editor.ProjectAuditorSettings:Save ()
Unity.ProjectAuditor.Editor.ProjectAuditorSettings:OnDisable ()

[C:\build\output\unity\unity\Editor\Src\EditorWindowController.cpp line 140]

You may not pass in objects that are already persistent
UnityEngine.Debug:ExtractStackTraceNoAlloc (byte*,int,string)
UnityEngine.StackTraceUtility:ExtractStackTrace ()
UnityEditorInternal.InternalEditorUtility:SaveToSerializedFileAndForgetInternal (string,UnityEngine.Object[],bool)
UnityEditorInternal.InternalEditorUtility:SaveToSerializedFileAndForget (UnityEngine.Object[],string,bool)
UnityEditor.ScriptableSingleton`1<Unity.ProjectAuditor.Editor.ProjectAuditorSettings>:Save (bool)
Unity.ProjectAuditor.Editor.ProjectAuditorSettings:Save ()
Unity.ProjectAuditor.Editor.ProjectAuditorSettings:OnDisable ()

[C:\build\output\unity\unity\Editor\Src\EditorWindowController.cpp line 140]

Refreshing native plugins compatible for Editor in 2.49 ms, found 4 plugins.
ScriptableSingleton already exists. Did you query the singleton in a constructor?
UnityEngine.Debug:ExtractStackTraceNoAlloc (byte*,int,string)
UnityEngine.StackTraceUtility:ExtractStackTrace ()
UnityEngine.DebugLogHandler:Internal_Log (UnityEngine.LogType,UnityEngine.LogOption,string,UnityEngine.Object)
UnityEngine.DebugLogHandler:LogFormat (UnityEngine.LogType,UnityEngine.Object,string,object[])
UnityEngine.Logger:Log (UnityEngine.LogType,object)
UnityEngine.Debug:LogError (object)
UnityEditor.ScriptableSingleton`1<Unity.ProjectAuditor.Editor.ProjectAuditorSettings>:.ctor ()
Unity.ProjectAuditor.Editor.ProjectAuditorSettings:.ctor ()

Native extension for WindowsStandalone target not found
Native extension for WebGL target not found
[Package Manager] Failed to launch server process. Reason: Unity was launched with the -noUpm command-line argument
[Package Manager] Unable to send message (not connected to server process).
[Package Manager] Cannot connect to Unity Package Manager local server
[Package Manager] Failed to launch server process. Reason: Unity was launched with the -noUpm command-line argument
[Package Manager] Unable to send message (not connected to server process).
[Package Manager] Cannot connect to Unity Package Manager local server
ScheduleIndexationOnStartup MainProcess:False IndexOnStartup:True
Mono: successfully reloaded assembly
- Finished resetting the current domain, in  1.312 seconds
Domain Reload Profiling: 2505ms
	BeginReloadAssembly (426ms)
		DisableScriptedObjects (15ms)
		CreateAndSetChildDomain (131ms)
	RebuildCommonClasses (20ms)
	RebuildNativeTypeToScriptingClass (33ms)
	initialDomainReloadingComplete (96ms)
	LoadAllAssembliesAndSetupDomain (618ms)
		LoadAssemblies (567ms)
		AnalyzeDomain (29ms)
			TypeCache.Refresh (14ms)
			ResolveRequiredComponents (10ms)
	FinalizeReload (1314ms)
		SetupLoadedEditorAssemblies (0ms)
			InitializePlatformSupportModulesInManaged (4ms)
			BeforeProcessingInitializeOnLoad (159ms)
			ProcessInitializeOnLoadAttributes (451ms)
			ProcessInitializeOnLoadMethodAttributes (207ms)
			AfterProcessingInitializeOnLoad (9ms)
		AwakeInstancesAfterBackupRestoration (45ms)
Refreshing native plugins compatible for Editor in 2.25 ms, found 4 plugins.
Unloading 24 Unused Serialized files (Serialized files now loaded: 0)
Unloading 6633 unused Assets / (6.4 MB). Loaded Objects now: 7797.
Memory consumption went from 0.56 GB to 0.55 GB.
Total: 23.904400 ms (FindLiveObjects: 2.806100 ms CreateObjectMapping: 4.435800 ms MarkObjects: 7.811100 ms  DeleteObjects: 8.848700 ms)

Prepare: number of updated asset objects reloaded= 0
========================================================================
Received Prepare
AcceleratorClientConnectionCallback - disconnected - :0
Unloading 24 Unused Serialized files (Serialized files now loaded: 0)
Unloading 6622 unused Assets / (6.1 MB). Loaded Objects now: 7797.
Memory consumption went from 0.56 GB to 0.56 GB.
Total: 24.098100 ms (FindLiveObjects: 1.282600 ms CreateObjectMapping: 4.744500 ms MarkObjects: 10.492300 ms  DeleteObjects: 7.576200 ms)

Prepare: number of updated asset objects reloaded= 0
========================================================================
Received Prepare
AcceleratorClientConnectionCallback - disconnected - :0
Begin MonoManager ReloadAssembly
You may not pass in objects that are already persistent
UnityEngine.Debug:ExtractStackTraceNoAlloc (byte*,int,string)
UnityEngine.StackTraceUtility:ExtractStackTrace ()
UnityEditorInternal.InternalEditorUtility:SaveToSerializedFileAndForgetInternal (string,UnityEngine.Object[],bool)
UnityEditorInternal.InternalEditorUtility:SaveToSerializedFileAndForget (UnityEngine.Object[],string,bool)
UnityEditor.ScriptableSingleton`1<Unity.ProjectAuditor.Editor.ProjectAuditorSettings>:Save (bool)
Unity.ProjectAuditor.Editor.ProjectAuditorSettings:Save ()
Unity.ProjectAuditor.Editor.ProjectAuditorSettings:OnDisable ()

[C:\build\output\unity\unity\Editor\Src\EditorWindowController.cpp line 140]

You may not pass in objects that are already persistent
UnityEngine.Debug:ExtractStackTraceNoAlloc (byte*,int,string)
UnityEngine.StackTraceUtility:ExtractStackTrace ()
UnityEditorInternal.InternalEditorUtility:SaveToSerializedFileAndForgetInternal (string,UnityEngine.Object[],bool)
UnityEditorInternal.InternalEditorUtility:SaveToSerializedFileAndForget (UnityEngine.Object[],string,bool)
UnityEditor.ScriptableSingleton`1<Unity.ProjectAuditor.Editor.ProjectAuditorSettings>:Save (bool)
Unity.ProjectAuditor.Editor.ProjectAuditorSettings:Save ()
Unity.ProjectAuditor.Editor.ProjectAuditorSettings:OnDisable ()

[C:\build\output\unity\unity\Editor\Src\EditorWindowController.cpp line 140]

Refreshing native plugins compatible for Editor in 2.23 ms, found 4 plugins.
ScriptableSingleton already exists. Did you query the singleton in a constructor?
UnityEngine.Debug:ExtractStackTraceNoAlloc (byte*,int,string)
UnityEngine.StackTraceUtility:ExtractStackTrace ()
UnityEngine.DebugLogHandler:Internal_Log (UnityEngine.LogType,UnityEngine.LogOption,string,UnityEngine.Object)
UnityEngine.DebugLogHandler:LogFormat (UnityEngine.LogType,UnityEngine.Object,string,object[])
UnityEngine.Logger:Log (UnityEngine.LogType,object)
UnityEngine.Debug:LogError (object)
UnityEditor.ScriptableSingleton`1<Unity.ProjectAuditor.Editor.ProjectAuditorSettings>:.ctor ()
Unity.ProjectAuditor.Editor.ProjectAuditorSettings:.ctor ()

Native extension for WindowsStandalone target not found
Native extension for WebGL target not found
[Package Manager] Failed to launch server process. Reason: Unity was launched with the -noUpm command-line argument
[Package Manager] Unable to send message (not connected to server process).
[Package Manager] Cannot connect to Unity Package Manager local server
[Package Manager] Failed to launch server process. Reason: Unity was launched with the -noUpm command-line argument
[Package Manager] Unable to send message (not connected to server process).
[Package Manager] Cannot connect to Unity Package Manager local server
ScheduleIndexationOnStartup MainProcess:False IndexOnStartup:True
Mono: successfully reloaded assembly
- Finished resetting the current domain, in  1.308 seconds
Domain Reload Profiling: 2868ms
	BeginReloadAssembly (409ms)
		DisableScriptedObjects (16ms)
		CreateAndSetChildDomain (116ms)
	RebuildCommonClasses (22ms)
	RebuildNativeTypeToScriptingClass (31ms)
	initialDomainReloadingComplete (101ms)
	LoadAllAssembliesAndSetupDomain (995ms)
		LoadAssemblies (575ms)
		AnalyzeDomain (386ms)
			TypeCache.Refresh (21ms)
			BuildScriptInfoCaches (352ms)
			ResolveRequiredComponents (9ms)
	FinalizeReload (1310ms)
		SetupLoadedEditorAssemblies (0ms)
			InitializePlatformSupportModulesInManaged (4ms)
			BeforeProcessingInitializeOnLoad (154ms)
			ProcessInitializeOnLoadAttributes (460ms)
			ProcessInitializeOnLoadMethodAttributes (201ms)
			AfterProcessingInitializeOnLoad (11ms)
		AwakeInstancesAfterBackupRestoration (46ms)
Refreshing native plugins compatible for Editor in 2.10 ms, found 4 plugins.
Unloading 24 Unused Serialized files (Serialized files now loaded: 0)
Unloading 6633 unused Assets / (6.6 MB). Loaded Objects now: 7800.
Memory consumption went from 0.57 GB to 0.56 GB.
Total: 21.278200 ms (FindLiveObjects: 1.176000 ms CreateObjectMapping: 4.727300 ms MarkObjects: 8.178300 ms  DeleteObjects: 7.193900 ms)

Prepare: number of updated asset objects reloaded= 0
========================================================================
Received Prepare
AcceleratorClientConnectionCallback - disconnected - :0
Refreshing native plugins compatible for Editor in 2.22 ms, found 4 plugins.
Unloading 24 Unused Serialized files (Serialized files now loaded: 0)
Unloading 24 unused Assets / (2.7 MB). Loaded Objects now: 7800.
Memory consumption went from 0.57 GB to 0.57 GB.
Total: 10.116500 ms (FindLiveObjects: 0.473800 ms CreateObjectMapping: 1.154900 ms MarkObjects: 7.568000 ms  DeleteObjects: 0.917600 ms)

Prepare: number of updated asset objects reloaded= 0
========================================================================
Received Prepare
AcceleratorClientConnectionCallback - disconnected - :0
[Licensing::Client] Successfully resolved entitlement details
Begin MonoManager ReloadAssembly
You may not pass in objects that are already persistent
UnityEngine.Debug:ExtractStackTraceNoAlloc (byte*,int,string)
UnityEngine.StackTraceUtility:ExtractStackTrace ()
UnityEditorInternal.InternalEditorUtility:SaveToSerializedFileAndForgetInternal (string,UnityEngine.Object[],bool)
UnityEditorInternal.InternalEditorUtility:SaveToSerializedFileAndForget (UnityEngine.Object[],string,bool)
UnityEditor.ScriptableSingleton`1<Unity.ProjectAuditor.Editor.ProjectAuditorSettings>:Save (bool)
Unity.ProjectAuditor.Editor.ProjectAuditorSettings:Save ()
Unity.ProjectAuditor.Editor.ProjectAuditorSettings:OnDisable ()

[C:\build\output\unity\unity\Editor\Src\EditorWindowController.cpp line 140]

You may not pass in objects that are already persistent
UnityEngine.Debug:ExtractStackTraceNoAlloc (byte*,int,string)
UnityEngine.StackTraceUtility:ExtractStackTrace ()
UnityEditorInternal.InternalEditorUtility:SaveToSerializedFileAndForgetInternal (string,UnityEngine.Object[],bool)
UnityEditorInternal.InternalEditorUtility:SaveToSerializedFileAndForget (UnityEngine.Object[],string,bool)
UnityEditor.ScriptableSingleton`1<Unity.ProjectAuditor.Editor.ProjectAuditorSettings>:Save (bool)
Unity.ProjectAuditor.Editor.ProjectAuditorSettings:Save ()
Unity.ProjectAuditor.Editor.ProjectAuditorSettings:OnDisable ()

[C:\build\output\unity\unity\Editor\Src\EditorWindowController.cpp line 140]

Refreshing native plugins compatible for Editor in 2.02 ms, found 4 plugins.
ScriptableSingleton already exists. Did you query the singleton in a constructor?
UnityEngine.Debug:ExtractStackTraceNoAlloc (byte*,int,string)
UnityEngine.StackTraceUtility:ExtractStackTrace ()
UnityEngine.DebugLogHandler:Internal_Log (UnityEngine.LogType,UnityEngine.LogOption,string,UnityEngine.Object)
UnityEngine.DebugLogHandler:LogFormat (UnityEngine.LogType,UnityEngine.Object,string,object[])
UnityEngine.Logger:Log (UnityEngine.LogType,object)
UnityEngine.Debug:LogError (object)
UnityEditor.ScriptableSingleton`1<Unity.ProjectAuditor.Editor.ProjectAuditorSettings>:.ctor ()
Unity.ProjectAuditor.Editor.ProjectAuditorSettings:.ctor ()

Native extension for WindowsStandalone target not found
Native extension for WebGL target not found
[Package Manager] Failed to launch server process. Reason: Unity was launched with the -noUpm command-line argument
[Package Manager] Unable to send message (not connected to server process).
[Package Manager] Cannot connect to Unity Package Manager local server
[Package Manager] Failed to launch server process. Reason: Unity was launched with the -noUpm command-line argument
[Package Manager] Unable to send message (not connected to server process).
[Package Manager] Cannot connect to Unity Package Manager local server
ScheduleIndexationOnStartup MainProcess:False IndexOnStartup:True
Mono: successfully reloaded assembly
- Finished resetting the current domain, in  1.292 seconds
Domain Reload Profiling: 2431ms
	BeginReloadAssembly (399ms)
		DisableScriptedObjects (12ms)
		CreateAndSetChildDomain (119ms)
	RebuildCommonClasses (19ms)
	RebuildNativeTypeToScriptingClass (25ms)
	initialDomainReloadingComplete (88ms)
	LoadAllAssembliesAndSetupDomain (605ms)
		LoadAssemblies (536ms)
		AnalyzeDomain (32ms)
			TypeCache.Refresh (16ms)
			ResolveRequiredComponents (11ms)
	FinalizeReload (1295ms)
		SetupLoadedEditorAssemblies (0ms)
			InitializePlatformSupportModulesInManaged (4ms)
			BeforeProcessingInitializeOnLoad (147ms)
			ProcessInitializeOnLoadAttributes (453ms)
			ProcessInitializeOnLoadMethodAttributes (211ms)
			AfterProcessingInitializeOnLoad (11ms)
		AwakeInstancesAfterBackupRestoration (55ms)
Refreshing native plugins compatible for Editor in 2.16 ms, found 4 plugins.
Unloading 24 Unused Serialized files (Serialized files now loaded: 0)
Unloading 6633 unused Assets / (6.4 MB). Loaded Objects now: 7803.
Memory consumption went from 0.58 GB to 0.57 GB.
Total: 22.296900 ms (FindLiveObjects: 1.260200 ms CreateObjectMapping: 5.386800 ms MarkObjects: 8.739800 ms  DeleteObjects: 6.907900 ms)

Prepare: number of updated asset objects reloaded= 0
========================================================================
Received Prepare
AcceleratorClientConnectionCallback - disconnected - :0
Unloading 24 Unused Serialized files (Serialized files now loaded: 0)
Unloading 6622 unused Assets / (6.8 MB). Loaded Objects now: 7803.
Memory consumption went from 0.58 GB to 0.57 GB.
Total: 21.830600 ms (FindLiveObjects: 1.049500 ms CreateObjectMapping: 4.980700 ms MarkObjects: 9.052800 ms  DeleteObjects: 6.744500 ms)

Prepare: number of updated asset objects reloaded= 0
========================================================================
Received Prepare
AcceleratorClientConnectionCallback - disconnected - :0
[Licensing::Client] Successfully resolved entitlement details
Begin MonoManager ReloadAssembly
You may not pass in objects that are already persistent
UnityEngine.Debug:ExtractStackTraceNoAlloc (byte*,int,string)
UnityEngine.StackTraceUtility:ExtractStackTrace ()
UnityEditorInternal.InternalEditorUtility:SaveToSerializedFileAndForgetInternal (string,UnityEngine.Object[],bool)
UnityEditorInternal.InternalEditorUtility:SaveToSerializedFileAndForget (UnityEngine.Object[],string,bool)
UnityEditor.ScriptableSingleton`1<Unity.ProjectAuditor.Editor.ProjectAuditorSettings>:Save (bool)
Unity.ProjectAuditor.Editor.ProjectAuditorSettings:Save ()
Unity.ProjectAuditor.Editor.ProjectAuditorSettings:OnDisable ()

[C:\build\output\unity\unity\Editor\Src\EditorWindowController.cpp line 140]

You may not pass in objects that are already persistent
UnityEngine.Debug:ExtractStackTraceNoAlloc (byte*,int,string)
UnityEngine.StackTraceUtility:ExtractStackTrace ()
UnityEditorInternal.InternalEditorUtility:SaveToSerializedFileAndForgetInternal (string,UnityEngine.Object[],bool)
UnityEditorInternal.InternalEditorUtility:SaveToSerializedFileAndForget (UnityEngine.Object[],string,bool)
UnityEditor.ScriptableSingleton`1<Unity.ProjectAuditor.Editor.ProjectAuditorSettings>:Save (bool)
Unity.ProjectAuditor.Editor.ProjectAuditorSettings:Save ()
Unity.ProjectAuditor.Editor.ProjectAuditorSettings:OnDisable ()

[C:\build\output\unity\unity\Editor\Src\EditorWindowController.cpp line 140]

ScriptableSingleton already exists. Did you query the singleton in a constructor?
UnityEngine.Debug:ExtractStackTraceNoAlloc (byte*,int,string)
UnityEngine.StackTraceUtility:ExtractStackTrace ()
UnityEngine.DebugLogHandler:Internal_Log (UnityEngine.LogType,UnityEngine.LogOption,string,UnityEngine.Object)
UnityEngine.DebugLogHandler:LogFormat (UnityEngine.LogType,UnityEngine.Object,string,object[])
UnityEngine.Logger:Log (UnityEngine.LogType,object)
UnityEngine.Debug:LogError (object)
UnityEditor.ScriptableSingleton`1<Unity.ProjectAuditor.Editor.ProjectAuditorSettings>:.ctor ()
Unity.ProjectAuditor.Editor.ProjectAuditorSettings:.ctor ()

Native extension for WindowsStandalone target not found
Native extension for WebGL target not found
[Package Manager] Failed to launch server process. Reason: Unity was launched with the -noUpm command-line argument
[Package Manager] Unable to send message (not connected to server process).
[Package Manager] Cannot connect to Unity Package Manager local server
[Package Manager] Failed to launch server process. Reason: Unity was launched with the -noUpm command-line argument
[Package Manager] Unable to send message (not connected to server process).
[Package Manager] Cannot connect to Unity Package Manager local server
ScheduleIndexationOnStartup MainProcess:False IndexOnStartup:True
Mono: successfully reloaded assembly
- Finished resetting the current domain, in  1.406 seconds
Domain Reload Profiling: 3053ms
	BeginReloadAssembly (413ms)
		DisableScriptedObjects (15ms)
		CreateAndSetChildDomain (121ms)
	RebuildCommonClasses (20ms)
	RebuildNativeTypeToScriptingClass (32ms)
	initialDomainReloadingComplete (112ms)
	LoadAllAssembliesAndSetupDomain (1068ms)
		LoadAssemblies (641ms)
		AnalyzeDomain (381ms)
			TypeCache.Refresh (20ms)
			BuildScriptInfoCaches (347ms)
			ResolveRequiredComponents (10ms)
	FinalizeReload (1407ms)
		SetupLoadedEditorAssemblies (0ms)
			InitializePlatformSupportModulesInManaged (4ms)
			BeforeProcessingInitializeOnLoad (171ms)
			ProcessInitializeOnLoadAttributes (498ms)
			ProcessInitializeOnLoadMethodAttributes (210ms)
			AfterProcessingInitializeOnLoad (12ms)
		AwakeInstancesAfterBackupRestoration (49ms)
Refreshing native plugins compatible for Editor in 2.02 ms, found 4 plugins.
Unloading 24 Unused Serialized files (Serialized files now loaded: 0)
Unloading 6633 unused Assets / (6.6 MB). Loaded Objects now: 7806.
Memory consumption went from 0.59 GB to 0.58 GB.
Total: 21.422900 ms (FindLiveObjects: 1.830200 ms CreateObjectMapping: 4.669100 ms MarkObjects: 8.167900 ms  DeleteObjects: 6.753100 ms)

Prepare: number of updated asset objects reloaded= 0
========================================================================
Received Prepare
AcceleratorClientConnectionCallback - disconnected - :0
Refreshing native plugins compatible for Editor in 2.32 ms, found 4 plugins.
Unloading 24 Unused Serialized files (Serialized files now loaded: 0)
Unloading 24 unused Assets / (2.7 MB). Loaded Objects now: 7806.
Memory consumption went from 0.58 GB to 0.58 GB.
Total: 11.673300 ms (FindLiveObjects: 0.805100 ms CreateObjectMapping: 2.194500 ms MarkObjects: 7.844600 ms  DeleteObjects: 0.827400 ms)

Prepare: number of updated asset objects reloaded= 0
========================================================================
Received Import Request.
  Time of request: 2026-09-14T21:09:59.6597473Z
  Time since last request: 1882.16362299999992 seconds.
  importAddress: GUID: 99c9720ab356a0642a771bea13969a05 - Path: Assets/Scenes/SampleScene.unity - Importer: ScriptedImporter/UnityEditor.QuickSearchModule:UnityEditor.Search:ASIAI0B
Importing 'GUID: 99c9720ab356a0642a771bea13969a05 - Path: Assets/Scenes/SampleScene.unity - Importer: ScriptedImporter/UnityEditor.QuickSearchModule:UnityEditor.Search:ASIAI0B' with importer (ScriptedImporter : UnityEditor.QuickSearchModule:UnityEditor.Search:ASIAI0B)
Imported 'GUID: 99c9720ab356a0642a771bea13969a05' -> (Import Result ID: '3784fab641a683a2c4d75d70a8208ebb') in 0.832 seconds [static and dynamic dependencies]. Details - ImportResultOutputID=3773a6990876f96665fc190bf937f157 DependenciesID=0efcf9b46d77fe8dafa3d684368f8e45 StaticDependenciesID=a22eb870ab0bf01b8e96559c4a2e867f 
Number of updated asset objects reloaded before import = 0
Number of asset objects unloaded after import = 1
========================================================================
Received Import Request.
  Time of request: 2026-09-14T21:25:15.5869882Z
  Time since last request: 915.07687399999998 seconds.
  importAddress: GUID: f63d574838ccfb44f84acc05fed0af48 - Path: Assets/TextMesh Pro/Shaders/TMP_SDF-HDRP UNLIT.shadergraph - Importer: PreviewImporter
Importing 'GUID: f63d574838ccfb44f84acc05fed0af48 - Path: Assets/TextMesh Pro/Shaders/TMP_SDF-HDRP UNLIT.shadergraph - Importer: PreviewImporter' with importer (PreviewImporter)
Imported 'GUID: f63d574838ccfb44f84acc05fed0af48' -> (Import Result ID: '7dc219d463fbbbfdf64e7b79d40afb34') in 3.360 seconds [static and dynamic dependencies]. Details - ImportResultOutputID=572698fac977cdce576d05655ca598fd DependenciesID=fb4662dfc408562c6d2580d11e709b5d StaticDependenciesID=b3d0687ebb7e326e12baa6f823176479 
Number of updated asset objects reloaded before import = 0
Number of asset objects unloaded after import = 3
========================================================================
Received Import Request.
  Time of request: 2026-09-14T21:25:21.8937325Z
  Time since last request: 2.9134999 seconds.
  importAddress: GUID: ca2ed216f98028c4dae6c5224a952b3c - Path: Assets/TextMesh Pro/Shaders/TMP_SDF-HDRP LIT.shadergraph - Importer: PreviewImporter
Importing 'GUID: ca2ed216f98028c4dae6c5224a952b3c - Path: Assets/TextMesh Pro/Shaders/TMP_SDF-HDRP LIT.shadergraph - Importer: PreviewImporter' with importer (PreviewImporter)
Imported 'GUID: ca2ed216f98028c4dae6c5224a952b3c' -> (Import Result ID: '55957eb9883dd3087de5101bb72bd466') in 0.038 seconds [static and dynamic dependencies]. Details - ImportResultOutputID=e84d343a8b808a4bda78ab9cd837d293 DependenciesID=578802dd431747a933a3f3e1b69877c7 StaticDependenciesID=b9809d940aeed857a2adbb08d974f0ae 
Number of updated asset objects reloaded before import = 0
Number of asset objects unloaded after import = 2
========================================================================
Received Import Request.
  Time of request: 2026-09-14T21:25:21.9537428Z
  Time since last request: 0.0045373 seconds.
  importAddress: GUID: 34d8e0a509343e44aa8049ff117c18c2 - Path: Assets/Aseed/Stylized Rocket/URP/Material/m_rocket.mat - Importer: PreviewImporter
Importing 'GUID: 34d8e0a509343e44aa8049ff117c18c2 - Path: Assets/Aseed/Stylized Rocket/URP/Material/m_rocket.mat - Importer: PreviewImporter' with importer (PreviewImporter)
Imported 'GUID: 34d8e0a509343e44aa8049ff117c18c2' -> (Import Result ID: 'baae807208d60f02f809f214211fd1ff') in 0.133 seconds [static and dynamic dependencies]. Details - ImportResultOutputID=86df5135115edf20f89e5ea8f123955e DependenciesID=6e82dbe745d4062be258c6c1298ff6ed StaticDependenciesID=4ac97b2eec10da297cdb11b3fadd756f 
Number of updated asset objects reloaded before import = 0
Number of asset objects unloaded after import = 6
========================================================================
Received Import Request.
  Time of request: 2026-09-14T21:25:22.1050313Z
  Time since last request: 0.0011184 seconds.
  importAddress: GUID: a00992adbdb45434cb22de26a90d7cc6 - Path: Assets/Material/New Material.mat - Importer: PreviewImporter
Importing 'GUID: a00992adbdb45434cb22de26a90d7cc6 - Path: Assets/Material/New Material.mat - Importer: PreviewImporter' with importer (PreviewImporter)
Imported 'GUID: a00992adbdb45434cb22de26a90d7cc6' -> (Import Result ID: '7a5281c96a3ea03617f137aa8cf07082') in 0.053 seconds [static and dynamic dependencies]. Details - ImportResultOutputID=132a982eae7a8c437b85b7f965514838 DependenciesID=05d0b0b4997e38425753f07284da4164 StaticDependenciesID=9600e294e33be6a55ed2679411488fc6 
Number of updated asset objects reloaded before import = 0
Number of asset objects unloaded after import = 2
========================================================================
Received Import Request.
  Time of request: 2026-09-14T21:25:22.9546366Z
  Time since last request: 0.7816883 seconds.
  importAddress: GUID: 8f586378b4e144a9851e7b34d9b748ee - Path: Assets/TextMesh Pro/Resources/Fonts & Materials/LiberationSans SDF.asset - Importer: PreviewImporter
Importing 'GUID: 8f586378b4e144a9851e7b34d9b748ee - Path: Assets/TextMesh Pro/Resources/Fonts & Materials/LiberationSans SDF.asset - Importer: PreviewImporter' with importer (PreviewImporter)
Imported 'GUID: 8f586378b4e144a9851e7b34d9b748ee' -> (Import Result ID: '8156ed6192082be831a398360e13dd9d') in 0.172 seconds [static and dynamic dependencies]. Details - ImportResultOutputID=d861b2252f70c3d132ade42a5aaf8cac DependenciesID=4839c46083478ca4208892d67066bcd5 StaticDependenciesID=3a0fa15fcb4cb4ebb260a2216cd83c11 
Number of updated asset objects reloaded before import = 0
Number of asset objects unloaded after import = 9
========================================================================
Received Import Request.
  Time of request: 2026-09-14T21:25:23.1458928Z
  Time since last request: 0.0000667 seconds.
  importAddress: GUID: e73a58f6e2794ae7b1b7e50b7fb811b0 - Path: Assets/TextMesh Pro/Resources/Fonts & Materials/LiberationSans SDF - Drop Shadow.mat - Importer: PreviewImporter
Importing 'GUID: e73a58f6e2794ae7b1b7e50b7fb811b0 - Path: Assets/TextMesh Pro/Resources/Fonts & Materials/LiberationSans SDF - Drop Shadow.mat - Importer: PreviewImporter' with importer (PreviewImporter)
Imported 'GUID: e73a58f6e2794ae7b1b7e50b7fb811b0' -> (Import Result ID: '827ef47a803ec2be1882b81e5ea992a5') in 0.131 seconds [static and dynamic dependencies]. Details - ImportResultOutputID=36f5a8320399c0f9e46c423a2eb7301b DependenciesID=f00e8e51eb7bbf92ef66189c14001a10 StaticDependenciesID=a0b8975e514f6167849dd96943352f01 
Number of updated asset objects reloaded before import = 0
Number of asset objects unloaded after import = 2
========================================================================
Received Prepare
AcceleratorClientConnectionCallback - disconnected - :0
[Licensing::Client] Successfully resolved entitlement details
Begin MonoManager ReloadAssembly
You may not pass in objects that are already persistent
UnityEngine.Debug:ExtractStackTraceNoAlloc (byte*,int,string)
UnityEngine.StackTraceUtility:ExtractStackTrace ()
UnityEditorInternal.InternalEditorUtility:SaveToSerializedFileAndForgetInternal (string,UnityEngine.Object[],bool)
UnityEditorInternal.InternalEditorUtility:SaveToSerializedFileAndForget (UnityEngine.Object[],string,bool)
UnityEditor.ScriptableSingleton`1<Unity.ProjectAuditor.Editor.ProjectAuditorSettings>:Save (bool)
Unity.ProjectAuditor.Editor.ProjectAuditorSettings:Save ()
Unity.ProjectAuditor.Editor.ProjectAuditorSettings:OnDisable ()

[C:\build\output\unity\unity\Editor\Src\EditorWindowController.cpp line 140]

You may not pass in objects that are already persistent
UnityEngine.Debug:ExtractStackTraceNoAlloc (byte*,int,string)
UnityEngine.StackTraceUtility:ExtractStackTrace ()
UnityEditorInternal.InternalEditorUtility:SaveToSerializedFileAndForgetInternal (string,UnityEngine.Object[],bool)
UnityEditorInternal.InternalEditorUtility:SaveToSerializedFileAndForget (UnityEngine.Object[],string,bool)
UnityEditor.ScriptableSingleton`1<Unity.ProjectAuditor.Editor.ProjectAuditorSettings>:Save (bool)
Unity.ProjectAuditor.Editor.ProjectAuditorSettings:Save ()
Unity.ProjectAuditor.Editor.ProjectAuditorSettings:OnDisable ()

[C:\build\output\unity\unity\Editor\Src\EditorWindowController.cpp line 140]

Refreshing native plugins compatible for Editor in 2.87 ms, found 4 plugins.
ScriptableSingleton already exists. Did you query the singleton in a constructor?
UnityEngine.Debug:ExtractStackTraceNoAlloc (byte*,int,string)
UnityEngine.StackTraceUtility:ExtractStackTrace ()
UnityEngine.DebugLogHandler:Internal_Log (UnityEngine.LogType,UnityEngine.LogOption,string,UnityEngine.Object)
UnityEngine.DebugLogHandler:LogFormat (UnityEngine.LogType,UnityEngine.Object,string,object[])
UnityEngine.Logger:Log (UnityEngine.LogType,object)
UnityEngine.Debug:LogError (object)
UnityEditor.ScriptableSingleton`1<Unity.ProjectAuditor.Editor.ProjectAuditorSettings>:.ctor ()
Unity.ProjectAuditor.Editor.ProjectAuditorSettings:.ctor ()

Native extension for WindowsStandalone target not found
Native extension for WebGL target not found
[Package Manager] Failed to launch server process. Reason: Unity was launched with the -noUpm command-line argument
[Package Manager] Unable to send message (not connected to server process).
[Package Manager] Cannot connect to Unity Package Manager local server
[Package Manager] Failed to launch server process. Reason: Unity was launched with the -noUpm command-line argument
[Package Manager] Unable to send message (not connected to server process).
[Package Manager] Cannot connect to Unity Package Manager local server
ScheduleIndexationOnStartup MainProcess:False IndexOnStartup:True
Mono: successfully reloaded assembly
- Finished resetting the current domain, in  1.551 seconds
Domain Reload Profiling: 6075ms
	BeginReloadAssembly (2485ms)
		DisableScriptedObjects (129ms)
		CreateAndSetChildDomain (1678ms)
	RebuildCommonClasses (24ms)
	RebuildNativeTypeToScriptingClass (34ms)
	initialDomainReloadingComplete (241ms)
	LoadAllAssembliesAndSetupDomain (1738ms)
		LoadAssemblies (1325ms)
		AnalyzeDomain (577ms)
			TypeCache.Refresh (42ms)
			BuildScriptInfoCaches (503ms)
			ResolveRequiredComponents (14ms)
	FinalizeReload (1554ms)
		SetupLoadedEditorAssemblies (0ms)
			InitializePlatformSupportModulesInManaged (5ms)
			BeforeProcessingInitializeOnLoad (188ms)
			ProcessInitializeOnLoadAttributes (544ms)
			ProcessInitializeOnLoadMethodAttributes (234ms)
			AfterProcessingInitializeOnLoad (8ms)
		AwakeInstancesAfterBackupRestoration (56ms)
Refreshing native plugins compatible for Editor in 2.18 ms, found 4 plugins.
Unloading 24 Unused Serialized files (Serialized files now loaded: 0)
Unloading 6635 unused Assets / (6.5 MB). Loaded Objects now: 7877.
Memory consumption went from 483.9 MB to 477.5 MB.
Total: 24.533100 ms (FindLiveObjects: 1.363900 ms CreateObjectMapping: 4.340200 ms MarkObjects: 12.453500 ms  DeleteObjects: 6.358200 ms)

Prepare: number of updated asset objects reloaded= 0
========================================================================
Received Prepare
AcceleratorClientConnectionCallback - disconnected - :0
Refreshing native plugins compatible for Editor in 2.25 ms, found 4 plugins.
Unloading 24 Unused Serialized files (Serialized files now loaded: 0)
Unloading 24 unused Assets / (2.7 MB). Loaded Objects now: 7877.
Memory consumption went from 482.1 MB to 479.4 MB.
Total: 11.665800 ms (FindLiveObjects: 0.553100 ms CreateObjectMapping: 1.821100 ms MarkObjects: 8.407800 ms  DeleteObjects: 0.881400 ms)

Prepare: number of updated asset objects reloaded= 0
========================================================================
Received Import Request.
  Time of request: 2026-09-14T21:28:19.9635734Z
  Time since last request: 176.66910419999999 seconds.
  importAddress: GUID: 697dcc1a69e1a2c4ea5db483875ede85 - Path: Assets/SpaceSkies Free/Skybox_3/Purple_1K_Resolution.mat - Importer: PreviewImporter
Importing 'GUID: 697dcc1a69e1a2c4ea5db483875ede85 - Path: Assets/SpaceSkies Free/Skybox_3/Purple_1K_Resolution.mat - Importer: PreviewImporter' with importer (PreviewImporter)
Imported 'GUID: 697dcc1a69e1a2c4ea5db483875ede85' -> (Import Result ID: '9910da3ee27211ccf88695d9dc1e0636') in 0.962 seconds [static and dynamic dependencies]. Details - ImportResultOutputID=3f81322e1934ab7aeeab5e109d964523 DependenciesID=9d0dd2b18725e2b03d3596cf9a470400 StaticDependenciesID=de517b603d74a3d35d61c7f9714cbbfe 
Number of updated asset objects reloaded before import = 0
Number of asset objects unloaded after import = 7
========================================================================
Received Import Request.
  Time of request: 2026-09-14T21:28:20.9458418Z
  Time since last request: 0.0011174 seconds.
  importAddress: GUID: 246d4b1ad4a63004d8fcf3949494e5b3 - Path: Assets/SpaceSkies Free/Skybox_3/Purple_2K_Resolution.mat - Importer: PreviewImporter
Importing 'GUID: 246d4b1ad4a63004d8fcf3949494e5b3 - Path: Assets/SpaceSkies Free/Skybox_3/Purple_2K_Resolution.mat - Importer: PreviewImporter' with importer (PreviewImporter)
Imported 'GUID: 246d4b1ad4a63004d8fcf3949494e5b3' -> (Import Result ID: 'f0ba76325bd7c3b59141ef231f049c93') in 0.067 seconds [static and dynamic dependencies]. Details - ImportResultOutputID=fb0096293d693b4dd1d5550457e29313 DependenciesID=8e6ac7d2d14f10cb5dda718c5928c13c StaticDependenciesID=54f074690c2affd0a73a365d435b50f8 
Number of updated asset objects reloaded before import = 0
Number of asset objects unloaded after import = 7
========================================================================
Received Import Request.
  Time of request: 2026-09-14T21:28:21.0346699Z
  Time since last request: 0.001379 seconds.
  importAddress: GUID: 8401881fcb9afd34eb383fc90bbbbddc - Path: Assets/SpaceSkies Free/Skybox_1/Pink_4K_Resolution.mat - Importer: PreviewImporter
Importing 'GUID: 8401881fcb9afd34eb383fc90bbbbddc - Path: Assets/SpaceSkies Free/Skybox_1/Pink_4K_Resolution.mat - Importer: PreviewImporter' with importer (PreviewImporter)
Imported 'GUID: 8401881fcb9afd34eb383fc90bbbbddc' -> (Import Result ID: '504b67f0ac69a480dad73eb5179d986e') in 0.069 seconds [static and dynamic dependencies]. Details - ImportResultOutputID=a37ddeb190e3f3fdb8704e586d733f66 DependenciesID=07aa06e6f698bca2774d63c725eee941 StaticDependenciesID=be26eef7442aa6acbb716b199b87e662 
Number of updated asset objects reloaded before import = 0
Number of asset objects unloaded after import = 7
========================================================================
Received Import Request.
  Time of request: 2026-09-14T21:28:21.1228993Z
  Time since last request: 0.0008303 seconds.
  importAddress: GUID: 269967744bbed1849a317b8175dc3f43 - Path: Assets/SpaceSkies Free/Skybox_2/Green_2K_Resoution.mat - Importer: PreviewImporter
Importing 'GUID: 269967744bbed1849a317b8175dc3f43 - Path: Assets/SpaceSkies Free/Skybox_2/Green_2K_Resoution.mat - Importer: PreviewImporter' with importer (PreviewImporter)
Imported 'GUID: 269967744bbed1849a317b8175dc3f43' -> (Import Result ID: 'a11d720cc12d1b6fa814e965a3f510ff') in 0.072 seconds [static and dynamic dependencies]. Details - ImportResultOutputID=1a7e6b4b6c4ae6d1c2769b1d7164d971 DependenciesID=708adb68b0599b1a4ca8d38594e1ad78 StaticDependenciesID=575374dd5043444b9b685723434fc607 
Number of updated asset objects reloaded before import = 0
Number of asset objects unloaded after import = 7
========================================================================
Received Import Request.
  Time of request: 2026-09-14T21:28:40.6796046Z
  Time since last request: 19.4671806 seconds.
  importAddress: GUID: 41f70e70af801c8479aa11cebd1babde - Path: Assets/SpaceSkies Free/Skybox_1/Textures/1K_Resolution/Right_1K_TEX.png - Importer: PreviewImporter
Importing 'GUID: 41f70e70af801c8479aa11cebd1babde - Path: Assets/SpaceSkies Free/Skybox_1/Textures/1K_Resolution/Right_1K_TEX.png - Importer: PreviewImporter' with importer (PreviewImporter)
Imported 'GUID: 41f70e70af801c8479aa11cebd1babde' -> (Import Result ID: 'c9d109b7cefe384758c13b62db772d26') in 0.045 seconds [static and dynamic dependencies]. Details - ImportResultOutputID=6875ae8c33cc1bf6bfcf8f1d2fe7cfbd DependenciesID=0c28dc1c9eb88ba47302dcad4a9188e3 StaticDependenciesID=396fdad0932f2e35199aa61cc8027373 
Number of updated asset objects reloaded before import = 0
Number of asset objects unloaded after import = 2
========================================================================
Received Import Request.
  Time of request: 2026-09-14T21:28:40.7409624Z
  Time since last request: 0.0011799 seconds.
  importAddress: GUID: e6304ed6970a3cf4c833dabb80ee8d29 - Path: Assets/SpaceSkies Free/Skybox_1/Textures/1K_Resolution/Down_1K_TEX.png - Importer: PreviewImporter
Importing 'GUID: e6304ed6970a3cf4c833dabb80ee8d29 - Path: Assets/SpaceSkies Free/Skybox_1/Textures/1K_Resolution/Down_1K_TEX.png - Importer: PreviewImporter' with importer (PreviewImporter)
Imported 'GUID: e6304ed6970a3cf4c833dabb80ee8d29' -> (Import Result ID: 'e43e5ba1cf93b733b86c3a7e32bf8ea3') in 0.016 seconds [static and dynamic dependencies]. Details - ImportResultOutputID=6aa67bd2ff33fab7d2165bac085ec774 DependenciesID=d7717fcaacbb047dcf8edabc9ff8d98b StaticDependenciesID=a86af66107f7d124da0a4d26c24b92a3 
Number of updated asset objects reloaded before import = 0
Number of asset objects unloaded after import = 2
========================================================================
Received Import Request.
  Time of request: 2026-09-14T21:28:42.8319363Z
  Time since last request: 2.0596865 seconds.
  importAddress: GUID: 0f0052075ea2b254cb5a17bca8f04edb - Path: Assets/SpaceSkies Free/Skybox_1/Textures/2K_Resolution/Right_2K_TEX.png - Importer: PreviewImporter
Importing 'GUID: 0f0052075ea2b254cb5a17bca8f04edb - Path: Assets/SpaceSkies Free/Skybox_1/Textures/2K_Resolution/Right_2K_TEX.png - Importer: PreviewImporter' with importer (PreviewImporter)
Imported 'GUID: 0f0052075ea2b254cb5a17bca8f04edb' -> (Import Result ID: '80bc2c2382e4d2aee25cb789ced51e56') in 0.018 seconds [static and dynamic dependencies]. Details - ImportResultOutputID=aa88fc7cbdbdf72cf152d03a070385e2 DependenciesID=86657adfc9f1a6f20fb069ae3d6eb520 StaticDependenciesID=bd72caafe87e1d4fb2e3da2375b27b5a 
Number of updated asset objects reloaded before import = 0
Number of asset objects unloaded after import = 2
========================================================================
Received Import Request.
  Time of request: 2026-09-14T21:28:42.8653058Z
  Time since last request: 0.0011762 seconds.
  importAddress: GUID: a096daa9a788d7342892ce655a940dba - Path: Assets/SpaceSkies Free/Skybox_1/Textures/2K_Resolution/Up_2K_TEX.png - Importer: PreviewImporter
Importing 'GUID: a096daa9a788d7342892ce655a940dba - Path: Assets/SpaceSkies Free/Skybox_1/Textures/2K_Resolution/Up_2K_TEX.png - Importer: PreviewImporter' with importer (PreviewImporter)
Imported 'GUID: a096daa9a788d7342892ce655a940dba' -> (Import Result ID: '62d24b48721592b00799feb935c50b1f') in 0.019 seconds [static and dynamic dependencies]. Details - ImportResultOutputID=2d7e4f3bbe623da8ee53f543e6f28a4d DependenciesID=39753993c160e65fa7832e1072d60bf1 StaticDependenciesID=5f569db53f85291ba4f2369319de4a90 
Number of updated asset objects reloaded before import = 0
Number of asset objects unloaded after import = 2
========================================================================
Received Import Request.
  Time of request: 2026-09-14T21:28:43.9911807Z
  Time since last request: 1.0919526 seconds.
  importAddress: GUID: 985fa1ea9fecfaf469918bae7e557416 - Path: Assets/SpaceSkies Free/Skybox_1/Textures/4K_Resolution/Right_4K_TEX.png - Importer: PreviewImporter
Importing 'GUID: 985fa1ea9fecfaf469918bae7e557416 - Path: Assets/SpaceSkies Free/Skybox_1/Textures/4K_Resolution/Right_4K_TEX.png - Importer: PreviewImporter' with importer (PreviewImporter)
Imported 'GUID: 985fa1ea9fecfaf469918bae7e557416' -> (Import Result ID: '93de744503746cdd4622f432744e47b7') in 0.025 seconds [static and dynamic dependencies]. Details - ImportResultOutputID=506b4a47be7e7b757cb39918f7c9f2cd DependenciesID=6b5087b7b972fb84bc7f09ade50108ac StaticDependenciesID=7887c5825d938b64f55057b68099a04a 
Number of updated asset objects reloaded before import = 0
Number of asset objects unloaded after import = 2
========================================================================
Received Import Request.
  Time of request: 2026-09-14T21:28:46.2958228Z
  Time since last request: 2.2658758 seconds.
  importAddress: GUID: 35535e5f5785f7e4c8a49bc17d76554e - Path: Assets/SpaceSkies Free/Skybox_2/Textures/1K_Resolution/Right_1K_TEX.png - Importer: PreviewImporter
Importing 'GUID: 35535e5f5785f7e4c8a49bc17d76554e - Path: Assets/SpaceSkies Free/Skybox_2/Textures/1K_Resolution/Right_1K_TEX.png - Importer: PreviewImporter' with importer (PreviewImporter)
Imported 'GUID: 35535e5f5785f7e4c8a49bc17d76554e' -> (Import Result ID: '5e33ffdcb500e575cc302f55246782f5') in 0.020 seconds [static and dynamic dependencies]. Details - ImportResultOutputID=0efa3b00414e5496457f8702e1aca0ef DependenciesID=17efd56e9a24f90024eee4e73e4fc467 StaticDependenciesID=f4365e08e6d6ebdbaa895eb30b8ca3ec 
Number of updated asset objects reloaded before import = 0
Number of asset objects unloaded after import = 2
========================================================================
Received Import Request.
  Time of request: 2026-09-14T21:28:46.3296522Z
  Time since last request: 0.0005919 seconds.
  importAddress: GUID: f2df341f63f55624dad25163e8c063ac - Path: Assets/SpaceSkies Free/Skybox_2/Textures/1K_Resolution/Down_1K_TEX.png - Importer: PreviewImporter
Importing 'GUID: f2df341f63f55624dad25163e8c063ac - Path: Assets/SpaceSkies Free/Skybox_2/Textures/1K_Resolution/Down_1K_TEX.png - Importer: PreviewImporter' with importer (PreviewImporter)
Imported 'GUID: f2df341f63f55624dad25163e8c063ac' -> (Import Result ID: 'd413be17eb726e89438fd43daca2e00d') in 0.024 seconds [static and dynamic dependencies]. Details - ImportResultOutputID=1a20472ba928b9627c54468eef6f8a7e DependenciesID=5d21c470f91a2326324ec44e7b9d4735 StaticDependenciesID=7510e9f2cfede40e9f7ebe0bc409d877 
Number of updated asset objects reloaded before import = 0
Number of asset objects unloaded after import = 2
========================================================================
Received Import Request.
  Time of request: 2026-09-14T21:28:48.4102333Z
  Time since last request: 2.0414948 seconds.
  importAddress: GUID: 46f657b61a981d747b79847775b24900 - Path: Assets/SpaceSkies Free/Skybox_3/Textures/1K_Resolution/Right_1K_TEX.png - Importer: PreviewImporter
Importing 'GUID: 46f657b61a981d747b79847775b24900 - Path: Assets/SpaceSkies Free/Skybox_3/Textures/1K_Resolution/Right_1K_TEX.png - Importer: PreviewImporter' with importer (PreviewImporter)
Imported 'GUID: 46f657b61a981d747b79847775b24900' -> (Import Result ID: '06e903f3a842da094b2f208b5b92f67c') in 0.018 seconds [static and dynamic dependencies]. Details - ImportResultOutputID=60fb8d66f52d3e98069796bfe7ef37d3 DependenciesID=841ada121fb69f211b10079e92bb84a5 StaticDependenciesID=7667ecd5b97ddb48ac1cd82904316bdb 
Number of updated asset objects reloaded before import = 0
Number of asset objects unloaded after import = 2
========================================================================
Received Import Request.
  Time of request: 2026-09-14T21:28:49.3627218Z
  Time since last request: 0.9202967 seconds.
  importAddress: GUID: 2292e8ca8d59bdd4a9db307994dd6ed0 - Path: Assets/SpaceSkies Free/Skybox_3/Textures/2K_Resolution/Right_2K_TEX.png - Importer: PreviewImporter
Importing 'GUID: 2292e8ca8d59bdd4a9db307994dd6ed0 - Path: Assets/SpaceSkies Free/Skybox_3/Textures/2K_Resolution/Right_2K_TEX.png - Importer: PreviewImporter' with importer (PreviewImporter)
Imported 'GUID: 2292e8ca8d59bdd4a9db307994dd6ed0' -> (Import Result ID: '32282a665f757b098c8a62f1b32fe197') in 0.038 seconds [static and dynamic dependencies]. Details - ImportResultOutputID=d4ce49f69c7c8697de600bf70a30c629 DependenciesID=930c3b505aa1a68397733b512e1f5296 StaticDependenciesID=a5a1412346bc6ee292fe934ad5c14e73 
Number of updated asset objects reloaded before import = 0
Number of asset objects unloaded after import = 2
========================================================================
Received Import Request.
  Time of request: 2026-09-14T21:28:49.7098146Z
  Time since last request: 0.2963126 seconds.
  importAddress: GUID: 85da55c4089e9664d84bfa1285a9c787 - Path: Assets/SpaceSkies Free/Skybox_3/Textures/4K_Resolution/Right_4K_TEX.png - Importer: PreviewImporter
Importing 'GUID: 85da55c4089e9664d84bfa1285a9c787 - Path: Assets/SpaceSkies Free/Skybox_3/Textures/4K_Resolution/Right_4K_TEX.png - Importer: PreviewImporter' with importer (PreviewImporter)
Imported 'GUID: 85da55c4089e9664d84bfa1285a9c787' -> (Import Result ID: '593d9c045583121e1725d1ae4a0e3069') in 0.042 seconds [static and dynamic dependencies]. Details - ImportResultOutputID=a80003b57d627a29f61c3454f6cfe75e DependenciesID=3189d10d67f9050298c9671c1b083555 StaticDependenciesID=ae2ba85169683c748174930bb31b43bb 
Number of updated asset objects reloaded before import = 0
Number of asset objects unloaded after import = 2
========================================================================
Received Import Request.
  Time of request: 2026-09-14T21:29:25.922584Z
  Time since last request: 36.1582382 seconds.
  importAddress: GUID: 01672ed3257d8b64d8529faaeae7b425 - Path: Assets/SpaceSkies Free/Demo/DemoSceneSettings.lighting - Importer: ScriptedImporter/UnityEditor.QuickSearchModule:UnityEditor.Search:ASIAI0B
Importing 'GUID: 01672ed3257d8b64d8529faaeae7b425 - Path: Assets/SpaceSkies Free/Demo/DemoSceneSettings.lighting - Importer: ScriptedImporter/UnityEditor.QuickSearchModule:UnityEditor.Search:ASIAI0B' with importer (ScriptedImporter : UnityEditor.QuickSearchModule:UnityEditor.Search:ASIAI0B)
LightingSettings: switching bake backend from 2 to 1.
Imported 'GUID: 01672ed3257d8b64d8529faaeae7b425' -> (Import Result ID: '9eb3c3633dac023a6ce50945cbbbdf21') in 0.149 seconds [static and dynamic dependencies]. Details - ImportResultOutputID=613f2f3ccbb575841b05e1cd1686292c DependenciesID=b00b96287d73ea037ba301eeacd6f84d StaticDependenciesID=18c228f945adc9fb360fc97fde6a58c6 
Number of updated asset objects reloaded before import = 0
Number of asset objects unloaded after import = 1
========================================================================
Received Import Request.
  Time of request: 2026-09-14T21:29:26.0909853Z
  Time since last request: 0.0009013 seconds.
  importAddress: GUID: 95ebf50189f880e4aa17c4fdba9007aa - Path: Assets/SpaceSkies Free/Skybox_3/Purple_4K_Resolution.mat - Importer: ScriptedImporter/UnityEditor.QuickSearchModule:UnityEditor.Search:ASIAI0B
Importing 'GUID: 95ebf50189f880e4aa17c4fdba9007aa - Path: Assets/SpaceSkies Free/Skybox_3/Purple_4K_Resolution.mat - Importer: ScriptedImporter/UnityEditor.QuickSearchModule:UnityEditor.Search:ASIAI0B' with importer (ScriptedImporter : UnityEditor.QuickSearchModule:UnityEditor.Search:ASIAI0B)
Imported 'GUID: 95ebf50189f880e4aa17c4fdba9007aa' -> (Import Result ID: '0bd6986090657c9a50f73e67a1c956cf') in 0.084 seconds [static and dynamic dependencies]. Details - ImportResultOutputID=7e0edaf56e2a1b527b54c6a6e5c991ef DependenciesID=20a7f2e22063a45dfb0517c51eaabe76 StaticDependenciesID=b2d67810c267cf059264c2d17b83d75c 
Number of updated asset objects reloaded before import = 0
Number of asset objects unloaded after import = 7
========================================================================
Received Import Request.
  Time of request: 2026-09-14T21:29:26.1925274Z
  Time since last request: 0.0010426 seconds.
  importAddress: GUID: 35535e5f5785f7e4c8a49bc17d76554e - Path: Assets/SpaceSkies Free/Skybox_2/Textures/1K_Resolution/Right_1K_TEX.png - Importer: ScriptedImporter/UnityEditor.QuickSearchModule:UnityEditor.Search:ASIAI0B
Importing 'GUID: 35535e5f5785f7e4c8a49bc17d76554e - Path: Assets/SpaceSkies Free/Skybox_2/Textures/1K_Resolution/Right_1K_TEX.png - Importer: ScriptedImporter/UnityEditor.QuickSearchModule:UnityEditor.Search:ASIAI0B' with importer (ScriptedImporter : UnityEditor.QuickSearchModule:UnityEditor.Search:ASIAI0B)
Imported 'GUID: 35535e5f5785f7e4c8a49bc17d76554e' -> (Import Result ID: '55c0dbf1cc361a0d897ef5dc36f63dec') in 0.100 seconds [static and dynamic dependencies]. Details - ImportResultOutputID=12d73db93629f42d7768d5ab53aa62b9 DependenciesID=76031620ffc176b6b93605403386d712 StaticDependenciesID=d250d61f907b74af861eb0f15036c45f 
Number of updated asset objects reloaded before import = 0
Number of asset objects unloaded after import = 1
========================================================================
Received Import Request.
  Time of request: 2026-09-14T21:29:26.3108671Z
  Time since last request: 0.0008121 seconds.
  importAddress: GUID: 5ba8a898ec67759488dd22b585643d63 - Path: Assets/SpaceSkies Free/Skybox_2/Textures/4K_Resolution/Up_4K_TEX.png - Importer: ScriptedImporter/UnityEditor.QuickSearchModule:UnityEditor.Search:ASIAI0B
Importing 'GUID: 5ba8a898ec67759488dd22b585643d63 - Path: Assets/SpaceSkies Free/Skybox_2/Textures/4K_Resolution/Up_4K_TEX.png - Importer: ScriptedImporter/UnityEditor.QuickSearchModule:UnityEditor.Search:ASIAI0B' with importer (ScriptedImporter : UnityEditor.QuickSearchModule:UnityEditor.Search:ASIAI0B)
Imported 'GUID: 5ba8a898ec67759488dd22b585643d63' -> (Import Result ID: 'd063dff845730ac5c96c5a3e04eba3f6') in 0.021 seconds [static and dynamic dependencies]. Details - ImportResultOutputID=36562af28c348f47db11a7021d59c29e DependenciesID=7d48b39ae526c171641568d1686f3526 StaticDependenciesID=727268d47ec40cea8a7603dc15a61ce8 
Number of updated asset objects reloaded before import = 0
Number of asset objects unloaded after import = 1
========================================================================
Received Import Request.
  Time of request: 2026-09-14T21:29:26.3546937Z
  Time since last request: 0.0005678 seconds.
  importAddress: GUID: 9a2b23d02abff604bb3b2c8b76ee104b - Path: Assets/SpaceSkies Free/Skybox_1 - Importer: ScriptedImporter/UnityEditor.QuickSearchModule:UnityEditor.Search:ASIAI0B
Importing 'GUID: 9a2b23d02abff604bb3b2c8b76ee104b - Path: Assets/SpaceSkies Free/Skybox_1 - Importer: ScriptedImporter/UnityEditor.QuickSearchModule:UnityEditor.Search:ASIAI0B' with importer (ScriptedImporter : UnityEditor.QuickSearchModule:UnityEditor.Search:ASIAI0B)
Imported 'GUID: 9a2b23d02abff604bb3b2c8b76ee104b' -> (Import Result ID: '8a5d29f9b7070d968129d4cffebe2731') in 0.007 seconds [static and dynamic dependencies]. Details - ImportResultOutputID=3a2fb26cff7297c2ee8700d6d0d2f74e DependenciesID=a91aadd5c4ab720d0138ad8c2672b657 StaticDependenciesID=c2622654452c0dc25c995c43a992898f 
Number of updated asset objects reloaded before import = 0
Number of asset objects unloaded after import = 1
========================================================================
Received Import Request.
  Time of request: 2026-09-14T21:29:26.3845316Z
  Time since last request: 0.0011749 seconds.
  importAddress: GUID: 52d452284176b2741bc26215319bbb28 - Path: Assets/SpaceSkies Free/Skybox_1/Textures/1K_Resolution/Back_1K_TEX.png - Importer: ScriptedImporter/UnityEditor.QuickSearchModule:UnityEditor.Search:ASIAI0B
Importing 'GUID: 52d452284176b2741bc26215319bbb28 - Path: Assets/SpaceSkies Free/Skybox_1/Textures/1K_Resolution/Back_1K_TEX.png - Importer: ScriptedImporter/UnityEditor.QuickSearchModule:UnityEditor.Search:ASIAI0B' with importer (ScriptedImporter : UnityEditor.QuickSearchModule:UnityEditor.Search:ASIAI0B)
Imported 'GUID: 52d452284176b2741bc26215319bbb28' -> (Import Result ID: 'c83e9f366c983a50bc27bf093d94e547') in 0.018 seconds [static and dynamic dependencies]. Details - ImportResultOutputID=0f426d66b139411c436e8fa4e629ed7d DependenciesID=86f7fd11316a7eeb480cfd71023a71e2 StaticDependenciesID=ff0b974083741c1a3b2afbd0979ae5ef 
Number of updated asset objects reloaded before import = 0
Number of asset objects unloaded after import = 1
========================================================================
Received Import Request.
  Time of request: 2026-09-14T21:29:26.4186171Z
  Time since last request: 0.0013223 seconds.
  importAddress: GUID: 3e8bc5155c4c9ed46a63ac64c06408f3 - Path: Assets/SpaceSkies Free/Skybox_1/Pink_1K_Resolution.mat - Importer: ScriptedImporter/UnityEditor.QuickSearchModule:UnityEditor.Search:ASIAI0B
Importing 'GUID: 3e8bc5155c4c9ed46a63ac64c06408f3 - Path: Assets/SpaceSkies Free/Skybox_1/Pink_1K_Resolution.mat - Importer: ScriptedImporter/UnityEditor.QuickSearchModule:UnityEditor.Search:ASIAI0B' with importer (ScriptedImporter : UnityEditor.QuickSearchModule:UnityEditor.Search:ASIAI0B)
Imported 'GUID: 3e8bc5155c4c9ed46a63ac64c06408f3' -> (Import Result ID: 'b840a7d3876882a28b290608965b2158') in 0.035 seconds [static and dynamic dependencies]. Details - ImportResultOutputID=fcb9355cae39d869de8ae2274c6cfbf9 DependenciesID=372963abd335112470070faf39272ce0 StaticDependenciesID=a51afa433cd9891ae8ecf31683b44fe0 
Number of updated asset objects reloaded before import = 0
Number of asset objects unloaded after import = 7
========================================================================
Received Import Request.
  Time of request: 2026-09-14T21:29:26.4727191Z
  Time since last request: 0.000808 seconds.
  importAddress: GUID: 0bde09bbfbb687743ad619c46747d4e9 - Path: Assets/SpaceSkies Free/Skybox_1/Textures/1K_Resolution - Importer: ScriptedImporter/UnityEditor.QuickSearchModule:UnityEditor.Search:ASIAI0B
Importing 'GUID: 0bde09bbfbb687743ad619c46747d4e9 - Path: Assets/SpaceSkies Free/Skybox_1/Textures/1K_Resolution - Importer: ScriptedImporter/UnityEditor.QuickSearchModule:UnityEditor.Search:ASIAI0B' with importer (ScriptedImporter : UnityEditor.QuickSearchModule:UnityEditor.Search:ASIAI0B)
Imported 'GUID: 0bde09bbfbb687743ad619c46747d4e9' -> (Import Result ID: '07e19d8b9f4f5713fc3306ea350b87a9') in 0.010 seconds [static and dynamic dependencies]. Details - ImportResultOutputID=a1e9042c065ac79cb35055cf513f23f2 DependenciesID=ebddb175a5753a46d9bf7f6ecb447113 StaticDependenciesID=0c7773196965bd66ccb73950a2f679d2 
Number of updated asset objects reloaded before import = 0
Number of asset objects unloaded after import = 1
========================================================================
Received Import Request.
  Time of request: 2026-09-14T21:29:26.4994515Z
  Time since last request: 0.0005435 seconds.
  importAddress: GUID: fcc68c2cbd648c943a4a182eb75c5aec - Path: Assets/SpaceSkies Free/Skybox_1/Textures/2K_Resolution/Down_2K_TEX.png - Importer: ScriptedImporter/UnityEditor.QuickSearchModule:UnityEditor.Search:ASIAI0B
Importing 'GUID: fcc68c2cbd648c943a4a182eb75c5aec - Path: Assets/SpaceSkies Free/Skybox_1/Textures/2K_Resolution/Down_2K_TEX.png - Importer: ScriptedImporter/UnityEditor.QuickSearchModule:UnityEditor.Search:ASIAI0B' with importer (ScriptedImporter : UnityEditor.QuickSearchModule:UnityEditor.Search:ASIAI0B)
Imported 'GUID: fcc68c2cbd648c943a4a182eb75c5aec' -> (Import Result ID: '4dbff98e691e77a63df6230acb71ee57') in 0.020 seconds [static and dynamic dependencies]. Details - ImportResultOutputID=e79e4762b7d26e01760d2736f63da202 DependenciesID=b74ab8d59cc455997cb0bddc929a7a42 StaticDependenciesID=d2be280cc248d8aa25de76e24a901295 
Number of updated asset objects reloaded before import = 0
Number of asset objects unloaded after import = 1
========================================================================
Received Import Request.
  Time of request: 2026-09-14T21:29:26.5374349Z
  Time since last request: 0.001315 seconds.
  importAddress: GUID: 0df7cac303be5da4b8a48d3fef142f03 - Path: Assets/SpaceSkies Free/Skybox_1/Textures/4K_Resolution/Left_4K_TEX.png - Importer: ScriptedImporter/UnityEditor.QuickSearchModule:UnityEditor.Search:ASIAI0B
Importing 'GUID: 0df7cac303be5da4b8a48d3fef142f03 - Path: Assets/SpaceSkies Free/Skybox_1/Textures/4K_Resolution/Left_4K_TEX.png - Importer: ScriptedImporter/UnityEditor.QuickSearchModule:UnityEditor.Search:ASIAI0B' with importer (ScriptedImporter : UnityEditor.QuickSearchModule:UnityEditor.Search:ASIAI0B)
Imported 'GUID: 0df7cac303be5da4b8a48d3fef142f03' -> (Import Result ID: '1bba7911bff48477c9bad45fcd86964b') in 0.031 seconds [static and dynamic dependencies]. Details - ImportResultOutputID=ae2f5bae58c4d41ebb68aedfc7de3d1b DependenciesID=e3fba0ba92fed01f1bd021fea9b8b9ec StaticDependenciesID=4b4504b3e4283a24dba67517a381808a 
Number of updated asset objects reloaded before import = 0
Number of asset objects unloaded after import = 1
========================================================================
Received Import Request.
  Time of request: 2026-09-14T21:29:26.5875952Z
  Time since last request: 0.0012549 seconds.
  importAddress: GUID: 02cf5c3336924bf4bbeb6152a0d8da8b - Path: Assets/SpaceSkies Free/Skybox_1/Textures - Importer: ScriptedImporter/UnityEditor.QuickSearchModule:UnityEditor.Search:ASIAI0B
Importing 'GUID: 02cf5c3336924bf4bbeb6152a0d8da8b - Path: Assets/SpaceSkies Free/Skybox_1/Textures - Importer: ScriptedImporter/UnityEditor.QuickSearchModule:UnityEditor.Search:ASIAI0B' with importer (ScriptedImporter : UnityEditor.QuickSearchModule:UnityEditor.Search:ASIAI0B)
Imported 'GUID: 02cf5c3336924bf4bbeb6152a0d8da8b' -> (Import Result ID: '2db5fd7d821994e52664744da282ce86') in 0.012 seconds [static and dynamic dependencies]. Details - ImportResultOutputID=c56fd0585b71d819ea5251aefb0756d2 DependenciesID=1711536795539f448eab1dd94145047b StaticDependenciesID=2e4cb6b4b64f335e36085b029b770392 
Number of updated asset objects reloaded before import = 0
Number of asset objects unloaded after import = 1
========================================================================
Received Import Request.
  Time of request: 2026-09-14T21:29:26.6185618Z
  Time since last request: 0.0007301 seconds.
  importAddress: GUID: 8401881fcb9afd34eb383fc90bbbbddc - Path: Assets/SpaceSkies Free/Skybox_1/Pink_4K_Resolution.mat - Importer: ScriptedImporter/UnityEditor.QuickSearchModule:UnityEditor.Search:ASIAI0B
Importing 'GUID: 8401881fcb9afd34eb383fc90bbbbddc - Path: Assets/SpaceSkies Free/Skybox_1/Pink_4K_Resolution.mat - Importer: ScriptedImporter/UnityEditor.QuickSearchModule:UnityEditor.Search:ASIAI0B' with importer (ScriptedImporter : UnityEditor.QuickSearchModule:UnityEditor.Search:ASIAI0B)
Imported 'GUID: 8401881fcb9afd34eb383fc90bbbbddc' -> (Import Result ID: '32c56df90b411872e5a3e5c07e317d31') in 0.066 seconds [static and dynamic dependencies]. Details - ImportResultOutputID=2430248b5dc517ae35cc04641455dae3 DependenciesID=767fff4b2dd8fc82c1ef36934ed7759e StaticDependenciesID=c474fec233ea837e7f2738f11187ea8e 
Number of updated asset objects reloaded before import = 0
Number of asset objects unloaded after import = 7
========================================================================
Received Import Request.
  Time of request: 2026-09-14T21:29:26.701734Z
  Time since last request: 0.00127 seconds.
  importAddress: GUID: f2df341f63f55624dad25163e8c063ac - Path: Assets/SpaceSkies Free/Skybox_2/Textures/1K_Resolution/Down_1K_TEX.png - Importer: ScriptedImporter/UnityEditor.QuickSearchModule:UnityEditor.Search:ASIAI0B
Importing 'GUID: f2df341f63f55624dad25163e8c063ac - Path: Assets/SpaceSkies Free/Skybox_2/Textures/1K_Resolution/Down_1K_TEX.png - Importer: ScriptedImporter/UnityEditor.QuickSearchModule:UnityEditor.Search:ASIAI0B' with importer (ScriptedImporter : UnityEditor.QuickSearchModule:UnityEditor.Search:ASIAI0B)
Imported 'GUID: f2df341f63f55624dad25163e8c063ac' -> (Import Result ID: 'a6e01c77cfd1c5dc9fe395b807969680') in 0.041 seconds [static and dynamic dependencies]. Details - ImportResultOutputID=b567b1904c7a878b25d6999bccf127bb DependenciesID=4017702102162ab355315cf0275f4a16 StaticDependenciesID=a1da7e517c2fab1b61f550416df72add 
Number of updated asset objects reloaded before import = 0
Number of asset objects unloaded after import = 1
========================================================================
Received Import Request.
  Time of request: 2026-09-14T21:29:26.8109417Z
  Time since last request: 0.049165 seconds.
  importAddress: GUID: 3f3332868f90d9247ba60a10ab3edf8f - Path: Assets/SpaceSkies Free/Skybox_1/Textures/4K_Resolution/Down_4K_TEX.png - Importer: ScriptedImporter/UnityEditor.QuickSearchModule:UnityEditor.Search:ASIAI0B
Importing 'GUID: 3f3332868f90d9247ba60a10ab3edf8f - Path: Assets/SpaceSkies Free/Skybox_1/Textures/4K_Resolution/Down_4K_TEX.png - Importer: ScriptedImporter/UnityEditor.QuickSearchModule:UnityEditor.Search:ASIAI0B' with importer (ScriptedImporter : UnityEditor.QuickSearchModule:UnityEditor.Search:ASIAI0B)
Imported 'GUID: 3f3332868f90d9247ba60a10ab3edf8f' -> (Import Result ID: 'a13d79bf7fb229ef3beece93e8cc2782') in 0.013 seconds [static and dynamic dependencies]. Details - ImportResultOutputID=4fd2fdd1a7ec3c7be59d4cd05a48c1b7 DependenciesID=be6b0a1ee429884575d2696b10cea201 StaticDependenciesID=cf6a2c47e80d7b47cd8a6e436850fd54 
Number of updated asset objects reloaded before import = 0
Number of asset objects unloaded after import = 1
========================================================================
Received Import Request.
  Time of request: 2026-09-14T21:29:26.8409973Z
  Time since last request: 0.0005622 seconds.
  importAddress: GUID: 4be65bedc83569b48b3f0d93a0469b7c - Path: Assets/SpaceSkies Free/Skybox_2/Textures/2K_Resolution - Importer: ScriptedImporter/UnityEditor.QuickSearchModule:UnityEditor.Search:ASIAI0B
Importing 'GUID: 4be65bedc83569b48b3f0d93a0469b7c - Path: Assets/SpaceSkies Free/Skybox_2/Textures/2K_Resolution - Importer: ScriptedImporter/UnityEditor.QuickSearchModule:UnityEditor.Search:ASIAI0B' with importer (ScriptedImporter : UnityEditor.QuickSearchModule:UnityEditor.Search:ASIAI0B)
Imported 'GUID: 4be65bedc83569b48b3f0d93a0469b7c' -> (Import Result ID: '9560db158ef705c2bd8ff41e833854d2') in 0.010 seconds [static and dynamic dependencies]. Details - ImportResultOutputID=71efce13bf3878f3e34897dbcd814bf3 DependenciesID=adbbe18e70e446c577d8e0deac2db818 StaticDependenciesID=f69255271114e72a7425b1b1bd7bb14c 
Number of updated asset objects reloaded before import = 0
Number of asset objects unloaded after import = 1
========================================================================
Received Import Request.
  Time of request: 2026-09-14T21:29:26.8704498Z
  Time since last request: 0.0013703 seconds.
  importAddress: GUID: 9234250fc17e9ee4aaf2c63b8e32f4f1 - Path: Assets/SpaceSkies Free/Skybox_3/Textures - Importer: ScriptedImporter/UnityEditor.QuickSearchModule:UnityEditor.Search:ASIAI0B
Importing 'GUID: 9234250fc17e9ee4aaf2c63b8e32f4f1 - Path: Assets/SpaceSkies Free/Skybox_3/Textures - Importer: ScriptedImporter/UnityEditor.QuickSearchModule:UnityEditor.Search:ASIAI0B' with importer (ScriptedImporter : UnityEditor.QuickSearchModule:UnityEditor.Search:ASIAI0B)
Imported 'GUID: 9234250fc17e9ee4aaf2c63b8e32f4f1' -> (Import Result ID: '8ffc12d1ce8ea2c84341f3e982c12386') in 0.010 seconds [static and dynamic dependencies]. Details - ImportResultOutputID=066291d17b8fe4d715b320231a1f3bb7 DependenciesID=4e659f0c1346000af4010f7470f282a1 StaticDependenciesID=f7546400e8b14da256a2ca68c9571805 
Number of updated asset objects reloaded before import = 0
Number of asset objects unloaded after import = 1
========================================================================
Received Import Request.
  Time of request: 2026-09-14T21:29:26.8981548Z
  Time since last request: 0.0008692 seconds.
  importAddress: GUID: c8633f978b5b4574fbf3ee4ffefb9205 - Path: Assets/SpaceSkies Free/Skybox_3/Textures/2K_Resolution - Importer: ScriptedImporter/UnityEditor.QuickSearchModule:UnityEditor.Search:ASIAI0B
Importing 'GUID: c8633f978b5b4574fbf3ee4ffefb9205 - Path: Assets/SpaceSkies Free/Skybox_3/Textures/2K_Resolution - Importer: ScriptedImporter/UnityEditor.QuickSearchModule:UnityEditor.Search:ASIAI0B' with importer (ScriptedImporter : UnityEditor.QuickSearchModule:UnityEditor.Search:ASIAI0B)
Imported 'GUID: c8633f978b5b4574fbf3ee4ffefb9205' -> (Import Result ID: '7b4751f9a9cccc1f2862b0ea786cbc7e') in 0.005 seconds [static and dynamic dependencies]. Details - ImportResultOutputID=fb1b2741217812a6eff18e4c33559cac DependenciesID=263a4a3bb4e8905985d34bc4f183512f StaticDependenciesID=0aca2b9666b18fba40761a3ebe714cd4 
Number of updated asset objects reloaded before import = 0
Number of asset objects unloaded after import = 1
========================================================================
Received Import Request.
  Time of request: 2026-09-14T21:29:26.9198574Z
  Time since last request: 0.0011852 seconds.
  importAddress: GUID: 7080738d246006747964bbce844203b4 - Path: Assets/SpaceSkies Free/Demo/Scripts - Importer: ScriptedImporter/UnityEditor.QuickSearchModule:UnityEditor.Search:ASIAI0B
Importing 'GUID: 7080738d246006747964bbce844203b4 - Path: Assets/SpaceSkies Free/Demo/Scripts - Importer: ScriptedImporter/UnityEditor.QuickSearchModule:UnityEditor.Search:ASIAI0B' with importer (ScriptedImporter : UnityEditor.QuickSearchModule:UnityEditor.Search:ASIAI0B)
Imported 'GUID: 7080738d246006747964bbce844203b4' -> (Import Result ID: 'ce2f46edb2a3dbff353da1d8fe21a72f') in 0.010 seconds [static and dynamic dependencies]. Details - ImportResultOutputID=912b11b4411afeb20524479548989fe4 DependenciesID=cd1ec1df6db537429184d3fab56673cc StaticDependenciesID=a917b5f17a50b22f2d81454ab809da81 
Number of updated asset objects reloaded before import = 0
Number of asset objects unloaded after import = 1
========================================================================
Received Import Request.
  Time of request: 2026-09-14T21:29:26.951454Z
  Time since last request: 0.001272 seconds.
  importAddress: GUID: 91a1010f590c3b1468a65486fa7d0d56 - Path: Assets/SpaceSkies Free/Skybox_2/Textures/2K_Resolution/Up_2K_TEX.png - Importer: ScriptedImporter/UnityEditor.QuickSearchModule:UnityEditor.Search:ASIAI0B
Importing 'GUID: 91a1010f590c3b1468a65486fa7d0d56 - Path: Assets/SpaceSkies Free/Skybox_2/Textures/2K_Resolution/Up_2K_TEX.png - Importer: ScriptedImporter/UnityEditor.QuickSearchModule:UnityEditor.Search:ASIAI0B' with importer (ScriptedImporter : UnityEditor.QuickSearchModule:UnityEditor.Search:ASIAI0B)
Imported 'GUID: 91a1010f590c3b1468a65486fa7d0d56' -> (Import Result ID: 'e8692d8a95b8fa825b660cde3fe45d12') in 0.020 seconds [static and dynamic dependencies]. Details - ImportResultOutputID=05cceae1637573a68d8a0e385de62501 DependenciesID=1d35ec5c16d15caff89590ec38bcb089 StaticDependenciesID=744ff5a20c19a0b97b0824130c7beb7b 
Number of updated asset objects reloaded before import = 0
Number of asset objects unloaded after import = 1
========================================================================
Received Import Request.
  Time of request: 2026-09-14T21:29:26.9907792Z
  Time since last request: 0.0002987 seconds.
  importAddress: GUID: 8d89aa73e7a8ffa449bc080309db1c3c - Path: Assets/SpaceSkies Free/Skybox_2/Textures/4K_Resolution/Down_4K_TEX.png - Importer: ScriptedImporter/UnityEditor.QuickSearchModule:UnityEditor.Search:ASIAI0B
Importing 'GUID: 8d89aa73e7a8ffa449bc080309db1c3c - Path: Assets/SpaceSkies Free/Skybox_2/Textures/4K_Resolution/Down_4K_TEX.png - Importer: ScriptedImporter/UnityEditor.QuickSearchModule:UnityEditor.Search:ASIAI0B' with importer (ScriptedImporter : UnityEditor.QuickSearchModule:UnityEditor.Search:ASIAI0B)
Imported 'GUID: 8d89aa73e7a8ffa449bc080309db1c3c' -> (Import Result ID: '9d0d1bba7d801ecc721e20907a7236f8') in 0.018 seconds [static and dynamic dependencies]. Details - ImportResultOutputID=66b25089190022be7e6c402886689e69 DependenciesID=e1bbbfe3d97bcf6c2e8aab1cf30707b7 StaticDependenciesID=cf6605e1cc3aa8e74d2c2252a41bed82 
Number of updated asset objects reloaded before import = 0
Number of asset objects unloaded after import = 1
========================================================================
Received Prepare
AcceleratorClientConnectionCallback - disconnected - :0
Refreshing native plugins compatible for Editor in 2.32 ms, found 4 plugins.
Unloading 24 Unused Serialized files (Serialized files now loaded: 0)
Unloading 24 unused Assets / (2.7 MB). Loaded Objects now: 7991.
Memory consumption went from 490.9 MB to 488.2 MB.
Total: 13.831900 ms (FindLiveObjects: 0.786600 ms CreateObjectMapping: 1.498400 ms MarkObjects: 10.448200 ms  DeleteObjects: 1.095200 ms)

Prepare: number of updated asset objects reloaded= 0
========================================================================
Received Prepare
AcceleratorClientConnectionCallback - disconnected - :0
[Licensing::Client] Successfully resolved entitlement details
Begin MonoManager ReloadAssembly
You may not pass in objects that are already persistent
UnityEngine.Debug:ExtractStackTraceNoAlloc (byte*,int,string)
UnityEngine.StackTraceUtility:ExtractStackTrace ()
UnityEditorInternal.InternalEditorUtility:SaveToSerializedFileAndForgetInternal (string,UnityEngine.Object[],bool)
UnityEditorInternal.InternalEditorUtility:SaveToSerializedFileAndForget (UnityEngine.Object[],string,bool)
UnityEditor.ScriptableSingleton`1<Unity.ProjectAuditor.Editor.ProjectAuditorSettings>:Save (bool)
Unity.ProjectAuditor.Editor.ProjectAuditorSettings:Save ()
Unity.ProjectAuditor.Editor.ProjectAuditorSettings:OnDisable ()

[C:\build\output\unity\unity\Editor\Src\EditorWindowController.cpp line 140]

You may not pass in objects that are already persistent
UnityEngine.Debug:ExtractStackTraceNoAlloc (byte*,int,string)
UnityEngine.StackTraceUtility:ExtractStackTrace ()
UnityEditorInternal.InternalEditorUtility:SaveToSerializedFileAndForgetInternal (string,UnityEngine.Object[],bool)
UnityEditorInternal.InternalEditorUtility:SaveToSerializedFileAndForget (UnityEngine.Object[],string,bool)
UnityEditor.ScriptableSingleton`1<Unity.ProjectAuditor.Editor.ProjectAuditorSettings>:Save (bool)
Unity.ProjectAuditor.Editor.ProjectAuditorSettings:Save ()
Unity.ProjectAuditor.Editor.ProjectAuditorSettings:OnDisable ()

[C:\build\output\unity\unity\Editor\Src\EditorWindowController.cpp line 140]

ScriptableSingleton already exists. Did you query the singleton in a constructor?
UnityEngine.Debug:ExtractStackTraceNoAlloc (byte*,int,string)
UnityEngine.StackTraceUtility:ExtractStackTrace ()
UnityEngine.DebugLogHandler:Internal_Log (UnityEngine.LogType,UnityEngine.LogOption,string,UnityEngine.Object)
UnityEngine.DebugLogHandler:LogFormat (UnityEngine.LogType,UnityEngine.Object,string,object[])
UnityEngine.Logger:Log (UnityEngine.LogType,object)
UnityEngine.Debug:LogError (object)
UnityEditor.ScriptableSingleton`1<Unity.ProjectAuditor.Editor.ProjectAuditorSettings>:.ctor ()
Unity.ProjectAuditor.Editor.ProjectAuditorSettings:.ctor ()

Native extension for WindowsStandalone target not found
Native extension for WebGL target not found
[Package Manager] Failed to launch server process. Reason: Unity was launched with the -noUpm command-line argument
[Package Manager] Unable to send message (not connected to server process).
[Package Manager] Cannot connect to Unity Package Manager local server
[Package Manager] Failed to launch server process. Reason: Unity was launched with the -noUpm command-line argument
[Package Manager] Unable to send message (not connected to server process).
[Package Manager] Cannot connect to Unity Package Manager local server
ScheduleIndexationOnStartup MainProcess:False IndexOnStartup:True
Mono: successfully reloaded assembly
- Finished resetting the current domain, in  1.889 seconds
Domain Reload Profiling: 3453ms
	BeginReloadAssembly (579ms)
		DisableScriptedObjects (45ms)
		CreateAndSetChildDomain (178ms)
	RebuildCommonClasses (21ms)
	RebuildNativeTypeToScriptingClass (34ms)
	initialDomainReloadingComplete (139ms)
	LoadAllAssembliesAndSetupDomain (788ms)
		LoadAssemblies (785ms)
		AnalyzeDomain (39ms)
			TypeCache.Refresh (15ms)
			ResolveRequiredComponents (12ms)
	FinalizeReload (1891ms)
		SetupLoadedEditorAssemblies (0ms)
			InitializePlatformSupportModulesInManaged (5ms)
			BeforeProcessingInitializeOnLoad (197ms)
			ProcessInitializeOnLoadAttributes (635ms)
			ProcessInitializeOnLoadMethodAttributes (303ms)
			AfterProcessingInitializeOnLoad (10ms)
		AwakeInstancesAfterBackupRestoration (76ms)
Refreshing native plugins compatible for Editor in 2.79 ms, found 4 plugins.
Unloading 24 Unused Serialized files (Serialized files now loaded: 0)
Unloading 6635 unused Assets / (7.3 MB). Loaded Objects now: 7903.
Memory consumption went from 494.9 MB to 487.7 MB.
Total: 26.467400 ms (FindLiveObjects: 2.755000 ms CreateObjectMapping: 4.897400 ms MarkObjects: 9.900900 ms  DeleteObjects: 8.910500 ms)

Prepare: number of updated asset objects reloaded= 0
Editor requested this worker to shutdown with reason: Scaling down because of idle timeout
AcceleratorClientConnectionCallback - disconnected - :0
AssetImportWorker is now disconnected from the server
Process exiting
Exiting without the bug reporter. Application will terminate with return code 0