[Licensing::Module] Trying to connect to existing licensing client channel...
Built from '6000.5/staging' branch; Version is '6000.5.9f1 (b57deb96f08d) revision 11894251'; Using compiler version '194234433'; Build Type 'Release'
OS: 'Windows 11  (10.0.26200) Core' Language: 'en' Physical Memory: 16125 MB
[Licensing::IpcConnector] Successfully connected to: "LicenseClient-golfa" at "2026-09-14T19:37:05.8270912Z"
BatchMode: 1, IsHumanControllingUs: 0, StartBugReporterOnCrash: 0, Is64bit: 1
System  architecture: x64
Process architecture: x64
Date: 2026-09-14T19:37:05Z
[Licensing::Client] Code 10 while verifying Licensing Client signature (process Id: 16192, path: "C:/Program Files/Unity Hub/UnityLicensingClient_V1/Unity.Licensing.Client.exe")
[Licensing::Module] LicensingClient has failed validation; ignoring
[Licensing::Client] Handshaking with LicensingClient:
  Version:                 1.18.3+d7ffd15
  Session Id:              f983450182a648c5a4895160a22d0418
  Correlation Id:          072e5d8d47958b7b3cefe669362c5ab1
  External correlation Id: 3844192617850788272
  Machine Id:              FUnE4I3JiGVUYJ7CitaydDp0Olk=
[Licensing::Module] Successfully connected to LicensingClient on channel: "LicenseClient-golfa" (connect: 0.00s, validation: 0.00s, handshake: 0.03s)
[Licensing::IpcConnector] Successfully connected to: "LicenseClient-golfa-notifications" at "2026-09-14T19:37:05.8597644Z"
[Licensing::Module] Licensing Background thread has ended after 0.03s

COMMAND LINE ARGUMENTS:
C:\Program Files\Unity\Hub\Editor\6000.5.9f1\Editor\Unity.exe
-adb2
-batchMode
-noUpm
-name
AssetImportWorkerHW0
-projectPath
C:/Users/golfa/Rocket
-logFile
Logs/AssetImportWorkerHW0.log
-srvPort
63768
-parentPid
28452
-analyticsCloudUserId
anonymous
-analyticsLocalProjectId
64207c39853c3f149af8c67a4b542fb9
-editorAnalyticsEnabled
1
-cbmEditorLicense
2483fd98348eaff93f7cb9b040f9533a53650a6a
-cbmMachineId
FUnE4I3JiGVUYJ7CitaydDp0Olk=
-licensingIpc
LicenseClient-golfa
-noDiagnosticSwitchPersistentStore
-job-worker-count
9
-background-job-worker-count
8
-asset-garbage-collectors
1
-force-d3d12
-name
AssetImport
Successfully changed project path to: C:/Users/golfa/Rocket
C:/Users/golfa/Rocket
[UnityMemory] Configuration Parameters - Can be set up in boot.config
    "memorysetup-temp-allocator-size-gi-baking-worker=262144"
    "memorysetup-temp-allocator-size-gi-baking-worker=262144"
    "memorysetup-temp-allocator-size-gi-baking-worker=262144"
    "memorysetup-temp-allocator-size-gi-baking-worker=262144"
    "memorysetup-temp-allocator-size-gi-baking-worker=262144"
    "memorysetup-temp-allocator-size-nav-mesh-worker=65536"
    "memorysetup-temp-allocator-size-audio-worker=65536"
    "memorysetup-temp-allocator-size-cloud-worker=32768"
    "memorysetup-temp-allocator-size-gfx=262144"
    "memorysetup-remapper-allocator-initial-capacity=32768"
    "memorysetup-temp-allocator-size-preload-manager=33554432"
    "memorysetup-allocator-temp-initial-block-size-main=262144"
    "memorysetup-allocator-temp-initial-block-size-worker=262144"
    "memorysetup-temp-allocator-size-job-worker=262144"
    "memorysetup-temp-allocator-size-background-worker=32768"
    "memorysetup-bucket-allocator-granularity=16"
    "memorysetup-bucket-allocator-bucket-count=8"
    "memorysetup-bucket-allocator-block-size=33554432"
    "memorysetup-bucket-allocator-block-count=8"
    "memorysetup-main-allocator-block-size=16777216"
    "memorysetup-thread-allocator-block-size=16777216"
    "memorysetup-main-allocator-mimalloc-enabled=0"
    "memorysetup-gfx-main-allocator-block-size=16777216"
    "memorysetup-gfx-thread-allocator-block-size=16777216"
    "memorysetup-cache-allocator-block-size=4194304"
    "memorysetup-typetree-allocator-block-size=2097152"
    "memorysetup-profiler-bucket-allocator-granularity=16"
    "memorysetup-profiler-bucket-allocator-bucket-count=8"
    "memorysetup-profiler-bucket-allocator-block-size=33554432"
    "memorysetup-profiler-bucket-allocator-block-count=8"
    "memorysetup-profiler-allocator-block-size=16777216"
    "memorysetup-profiler-editor-allocator-block-size=1048576"
    "memorysetup-temp-allocator-size-main=16777216"
    "memorysetup-job-temp-allocator-block-size=2097152"
    "memorysetup-job-temp-allocator-block-size-background=1048576"
    "memorysetup-job-temp-allocator-reduction-small-platforms=262144"
Player connection [13064]  Target information:

Player connection [13064]  * "[IP] 192.168.1.100 [Port] 0 [Flags] 2 [Guid] 3061134029 [EditorId] 3061134029 [Version] 1048832 [Id] WindowsEditor(7,Onejack) [Debug] 1 [PackageName] WindowsEditor [ProjectName] Editor" 

Player connection [13064] Host joined multi-casting on [225.0.0.222:54997]...
Player connection [13064] Host joined alternative multi-casting on [225.0.0.222:34997]...
JobSystem: Creating JobQueue using job-worker-count value 9
Input System module state changed to: Initialized.
[Physics::Module] Initialized fallback backend.
[Physics::Module] Id: 0xdecafbad
Library Redirect Path: Library/
[Physics::Module] Selected backend.
[Physics::Module] Name: PhysX
[Physics::Module] Id: 0xf2b8ea05
[Physics::Module] SDK Version: 4.1.2
[Physics::Module] Integration Version: 1.0.0
[Physics::Module] Threading Mode: Multi-Threaded
Refreshing native plugins compatible for Editor in 2.47 ms, found 4 plugins.
Initialize engine version: 6000.5.9f1 (b57deb96f08d)
[Subsystems] Discovering subsystems at path C:/Program Files/Unity/Hub/Editor/6000.5.9f1/Editor/Data/Resources/UnitySubsystems
[Subsystems] Discovering subsystems at path C:/Users/golfa/Rocket/Assets
Forcing GfxDevice: Direct3D 12
GfxDevice: creating device client; kGfxThreadingModeNonThreaded
d3d12: failed to query info queue interface (0x80004002).
Direct3D:
    Version:         Direct3D 12 [level 12.2]
    Renderer:        NVIDIA GeForce RTX 4060 Ti (ID=0x2803)
    Vendor:          NVIDIA
    VRAM:            7949 MB
    App VRAM Budget: 7181 MB
    Driver:          32.0.16.1088
Initialize mono
Mono path[0] = 'C:/Program Files/Unity/Hub/Editor/6000.5.9f1/Editor/Data/Managed'
Mono path[1] = 'C:/Program Files/Unity/Hub/Editor/6000.5.9f1/Editor/Data/BCLExtensions/runtime/netstandard2.1'
Mono path[2] = 'C:/Program Files/Unity/Hub/Editor/6000.5.9f1/Editor/Data/MonoBleedingEdge/lib/mono/unityjit-win32'
Mono config path = 'C:/Program Files/Unity/Hub/Editor/6000.5.9f1/Editor/Data/MonoBleedingEdge/etc'
Using monoOptions --debugger-agent=transport=dt_socket,embedding=1,server=y,suspend=n,address=127.0.0.1:56056
CodeReloadManager initialized
Begin MonoManager ReloadAssembly
Registering precompiled unity dll's ...
Register platform support module: C:/Program Files/Unity/Hub/Editor/6000.5.9f1/Editor/Data/PlaybackEngines/WebGLSupport/UnityEditor.WebGL.Extensions.dll
Register platform support module: C:/Program Files/Unity/Hub/Editor/6000.5.9f1/Editor/Data/PlaybackEngines/WindowsStandaloneSupport/UnityEditor.WindowsStandalone.Extensions.dll
Registered in 0.001439 seconds.
Native extension for WindowsStandalone target not found
Native extension for WebGL target not found
Package Manager log level set to [2]
[Package Manager] Failed to launch server process. Reason: Unity was launched with the -noUpm command-line argument
[Package Manager] Unable to send message (not connected to server process).
[Package Manager] Cannot connect to Unity Package Manager local server
ScheduleIndexationOnStartup MainProcess:False IndexOnStartup:True
Mono: successfully reloaded assembly
- Finished resetting the current domain, in  0.567 seconds
Domain Reload Profiling: 1044ms
	BeginReloadAssembly (109ms)
	RebuildCommonClasses (5ms)
	RebuildNativeTypeToScriptingClass (15ms)
	initialDomainReloadingComplete (59ms)
	LoadAllAssembliesAndSetupDomain (287ms)
		LoadAssemblies (106ms)
		AnalyzeDomain (193ms)
			TypeCache.Refresh (191ms)
				TypeCache.ScanAssembly (177ms)
	FinalizeReload (568ms)
		SetupLoadedEditorAssemblies (0ms)
			InitializePlatformSupportModulesInManaged (3ms)
			BeforeProcessingInitializeOnLoad (144ms)
			ProcessInitializeOnLoadAttributes (113ms)
			ProcessInitializeOnLoadMethodAttributes (216ms)
Initializing Unity extensions:
[Licensing::Client] Successfully resolved entitlement details
[Licensing::Module] License group:
  Id: 18967218653225-UnityPersXXXX
  Product: Unity Personal
  Type: Assigned
  Expiration: Unlimited
========================================================================
Worker process is ready to serve import requests
Import Worker Mode flag is 0x00
Begin MonoManager ReloadAssembly
Native extension for WindowsStandalone target not found
Native extension for WebGL target not found
[Package Manager] Failed to launch server process. Reason: Unity was launched with the -noUpm command-line argument
[Package Manager] Unable to send message (not connected to server process).
[Package Manager] Cannot connect to Unity Package Manager local server
[Package Manager] Failed to launch server process. Reason: Unity was launched with the -noUpm command-line argument
[Package Manager] Unable to send message (not connected to server process).
[Package Manager] Cannot connect to Unity Package Manager local server
ScheduleIndexationOnStartup MainProcess:False IndexOnStartup:True
Mono: successfully reloaded assembly
- Finished resetting the current domain, in  0.690 seconds
Domain Reload Profiling: 1476ms
	BeginReloadAssembly (183ms)
		DisableScriptedObjects (9ms)
		CreateAndSetChildDomain (29ms)
	RebuildCommonClasses (7ms)
	RebuildNativeTypeToScriptingClass (14ms)
	initialDomainReloadingComplete (50ms)
	LoadAllAssembliesAndSetupDomain (531ms)
		LoadAssemblies (304ms)
		AnalyzeDomain (211ms)
			TypeCache.Refresh (150ms)
				TypeCache.ScanAssembly (137ms)
			BuildScriptInfoCaches (55ms)
			ResolveRequiredComponents (4ms)
	FinalizeReload (691ms)
		SetupLoadedEditorAssemblies (0ms)
			InitializePlatformSupportModulesInManaged (3ms)
			BeforeProcessingInitializeOnLoad (81ms)
			ProcessInitializeOnLoadAttributes (263ms)
			ProcessInitializeOnLoadMethodAttributes (115ms)
			AfterProcessingInitializeOnLoad (4ms)
		AwakeInstancesAfterBackupRestoration (9ms)
AcceleratorClientConnectionCallback - disconnected - :0
Launched and connected shader compiler UnityShaderCompiler.exe after 0.01 seconds
Unloading 24 Unused Serialized files (Serialized files now loaded: 0)
Curl error 3: URL rejected: Malformed input to a URL function
Unloading 6634 unused Assets / (6.3 MB). Loaded Objects now: 7611.
Memory consumption went from 335.3 MB to 329.1 MB.
Total: 9.527400 ms (FindLiveObjects: 0.542600 ms CreateObjectMapping: 2.307000 ms MarkObjects: 4.004500 ms  DeleteObjects: 2.671100 ms)

========================================================================
Received Prepare
AcceleratorClientConnectionCallback - disconnected - :0
Unloading 24 Unused Serialized files (Serialized files now loaded: 0)
Unloading 24 unused Assets / (2.7 MB). Loaded Objects now: 7611.
Memory consumption went from 328.0 MB to 325.3 MB.
Total: 6.685900 ms (FindLiveObjects: 0.551600 ms CreateObjectMapping: 0.837600 ms MarkObjects: 4.911400 ms  DeleteObjects: 0.384300 ms)

Prepare: number of updated asset objects reloaded= 0
========================================================================
Received Import Request.
  Time of request: 2026-09-14T19:37:10.7077735Z
  Time since last request: 144.369227 seconds.
  importAddress: GUID: 99c9720ab356a0642a771bea13969a05 - Path: Assets/Scenes/SampleScene.unity - Importer: ScriptedImporter/UnityEditor.QuickSearchModule:UnityEditor.Search:ASIAI0B
Importing 'GUID: 99c9720ab356a0642a771bea13969a05 - Path: Assets/Scenes/SampleScene.unity - Importer: ScriptedImporter/UnityEditor.QuickSearchModule:UnityEditor.Search:ASIAI0B' with importer (ScriptedImporter : UnityEditor.QuickSearchModule:UnityEditor.Search:ASIAI0B)
Imported 'GUID: 99c9720ab356a0642a771bea13969a05' -> (Import Result ID: 'dd7451c5ef1732a33c0896c09cf484e2') in 0.068 seconds [static and dynamic dependencies]. Details - ImportResultOutputID=6718b8c53a9d5ebac78602662d8494f8 DependenciesID=72d21e73c16f3a36e01cdd763576c0a7 StaticDependenciesID=ec21cdc1bb7ce2bfb54440ed6597e92e 
Number of updated asset objects reloaded before import = 0
Number of asset objects unloaded after import = 1
========================================================================
Received Import Request.
  Time of request: 2026-09-14T19:37:10.7873218Z
  Time since last request: 0.0002968 seconds.
  importAddress: GUID: a00992adbdb45434cb22de26a90d7cc6 - Path: Assets/Material/New Material.mat - Importer: ScriptedImporter/UnityEditor.QuickSearchModule:UnityEditor.Search:ASIAI0B
Importing 'GUID: a00992adbdb45434cb22de26a90d7cc6 - Path: Assets/Material/New Material.mat - Importer: ScriptedImporter/UnityEditor.QuickSearchModule:UnityEditor.Search:ASIAI0B' with importer (ScriptedImporter : UnityEditor.QuickSearchModule:UnityEditor.Search:ASIAI0B)
Imported 'GUID: a00992adbdb45434cb22de26a90d7cc6' -> (Import Result ID: 'c26fbbe0ed1b7e88d91f4a9d843b0c03') in 0.034 seconds [static and dynamic dependencies]. Details - ImportResultOutputID=a2bcc271eb5df9663cb6532a9591635e DependenciesID=61e0e6afcc7aa6d3adb82e9aee40a18b StaticDependenciesID=af68d964cf18f0431fe1ac964dd88ed5 
Number of updated asset objects reloaded before import = 0
Number of asset objects unloaded after import = 2
========================================================================
Received Prepare
AcceleratorClientConnectionCallback - disconnected - :0
Refreshing native plugins compatible for Editor in 2.57 ms, found 4 plugins.
Unloading 24 Unused Serialized files (Serialized files now loaded: 0)
Unloading 6619 unused Assets / (6.8 MB). Loaded Objects now: 7613.
Memory consumption went from 335.8 MB to 329.0 MB.
Total: 178.444900 ms (FindLiveObjects: 11.588600 ms CreateObjectMapping: 4.504700 ms MarkObjects: 154.717100 ms  DeleteObjects: 7.629000 ms)

Prepare: number of updated asset objects reloaded= 0
========================================================================
Received Import Request.
  Time of request: 2026-09-14T19:38:52.3002564Z
  Time since last request: 101.4695463 seconds.
  importAddress: GUID: ddfab16af75a799468df8eb8410342ff - Path: Assets/Script/CoinSpawner.cs - Importer: PreviewImporter
Importing 'GUID: ddfab16af75a799468df8eb8410342ff - Path: Assets/Script/CoinSpawner.cs - Importer: PreviewImporter' with importer (PreviewImporter)
Imported 'GUID: ddfab16af75a799468df8eb8410342ff' -> (Import Result ID: '2507655ebddc7980d9b87c5153b62633') in 0.033 seconds [static and dynamic dependencies]. Details - ImportResultOutputID=53c137b1ffaa7950fe3c7b3551efed11 DependenciesID=35b631bb64262e73f1da3b4cb4a4652b StaticDependenciesID=4d876d274e07a817ea97f05e780d371d 
Number of updated asset objects reloaded before import = 0
Number of asset objects unloaded after import = 0
========================================================================
Received Prepare
AcceleratorClientConnectionCallback - disconnected - :0
[Licensing::Client] Successfully resolved entitlement details
Begin MonoManager ReloadAssembly
Refreshing native plugins compatible for Editor in 6.13 ms, found 4 plugins.
Native extension for WindowsStandalone target not found
Native extension for WebGL target not found
[Package Manager] Failed to launch server process. Reason: Unity was launched with the -noUpm command-line argument
[Package Manager] Unable to send message (not connected to server process).
[Package Manager] Cannot connect to Unity Package Manager local server
[Package Manager] Failed to launch server process. Reason: Unity was launched with the -noUpm command-line argument
[Package Manager] Unable to send message (not connected to server process).
[Package Manager] Cannot connect to Unity Package Manager local server
ScheduleIndexationOnStartup MainProcess:False IndexOnStartup:True
Mono: successfully reloaded assembly
- Finished resetting the current domain, in  1.880 seconds
Domain Reload Profiling: 5149ms
	BeginReloadAssembly (1233ms)
		DisableScriptedObjects (127ms)
		CreateAndSetChildDomain (454ms)
	RebuildCommonClasses (17ms)
	RebuildNativeTypeToScriptingClass (32ms)
	initialDomainReloadingComplete (169ms)
	LoadAllAssembliesAndSetupDomain (1816ms)
		LoadAssemblies (1329ms)
		AnalyzeDomain (581ms)
			TypeCache.Refresh (98ms)
			BuildScriptInfoCaches (436ms)
			ResolveRequiredComponents (15ms)
	FinalizeReload (1882ms)
		SetupLoadedEditorAssemblies (0ms)
			InitializePlatformSupportModulesInManaged (5ms)
			BeforeProcessingInitializeOnLoad (184ms)
			ProcessInitializeOnLoadAttributes (787ms)
			ProcessInitializeOnLoadMethodAttributes (226ms)
			AfterProcessingInitializeOnLoad (11ms)
		AwakeInstancesAfterBackupRestoration (45ms)
Refreshing native plugins compatible for Editor in 2.07 ms, found 4 plugins.
Unloading 24 Unused Serialized files (Serialized files now loaded: 0)
Unloading 6630 unused Assets / (6.7 MB). Loaded Objects now: 7657.
Memory consumption went from 350.7 MB to 343.9 MB.
Total: 18.942800 ms (FindLiveObjects: 1.174700 ms CreateObjectMapping: 4.437100 ms MarkObjects: 7.743200 ms  DeleteObjects: 5.583700 ms)

Prepare: number of updated asset objects reloaded= 0
========================================================================
Received Prepare
AcceleratorClientConnectionCallback - disconnected - :0
Begin MonoManager ReloadAssembly
Refreshing native plugins compatible for Editor in 2.00 ms, found 4 plugins.
Native extension for WindowsStandalone target not found
Native extension for WebGL target not found
[Package Manager] Failed to launch server process. Reason: Unity was launched with the -noUpm command-line argument
[Package Manager] Unable to send message (not connected to server process).
[Package Manager] Cannot connect to Unity Package Manager local server
[Package Manager] Failed to launch server process. Reason: Unity was launched with the -noUpm command-line argument
[Package Manager] Unable to send message (not connected to server process).
[Package Manager] Cannot connect to Unity Package Manager local server
ScheduleIndexationOnStartup MainProcess:False IndexOnStartup:True
Mono: successfully reloaded assembly
- Finished resetting the current domain, in  1.317 seconds
Domain Reload Profiling: 2596ms
	BeginReloadAssembly (443ms)
		DisableScriptedObjects (22ms)
		CreateAndSetChildDomain (108ms)
	RebuildCommonClasses (18ms)
	RebuildNativeTypeToScriptingClass (31ms)
	initialDomainReloadingComplete (103ms)
	LoadAllAssembliesAndSetupDomain (682ms)
		LoadAssemblies (648ms)
		AnalyzeDomain (34ms)
			TypeCache.Refresh (17ms)
			ResolveRequiredComponents (10ms)
	FinalizeReload (1319ms)
		SetupLoadedEditorAssemblies (0ms)
			InitializePlatformSupportModulesInManaged (4ms)
			BeforeProcessingInitializeOnLoad (156ms)
			ProcessInitializeOnLoadAttributes (454ms)
			ProcessInitializeOnLoadMethodAttributes (224ms)
			AfterProcessingInitializeOnLoad (10ms)
		AwakeInstancesAfterBackupRestoration (48ms)
Unloading 24 Unused Serialized files (Serialized files now loaded: 0)
Unloading 6630 unused Assets / (7.7 MB). Loaded Objects now: 7660.
Memory consumption went from 352.4 MB to 344.8 MB.
Total: 23.909700 ms (FindLiveObjects: 1.076100 ms CreateObjectMapping: 5.003500 ms MarkObjects: 10.385000 ms  DeleteObjects: 7.441500 ms)

Prepare: number of updated asset objects reloaded= 0
========================================================================
Received Prepare
AcceleratorClientConnectionCallback - disconnected - :0
Refreshing native plugins compatible for Editor in 2.27 ms, found 4 plugins.
Unloading 24 Unused Serialized files (Serialized files now loaded: 0)
Unloading 6619 unused Assets / (7.3 MB). Loaded Objects now: 7660.
Memory consumption went from 355.4 MB to 348.1 MB.
Total: 32.963300 ms (FindLiveObjects: 1.830900 ms CreateObjectMapping: 3.710300 ms MarkObjects: 19.048100 ms  DeleteObjects: 8.261300 ms)

Prepare: number of updated asset objects reloaded= 0
========================================================================
Received Prepare
AcceleratorClientConnectionCallback - disconnected - :0
[Licensing::Client] Successfully resolved entitlement details
Begin MonoManager ReloadAssembly
Native extension for WindowsStandalone target not found
Native extension for WebGL target not found
[Package Manager] Failed to launch server process. Reason: Unity was launched with the -noUpm command-line argument
[Package Manager] Unable to send message (not connected to server process).
[Package Manager] Cannot connect to Unity Package Manager local server
[Package Manager] Failed to launch server process. Reason: Unity was launched with the -noUpm command-line argument
[Package Manager] Unable to send message (not connected to server process).
[Package Manager] Cannot connect to Unity Package Manager local server
ScheduleIndexationOnStartup MainProcess:False IndexOnStartup:True
Mono: successfully reloaded assembly
- Finished resetting the current domain, in  1.254 seconds
Domain Reload Profiling: 2983ms
	BeginReloadAssembly (527ms)
		DisableScriptedObjects (39ms)
		CreateAndSetChildDomain (137ms)
	RebuildCommonClasses (17ms)
	RebuildNativeTypeToScriptingClass (25ms)
	initialDomainReloadingComplete (107ms)
	LoadAllAssembliesAndSetupDomain (1052ms)
		LoadAssemblies (670ms)
		AnalyzeDomain (388ms)
			TypeCache.Refresh (25ms)
			BuildScriptInfoCaches (347ms)
			ResolveRequiredComponents (10ms)
	FinalizeReload (1256ms)
		SetupLoadedEditorAssemblies (0ms)
			InitializePlatformSupportModulesInManaged (5ms)
			BeforeProcessingInitializeOnLoad (159ms)
			ProcessInitializeOnLoadAttributes (445ms)
			ProcessInitializeOnLoadMethodAttributes (192ms)
			AfterProcessingInitializeOnLoad (8ms)
		AwakeInstancesAfterBackupRestoration (51ms)
Refreshing native plugins compatible for Editor in 2.04 ms, found 4 plugins.
Unloading 24 Unused Serialized files (Serialized files now loaded: 0)
Unloading 6630 unused Assets / (6.4 MB). Loaded Objects now: 7663.
Memory consumption went from 361.3 MB to 354.9 MB.
Total: 16.231600 ms (FindLiveObjects: 1.020700 ms CreateObjectMapping: 4.243600 ms MarkObjects: 6.083300 ms  DeleteObjects: 4.881000 ms)

Prepare: number of updated asset objects reloaded= 0
========================================================================
Received Prepare
AcceleratorClientConnectionCallback - disconnected - :0
Begin MonoManager ReloadAssembly
Refreshing native plugins compatible for Editor in 2.26 ms, found 4 plugins.
Native extension for WindowsStandalone target not found
Native extension for WebGL target not found
[Package Manager] Failed to launch server process. Reason: Unity was launched with the -noUpm command-line argument
[Package Manager] Unable to send message (not connected to server process).
[Package Manager] Cannot connect to Unity Package Manager local server
[Package Manager] Failed to launch server process. Reason: Unity was launched with the -noUpm command-line argument
[Package Manager] Unable to send message (not connected to server process).
[Package Manager] Cannot connect to Unity Package Manager local server
ScheduleIndexationOnStartup MainProcess:False IndexOnStartup:True
Mono: successfully reloaded assembly
- Finished resetting the current domain, in  1.217 seconds
Domain Reload Profiling: 2310ms
	BeginReloadAssembly (371ms)
		DisableScriptedObjects (18ms)
		CreateAndSetChildDomain (98ms)
	RebuildCommonClasses (16ms)
	RebuildNativeTypeToScriptingClass (26ms)
	initialDomainReloadingComplete (92ms)
	LoadAllAssembliesAndSetupDomain (587ms)
		LoadAssemblies (524ms)
		AnalyzeDomain (33ms)
			TypeCache.Refresh (17ms)
			ResolveRequiredComponents (10ms)
	FinalizeReload (1219ms)
		SetupLoadedEditorAssemblies (0ms)
			InitializePlatformSupportModulesInManaged (4ms)
			BeforeProcessingInitializeOnLoad (149ms)
			ProcessInitializeOnLoadAttributes (433ms)
			ProcessInitializeOnLoadMethodAttributes (189ms)
			AfterProcessingInitializeOnLoad (8ms)
		AwakeInstancesAfterBackupRestoration (43ms)
Unloading 24 Unused Serialized files (Serialized files now loaded: 0)
Unloading 6630 unused Assets / (6.7 MB). Loaded Objects now: 7666.
Memory consumption went from 364.9 MB to 358.2 MB.
Total: 19.870300 ms (FindLiveObjects: 1.212000 ms CreateObjectMapping: 4.876100 ms MarkObjects: 8.112000 ms  DeleteObjects: 5.667800 ms)

Prepare: number of updated asset objects reloaded= 0
========================================================================
Received Prepare
AcceleratorClientConnectionCallback - disconnected - :0
Begin MonoManager ReloadAssembly
Refreshing native plugins compatible for Editor in 3.04 ms, found 4 plugins.
Native extension for WindowsStandalone target not found
Native extension for WebGL target not found
[Package Manager] Failed to launch server process. Reason: Unity was launched with the -noUpm command-line argument
[Package Manager] Unable to send message (not connected to server process).
[Package Manager] Cannot connect to Unity Package Manager local server
[Package Manager] Failed to launch server process. Reason: Unity was launched with the -noUpm command-line argument
[Package Manager] Unable to send message (not connected to server process).
[Package Manager] Cannot connect to Unity Package Manager local server
ScheduleIndexationOnStartup MainProcess:False IndexOnStartup:True
Mono: successfully reloaded assembly
- Finished resetting the current domain, in  1.175 seconds
Domain Reload Profiling: 2319ms
	BeginReloadAssembly (382ms)
		DisableScriptedObjects (19ms)
		CreateAndSetChildDomain (90ms)
	RebuildCommonClasses (18ms)
	RebuildNativeTypeToScriptingClass (32ms)
	initialDomainReloadingComplete (99ms)
	LoadAllAssembliesAndSetupDomain (610ms)
		LoadAssemblies (579ms)
		AnalyzeDomain (29ms)
			TypeCache.Refresh (14ms)
			ResolveRequiredComponents (9ms)
	FinalizeReload (1177ms)
		SetupLoadedEditorAssemblies (0ms)
			InitializePlatformSupportModulesInManaged (5ms)
			BeforeProcessingInitializeOnLoad (146ms)
			ProcessInitializeOnLoadAttributes (421ms)
			ProcessInitializeOnLoadMethodAttributes (182ms)
			AfterProcessingInitializeOnLoad (8ms)
		AwakeInstancesAfterBackupRestoration (39ms)
Refreshing native plugins compatible for Editor in 2.32 ms, found 4 plugins.
Unloading 24 Unused Serialized files (Serialized files now loaded: 0)
Unloading 6630 unused Assets / (6.6 MB). Loaded Objects now: 7669.
Memory consumption went from 367.8 MB to 361.2 MB.
Total: 19.777300 ms (FindLiveObjects: 1.074800 ms CreateObjectMapping: 4.592700 ms MarkObjects: 8.431600 ms  DeleteObjects: 5.674700 ms)

Prepare: number of updated asset objects reloaded= 0
========================================================================
Received Prepare
AcceleratorClientConnectionCallback - disconnected - :0
[Licensing::Client] Successfully resolved entitlement details
Begin MonoManager ReloadAssembly
Native extension for WindowsStandalone target not found
Native extension for WebGL target not found
[Package Manager] Failed to launch server process. Reason: Unity was launched with the -noUpm command-line argument
[Package Manager] Unable to send message (not connected to server process).
[Package Manager] Cannot connect to Unity Package Manager local server
[Package Manager] Failed to launch server process. Reason: Unity was launched with the -noUpm command-line argument
[Package Manager] Unable to send message (not connected to server process).
[Package Manager] Cannot connect to Unity Package Manager local server
ScheduleIndexationOnStartup MainProcess:False IndexOnStartup:True
Mono: successfully reloaded assembly
- Finished resetting the current domain, in  1.212 seconds
Domain Reload Profiling: 2280ms
	BeginReloadAssembly (363ms)
		DisableScriptedObjects (17ms)
		CreateAndSetChildDomain (90ms)
	RebuildCommonClasses (22ms)
	RebuildNativeTypeToScriptingClass (35ms)
	initialDomainReloadingComplete (92ms)
	LoadAllAssembliesAndSetupDomain (554ms)
		LoadAssemblies (520ms)
		AnalyzeDomain (22ms)
			TypeCache.Refresh (11ms)
			ResolveRequiredComponents (7ms)
	FinalizeReload (1214ms)
		SetupLoadedEditorAssemblies (0ms)
			InitializePlatformSupportModulesInManaged (4ms)
			BeforeProcessingInitializeOnLoad (150ms)
			ProcessInitializeOnLoadAttributes (438ms)
			ProcessInitializeOnLoadMethodAttributes (187ms)
			AfterProcessingInitializeOnLoad (9ms)
		AwakeInstancesAfterBackupRestoration (43ms)
Unloading 24 Unused Serialized files (Serialized files now loaded: 0)
Unloading 6630 unused Assets / (6.0 MB). Loaded Objects now: 7672.
Memory consumption went from 370.8 MB to 364.8 MB.
Total: 17.566900 ms (FindLiveObjects: 1.035200 ms CreateObjectMapping: 4.897500 ms MarkObjects: 6.504200 ms  DeleteObjects: 5.127600 ms)

Prepare: number of updated asset objects reloaded= 0
========================================================================
Received Prepare
AcceleratorClientConnectionCallback - disconnected - :0
Begin MonoManager ReloadAssembly
Refreshing native plugins compatible for Editor in 2.24 ms, found 4 plugins.
Native extension for WindowsStandalone target not found
Native extension for WebGL target not found
[Package Manager] Failed to launch server process. Reason: Unity was launched with the -noUpm command-line argument
[Package Manager] Unable to send message (not connected to server process).
[Package Manager] Cannot connect to Unity Package Manager local server
[Package Manager] Failed to launch server process. Reason: Unity was launched with the -noUpm command-line argument
[Package Manager] Unable to send message (not connected to server process).
[Package Manager] Cannot connect to Unity Package Manager local server
ScheduleIndexationOnStartup MainProcess:False IndexOnStartup:True
Mono: successfully reloaded assembly
- Finished resetting the current domain, in  1.178 seconds
Domain Reload Profiling: 2264ms
	BeginReloadAssembly (363ms)
		DisableScriptedObjects (26ms)
		CreateAndSetChildDomain (94ms)
	RebuildCommonClasses (17ms)
	RebuildNativeTypeToScriptingClass (21ms)
	initialDomainReloadingComplete (85ms)
	LoadAllAssembliesAndSetupDomain (598ms)
		LoadAssemblies (528ms)
		AnalyzeDomain (32ms)
			TypeCache.Refresh (15ms)
			ResolveRequiredComponents (10ms)
	FinalizeReload (1179ms)
		SetupLoadedEditorAssemblies (0ms)
			InitializePlatformSupportModulesInManaged (4ms)
			BeforeProcessingInitializeOnLoad (147ms)
			ProcessInitializeOnLoadAttributes (431ms)
			ProcessInitializeOnLoadMethodAttributes (181ms)
			AfterProcessingInitializeOnLoad (11ms)
		AwakeInstancesAfterBackupRestoration (35ms)
Refreshing native plugins compatible for Editor in 2.07 ms, found 4 plugins.
Unloading 24 Unused Serialized files (Serialized files now loaded: 0)
Unloading 6630 unused Assets / (6.6 MB). Loaded Objects now: 7675.
Memory consumption went from 374.9 MB to 368.2 MB.
Total: 19.735800 ms (FindLiveObjects: 1.258400 ms CreateObjectMapping: 4.060500 ms MarkObjects: 8.246500 ms  DeleteObjects: 6.166800 ms)

Prepare: number of updated asset objects reloaded= 0
========================================================================
Received Prepare
AcceleratorClientConnectionCallback - disconnected - :0
Begin MonoManager ReloadAssembly
Native extension for WindowsStandalone target not found
Native extension for WebGL target not found
[Package Manager] Failed to launch server process. Reason: Unity was launched with the -noUpm command-line argument
[Package Manager] Unable to send message (not connected to server process).
[Package Manager] Cannot connect to Unity Package Manager local server
[Package Manager] Failed to launch server process. Reason: Unity was launched with the -noUpm command-line argument
[Package Manager] Unable to send message (not connected to server process).
[Package Manager] Cannot connect to Unity Package Manager local server
ScheduleIndexationOnStartup MainProcess:False IndexOnStartup:True
Mono: successfully reloaded assembly
- Finished resetting the current domain, in  1.192 seconds
Domain Reload Profiling: 2267ms
	BeginReloadAssembly (376ms)
		DisableScriptedObjects (17ms)
		CreateAndSetChildDomain (95ms)
	RebuildCommonClasses (19ms)
	RebuildNativeTypeToScriptingClass (25ms)
	initialDomainReloadingComplete (91ms)
	LoadAllAssembliesAndSetupDomain (562ms)
		LoadAssemblies (526ms)
		AnalyzeDomain (27ms)
			TypeCache.Refresh (12ms)
			ResolveRequiredComponents (9ms)
	FinalizeReload (1194ms)
		SetupLoadedEditorAssemblies (0ms)
			InitializePlatformSupportModulesInManaged (4ms)
			BeforeProcessingInitializeOnLoad (150ms)
			ProcessInitializeOnLoadAttributes (413ms)
			ProcessInitializeOnLoadMethodAttributes (194ms)
			AfterProcessingInitializeOnLoad (8ms)
		AwakeInstancesAfterBackupRestoration (40ms)
Unloading 24 Unused Serialized files (Serialized files now loaded: 0)
Unloading 6630 unused Assets / (6.6 MB). Loaded Objects now: 7678.
Memory consumption went from 380.5 MB to 373.9 MB.
Total: 16.030100 ms (FindLiveObjects: 0.957000 ms CreateObjectMapping: 3.231100 ms MarkObjects: 6.307600 ms  DeleteObjects: 5.531500 ms)

Prepare: number of updated asset objects reloaded= 0
========================================================================
Received Import Request.
  Time of request: 2026-09-14T20:01:51.5609359Z
  Time since last request: 1379.20422680000001 seconds.
  importAddress: GUID: ddfab16af75a799468df8eb8410342ff - Path: Assets/Script/CoinSpawner.cs - Importer: ScriptedImporter/UnityEditor.QuickSearchModule:UnityEditor.Search:ASIAI0B
Importing 'GUID: ddfab16af75a799468df8eb8410342ff - Path: Assets/Script/CoinSpawner.cs - Importer: ScriptedImporter/UnityEditor.QuickSearchModule:UnityEditor.Search:ASIAI0B' with importer (ScriptedImporter : UnityEditor.QuickSearchModule:UnityEditor.Search:ASIAI0B)
Imported 'GUID: ddfab16af75a799468df8eb8410342ff' -> (Import Result ID: '5e7ee8358dce768863f8aa9031bf43fd') in 0.399 seconds [static and dynamic dependencies]. Details - ImportResultOutputID=6ed3d7d37560884a8a867cfa1136c905 DependenciesID=c1930439a8fba8da1aa140753d9cbd9c StaticDependenciesID=f2de22b763820816b3d54540ad1b213c 
Number of updated asset objects reloaded before import = 0
Number of asset objects unloaded after import = 0
========================================================================
Received Prepare
AcceleratorClientConnectionCallback - disconnected - :0
Refreshing native plugins compatible for Editor in 2.18 ms, found 4 plugins.
Unloading 24 Unused Serialized files (Serialized files now loaded: 0)
Unloading 6620 unused Assets / (5.5 MB). Loaded Objects now: 7679.
Memory consumption went from 382.1 MB to 376.6 MB.
Total: 17.249500 ms (FindLiveObjects: 1.126900 ms CreateObjectMapping: 3.622700 ms MarkObjects: 7.555000 ms  DeleteObjects: 4.942200 ms)

Prepare: number of updated asset objects reloaded= 0
========================================================================
Received Import Request.
  Time of request: 2026-09-14T20:01:56.9933067Z
  Time since last request: 5.014953 seconds.
  importAddress: GUID: f0479aad0cd102e47812b705f135738c - Path: Assets/Script/Coin.cs - Importer: PreviewImporter
Importing 'GUID: f0479aad0cd102e47812b705f135738c - Path: Assets/Script/Coin.cs - Importer: PreviewImporter' with importer (PreviewImporter)
Imported 'GUID: f0479aad0cd102e47812b705f135738c' -> (Import Result ID: '7adf978b342cf58ca518b5eca28cc0e4') in 0.022 seconds [static and dynamic dependencies]. Details - ImportResultOutputID=33369f40556733e4e27be3bc7530e464 DependenciesID=62a8a288425f77c611a117cd3209dd35 StaticDependenciesID=515baa236b230af10c99e7d96d084064 
Number of updated asset objects reloaded before import = 0
Number of asset objects unloaded after import = 0
========================================================================
Received Import Request.
  Time of request: 2026-09-14T20:01:57.7300105Z
  Time since last request: 0.702063 seconds.
  importAddress: GUID: f0479aad0cd102e47812b705f135738c - Path: Assets/Script/Coin.cs - Importer: ScriptedImporter/UnityEditor.QuickSearchModule:UnityEditor.Search:ASIAI0B
Importing 'GUID: f0479aad0cd102e47812b705f135738c - Path: Assets/Script/Coin.cs - Importer: ScriptedImporter/UnityEditor.QuickSearchModule:UnityEditor.Search:ASIAI0B' with importer (ScriptedImporter : UnityEditor.QuickSearchModule:UnityEditor.Search:ASIAI0B)
Imported 'GUID: f0479aad0cd102e47812b705f135738c' -> (Import Result ID: 'ede616e531df45a22d280e56e903e36b') in 0.008 seconds [static and dynamic dependencies]. Details - ImportResultOutputID=b34dfe7a90dd726907c68e0603e76514 DependenciesID=935dcdcf9ff28252ee96cf98d7b10966 StaticDependenciesID=647ef3ef65c0faffffc9c81afabee02f 
Number of updated asset objects reloaded before import = 0
Number of asset objects unloaded after import = 0
========================================================================
Received Prepare
AcceleratorClientConnectionCallback - disconnected - :0
[Licensing::Client] Successfully resolved entitlement details
Begin MonoManager ReloadAssembly
Refreshing native plugins compatible for Editor in 2.00 ms, found 4 plugins.
Native extension for WindowsStandalone target not found
Native extension for WebGL target not found
[Package Manager] Failed to launch server process. Reason: Unity was launched with the -noUpm command-line argument
[Package Manager] Unable to send message (not connected to server process).
[Package Manager] Cannot connect to Unity Package Manager local server
[Package Manager] Failed to launch server process. Reason: Unity was launched with the -noUpm command-line argument
[Package Manager] Unable to send message (not connected to server process).
[Package Manager] Cannot connect to Unity Package Manager local server
ScheduleIndexationOnStartup MainProcess:False IndexOnStartup:True
Mono: successfully reloaded assembly
- Finished resetting the current domain, in  1.399 seconds
Domain Reload Profiling: 2997ms
	BeginReloadAssembly (487ms)
		DisableScriptedObjects (18ms)
		CreateAndSetChildDomain (120ms)
	RebuildCommonClasses (21ms)
	RebuildNativeTypeToScriptingClass (26ms)
	initialDomainReloadingComplete (106ms)
	LoadAllAssembliesAndSetupDomain (957ms)
		LoadAssemblies (603ms)
		AnalyzeDomain (354ms)
			TypeCache.Refresh (18ms)
			BuildScriptInfoCaches (324ms)
			ResolveRequiredComponents (8ms)
	FinalizeReload (1401ms)
		SetupLoadedEditorAssemblies (0ms)
			InitializePlatformSupportModulesInManaged (4ms)
			BeforeProcessingInitializeOnLoad (165ms)
			ProcessInitializeOnLoadAttributes (494ms)
			ProcessInitializeOnLoadMethodAttributes (226ms)
			AfterProcessingInitializeOnLoad (10ms)
		AwakeInstancesAfterBackupRestoration (53ms)
Refreshing native plugins compatible for Editor in 3.45 ms, found 4 plugins.
Unloading 24 Unused Serialized files (Serialized files now loaded: 0)
Unloading 6631 unused Assets / (6.3 MB). Loaded Objects now: 7682.
Memory consumption went from 367.4 MB to 361.1 MB.
Total: 19.025300 ms (FindLiveObjects: 1.010000 ms CreateObjectMapping: 4.481500 ms MarkObjects: 7.154900 ms  DeleteObjects: 6.376200 ms)

Prepare: number of updated asset objects reloaded= 0
========================================================================
Received Prepare
AcceleratorClientConnectionCallback - disconnected - :0
Refreshing native plugins compatible for Editor in 12.47 ms, found 4 plugins.
Unloading 24 Unused Serialized files (Serialized files now loaded: 0)
Unloading 6620 unused Assets / (5.3 MB). Loaded Objects now: 7682.
Memory consumption went from 370.3 MB to 365.0 MB.
Total: 46.993400 ms (FindLiveObjects: 5.176800 ms CreateObjectMapping: 6.250600 ms MarkObjects: 26.551700 ms  DeleteObjects: 9.012300 ms)

Prepare: number of updated asset objects reloaded= 0
========================================================================
Received Import Request.
  Time of request: 2026-09-14T20:02:12.4114663Z
  Time since last request: 14.6571156 seconds.
  importAddress: GUID: f0479aad0cd102e47812b705f135738c - Path: Assets/Script/Coin.cs - Importer: PreviewImporter
Importing 'GUID: f0479aad0cd102e47812b705f135738c - Path: Assets/Script/Coin.cs - Importer: PreviewImporter' with importer (PreviewImporter)
Imported 'GUID: f0479aad0cd102e47812b705f135738c' -> (Import Result ID: 'c3de21a198e62f0f9c768dcfc8de722d') in 0.005 seconds [static and dynamic dependencies]. Details - ImportResultOutputID=33369f40556733e4e27be3bc7530e464 DependenciesID=8015bac889affde252d49da73c7c3be6 StaticDependenciesID=b0344991f01a111fd039d1c7eed4eee1 
Number of updated asset objects reloaded before import = 0
Number of asset objects unloaded after import = 0
========================================================================
Received Import Request.
  Time of request: 2026-09-14T20:02:49.3166264Z
  Time since last request: 36.8811066 seconds.
  importAddress: GUID: f0479aad0cd102e47812b705f135738c - Path: Assets/Script/Coin.cs - Importer: ScriptedImporter/UnityEditor.QuickSearchModule:UnityEditor.Search:ASIAI0B
Importing 'GUID: f0479aad0cd102e47812b705f135738c - Path: Assets/Script/Coin.cs - Importer: ScriptedImporter/UnityEditor.QuickSearchModule:UnityEditor.Search:ASIAI0B' with importer (ScriptedImporter : UnityEditor.QuickSearchModule:UnityEditor.Search:ASIAI0B)
Imported 'GUID: f0479aad0cd102e47812b705f135738c' -> (Import Result ID: '54dc737b892c4a37d0c530b8db7bddce') in 0.102 seconds [static and dynamic dependencies]. Details - ImportResultOutputID=b32bebed21910cd5e2c32e2077c7c1fb DependenciesID=cffbd7c25f0cf6f542225bf42b652295 StaticDependenciesID=2dd97b35ebb0e48e21188914d4cc6cf4 
Number of updated asset objects reloaded before import = 0
Number of asset objects unloaded after import = 0
========================================================================
Received Prepare
AcceleratorClientConnectionCallback - disconnected - :0
Refreshing native plugins compatible for Editor in 2.23 ms, found 4 plugins.
Unloading 24 Unused Serialized files (Serialized files now loaded: 0)
Unloading 6621 unused Assets / (6.0 MB). Loaded Objects now: 7683.
Memory consumption went from 369.4 MB to 363.4 MB.
Total: 19.781000 ms (FindLiveObjects: 1.162200 ms CreateObjectMapping: 4.713800 ms MarkObjects: 8.179600 ms  DeleteObjects: 5.722700 ms)

Prepare: number of updated asset objects reloaded= 0
========================================================================
Received Import Request.
  Time of request: 2026-09-14T20:02:56.6154641Z
  Time since last request: 7.1818031 seconds.
  importAddress: GUID: 9ad42031d5b307d44ae748aba074047b - Path: Assets/Script/ScoreManager.cs - Importer: ScriptedImporter/UnityEditor.QuickSearchModule:UnityEditor.Search:ASIAI0B
Importing 'GUID: 9ad42031d5b307d44ae748aba074047b - Path: Assets/Script/ScoreManager.cs - Importer: ScriptedImporter/UnityEditor.QuickSearchModule:UnityEditor.Search:ASIAI0B' with importer (ScriptedImporter : UnityEditor.QuickSearchModule:UnityEditor.Search:ASIAI0B)
Imported 'GUID: 9ad42031d5b307d44ae748aba074047b' -> (Import Result ID: '21e35ea2d42f9f1d0549dab94fbff8c1') in 0.005 seconds [static and dynamic dependencies]. Details - ImportResultOutputID=e8a62ebff3067ae110fefbe92f7ad33a DependenciesID=9d3623aa5b2fd86cb4a304ce4e77e430 StaticDependenciesID=53827596878942bd28a4503a068e36bf 
Number of updated asset objects reloaded before import = 0
Number of asset objects unloaded after import = 0
========================================================================
Received Prepare
AcceleratorClientConnectionCallback - disconnected - :0
Refreshing native plugins compatible for Editor in 2.80 ms, found 4 plugins.
Unloading 24 Unused Serialized files (Serialized files now loaded: 0)
Unloading 6621 unused Assets / (6.4 MB). Loaded Objects now: 7683.
Memory consumption went from 372.2 MB to 365.8 MB.
Total: 38.047600 ms (FindLiveObjects: 1.305400 ms CreateObjectMapping: 3.957400 ms MarkObjects: 27.140800 ms  DeleteObjects: 5.640700 ms)

Prepare: number of updated asset objects reloaded= 0
========================================================================
Received Prepare
AcceleratorClientConnectionCallback - disconnected - :0
[Licensing::Client] Successfully resolved entitlement details
Begin MonoManager ReloadAssembly
Refreshing native plugins compatible for Editor in 5.94 ms, found 4 plugins.
Native extension for WindowsStandalone target not found
Native extension for WebGL target not found
[Package Manager] Failed to launch server process. Reason: Unity was launched with the -noUpm command-line argument
[Package Manager] Unable to send message (not connected to server process).
[Package Manager] Cannot connect to Unity Package Manager local server
[Package Manager] Failed to launch server process. Reason: Unity was launched with the -noUpm command-line argument
[Package Manager] Unable to send message (not connected to server process).
[Package Manager] Cannot connect to Unity Package Manager local server
ScheduleIndexationOnStartup MainProcess:False IndexOnStartup:True
Mono: successfully reloaded assembly
- Finished resetting the current domain, in  1.407 seconds
Domain Reload Profiling: 2940ms
	BeginReloadAssembly (406ms)
		DisableScriptedObjects (17ms)
		CreateAndSetChildDomain (112ms)
	RebuildCommonClasses (18ms)
	RebuildNativeTypeToScriptingClass (31ms)
	initialDomainReloadingComplete (98ms)
	LoadAllAssembliesAndSetupDomain (978ms)
		LoadAssemblies (580ms)
		AnalyzeDomain (367ms)
			TypeCache.Refresh (20ms)
			BuildScriptInfoCaches (336ms)
			ResolveRequiredComponents (8ms)
	FinalizeReload (1409ms)
		SetupLoadedEditorAssemblies (0ms)
			InitializePlatformSupportModulesInManaged (5ms)
			BeforeProcessingInitializeOnLoad (183ms)
			ProcessInitializeOnLoadAttributes (476ms)
			ProcessInitializeOnLoadMethodAttributes (213ms)
			AfterProcessingInitializeOnLoad (12ms)
		AwakeInstancesAfterBackupRestoration (50ms)
Refreshing native plugins compatible for Editor in 2.34 ms, found 4 plugins.
Unloading 24 Unused Serialized files (Serialized files now loaded: 0)
Unloading 6632 unused Assets / (6.4 MB). Loaded Objects now: 7686.
Memory consumption went from 376.2 MB to 369.8 MB.
Total: 19.063000 ms (FindLiveObjects: 1.070800 ms CreateObjectMapping: 4.145200 ms MarkObjects: 7.616600 ms  DeleteObjects: 6.228000 ms)

Prepare: number of updated asset objects reloaded= 0
========================================================================
Received Import Request.
  Time of request: 2026-09-14T20:05:46.098364Z
  Time since last request: 169.46174669999999 seconds.
  importAddress: GUID: 4604fd450118bfd4bba2eb387984f7b7 - Path: Assets/Prefab/Coin.prefab - Importer: PreviewImporter
Importing 'GUID: 4604fd450118bfd4bba2eb387984f7b7 - Path: Assets/Prefab/Coin.prefab - Importer: PreviewImporter' with importer (PreviewImporter)
Imported 'GUID: 4604fd450118bfd4bba2eb387984f7b7' -> (Import Result ID: '96a77345213052bccd5817b8bf26af6e') in 0.919 seconds [static and dynamic dependencies]. Details - ImportResultOutputID=f8d7f5d37cd6d9acbb2e2a7f06092d24 DependenciesID=7f8257b050c7a882b6e169616fc6bc03 StaticDependenciesID=2114319b8e1cd9613290f3f3a0d1435e 
Number of updated asset objects reloaded before import = 0
Number of asset objects unloaded after import = 10
========================================================================
Received Prepare
AcceleratorClientConnectionCallback - disconnected - :0
Refreshing native plugins compatible for Editor in 2.04 ms, found 4 plugins.
Unloading 24 Unused Serialized files (Serialized files now loaded: 0)
Unloading 24 unused Assets / (2.7 MB). Loaded Objects now: 7808.
Memory consumption went from 390.8 MB to 388.1 MB.
Total: 11.143300 ms (FindLiveObjects: 0.687800 ms CreateObjectMapping: 1.727700 ms MarkObjects: 7.632200 ms  DeleteObjects: 1.093200 ms)

Prepare: number of updated asset objects reloaded= 0
========================================================================
Received Prepare
AcceleratorClientConnectionCallback - disconnected - :0
[Licensing::Client] Successfully resolved entitlement details
Begin MonoManager ReloadAssembly
Refreshing native plugins compatible for Editor in 2.06 ms, found 4 plugins.
Native extension for WindowsStandalone target not found
Native extension for WebGL target not found
[Package Manager] Failed to launch server process. Reason: Unity was launched with the -noUpm command-line argument
[Package Manager] Unable to send message (not connected to server process).
[Package Manager] Cannot connect to Unity Package Manager local server
[Package Manager] Failed to launch server process. Reason: Unity was launched with the -noUpm command-line argument
[Package Manager] Unable to send message (not connected to server process).
[Package Manager] Cannot connect to Unity Package Manager local server
ScheduleIndexationOnStartup MainProcess:False IndexOnStartup:True
Mono: successfully reloaded assembly
- Finished resetting the current domain, in  1.236 seconds
Domain Reload Profiling: 2483ms
	BeginReloadAssembly (482ms)
		DisableScriptedObjects (43ms)
		CreateAndSetChildDomain (130ms)
	RebuildCommonClasses (22ms)
	RebuildNativeTypeToScriptingClass (32ms)
	initialDomainReloadingComplete (107ms)
	LoadAllAssembliesAndSetupDomain (602ms)
		LoadAssemblies (595ms)
		AnalyzeDomain (27ms)
			TypeCache.Refresh (11ms)
			ResolveRequiredComponents (9ms)
	FinalizeReload (1238ms)
		SetupLoadedEditorAssemblies (0ms)
			InitializePlatformSupportModulesInManaged (4ms)
			BeforeProcessingInitializeOnLoad (150ms)
			ProcessInitializeOnLoadAttributes (433ms)
			ProcessInitializeOnLoadMethodAttributes (199ms)
			AfterProcessingInitializeOnLoad (9ms)
		AwakeInstancesAfterBackupRestoration (47ms)
Unloading 24 Unused Serialized files (Serialized files now loaded: 0)
Unloading 6632 unused Assets / (6.7 MB). Loaded Objects now: 7720.
Memory consumption went from 392.5 MB to 385.8 MB.
Total: 20.096800 ms (FindLiveObjects: 1.340500 ms CreateObjectMapping: 3.922400 ms MarkObjects: 8.352200 ms  DeleteObjects: 6.477900 ms)

Prepare: number of updated asset objects reloaded= 0
========================================================================
Received Prepare
AcceleratorClientConnectionCallback - disconnected - :0
[Licensing::Client] Successfully resolved entitlement details
Begin MonoManager ReloadAssembly
Native extension for WindowsStandalone target not found
Native extension for WebGL target not found
[Package Manager] Failed to launch server process. Reason: Unity was launched with the -noUpm command-line argument
[Package Manager] Unable to send message (not connected to server process).
[Package Manager] Cannot connect to Unity Package Manager local server
[Package Manager] Failed to launch server process. Reason: Unity was launched with the -noUpm command-line argument
[Package Manager] Unable to send message (not connected to server process).
[Package Manager] Cannot connect to Unity Package Manager local server
ScheduleIndexationOnStartup MainProcess:False IndexOnStartup:True
Mono: successfully reloaded assembly
- Finished resetting the current domain, in  1.225 seconds
Domain Reload Profiling: 2437ms
	BeginReloadAssembly (429ms)
		DisableScriptedObjects (39ms)
		CreateAndSetChildDomain (116ms)
	RebuildCommonClasses (18ms)
	RebuildNativeTypeToScriptingClass (30ms)
	initialDomainReloadingComplete (97ms)
	LoadAllAssembliesAndSetupDomain (637ms)
		LoadAssemblies (580ms)
		AnalyzeDomain (33ms)
			TypeCache.Refresh (16ms)
			ResolveRequiredComponents (10ms)
	FinalizeReload (1226ms)
		SetupLoadedEditorAssemblies (0ms)
			InitializePlatformSupportModulesInManaged (4ms)
			BeforeProcessingInitializeOnLoad (152ms)
			ProcessInitializeOnLoadAttributes (441ms)
			ProcessInitializeOnLoadMethodAttributes (197ms)
			AfterProcessingInitializeOnLoad (8ms)
		AwakeInstancesAfterBackupRestoration (45ms)
Refreshing native plugins compatible for Editor in 2.04 ms, found 4 plugins.
Unloading 24 Unused Serialized files (Serialized files now loaded: 0)
Unloading 6632 unused Assets / (6.2 MB). Loaded Objects now: 7723.
Memory consumption went from 395.2 MB to 389.0 MB.
Total: 17.724800 ms (FindLiveObjects: 1.013700 ms CreateObjectMapping: 3.083000 ms MarkObjects: 8.056900 ms  DeleteObjects: 5.568100 ms)

Prepare: number of updated asset objects reloaded= 0
========================================================================
Received Prepare
AcceleratorClientConnectionCallback - disconnected - :0
Begin MonoManager ReloadAssembly
Native extension for WindowsStandalone target not found
Native extension for WebGL target not found
[Package Manager] Failed to launch server process. Reason: Unity was launched with the -noUpm command-line argument
[Package Manager] Unable to send message (not connected to server process).
[Package Manager] Cannot connect to Unity Package Manager local server
[Package Manager] Failed to launch server process. Reason: Unity was launched with the -noUpm command-line argument
[Package Manager] Unable to send message (not connected to server process).
[Package Manager] Cannot connect to Unity Package Manager local server
ScheduleIndexationOnStartup MainProcess:False IndexOnStartup:True
Mono: successfully reloaded assembly
- Finished resetting the current domain, in  1.227 seconds
Domain Reload Profiling: 2386ms
	BeginReloadAssembly (409ms)
		DisableScriptedObjects (18ms)
		CreateAndSetChildDomain (108ms)
	RebuildCommonClasses (19ms)
	RebuildNativeTypeToScriptingClass (28ms)
	initialDomainReloadingComplete (94ms)
	LoadAllAssembliesAndSetupDomain (608ms)
		LoadAssemblies (574ms)
		AnalyzeDomain (33ms)
			TypeCache.Refresh (15ms)
			ResolveRequiredComponents (11ms)
	FinalizeReload (1229ms)
		SetupLoadedEditorAssemblies (0ms)
			InitializePlatformSupportModulesInManaged (3ms)
			BeforeProcessingInitializeOnLoad (145ms)
			ProcessInitializeOnLoadAttributes (450ms)
			ProcessInitializeOnLoadMethodAttributes (201ms)
			AfterProcessingInitializeOnLoad (9ms)
		AwakeInstancesAfterBackupRestoration (40ms)
Unloading 24 Unused Serialized files (Serialized files now loaded: 0)
Unloading 6632 unused Assets / (6.6 MB). Loaded Objects now: 7726.
Memory consumption went from 398.1 MB to 391.5 MB.
Total: 18.649200 ms (FindLiveObjects: 1.064800 ms CreateObjectMapping: 2.990700 ms MarkObjects: 8.448500 ms  DeleteObjects: 6.141900 ms)

Prepare: number of updated asset objects reloaded= 0
========================================================================
Received Prepare
AcceleratorClientConnectionCallback - disconnected - :0
Begin MonoManager ReloadAssembly
Native extension for WindowsStandalone target not found
Native extension for WebGL target not found
[Package Manager] Failed to launch server process. Reason: Unity was launched with the -noUpm command-line argument
[Package Manager] Unable to send message (not connected to server process).
[Package Manager] Cannot connect to Unity Package Manager local server
[Package Manager] Failed to launch server process. Reason: Unity was launched with the -noUpm command-line argument
[Package Manager] Unable to send message (not connected to server process).
[Package Manager] Cannot connect to Unity Package Manager local server
ScheduleIndexationOnStartup MainProcess:False IndexOnStartup:True
Mono: successfully reloaded assembly
- Finished resetting the current domain, in  1.209 seconds
Domain Reload Profiling: 2292ms
	BeginReloadAssembly (373ms)
		DisableScriptedObjects (17ms)
		CreateAndSetChildDomain (93ms)
	RebuildCommonClasses (16ms)
	RebuildNativeTypeToScriptingClass (31ms)
	initialDomainReloadingComplete (91ms)
	LoadAllAssembliesAndSetupDomain (569ms)
		LoadAssemblies (523ms)
		AnalyzeDomain (23ms)
			TypeCache.Refresh (10ms)
			ResolveRequiredComponents (8ms)
	FinalizeReload (1210ms)
		SetupLoadedEditorAssemblies (0ms)
			InitializePlatformSupportModulesInManaged (4ms)
			BeforeProcessingInitializeOnLoad (145ms)
			ProcessInitializeOnLoadAttributes (431ms)
			ProcessInitializeOnLoadMethodAttributes (194ms)
			AfterProcessingInitializeOnLoad (8ms)
		AwakeInstancesAfterBackupRestoration (41ms)
Refreshing native plugins compatible for Editor in 2.54 ms, found 4 plugins.
Unloading 24 Unused Serialized files (Serialized files now loaded: 0)
Unloading 6632 unused Assets / (7.4 MB). Loaded Objects now: 7729.
Memory consumption went from 401.0 MB to 393.7 MB.
Total: 19.468400 ms (FindLiveObjects: 1.050000 ms CreateObjectMapping: 4.418700 ms MarkObjects: 6.703500 ms  DeleteObjects: 7.293800 ms)

Prepare: number of updated asset objects reloaded= 0
========================================================================
Received Prepare
AcceleratorClientConnectionCallback - disconnected - :0
[Licensing::Client] Successfully resolved entitlement details
Begin MonoManager ReloadAssembly
Native extension for WindowsStandalone target not found
Native extension for WebGL target not found
[Package Manager] Failed to launch server process. Reason: Unity was launched with the -noUpm command-line argument
[Package Manager] Unable to send message (not connected to server process).
[Package Manager] Cannot connect to Unity Package Manager local server
[Package Manager] Failed to launch server process. Reason: Unity was launched with the -noUpm command-line argument
[Package Manager] Unable to send message (not connected to server process).
[Package Manager] Cannot connect to Unity Package Manager local server
ScheduleIndexationOnStartup MainProcess:False IndexOnStartup:True
Mono: successfully reloaded assembly
- Finished resetting the current domain, in  1.197 seconds
Domain Reload Profiling: 2301ms
	BeginReloadAssembly (378ms)
		DisableScriptedObjects (18ms)
		CreateAndSetChildDomain (102ms)
	RebuildCommonClasses (20ms)
	RebuildNativeTypeToScriptingClass (27ms)
	initialDomainReloadingComplete (94ms)
	LoadAllAssembliesAndSetupDomain (582ms)
		LoadAssemblies (530ms)
		AnalyzeDomain (28ms)
			TypeCache.Refresh (13ms)
			ResolveRequiredComponents (9ms)
	FinalizeReload (1199ms)
		SetupLoadedEditorAssemblies (0ms)
			InitializePlatformSupportModulesInManaged (4ms)
			BeforeProcessingInitializeOnLoad (147ms)
			ProcessInitializeOnLoadAttributes (416ms)
			ProcessInitializeOnLoadMethodAttributes (193ms)
			AfterProcessingInitializeOnLoad (6ms)
		AwakeInstancesAfterBackupRestoration (36ms)
Refreshing native plugins compatible for Editor in 2.04 ms, found 4 plugins.
Unloading 24 Unused Serialized files (Serialized files now loaded: 0)
Unloading 6632 unused Assets / (6.8 MB). Loaded Objects now: 7732.
Memory consumption went from 404.0 MB to 397.2 MB.
Total: 20.375800 ms (FindLiveObjects: 1.560200 ms CreateObjectMapping: 4.460700 ms MarkObjects: 8.435200 ms  DeleteObjects: 5.917200 ms)

Prepare: number of updated asset objects reloaded= 0
========================================================================
Received Prepare
AcceleratorClientConnectionCallback - disconnected - :0
Refreshing native plugins compatible for Editor in 2.09 ms, found 4 plugins.
Unloading 24 Unused Serialized files (Serialized files now loaded: 0)
Unloading 6621 unused Assets / (6.6 MB). Loaded Objects now: 7732.
Memory consumption went from 406.9 MB to 400.4 MB.
Total: 21.378300 ms (FindLiveObjects: 1.445800 ms CreateObjectMapping: 4.784500 ms MarkObjects: 8.416700 ms  DeleteObjects: 6.728700 ms)

Prepare: number of updated asset objects reloaded= 0
========================================================================
Received Prepare
AcceleratorClientConnectionCallback - disconnected - :0
[Licensing::Client] Successfully resolved entitlement details
Begin MonoManager ReloadAssembly
Refreshing native plugins compatible for Editor in 2.22 ms, found 4 plugins.
Native extension for WindowsStandalone target not found
Native extension for WebGL target not found
[Package Manager] Failed to launch server process. Reason: Unity was launched with the -noUpm command-line argument
[Package Manager] Unable to send message (not connected to server process).
[Package Manager] Cannot connect to Unity Package Manager local server
[Package Manager] Failed to launch server process. Reason: Unity was launched with the -noUpm command-line argument
[Package Manager] Unable to send message (not connected to server process).
[Package Manager] Cannot connect to Unity Package Manager local server
ScheduleIndexationOnStartup MainProcess:False IndexOnStartup:True
Mono: successfully reloaded assembly
- Finished resetting the current domain, in  1.275 seconds
Domain Reload Profiling: 2737ms
	BeginReloadAssembly (384ms)
		DisableScriptedObjects (14ms)
		CreateAndSetChildDomain (100ms)
	RebuildCommonClasses (18ms)
	RebuildNativeTypeToScriptingClass (28ms)
	initialDomainReloadingComplete (89ms)
	LoadAllAssembliesAndSetupDomain (941ms)
		LoadAssemblies (559ms)
		AnalyzeDomain (354ms)
			TypeCache.Refresh (20ms)
			BuildScriptInfoCaches (319ms)
			ResolveRequiredComponents (9ms)
	FinalizeReload (1277ms)
		SetupLoadedEditorAssemblies (0ms)
			InitializePlatformSupportModulesInManaged (4ms)
			BeforeProcessingInitializeOnLoad (151ms)
			ProcessInitializeOnLoadAttributes (456ms)
			ProcessInitializeOnLoadMethodAttributes (196ms)
			AfterProcessingInitializeOnLoad (10ms)
		AwakeInstancesAfterBackupRestoration (46ms)
Unloading 24 Unused Serialized files (Serialized files now loaded: 0)
Unloading 6632 unused Assets / (6.6 MB). Loaded Objects now: 7735.
Memory consumption went from 416.4 MB to 409.8 MB.
Total: 19.524400 ms (FindLiveObjects: 1.010800 ms CreateObjectMapping: 3.820500 ms MarkObjects: 8.530500 ms  DeleteObjects: 6.159400 ms)

Prepare: number of updated asset objects reloaded= 0
========================================================================
Received Prepare
AcceleratorClientConnectionCallback - disconnected - :0
Begin MonoManager ReloadAssembly
Native extension for WindowsStandalone target not found
Native extension for WebGL target not found
[Package Manager] Failed to launch server process. Reason: Unity was launched with the -noUpm command-line argument
[Package Manager] Unable to send message (not connected to server process).
[Package Manager] Cannot connect to Unity Package Manager local server
[Package Manager] Failed to launch server process. Reason: Unity was launched with the -noUpm command-line argument
[Package Manager] Unable to send message (not connected to server process).
[Package Manager] Cannot connect to Unity Package Manager local server
ScheduleIndexationOnStartup MainProcess:False IndexOnStartup:True
Mono: successfully reloaded assembly
- Finished resetting the current domain, in  1.193 seconds
Domain Reload Profiling: 2308ms
	BeginReloadAssembly (397ms)
		DisableScriptedObjects (15ms)
		CreateAndSetChildDomain (111ms)
	RebuildCommonClasses (19ms)
	RebuildNativeTypeToScriptingClass (31ms)
	initialDomainReloadingComplete (90ms)
	LoadAllAssembliesAndSetupDomain (576ms)
		LoadAssemblies (537ms)
		AnalyzeDomain (29ms)
			TypeCache.Refresh (13ms)
			ResolveRequiredComponents (10ms)
	FinalizeReload (1195ms)
		SetupLoadedEditorAssemblies (0ms)
			InitializePlatformSupportModulesInManaged (3ms)
			BeforeProcessingInitializeOnLoad (139ms)
			ProcessInitializeOnLoadAttributes (423ms)
			ProcessInitializeOnLoadMethodAttributes (188ms)
			AfterProcessingInitializeOnLoad (9ms)
		AwakeInstancesAfterBackupRestoration (43ms)
Refreshing native plugins compatible for Editor in 2.31 ms, found 4 plugins.
Unloading 24 Unused Serialized files (Serialized files now loaded: 0)
Unloading 6632 unused Assets / (6.1 MB). Loaded Objects now: 7738.
Memory consumption went from 417.4 MB to 411.3 MB.
Total: 17.530300 ms (FindLiveObjects: 1.232600 ms CreateObjectMapping: 3.822100 ms MarkObjects: 7.471800 ms  DeleteObjects: 5.000400 ms)

Prepare: number of updated asset objects reloaded= 0
========================================================================
Received Prepare
AcceleratorClientConnectionCallback - disconnected - :0
Begin MonoManager ReloadAssembly
Native extension for WindowsStandalone target not found
Native extension for WebGL target not found
[Package Manager] Failed to launch server process. Reason: Unity was launched with the -noUpm command-line argument
[Package Manager] Unable to send message (not connected to server process).
[Package Manager] Cannot connect to Unity Package Manager local server
[Package Manager] Failed to launch server process. Reason: Unity was launched with the -noUpm command-line argument
[Package Manager] Unable to send message (not connected to server process).
[Package Manager] Cannot connect to Unity Package Manager local server
ScheduleIndexationOnStartup MainProcess:False IndexOnStartup:True
Mono: successfully reloaded assembly
- Finished resetting the current domain, in  1.225 seconds
Domain Reload Profiling: 2343ms
	BeginReloadAssembly (390ms)
		DisableScriptedObjects (16ms)
		CreateAndSetChildDomain (108ms)
	RebuildCommonClasses (14ms)
	RebuildNativeTypeToScriptingClass (24ms)
	initialDomainReloadingComplete (88ms)
	LoadAllAssembliesAndSetupDomain (600ms)
		LoadAssemblies (541ms)
		AnalyzeDomain (34ms)
			TypeCache.Refresh (16ms)
			ResolveRequiredComponents (10ms)
	FinalizeReload (1226ms)
		SetupLoadedEditorAssemblies (0ms)
			InitializePlatformSupportModulesInManaged (4ms)
			BeforeProcessingInitializeOnLoad (146ms)
			ProcessInitializeOnLoadAttributes (431ms)
			ProcessInitializeOnLoadMethodAttributes (196ms)
			AfterProcessingInitializeOnLoad (8ms)
		AwakeInstancesAfterBackupRestoration (40ms)
Unloading 24 Unused Serialized files (Serialized files now loaded: 0)
Unloading 6632 unused Assets / (6.4 MB). Loaded Objects now: 7741.
Memory consumption went from 420.3 MB to 413.9 MB.
Total: 16.579400 ms (FindLiveObjects: 0.870500 ms CreateObjectMapping: 3.198500 ms MarkObjects: 6.827900 ms  DeleteObjects: 5.679900 ms)

Prepare: number of updated asset objects reloaded= 0
========================================================================
Received Prepare
AcceleratorClientConnectionCallback - disconnected - :0
[Licensing::Client] Successfully resolved entitlement details
Begin MonoManager ReloadAssembly
Refreshing native plugins compatible for Editor in 2.07 ms, found 4 plugins.
Native extension for WindowsStandalone target not found
Native extension for WebGL target not found
[Package Manager] Failed to launch server process. Reason: Unity was launched with the -noUpm command-line argument
[Package Manager] Unable to send message (not connected to server process).
[Package Manager] Cannot connect to Unity Package Manager local server
[Package Manager] Failed to launch server process. Reason: Unity was launched with the -noUpm command-line argument
[Package Manager] Unable to send message (not connected to server process).
[Package Manager] Cannot connect to Unity Package Manager local server
ScheduleIndexationOnStartup MainProcess:False IndexOnStartup:True
Mono: successfully reloaded assembly
- Finished resetting the current domain, in  1.204 seconds
Domain Reload Profiling: 2298ms
	BeginReloadAssembly (369ms)
		DisableScriptedObjects (15ms)
		CreateAndSetChildDomain (94ms)
	RebuildCommonClasses (20ms)
	RebuildNativeTypeToScriptingClass (29ms)
	initialDomainReloadingComplete (92ms)
	LoadAllAssembliesAndSetupDomain (582ms)
		LoadAssemblies (535ms)
		AnalyzeDomain (29ms)
			TypeCache.Refresh (17ms)
			ResolveRequiredComponents (7ms)
	FinalizeReload (1206ms)
		SetupLoadedEditorAssemblies (0ms)
			InitializePlatformSupportModulesInManaged (4ms)
			BeforeProcessingInitializeOnLoad (144ms)
			ProcessInitializeOnLoadAttributes (441ms)
			ProcessInitializeOnLoadMethodAttributes (183ms)
			AfterProcessingInitializeOnLoad (9ms)
		AwakeInstancesAfterBackupRestoration (44ms)
Unloading 24 Unused Serialized files (Serialized files now loaded: 0)
Unloading 6632 unused Assets / (5.4 MB). Loaded Objects now: 7744.
Memory consumption went from 423.8 MB to 418.5 MB.
Total: 13.486700 ms (FindLiveObjects: 0.918800 ms CreateObjectMapping: 3.220400 ms MarkObjects: 6.111100 ms  DeleteObjects: 3.234300 ms)

Prepare: number of updated asset objects reloaded= 0
========================================================================
Received Prepare
AcceleratorClientConnectionCallback - disconnected - :0
Refreshing native plugins compatible for Editor in 2.29 ms, found 4 plugins.
Unloading 24 Unused Serialized files (Serialized files now loaded: 0)
Unloading 24 unused Assets / (2.7 MB). Loaded Objects now: 7744.
Memory consumption went from 421.9 MB to 419.3 MB.
Total: 11.808700 ms (FindLiveObjects: 0.677500 ms CreateObjectMapping: 1.674100 ms MarkObjects: 8.577700 ms  DeleteObjects: 0.876800 ms)

Prepare: number of updated asset objects reloaded= 0
========================================================================
Received Prepare
AcceleratorClientConnectionCallback - disconnected - :0
Unloading 24 Unused Serialized files (Serialized files now loaded: 0)
Unloading 24 unused Assets / (2.7 MB). Loaded Objects now: 7744.
Memory consumption went from 424.8 MB to 422.1 MB.
Total: 10.866000 ms (FindLiveObjects: 0.844500 ms CreateObjectMapping: 1.144000 ms MarkObjects: 7.975900 ms  DeleteObjects: 0.899300 ms)

Prepare: number of updated asset objects reloaded= 0
========================================================================
Received Prepare
AcceleratorClientConnectionCallback - disconnected - :0
Refreshing native plugins compatible for Editor in 2.28 ms, found 4 plugins.
Unloading 24 Unused Serialized files (Serialized files now loaded: 0)
Unloading 24 unused Assets / (2.7 MB). Loaded Objects now: 7744.
Memory consumption went from 427.6 MB to 425.0 MB.
Total: 11.588500 ms (FindLiveObjects: 0.648800 ms CreateObjectMapping: 1.863100 ms MarkObjects: 8.160000 ms  DeleteObjects: 0.914400 ms)

Prepare: number of updated asset objects reloaded= 0
========================================================================
Received Import Request.
  Time of request: 2026-09-14T20:21:00.2090809Z
  Time since last request: 913.17468159999999 seconds.
  importAddress: GUID: d3e3cc4308614aa4cab832f60d971ec1 - Path: Assets/Material/isometric-stylized-rocket-cartoony-illustration-vector.jpg - Importer: PreviewImporter
Importing 'GUID: d3e3cc4308614aa4cab832f60d971ec1 - Path: Assets/Material/isometric-stylized-rocket-cartoony-illustration-vector.jpg - Importer: PreviewImporter' with importer (PreviewImporter)
Imported 'GUID: d3e3cc4308614aa4cab832f60d971ec1' -> (Import Result ID: '629a002980c8d00da6eac3babc865ec4') in 0.145 seconds [static and dynamic dependencies]. Details - ImportResultOutputID=192d163185173cbfc929988f9fcdafb0 DependenciesID=ac674dc9de2e0cd351580d2ae97a07bd StaticDependenciesID=038e55e1e7a17fdfb2621cf750053a34 
Number of updated asset objects reloaded before import = 0
Number of asset objects unloaded after import = 2
========================================================================
Received Prepare
AcceleratorClientConnectionCallback - disconnected - :0
Refreshing native plugins compatible for Editor in 2.08 ms, found 4 plugins.
Unloading 24 Unused Serialized files (Serialized files now loaded: 0)
Unloading 24 unused Assets / (2.7 MB). Loaded Objects now: 7746.
Memory consumption went from 391.5 MB to 388.9 MB.
Total: 10.301300 ms (FindLiveObjects: 0.733600 ms CreateObjectMapping: 1.208000 ms MarkObjects: 7.649700 ms  DeleteObjects: 0.706900 ms)

Prepare: number of updated asset objects reloaded= 0
========================================================================
Received Import Request.
  Time of request: 2026-09-14T20:24:05.1210574Z
  Time since last request: 184.75404040000001 seconds.
  importAddress: GUID: 9ad42031d5b307d44ae748aba074047b - Path: Assets/Script/ScoreManager.cs - Importer: ScriptedImporter/UnityEditor.QuickSearchModule:UnityEditor.Search:ASIAI0B
Importing 'GUID: 9ad42031d5b307d44ae748aba074047b - Path: Assets/Script/ScoreManager.cs - Importer: ScriptedImporter/UnityEditor.QuickSearchModule:UnityEditor.Search:ASIAI0B' with importer (ScriptedImporter : UnityEditor.QuickSearchModule:UnityEditor.Search:ASIAI0B)
Imported 'GUID: 9ad42031d5b307d44ae748aba074047b' -> (Import Result ID: '577f6b0cbe04070682c15e9bc860ebe1') in 0.109 seconds [static and dynamic dependencies]. Details - ImportResultOutputID=aa4af5d9b00fbef2570c4324a806a52a DependenciesID=cbbe2b4f5863f4beb1414f466a70a388 StaticDependenciesID=b4db65acd24ec0e3f189bc13e901e8a4 
Number of updated asset objects reloaded before import = 0
Number of asset objects unloaded after import = 0
========================================================================
Received Import Request.
  Time of request: 2026-09-14T20:24:05.2474448Z
  Time since last request: 0.0011893 seconds.
  importAddress: GUID: 5442b403b6d7c5841af84a2098cfa4e4 - Path: Assets/StartMenu.unity - Importer: ScriptedImporter/UnityEditor.QuickSearchModule:UnityEditor.Search:ASIAI0B
Importing 'GUID: 5442b403b6d7c5841af84a2098cfa4e4 - Path: Assets/StartMenu.unity - Importer: ScriptedImporter/UnityEditor.QuickSearchModule:UnityEditor.Search:ASIAI0B' with importer (ScriptedImporter : UnityEditor.QuickSearchModule:UnityEditor.Search:ASIAI0B)
Imported 'GUID: 5442b403b6d7c5841af84a2098cfa4e4' -> (Import Result ID: 'd3218f0467c5ccd6feed3851bd82c474') in 0.013 seconds [static and dynamic dependencies]. Details - ImportResultOutputID=83124d018b4fe8bee3ae1d144e5e5e7a DependenciesID=b39b5cace211c49c86b79e6d327a9e6a StaticDependenciesID=ef72b4868fbc05f581cb3c7204a7dbcd 
Number of updated asset objects reloaded before import = 0
Number of asset objects unloaded after import = 1
========================================================================
Received Prepare
AcceleratorClientConnectionCallback - disconnected - :0
Refreshing native plugins compatible for Editor in 2.58 ms, found 4 plugins.
Unloading 24 Unused Serialized files (Serialized files now loaded: 0)
Unloading 6622 unused Assets / (6.5 MB). Loaded Objects now: 7747.
Memory consumption went from 398.5 MB to 391.9 MB.
Total: 20.162600 ms (FindLiveObjects: 1.150800 ms CreateObjectMapping: 4.554600 ms MarkObjects: 8.069100 ms  DeleteObjects: 6.309000 ms)

Prepare: number of updated asset objects reloaded= 0
========================================================================
Received Import Request.
  Time of request: 2026-09-14T20:24:18.4745227Z
  Time since last request: 13.1972259 seconds.
  importAddress: GUID: 4847fff48a1af31479c9bf18c97af65d - Path: Assets/Script/MenuManager.cs - Importer: PreviewImporter
Importing 'GUID: 4847fff48a1af31479c9bf18c97af65d - Path: Assets/Script/MenuManager.cs - Importer: PreviewImporter' with importer (PreviewImporter)
Imported 'GUID: 4847fff48a1af31479c9bf18c97af65d' -> (Import Result ID: 'e2851ab9a29cab4a3aaa5de807b34bff') in 0.001 seconds [static and dynamic dependencies]. Details - ImportResultOutputID=8197ffebf8bc03a182471c4ede564a49 DependenciesID=51f2bc23a5c38398c54edb1253a65b38 StaticDependenciesID=c7d2576402d977ba3daea4f312db58f6 
Number of updated asset objects reloaded before import = 0
Number of asset objects unloaded after import = 0
========================================================================
Received Import Request.
  Time of request: 2026-09-14T20:24:19.0509086Z
  Time since last request: 0.5637162 seconds.
  importAddress: GUID: 4847fff48a1af31479c9bf18c97af65d - Path: Assets/Script/MenuManager.cs - Importer: ScriptedImporter/UnityEditor.QuickSearchModule:UnityEditor.Search:ASIAI0B
Importing 'GUID: 4847fff48a1af31479c9bf18c97af65d - Path: Assets/Script/MenuManager.cs - Importer: ScriptedImporter/UnityEditor.QuickSearchModule:UnityEditor.Search:ASIAI0B' with importer (ScriptedImporter : UnityEditor.QuickSearchModule:UnityEditor.Search:ASIAI0B)
Imported 'GUID: 4847fff48a1af31479c9bf18c97af65d' -> (Import Result ID: '9a7f7e080f2784198fd038ed67647f9c') in 0.007 seconds [static and dynamic dependencies]. Details - ImportResultOutputID=36d78f5896fa525a0aa8210aeb3e65ab DependenciesID=a1957829989bd780bf8500a7faa6f25b StaticDependenciesID=c959e36b4f0f612ffbba098dea9efc7c 
Number of updated asset objects reloaded before import = 0
Number of asset objects unloaded after import = 0
========================================================================
Received Prepare
AcceleratorClientConnectionCallback - disconnected - :0
[Licensing::Client] Successfully resolved entitlement details
Begin MonoManager ReloadAssembly
Native extension for WindowsStandalone target not found
Native extension for WebGL target not found
[Package Manager] Failed to launch server process. Reason: Unity was launched with the -noUpm command-line argument
[Package Manager] Unable to send message (not connected to server process).
[Package Manager] Cannot connect to Unity Package Manager local server
[Package Manager] Failed to launch server process. Reason: Unity was launched with the -noUpm command-line argument
[Package Manager] Unable to send message (not connected to server process).
[Package Manager] Cannot connect to Unity Package Manager local server
ScheduleIndexationOnStartup MainProcess:False IndexOnStartup:True
Mono: successfully reloaded assembly
- Finished resetting the current domain, in  1.274 seconds
Domain Reload Profiling: 2801ms
	BeginReloadAssembly (435ms)
		DisableScriptedObjects (33ms)
		CreateAndSetChildDomain (126ms)
	RebuildCommonClasses (19ms)
	RebuildNativeTypeToScriptingClass (28ms)
	initialDomainReloadingComplete (96ms)
	LoadAllAssembliesAndSetupDomain (948ms)
		LoadAssemblies (585ms)
		AnalyzeDomain (343ms)
			TypeCache.Refresh (23ms)
			BuildScriptInfoCaches (304ms)
			ResolveRequiredComponents (9ms)
	FinalizeReload (1275ms)
		SetupLoadedEditorAssemblies (0ms)
			InitializePlatformSupportModulesInManaged (5ms)
			BeforeProcessingInitializeOnLoad (155ms)
			ProcessInitializeOnLoadAttributes (456ms)
			ProcessInitializeOnLoadMethodAttributes (195ms)
			AfterProcessingInitializeOnLoad (7ms)
		AwakeInstancesAfterBackupRestoration (47ms)
Unloading 24 Unused Serialized files (Serialized files now loaded: 0)
Unloading 6633 unused Assets / (6.6 MB). Loaded Objects now: 7750.
Memory consumption went from 408.2 MB to 401.6 MB.
Total: 18.522900 ms (FindLiveObjects: 1.000200 ms CreateObjectMapping: 3.431800 ms MarkObjects: 8.006500 ms  DeleteObjects: 6.081800 ms)

Prepare: number of updated asset objects reloaded= 0
========================================================================
Received Import Request.
  Time of request: 2026-09-14T20:24:40.2486093Z
  Time since last request: 21.1763593 seconds.
  importAddress: GUID: 4847fff48a1af31479c9bf18c97af65d - Path: Assets/Script/MenuManager.cs - Importer: PreviewImporter
Importing 'GUID: 4847fff48a1af31479c9bf18c97af65d - Path: Assets/Script/MenuManager.cs - Importer: PreviewImporter' with importer (PreviewImporter)
Imported 'GUID: 4847fff48a1af31479c9bf18c97af65d' -> (Import Result ID: '1f5b93dc2ccb046ddb0384cb51afcb2d') in 0.004 seconds [static and dynamic dependencies]. Details - ImportResultOutputID=8197ffebf8bc03a182471c4ede564a49 DependenciesID=8814798a281e4b767f816c023a14e490 StaticDependenciesID=c7d2576402d977ba3daea4f312db58f6 
Number of updated asset objects reloaded before import = 0
Number of asset objects unloaded after import = 0
========================================================================
Received Prepare
AcceleratorClientConnectionCallback - disconnected - :0
Refreshing native plugins compatible for Editor in 2.74 ms, found 4 plugins.
Unloading 24 Unused Serialized files (Serialized files now loaded: 0)
Unloading 6622 unused Assets / (6.7 MB). Loaded Objects now: 7750.
Memory consumption went from 411.1 MB to 404.4 MB.
Total: 20.050500 ms (FindLiveObjects: 1.228700 ms CreateObjectMapping: 4.300500 ms MarkObjects: 8.406100 ms  DeleteObjects: 6.112100 ms)

Prepare: number of updated asset objects reloaded= 0
========================================================================
Received Prepare
AcceleratorClientConnectionCallback - disconnected - :0
Begin MonoManager ReloadAssembly
Native extension for WindowsStandalone target not found
Native extension for WebGL target not found
[Package Manager] Failed to launch server process. Reason: Unity was launched with the -noUpm command-line argument
[Package Manager] Unable to send message (not connected to server process).
[Package Manager] Cannot connect to Unity Package Manager local server
[Package Manager] Failed to launch server process. Reason: Unity was launched with the -noUpm command-line argument
[Package Manager] Unable to send message (not connected to server process).
[Package Manager] Cannot connect to Unity Package Manager local server
ScheduleIndexationOnStartup MainProcess:False IndexOnStartup:True
Mono: successfully reloaded assembly
- Finished resetting the current domain, in  1.313 seconds
Domain Reload Profiling: 2965ms
	BeginReloadAssembly (456ms)
		DisableScriptedObjects (18ms)
		CreateAndSetChildDomain (135ms)
	RebuildCommonClasses (21ms)
	RebuildNativeTypeToScriptingClass (26ms)
	initialDomainReloadingComplete (97ms)
	LoadAllAssembliesAndSetupDomain (1049ms)
		LoadAssemblies (672ms)
		AnalyzeDomain (377ms)
			TypeCache.Refresh (21ms)
			BuildScriptInfoCaches (342ms)
			ResolveRequiredComponents (10ms)
	FinalizeReload (1315ms)
		SetupLoadedEditorAssemblies (0ms)
			InitializePlatformSupportModulesInManaged (4ms)
			BeforeProcessingInitializeOnLoad (155ms)
			ProcessInitializeOnLoadAttributes (465ms)
			ProcessInitializeOnLoadMethodAttributes (195ms)
			AfterProcessingInitializeOnLoad (8ms)
		AwakeInstancesAfterBackupRestoration (46ms)
Refreshing native plugins compatible for Editor in 2.55 ms, found 4 plugins.
Unloading 24 Unused Serialized files (Serialized files now loaded: 0)
Unloading 6633 unused Assets / (6.7 MB). Loaded Objects now: 7753.
Memory consumption went from 417.1 MB to 410.5 MB.
Total: 19.250200 ms (FindLiveObjects: 1.051500 ms CreateObjectMapping: 4.458600 ms MarkObjects: 8.348000 ms  DeleteObjects: 5.389400 ms)

Prepare: number of updated asset objects reloaded= 0
========================================================================
Received Prepare
AcceleratorClientConnectionCallback - disconnected - :0
Refreshing native plugins compatible for Editor in 3.58 ms, found 4 plugins.
Unloading 24 Unused Serialized files (Serialized files now loaded: 0)
Unloading 6622 unused Assets / (7.3 MB). Loaded Objects now: 7753.
Memory consumption went from 420.1 MB to 412.8 MB.
Total: 21.960100 ms (FindLiveObjects: 1.155900 ms CreateObjectMapping: 4.003500 ms MarkObjects: 9.650900 ms  DeleteObjects: 7.147400 ms)

Prepare: number of updated asset objects reloaded= 0
========================================================================
Received Prepare
AcceleratorClientConnectionCallback - disconnected - :0
[Licensing::Client] Successfully resolved entitlement details
Begin MonoManager ReloadAssembly
Refreshing native plugins compatible for Editor in 2.26 ms, found 4 plugins.
Native extension for WindowsStandalone target not found
Native extension for WebGL target not found
[Package Manager] Failed to launch server process. Reason: Unity was launched with the -noUpm command-line argument
[Package Manager] Unable to send message (not connected to server process).
[Package Manager] Cannot connect to Unity Package Manager local server
[Package Manager] Failed to launch server process. Reason: Unity was launched with the -noUpm command-line argument
[Package Manager] Unable to send message (not connected to server process).
[Package Manager] Cannot connect to Unity Package Manager local server
ScheduleIndexationOnStartup MainProcess:False IndexOnStartup:True
Mono: successfully reloaded assembly
- Finished resetting the current domain, in  1.274 seconds
Domain Reload Profiling: 2782ms
	BeginReloadAssembly (409ms)
		DisableScriptedObjects (15ms)
		CreateAndSetChildDomain (115ms)
	RebuildCommonClasses (19ms)
	RebuildNativeTypeToScriptingClass (26ms)
	initialDomainReloadingComplete (92ms)
	LoadAllAssembliesAndSetupDomain (960ms)
		LoadAssemblies (596ms)
		AnalyzeDomain (332ms)
			TypeCache.Refresh (20ms)
			BuildScriptInfoCaches (299ms)
			ResolveRequiredComponents (9ms)
	FinalizeReload (1275ms)
		SetupLoadedEditorAssemblies (0ms)
			InitializePlatformSupportModulesInManaged (4ms)
			BeforeProcessingInitializeOnLoad (165ms)
			ProcessInitializeOnLoadAttributes (438ms)
			ProcessInitializeOnLoadMethodAttributes (197ms)
			AfterProcessingInitializeOnLoad (8ms)
		AwakeInstancesAfterBackupRestoration (59ms)
Refreshing native plugins compatible for Editor in 2.88 ms, found 4 plugins.
Unloading 24 Unused Serialized files (Serialized files now loaded: 0)
Unloading 6633 unused Assets / (6.2 MB). Loaded Objects now: 7756.
Memory consumption went from 425.3 MB to 419.1 MB.
Total: 17.891400 ms (FindLiveObjects: 1.167900 ms CreateObjectMapping: 3.287900 ms MarkObjects: 8.225300 ms  DeleteObjects: 5.207500 ms)

Prepare: number of updated asset objects reloaded= 0
========================================================================
Received Prepare
AcceleratorClientConnectionCallback - disconnected - :0
Refreshing native plugins compatible for Editor in 2.03 ms, found 4 plugins.
Unloading 24 Unused Serialized files (Serialized files now loaded: 0)
Unloading 24 unused Assets / (2.7 MB). Loaded Objects now: 7756.
Memory consumption went from 423.4 MB to 420.7 MB.
Total: 10.755600 ms (FindLiveObjects: 0.678400 ms CreateObjectMapping: 1.258500 ms MarkObjects: 7.901000 ms  DeleteObjects: 0.914600 ms)

Prepare: number of updated asset objects reloaded= 0
========================================================================
Received Import Request.
  Time of request: 2026-09-14T20:27:27.4714988Z
  Time since last request: 167.20624599999999 seconds.
  importAddress: GUID: 61847576b0255914aba66ce4250cd746 - Path: Assets/Script/isometric-stylized-rocket-cartoony-illustration-vector.jpg - Importer: PreviewImporter
Importing 'GUID: 61847576b0255914aba66ce4250cd746 - Path: Assets/Script/isometric-stylized-rocket-cartoony-illustration-vector.jpg - Importer: PreviewImporter' with importer (PreviewImporter)
Imported 'GUID: 61847576b0255914aba66ce4250cd746' -> (Import Result ID: '8fc8655b26ad1c449332c43c318ac2c1') in 0.092 seconds [static and dynamic dependencies]. Details - ImportResultOutputID=899d2213cf4c686ded8fe87d570a97b0 DependenciesID=3a5c2f5137118574702f6f602a70bb6b StaticDependenciesID=5001eb044c6a8605c6a3c237354d2f5c 
Number of updated asset objects reloaded before import = 0
Number of asset objects unloaded after import = 2
========================================================================
Received Prepare
AcceleratorClientConnectionCallback - disconnected - :0
[Licensing::Client] Successfully resolved entitlement details
Begin MonoManager ReloadAssembly
Native extension for WindowsStandalone target not found
Native extension for WebGL target not found
[Package Manager] Failed to launch server process. Reason: Unity was launched with the -noUpm command-line argument
[Package Manager] Unable to send message (not connected to server process).
[Package Manager] Cannot connect to Unity Package Manager local server
[Package Manager] Failed to launch server process. Reason: Unity was launched with the -noUpm command-line argument
[Package Manager] Unable to send message (not connected to server process).
[Package Manager] Cannot connect to Unity Package Manager local server
ScheduleIndexationOnStartup MainProcess:False IndexOnStartup:True
Mono: successfully reloaded assembly
- Finished resetting the current domain, in  1.221 seconds
Domain Reload Profiling: 2371ms
	BeginReloadAssembly (394ms)
		DisableScriptedObjects (16ms)
		CreateAndSetChildDomain (113ms)
	RebuildCommonClasses (18ms)
	RebuildNativeTypeToScriptingClass (28ms)
	initialDomainReloadingComplete (94ms)
	LoadAllAssembliesAndSetupDomain (615ms)
		LoadAssemblies (548ms)
		AnalyzeDomain (32ms)
			TypeCache.Refresh (16ms)
			ResolveRequiredComponents (9ms)
	FinalizeReload (1223ms)
		SetupLoadedEditorAssemblies (0ms)
			InitializePlatformSupportModulesInManaged (4ms)
			BeforeProcessingInitializeOnLoad (149ms)
			ProcessInitializeOnLoadAttributes (425ms)
			ProcessInitializeOnLoadMethodAttributes (198ms)
			AfterProcessingInitializeOnLoad (9ms)
		AwakeInstancesAfterBackupRestoration (42ms)
Refreshing native plugins compatible for Editor in 2.48 ms, found 4 plugins.
Unloading 24 Unused Serialized files (Serialized files now loaded: 0)
Unloading 6633 unused Assets / (6.3 MB). Loaded Objects now: 7759.
Memory consumption went from 414.1 MB to 407.8 MB.
Total: 17.569900 ms (FindLiveObjects: 1.100100 ms CreateObjectMapping: 4.290800 ms MarkObjects: 6.435700 ms  DeleteObjects: 5.739700 ms)

Prepare: number of updated asset objects reloaded= 0
========================================================================
Received Prepare
AcceleratorClientConnectionCallback - disconnected - :0
Unloading 24 Unused Serialized files (Serialized files now loaded: 0)
Unloading 24 unused Assets / (2.7 MB). Loaded Objects now: 7759.
Memory consumption went from 412.2 MB to 409.5 MB.
Total: 12.432400 ms (FindLiveObjects: 0.735700 ms CreateObjectMapping: 1.790700 ms MarkObjects: 8.812500 ms  DeleteObjects: 1.089600 ms)

Prepare: number of updated asset objects reloaded= 0
========================================================================
Received Prepare
AcceleratorClientConnectionCallback - disconnected - :0
Begin MonoManager ReloadAssembly
Refreshing native plugins compatible for Editor in 2.35 ms, found 4 plugins.
Native extension for WindowsStandalone target not found
Native extension for WebGL target not found
[Package Manager] Failed to launch server process. Reason: Unity was launched with the -noUpm command-line argument
[Package Manager] Unable to send message (not connected to server process).
[Package Manager] Cannot connect to Unity Package Manager local server
[Package Manager] Failed to launch server process. Reason: Unity was launched with the -noUpm command-line argument
[Package Manager] Unable to send message (not connected to server process).
[Package Manager] Cannot connect to Unity Package Manager local server
ScheduleIndexationOnStartup MainProcess:False IndexOnStartup:True
Mono: successfully reloaded assembly
- Finished resetting the current domain, in  1.249 seconds
Domain Reload Profiling: 2405ms
	BeginReloadAssembly (384ms)
		DisableScriptedObjects (19ms)
		CreateAndSetChildDomain (97ms)
	RebuildCommonClasses (21ms)
	RebuildNativeTypeToScriptingClass (26ms)
	initialDomainReloadingComplete (91ms)
	LoadAllAssembliesAndSetupDomain (632ms)
		LoadAssemblies (574ms)
		AnalyzeDomain (33ms)
			TypeCache.Refresh (16ms)
			ResolveRequiredComponents (10ms)
	FinalizeReload (1250ms)
		SetupLoadedEditorAssemblies (0ms)
			InitializePlatformSupportModulesInManaged (4ms)
			BeforeProcessingInitializeOnLoad (147ms)
			ProcessInitializeOnLoadAttributes (442ms)
			ProcessInitializeOnLoadMethodAttributes (202ms)
			AfterProcessingInitializeOnLoad (10ms)
		AwakeInstancesAfterBackupRestoration (45ms)
Unloading 24 Unused Serialized files (Serialized files now loaded: 0)
Unloading 6633 unused Assets / (6.4 MB). Loaded Objects now: 7762.
Memory consumption went from 419.9 MB to 413.5 MB.
Total: 19.403800 ms (FindLiveObjects: 0.847900 ms CreateObjectMapping: 4.120000 ms MarkObjects: 8.600000 ms  DeleteObjects: 5.833300 ms)

Prepare: number of updated asset objects reloaded= 0
========================================================================
Received Prepare
AcceleratorClientConnectionCallback - disconnected - :0
Refreshing native plugins compatible for Editor in 2.57 ms, found 4 plugins.
Unloading 24 Unused Serialized files (Serialized files now loaded: 0)
Unloading 6622 unused Assets / (6.7 MB). Loaded Objects now: 7762.
Memory consumption went from 422.8 MB to 416.1 MB.
Total: 21.772000 ms (FindLiveObjects: 1.249400 ms CreateObjectMapping: 4.512400 ms MarkObjects: 9.609500 ms  DeleteObjects: 6.398200 ms)

Prepare: number of updated asset objects reloaded= 0
========================================================================
Received Prepare
AcceleratorClientConnectionCallback - disconnected - :0
[Licensing::Client] Successfully resolved entitlement details
Begin MonoManager ReloadAssembly
Refreshing native plugins compatible for Editor in 2.13 ms, found 4 plugins.
Native extension for WindowsStandalone target not found
Native extension for WebGL target not found
[Package Manager] Failed to launch server process. Reason: Unity was launched with the -noUpm command-line argument
[Package Manager] Unable to send message (not connected to server process).
[Package Manager] Cannot connect to Unity Package Manager local server
[Package Manager] Failed to launch server process. Reason: Unity was launched with the -noUpm command-line argument
[Package Manager] Unable to send message (not connected to server process).
[Package Manager] Cannot connect to Unity Package Manager local server
ScheduleIndexationOnStartup MainProcess:False IndexOnStartup:True
Mono: successfully reloaded assembly
- Finished resetting the current domain, in  1.343 seconds
Domain Reload Profiling: 2962ms
	BeginReloadAssembly (449ms)
		DisableScriptedObjects (18ms)
		CreateAndSetChildDomain (132ms)
	RebuildCommonClasses (21ms)
	RebuildNativeTypeToScriptingClass (26ms)
	initialDomainReloadingComplete (106ms)
	LoadAllAssembliesAndSetupDomain (1016ms)
		LoadAssemblies (631ms)
		AnalyzeDomain (378ms)
			TypeCache.Refresh (19ms)
			BuildScriptInfoCaches (345ms)
			ResolveRequiredComponents (10ms)
	FinalizeReload (1344ms)
		SetupLoadedEditorAssemblies (0ms)
			InitializePlatformSupportModulesInManaged (4ms)
			BeforeProcessingInitializeOnLoad (160ms)
			ProcessInitializeOnLoadAttributes (481ms)
			ProcessInitializeOnLoadMethodAttributes (192ms)
			AfterProcessingInitializeOnLoad (11ms)
		AwakeInstancesAfterBackupRestoration (47ms)
Refreshing native plugins compatible for Editor in 2.08 ms, found 4 plugins.
Unloading 24 Unused Serialized files (Serialized files now loaded: 0)
Unloading 6633 unused Assets / (6.5 MB). Loaded Objects now: 7765.
Memory consumption went from 431.8 MB to 425.3 MB.
Total: 23.061300 ms (FindLiveObjects: 2.874000 ms CreateObjectMapping: 4.702800 ms MarkObjects: 8.749900 ms  DeleteObjects: 6.731900 ms)

Prepare: number of updated asset objects reloaded= 0
========================================================================
Received Prepare
AcceleratorClientConnectionCallback - disconnected - :0
[Licensing::Client] Successfully resolved entitlement details
Begin MonoManager ReloadAssembly
Refreshing native plugins compatible for Editor in 2.13 ms, found 4 plugins.
Native extension for WindowsStandalone target not found
Native extension for WebGL target not found
[Package Manager] Failed to launch server process. Reason: Unity was launched with the -noUpm command-line argument
[Package Manager] Unable to send message (not connected to server process).
[Package Manager] Cannot connect to Unity Package Manager local server
[Package Manager] Failed to launch server process. Reason: Unity was launched with the -noUpm command-line argument
[Package Manager] Unable to send message (not connected to server process).
[Package Manager] Cannot connect to Unity Package Manager local server
ScheduleIndexationOnStartup MainProcess:False IndexOnStartup:True
Mono: successfully reloaded assembly
- Finished resetting the current domain, in  1.467 seconds
Domain Reload Profiling: 2675ms
	BeginReloadAssembly (448ms)
		DisableScriptedObjects (34ms)
		CreateAndSetChildDomain (118ms)
	RebuildCommonClasses (24ms)
	RebuildNativeTypeToScriptingClass (30ms)
	initialDomainReloadingComplete (96ms)
	LoadAllAssembliesAndSetupDomain (609ms)
		LoadAssemblies (579ms)
		AnalyzeDomain (34ms)
			TypeCache.Refresh (17ms)
			ResolveRequiredComponents (11ms)
	FinalizeReload (1469ms)
		SetupLoadedEditorAssemblies (0ms)
			InitializePlatformSupportModulesInManaged (4ms)
			BeforeProcessingInitializeOnLoad (169ms)
			ProcessInitializeOnLoadAttributes (496ms)
			ProcessInitializeOnLoadMethodAttributes (267ms)
			AfterProcessingInitializeOnLoad (10ms)
		AwakeInstancesAfterBackupRestoration (51ms)
Refreshing native plugins compatible for Editor in 2.26 ms, found 4 plugins.
Unloading 24 Unused Serialized files (Serialized files now loaded: 0)
Unloading 6633 unused Assets / (7.0 MB). Loaded Objects now: 7768.
Memory consumption went from 433.4 MB to 426.4 MB.
Total: 26.884900 ms (FindLiveObjects: 1.490700 ms CreateObjectMapping: 5.594500 ms MarkObjects: 11.759200 ms  DeleteObjects: 8.014100 ms)

Prepare: number of updated asset objects reloaded= 0
========================================================================
Received Prepare
AcceleratorClientConnectionCallback - disconnected - :0
Refreshing native plugins compatible for Editor in 2.44 ms, found 4 plugins.
Unloading 24 Unused Serialized files (Serialized files now loaded: 0)
Unloading 6622 unused Assets / (6.9 MB). Loaded Objects now: 7768.
Memory consumption went from 436.4 MB to 429.5 MB.
Total: 22.902400 ms (FindLiveObjects: 1.104000 ms CreateObjectMapping: 4.162100 ms MarkObjects: 9.931500 ms  DeleteObjects: 7.701700 ms)

Prepare: number of updated asset objects reloaded= 0
========================================================================
Received Prepare
AcceleratorClientConnectionCallback - disconnected - :0
[Licensing::Client] Successfully resolved entitlement details
Begin MonoManager ReloadAssembly
Refreshing native plugins compatible for Editor in 7.51 ms, found 4 plugins.
Native extension for WindowsStandalone target not found
Native extension for WebGL target not found
[Package Manager] Failed to launch server process. Reason: Unity was launched with the -noUpm command-line argument
[Package Manager] Unable to send message (not connected to server process).
[Package Manager] Cannot connect to Unity Package Manager local server
[Package Manager] Failed to launch server process. Reason: Unity was launched with the -noUpm command-line argument
[Package Manager] Unable to send message (not connected to server process).
[Package Manager] Cannot connect to Unity Package Manager local server
ScheduleIndexationOnStartup MainProcess:False IndexOnStartup:True
Mono: successfully reloaded assembly
- Finished resetting the current domain, in  1.300 seconds
Domain Reload Profiling: 2915ms
	BeginReloadAssembly (416ms)
		DisableScriptedObjects (20ms)
		CreateAndSetChildDomain (96ms)
	RebuildCommonClasses (19ms)
	RebuildNativeTypeToScriptingClass (32ms)
	initialDomainReloadingComplete (101ms)
	LoadAllAssembliesAndSetupDomain (1045ms)
		LoadAssemblies (630ms)
		AnalyzeDomain (378ms)
			TypeCache.Refresh (25ms)
			BuildScriptInfoCaches (336ms)
			ResolveRequiredComponents (12ms)
	FinalizeReload (1302ms)
		SetupLoadedEditorAssemblies (0ms)
			InitializePlatformSupportModulesInManaged (4ms)
			BeforeProcessingInitializeOnLoad (150ms)
			ProcessInitializeOnLoadAttributes (448ms)
			ProcessInitializeOnLoadMethodAttributes (183ms)
			AfterProcessingInitializeOnLoad (11ms)
		AwakeInstancesAfterBackupRestoration (53ms)
Refreshing native plugins compatible for Editor in 3.23 ms, found 4 plugins.
Unloading 24 Unused Serialized files (Serialized files now loaded: 0)
Unloading 6633 unused Assets / (6.8 MB). Loaded Objects now: 7771.
Memory consumption went from 445.2 MB to 438.4 MB.
Total: 21.757300 ms (FindLiveObjects: 1.225900 ms CreateObjectMapping: 4.060800 ms MarkObjects: 9.321000 ms  DeleteObjects: 7.146200 ms)

Prepare: number of updated asset objects reloaded= 0
========================================================================
Received Prepare
AcceleratorClientConnectionCallback - disconnected - :0
Refreshing native plugins compatible for Editor in 2.24 ms, found 4 plugins.
Unloading 24 Unused Serialized files (Serialized files now loaded: 0)
Unloading 6622 unused Assets / (6.4 MB). Loaded Objects now: 7771.
Memory consumption went from 448.2 MB to 441.8 MB.
Total: 20.004400 ms (FindLiveObjects: 1.090700 ms CreateObjectMapping: 4.442700 ms MarkObjects: 8.123200 ms  DeleteObjects: 6.345500 ms)

Prepare: number of updated asset objects reloaded= 0
========================================================================
Received Import Request.
  Time of request: 2026-09-14T20:38:37.5004865Z
  Time since last request: 669.92382120000002 seconds.
  importAddress: GUID: f4e3c7115132136478b063318cad7719 - Path: Assets/Script/PlatForm.cs - Importer: PreviewImporter
Importing 'GUID: f4e3c7115132136478b063318cad7719 - Path: Assets/Script/PlatForm.cs - Importer: PreviewImporter' with importer (PreviewImporter)
Imported 'GUID: f4e3c7115132136478b063318cad7719' -> (Import Result ID: '576d78793ee053a6b67de25113da27bf') in 0.045 seconds [static and dynamic dependencies]. Details - ImportResultOutputID=8470ecfedc1f7c3fe9beb76d4e005f90 DependenciesID=50d433f53df1e19e3d90b9ba0509c482 StaticDependenciesID=df6ddddba171f21c96ff776fe0c2f2de 
Number of updated asset objects reloaded before import = 0
Number of asset objects unloaded after import = 0
========================================================================
Received Prepare
AcceleratorClientConnectionCallback - disconnected - :0
Refreshing native plugins compatible for Editor in 3.03 ms, found 4 plugins.
Unloading 24 Unused Serialized files (Serialized files now loaded: 0)
Unloading 6622 unused Assets / (6.1 MB). Loaded Objects now: 7771.
Memory consumption went from 451.0 MB to 445.0 MB.
Total: 45.619800 ms (FindLiveObjects: 2.805500 ms CreateObjectMapping: 4.277100 ms MarkObjects: 13.590400 ms  DeleteObjects: 24.943600 ms)

Prepare: number of updated asset objects reloaded= 0
========================================================================
Received Import Request.
  Time of request: 2026-09-14T20:38:47.571046Z
  Time since last request: 10.0052931 seconds.
  importAddress: GUID: f4e3c7115132136478b063318cad7719 - Path: Assets/Script/PlatForm.cs - Importer: PreviewImporter
Importing 'GUID: f4e3c7115132136478b063318cad7719 - Path: Assets/Script/PlatForm.cs - Importer: PreviewImporter' with importer (PreviewImporter)
Imported 'GUID: f4e3c7115132136478b063318cad7719' -> (Import Result ID: 'ace5c74ff59e8d3f40e21c809b8ff251') in 0.050 seconds [static and dynamic dependencies]. Details - ImportResultOutputID=8470ecfedc1f7c3fe9beb76d4e005f90 DependenciesID=536ade1e661fd4615ec362f753a2d64d StaticDependenciesID=6e22727a2a7ff30cef860ae0ed2ffbcd 
Number of updated asset objects reloaded before import = 0
Number of asset objects unloaded after import = 0
========================================================================
Received Prepare
AcceleratorClientConnectionCallback - disconnected - :0
[Licensing::Client] Successfully resolved entitlement details
Begin MonoManager ReloadAssembly
Refreshing native plugins compatible for Editor in 3.59 ms, found 4 plugins.
Native extension for WindowsStandalone target not found
Native extension for WebGL target not found
[Package Manager] Failed to launch server process. Reason: Unity was launched with the -noUpm command-line argument
[Package Manager] Unable to send message (not connected to server process).
[Package Manager] Cannot connect to Unity Package Manager local server
[Package Manager] Failed to launch server process. Reason: Unity was launched with the -noUpm command-line argument
[Package Manager] Unable to send message (not connected to server process).
[Package Manager] Cannot connect to Unity Package Manager local server
ScheduleIndexationOnStartup MainProcess:False IndexOnStartup:True
Mono: successfully reloaded assembly
- Finished resetting the current domain, in  1.267 seconds
Domain Reload Profiling: 2896ms
	BeginReloadAssembly (455ms)
		DisableScriptedObjects (19ms)
		CreateAndSetChildDomain (131ms)
	RebuildCommonClasses (22ms)
	RebuildNativeTypeToScriptingClass (31ms)
	initialDomainReloadingComplete (103ms)
	LoadAllAssembliesAndSetupDomain (1017ms)
		LoadAssemblies (624ms)
		AnalyzeDomain (371ms)
			TypeCache.Refresh (23ms)
			BuildScriptInfoCaches (336ms)
			ResolveRequiredComponents (8ms)
	FinalizeReload (1268ms)
		SetupLoadedEditorAssemblies (0ms)
			InitializePlatformSupportModulesInManaged (4ms)
			BeforeProcessingInitializeOnLoad (159ms)
			ProcessInitializeOnLoadAttributes (432ms)
			ProcessInitializeOnLoadMethodAttributes (191ms)
			AfterProcessingInitializeOnLoad (12ms)
		AwakeInstancesAfterBackupRestoration (48ms)
Refreshing native plugins compatible for Editor in 2.18 ms, found 4 plugins.
Unloading 24 Unused Serialized files (Serialized files now loaded: 0)
Unloading 6633 unused Assets / (7.0 MB). Loaded Objects now: 7774.
Memory consumption went from 431.1 MB to 424.1 MB.
Total: 19.813300 ms (FindLiveObjects: 1.139300 ms CreateObjectMapping: 4.274700 ms MarkObjects: 7.209800 ms  DeleteObjects: 7.187300 ms)

Prepare: number of updated asset objects reloaded= 0
========================================================================
Received Prepare
AcceleratorClientConnectionCallback - disconnected - :0
Begin MonoManager ReloadAssembly
Refreshing native plugins compatible for Editor in 2.09 ms, found 4 plugins.
Native extension for WindowsStandalone target not found
Native extension for WebGL target not found
[Package Manager] Failed to launch server process. Reason: Unity was launched with the -noUpm command-line argument
[Package Manager] Unable to send message (not connected to server process).
[Package Manager] Cannot connect to Unity Package Manager local server
[Package Manager] Failed to launch server process. Reason: Unity was launched with the -noUpm command-line argument
[Package Manager] Unable to send message (not connected to server process).
[Package Manager] Cannot connect to Unity Package Manager local server
ScheduleIndexationOnStartup MainProcess:False IndexOnStartup:True
Mono: successfully reloaded assembly
- Finished resetting the current domain, in  1.363 seconds
Domain Reload Profiling: 2586ms
	BeginReloadAssembly (426ms)
		DisableScriptedObjects (28ms)
		CreateAndSetChildDomain (114ms)
	RebuildCommonClasses (21ms)
	RebuildNativeTypeToScriptingClass (36ms)
	initialDomainReloadingComplete (101ms)
	LoadAllAssembliesAndSetupDomain (637ms)
		LoadAssemblies (580ms)
		AnalyzeDomain (31ms)
			TypeCache.Refresh (14ms)
			ResolveRequiredComponents (10ms)
	FinalizeReload (1365ms)
		SetupLoadedEditorAssemblies (0ms)
			InitializePlatformSupportModulesInManaged (4ms)
			BeforeProcessingInitializeOnLoad (155ms)
			ProcessInitializeOnLoadAttributes (466ms)
			ProcessInitializeOnLoadMethodAttributes (228ms)
			AfterProcessingInitializeOnLoad (11ms)
		AwakeInstancesAfterBackupRestoration (54ms)
Refreshing native plugins compatible for Editor in 2.65 ms, found 4 plugins.
Unloading 24 Unused Serialized files (Serialized files now loaded: 0)
Unloading 6633 unused Assets / (6.6 MB). Loaded Objects now: 7777.
Memory consumption went from 433.7 MB to 427.1 MB.
Total: 21.152000 ms (FindLiveObjects: 1.145000 ms CreateObjectMapping: 4.427000 ms MarkObjects: 8.670200 ms  DeleteObjects: 6.906700 ms)

Prepare: number of updated asset objects reloaded= 0
========================================================================
Received Prepare
AcceleratorClientConnectionCallback - disconnected - :0
Refreshing native plugins compatible for Editor in 2.40 ms, found 4 plugins.
Unloading 24 Unused Serialized files (Serialized files now loaded: 0)
Unloading 6622 unused Assets / (7.3 MB). Loaded Objects now: 7777.
Memory consumption went from 436.7 MB to 429.4 MB.
Total: 27.240100 ms (FindLiveObjects: 1.471400 ms CreateObjectMapping: 5.700200 ms MarkObjects: 10.830800 ms  DeleteObjects: 9.235000 ms)

Prepare: number of updated asset objects reloaded= 0
========================================================================
Received Prepare
AcceleratorClientConnectionCallback - disconnected - :0
Refreshing native plugins compatible for Editor in 7.30 ms, found 4 plugins.
Unloading 24 Unused Serialized files (Serialized files now loaded: 0)
Unloading 6622 unused Assets / (8.7 MB). Loaded Objects now: 7777.
Memory consumption went from 439.5 MB to 430.8 MB.
Total: 28.455500 ms (FindLiveObjects: 1.480800 ms CreateObjectMapping: 5.805300 ms MarkObjects: 10.390100 ms  DeleteObjects: 10.777100 ms)

Prepare: number of updated asset objects reloaded= 0
========================================================================
Received Prepare
AcceleratorClientConnectionCallback - disconnected - :0
Refreshing native plugins compatible for Editor in 2.09 ms, found 4 plugins.
Unloading 24 Unused Serialized files (Serialized files now loaded: 0)
Unloading 6622 unused Assets / (6.9 MB). Loaded Objects now: 7777.
Memory consumption went from 442.3 MB to 435.5 MB.
Total: 18.456600 ms (FindLiveObjects: 1.038800 ms CreateObjectMapping: 4.328100 ms MarkObjects: 7.057500 ms  DeleteObjects: 6.030100 ms)

Prepare: number of updated asset objects reloaded= 0
========================================================================
Received Prepare
AcceleratorClientConnectionCallback - disconnected - :0
[Licensing::Client] Successfully resolved entitlement details
Begin MonoManager ReloadAssembly
Refreshing native plugins compatible for Editor in 2.06 ms, found 4 plugins.
Native extension for WindowsStandalone target not found
Native extension for WebGL target not found
[Package Manager] Failed to launch server process. Reason: Unity was launched with the -noUpm command-line argument
[Package Manager] Unable to send message (not connected to server process).
[Package Manager] Cannot connect to Unity Package Manager local server
[Package Manager] Failed to launch server process. Reason: Unity was launched with the -noUpm command-line argument
[Package Manager] Unable to send message (not connected to server process).
[Package Manager] Cannot connect to Unity Package Manager local server
ScheduleIndexationOnStartup MainProcess:False IndexOnStartup:True
Mono: successfully reloaded assembly
- Finished resetting the current domain, in  1.235 seconds
Domain Reload Profiling: 2925ms
	BeginReloadAssembly (434ms)
		DisableScriptedObjects (22ms)
		CreateAndSetChildDomain (119ms)
	RebuildCommonClasses (18ms)
	RebuildNativeTypeToScriptingClass (28ms)
	initialDomainReloadingComplete (96ms)
	LoadAllAssembliesAndSetupDomain (1112ms)
		LoadAssemblies (624ms)
		AnalyzeDomain (465ms)
			TypeCache.Refresh (19ms)
			BuildScriptInfoCaches (435ms)
			ResolveRequiredComponents (9ms)
	FinalizeReload (1236ms)
		SetupLoadedEditorAssemblies (0ms)
			InitializePlatformSupportModulesInManaged (3ms)
			BeforeProcessingInitializeOnLoad (151ms)
			ProcessInitializeOnLoadAttributes (428ms)
			ProcessInitializeOnLoadMethodAttributes (186ms)
			AfterProcessingInitializeOnLoad (9ms)
		AwakeInstancesAfterBackupRestoration (43ms)
Unloading 24 Unused Serialized files (Serialized files now loaded: 0)
Unloading 6633 unused Assets / (6.1 MB). Loaded Objects now: 7780.
Memory consumption went from 448.7 MB to 442.6 MB.
Total: 18.051900 ms (FindLiveObjects: 1.104100 ms CreateObjectMapping: 4.452100 ms MarkObjects: 7.139100 ms  DeleteObjects: 5.353500 ms)

Prepare: number of updated asset objects reloaded= 0
========================================================================
Received Prepare
AcceleratorClientConnectionCallback - disconnected - :0
Refreshing native plugins compatible for Editor in 2.09 ms, found 4 plugins.
Unloading 24 Unused Serialized files (Serialized files now loaded: 0)
Unloading 6622 unused Assets / (6.4 MB). Loaded Objects now: 7780.
Memory consumption went from 451.7 MB to 445.3 MB.
Total: 20.173900 ms (FindLiveObjects: 1.246900 ms CreateObjectMapping: 3.842500 ms MarkObjects: 9.400500 ms  DeleteObjects: 5.681500 ms)

Prepare: number of updated asset objects reloaded= 0
========================================================================
Received Prepare
AcceleratorClientConnectionCallback - disconnected - :0
[Licensing::Client] Successfully resolved entitlement details
Begin MonoManager ReloadAssembly
Refreshing native plugins compatible for Editor in 3.38 ms, found 4 plugins.
Native extension for WindowsStandalone target not found
Native extension for WebGL target not found
[Package Manager] Failed to launch server process. Reason: Unity was launched with the -noUpm command-line argument
[Package Manager] Unable to send message (not connected to server process).
[Package Manager] Cannot connect to Unity Package Manager local server
[Package Manager] Failed to launch server process. Reason: Unity was launched with the -noUpm command-line argument
[Package Manager] Unable to send message (not connected to server process).
[Package Manager] Cannot connect to Unity Package Manager local server
ScheduleIndexationOnStartup MainProcess:False IndexOnStartup:True
Mono: successfully reloaded assembly
- Finished resetting the current domain, in  1.264 seconds
Domain Reload Profiling: 2864ms
	BeginReloadAssembly (432ms)
		DisableScriptedObjects (17ms)
		CreateAndSetChildDomain (129ms)
	RebuildCommonClasses (22ms)
	RebuildNativeTypeToScriptingClass (29ms)
	initialDomainReloadingComplete (115ms)
	LoadAllAssembliesAndSetupDomain (1001ms)
		LoadAssemblies (600ms)
		AnalyzeDomain (378ms)
			TypeCache.Refresh (17ms)
			BuildScriptInfoCaches (346ms)
			ResolveRequiredComponents (10ms)
	FinalizeReload (1266ms)
		SetupLoadedEditorAssemblies (0ms)
			InitializePlatformSupportModulesInManaged (4ms)
			BeforeProcessingInitializeOnLoad (153ms)
			ProcessInitializeOnLoadAttributes (457ms)
			ProcessInitializeOnLoadMethodAttributes (193ms)
			AfterProcessingInitializeOnLoad (9ms)
		AwakeInstancesAfterBackupRestoration (45ms)
Refreshing native plugins compatible for Editor in 2.02 ms, found 4 plugins.
Unloading 24 Unused Serialized files (Serialized files now loaded: 0)
Unloading 6633 unused Assets / (6.6 MB). Loaded Objects now: 7783.
Memory consumption went from 457.3 MB to 450.7 MB.
Total: 20.711000 ms (FindLiveObjects: 1.150400 ms CreateObjectMapping: 4.753900 ms MarkObjects: 8.665300 ms  DeleteObjects: 6.138300 ms)

Prepare: number of updated asset objects reloaded= 0
========================================================================
Received Prepare
AcceleratorClientConnectionCallback - disconnected - :0
[Licensing::Client] Successfully resolved entitlement details
Begin MonoManager ReloadAssembly
Native extension for WindowsStandalone target not found
Native extension for WebGL target not found
[Package Manager] Failed to launch server process. Reason: Unity was launched with the -noUpm command-line argument
[Package Manager] Unable to send message (not connected to server process).
[Package Manager] Cannot connect to Unity Package Manager local server
[Package Manager] Failed to launch server process. Reason: Unity was launched with the -noUpm command-line argument
[Package Manager] Unable to send message (not connected to server process).
[Package Manager] Cannot connect to Unity Package Manager local server
ScheduleIndexationOnStartup MainProcess:False IndexOnStartup:True
Mono: successfully reloaded assembly
- Finished resetting the current domain, in  1.261 seconds
Domain Reload Profiling: 2462ms
	BeginReloadAssembly (422ms)
		DisableScriptedObjects (18ms)
		CreateAndSetChildDomain (123ms)
	RebuildCommonClasses (21ms)
	RebuildNativeTypeToScriptingClass (29ms)
	initialDomainReloadingComplete (91ms)
	LoadAllAssembliesAndSetupDomain (637ms)
		LoadAssemblies (597ms)
		AnalyzeDomain (32ms)
			TypeCache.Refresh (15ms)
			ResolveRequiredComponents (10ms)
	FinalizeReload (1262ms)
		SetupLoadedEditorAssemblies (0ms)
			InitializePlatformSupportModulesInManaged (4ms)
			BeforeProcessingInitializeOnLoad (154ms)
			ProcessInitializeOnLoadAttributes (448ms)
			ProcessInitializeOnLoadMethodAttributes (198ms)
			AfterProcessingInitializeOnLoad (10ms)
		AwakeInstancesAfterBackupRestoration (41ms)
Refreshing native plugins compatible for Editor in 2.43 ms, found 4 plugins.
Unloading 24 Unused Serialized files (Serialized files now loaded: 0)
Unloading 6633 unused Assets / (6.6 MB). Loaded Objects now: 7786.
Memory consumption went from 461.0 MB to 454.4 MB.
Total: 20.680300 ms (FindLiveObjects: 1.304400 ms CreateObjectMapping: 4.991900 ms MarkObjects: 8.436900 ms  DeleteObjects: 5.945000 ms)

Prepare: number of updated asset objects reloaded= 0
========================================================================
Received Prepare
AcceleratorClientConnectionCallback - disconnected - :0
Unloading 24 Unused Serialized files (Serialized files now loaded: 0)
Unloading 6622 unused Assets / (6.0 MB). Loaded Objects now: 7786.
Memory consumption went from 463.9 MB to 457.9 MB.
Total: 22.242200 ms (FindLiveObjects: 1.669400 ms CreateObjectMapping: 4.957900 ms MarkObjects: 8.940700 ms  DeleteObjects: 6.672700 ms)

Prepare: number of updated asset objects reloaded= 0
========================================================================
Received Prepare
AcceleratorClientConnectionCallback - disconnected - :0
[Licensing::Client] Successfully resolved entitlement details
Begin MonoManager ReloadAssembly
Native extension for WindowsStandalone target not found
Native extension for WebGL target not found
[Package Manager] Failed to launch server process. Reason: Unity was launched with the -noUpm command-line argument
[Package Manager] Unable to send message (not connected to server process).
[Package Manager] Cannot connect to Unity Package Manager local server
[Package Manager] Failed to launch server process. Reason: Unity was launched with the -noUpm command-line argument
[Package Manager] Unable to send message (not connected to server process).
[Package Manager] Cannot connect to Unity Package Manager local server
ScheduleIndexationOnStartup MainProcess:False IndexOnStartup:True
Mono: successfully reloaded assembly
- Finished resetting the current domain, in  1.329 seconds
Domain Reload Profiling: 2871ms
	BeginReloadAssembly (422ms)
		DisableScriptedObjects (19ms)
		CreateAndSetChildDomain (104ms)
	RebuildCommonClasses (21ms)
	RebuildNativeTypeToScriptingClass (32ms)
	initialDomainReloadingComplete (95ms)
	LoadAllAssembliesAndSetupDomain (971ms)
		LoadAssemblies (581ms)
		AnalyzeDomain (363ms)
			TypeCache.Refresh (17ms)
			BuildScriptInfoCaches (333ms)
			ResolveRequiredComponents (10ms)
	FinalizeReload (1331ms)
		SetupLoadedEditorAssemblies (0ms)
			InitializePlatformSupportModulesInManaged (4ms)
			BeforeProcessingInitializeOnLoad (154ms)
			ProcessInitializeOnLoadAttributes (483ms)
			ProcessInitializeOnLoadMethodAttributes (198ms)
			AfterProcessingInitializeOnLoad (9ms)
		AwakeInstancesAfterBackupRestoration (45ms)
Refreshing native plugins compatible for Editor in 2.01 ms, found 4 plugins.
Unloading 24 Unused Serialized files (Serialized files now loaded: 0)
Unloading 6633 unused Assets / (6.5 MB). Loaded Objects now: 7789.
Memory consumption went from 470.0 MB to 463.5 MB.
Total: 20.914600 ms (FindLiveObjects: 1.057200 ms CreateObjectMapping: 4.899500 ms MarkObjects: 8.478300 ms  DeleteObjects: 6.477200 ms)

Prepare: number of updated asset objects reloaded= 0
========================================================================
Received Prepare
AcceleratorClientConnectionCallback - disconnected - :0
Begin MonoManager ReloadAssembly
Refreshing native plugins compatible for Editor in 2.07 ms, found 4 plugins.
Native extension for WindowsStandalone target not found
Native extension for WebGL target not found
[Package Manager] Failed to launch server process. Reason: Unity was launched with the -noUpm command-line argument
[Package Manager] Unable to send message (not connected to server process).
[Package Manager] Cannot connect to Unity Package Manager local server
[Package Manager] Failed to launch server process. Reason: Unity was launched with the -noUpm command-line argument
[Package Manager] Unable to send message (not connected to server process).
[Package Manager] Cannot connect to Unity Package Manager local server
ScheduleIndexationOnStartup MainProcess:False IndexOnStartup:True
Mono: successfully reloaded assembly
- Finished resetting the current domain, in  1.294 seconds
Domain Reload Profiling: 2478ms
	BeginReloadAssembly (423ms)
		DisableScriptedObjects (17ms)
		CreateAndSetChildDomain (122ms)
	RebuildCommonClasses (19ms)
	RebuildNativeTypeToScriptingClass (28ms)
	initialDomainReloadingComplete (97ms)
	LoadAllAssembliesAndSetupDomain (615ms)
		LoadAssemblies (547ms)
		AnalyzeDomain (34ms)
			TypeCache.Refresh (16ms)
			ResolveRequiredComponents (11ms)
	FinalizeReload (1296ms)
		SetupLoadedEditorAssemblies (0ms)
			InitializePlatformSupportModulesInManaged (4ms)
			BeforeProcessingInitializeOnLoad (150ms)
			ProcessInitializeOnLoadAttributes (457ms)
			ProcessInitializeOnLoadMethodAttributes (198ms)
			AfterProcessingInitializeOnLoad (10ms)
		AwakeInstancesAfterBackupRestoration (48ms)
Unloading 24 Unused Serialized files (Serialized files now loaded: 0)
Unloading 6633 unused Assets / (6.6 MB). Loaded Objects now: 7792.
Memory consumption went from 473.5 MB to 466.9 MB.
Total: 20.876700 ms (FindLiveObjects: 1.149800 ms CreateObjectMapping: 4.056700 ms MarkObjects: 7.517900 ms  DeleteObjects: 8.149500 ms)

Prepare: number of updated asset objects reloaded= 0
========================================================================
Received Prepare
AcceleratorClientConnectionCallback - disconnected - :0
Begin MonoManager ReloadAssembly
Native extension for WindowsStandalone target not found
Native extension for WebGL target not found
[Package Manager] Failed to launch server process. Reason: Unity was launched with the -noUpm command-line argument
[Package Manager] Unable to send message (not connected to server process).
[Package Manager] Cannot connect to Unity Package Manager local server
[Package Manager] Failed to launch server process. Reason: Unity was launched with the -noUpm command-line argument
[Package Manager] Unable to send message (not connected to server process).
[Package Manager] Cannot connect to Unity Package Manager local server
ScheduleIndexationOnStartup MainProcess:False IndexOnStartup:True
Mono: successfully reloaded assembly
- Finished resetting the current domain, in  1.287 seconds
Domain Reload Profiling: 2444ms
	BeginReloadAssembly (411ms)
		DisableScriptedObjects (19ms)
		CreateAndSetChildDomain (114ms)
	RebuildCommonClasses (20ms)
	RebuildNativeTypeToScriptingClass (24ms)
	initialDomainReloadingComplete (92ms)
	LoadAllAssembliesAndSetupDomain (606ms)
		LoadAssemblies (556ms)
		AnalyzeDomain (32ms)
			TypeCache.Refresh (15ms)
			ResolveRequiredComponents (10ms)
	FinalizeReload (1290ms)
		SetupLoadedEditorAssemblies (0ms)
			InitializePlatformSupportModulesInManaged (4ms)
			BeforeProcessingInitializeOnLoad (156ms)
			ProcessInitializeOnLoadAttributes (450ms)
			ProcessInitializeOnLoadMethodAttributes (184ms)
			AfterProcessingInitializeOnLoad (9ms)
		AwakeInstancesAfterBackupRestoration (53ms)
Refreshing native plugins compatible for Editor in 2.69 ms, found 4 plugins.
Unloading 24 Unused Serialized files (Serialized files now loaded: 0)
Unloading 6633 unused Assets / (6.9 MB). Loaded Objects now: 7795.
Memory consumption went from 476.4 MB to 469.5 MB.
Total: 22.838200 ms (FindLiveObjects: 1.249100 ms CreateObjectMapping: 4.630500 ms MarkObjects: 9.137900 ms  DeleteObjects: 7.817800 ms)

Prepare: number of updated asset objects reloaded= 0
========================================================================
Received Prepare
AcceleratorClientConnectionCallback - disconnected - :0
[Licensing::Client] Successfully resolved entitlement details
Begin MonoManager ReloadAssembly
Native extension for WindowsStandalone target not found
Native extension for WebGL target not found
[Package Manager] Failed to launch server process. Reason: Unity was launched with the -noUpm command-line argument
[Package Manager] Unable to send message (not connected to server process).
[Package Manager] Cannot connect to Unity Package Manager local server
[Package Manager] Failed to launch server process. Reason: Unity was launched with the -noUpm command-line argument
[Package Manager] Unable to send message (not connected to server process).
[Package Manager] Cannot connect to Unity Package Manager local server
ScheduleIndexationOnStartup MainProcess:False IndexOnStartup:True
Mono: successfully reloaded assembly
- Finished resetting the current domain, in  1.225 seconds
Domain Reload Profiling: 2362ms
	BeginReloadAssembly (393ms)
		DisableScriptedObjects (17ms)
		CreateAndSetChildDomain (105ms)
	RebuildCommonClasses (19ms)
	RebuildNativeTypeToScriptingClass (22ms)
	initialDomainReloadingComplete (94ms)
	LoadAllAssembliesAndSetupDomain (608ms)
		LoadAssemblies (558ms)
		AnalyzeDomain (30ms)
			TypeCache.Refresh (15ms)
			ResolveRequiredComponents (9ms)
	FinalizeReload (1226ms)
		SetupLoadedEditorAssemblies (0ms)
			InitializePlatformSupportModulesInManaged (4ms)
			BeforeProcessingInitializeOnLoad (143ms)
			ProcessInitializeOnLoadAttributes (428ms)
			ProcessInitializeOnLoadMethodAttributes (195ms)
			AfterProcessingInitializeOnLoad (9ms)
		AwakeInstancesAfterBackupRestoration (45ms)
Refreshing native plugins compatible for Editor in 2.17 ms, found 4 plugins.
Unloading 24 Unused Serialized files (Serialized files now loaded: 0)
Unloading 6633 unused Assets / (6.4 MB). Loaded Objects now: 7798.
Memory consumption went from 479.3 MB to 472.9 MB.
Total: 20.112100 ms (FindLiveObjects: 1.219500 ms CreateObjectMapping: 5.078100 ms MarkObjects: 7.882200 ms  DeleteObjects: 5.930000 ms)

Prepare: number of updated asset objects reloaded= 0
========================================================================
Received Prepare
AcceleratorClientConnectionCallback - disconnected - :0
Begin MonoManager ReloadAssembly
Refreshing native plugins compatible for Editor in 2.31 ms, found 4 plugins.
Native extension for WindowsStandalone target not found
Native extension for WebGL target not found
[Package Manager] Failed to launch server process. Reason: Unity was launched with the -noUpm command-line argument
[Package Manager] Unable to send message (not connected to server process).
[Package Manager] Cannot connect to Unity Package Manager local server
[Package Manager] Failed to launch server process. Reason: Unity was launched with the -noUpm command-line argument
[Package Manager] Unable to send message (not connected to server process).
[Package Manager] Cannot connect to Unity Package Manager local server
ScheduleIndexationOnStartup MainProcess:False IndexOnStartup:True
Mono: successfully reloaded assembly
- Finished resetting the current domain, in  1.250 seconds
Domain Reload Profiling: 2407ms
	BeginReloadAssembly (394ms)
		DisableScriptedObjects (19ms)
		CreateAndSetChildDomain (99ms)
	RebuildCommonClasses (20ms)
	RebuildNativeTypeToScriptingClass (30ms)
	initialDomainReloadingComplete (89ms)
	LoadAllAssembliesAndSetupDomain (622ms)
		LoadAssemblies (585ms)
		AnalyzeDomain (29ms)
			TypeCache.Refresh (14ms)
			ResolveRequiredComponents (9ms)
	FinalizeReload (1252ms)
		SetupLoadedEditorAssemblies (0ms)
			InitializePlatformSupportModulesInManaged (3ms)
			BeforeProcessingInitializeOnLoad (155ms)
			ProcessInitializeOnLoadAttributes (450ms)
			ProcessInitializeOnLoadMethodAttributes (186ms)
			AfterProcessingInitializeOnLoad (8ms)
		AwakeInstancesAfterBackupRestoration (47ms)
Refreshing native plugins compatible for Editor in 2.79 ms, found 4 plugins.
Unloading 24 Unused Serialized files (Serialized files now loaded: 0)
Unloading 6633 unused Assets / (6.5 MB). Loaded Objects now: 7801.
Memory consumption went from 482.3 MB to 475.8 MB.
Total: 20.982800 ms (FindLiveObjects: 1.347600 ms CreateObjectMapping: 4.700800 ms MarkObjects: 8.394800 ms  DeleteObjects: 6.536400 ms)

Prepare: number of updated asset objects reloaded= 0
========================================================================
Received Prepare
AcceleratorClientConnectionCallback - disconnected - :0
Unloading 24 Unused Serialized files (Serialized files now loaded: 0)
Unloading 24 unused Assets / (2.7 MB). Loaded Objects now: 7801.
Memory consumption went from 480.4 MB to 477.7 MB.
Total: 10.678700 ms (FindLiveObjects: 0.717500 ms CreateObjectMapping: 1.562100 ms MarkObjects: 7.383900 ms  DeleteObjects: 1.013100 ms)

Prepare: number of updated asset objects reloaded= 0
========================================================================
Received Prepare
AcceleratorClientConnectionCallback - disconnected - :0
Begin MonoManager ReloadAssembly
Refreshing native plugins compatible for Editor in 2.30 ms, found 4 plugins.
Native extension for WindowsStandalone target not found
Native extension for WebGL target not found
[Package Manager] Failed to launch server process. Reason: Unity was launched with the -noUpm command-line argument
[Package Manager] Unable to send message (not connected to server process).
[Package Manager] Cannot connect to Unity Package Manager local server
[Package Manager] Failed to launch server process. Reason: Unity was launched with the -noUpm command-line argument
[Package Manager] Unable to send message (not connected to server process).
[Package Manager] Cannot connect to Unity Package Manager local server
ScheduleIndexationOnStartup MainProcess:False IndexOnStartup:True
Mono: successfully reloaded assembly
- Finished resetting the current domain, in  1.235 seconds
Domain Reload Profiling: 2354ms
	BeginReloadAssembly (385ms)
		DisableScriptedObjects (17ms)
		CreateAndSetChildDomain (113ms)
	RebuildCommonClasses (15ms)
	RebuildNativeTypeToScriptingClass (28ms)
	initialDomainReloadingComplete (90ms)
	LoadAllAssembliesAndSetupDomain (598ms)
		LoadAssemblies (537ms)
		AnalyzeDomain (30ms)
			TypeCache.Refresh (16ms)
			ResolveRequiredComponents (8ms)
	FinalizeReload (1237ms)
		SetupLoadedEditorAssemblies (0ms)
			InitializePlatformSupportModulesInManaged (4ms)
			BeforeProcessingInitializeOnLoad (154ms)
			ProcessInitializeOnLoadAttributes (445ms)
			ProcessInitializeOnLoadMethodAttributes (192ms)
			AfterProcessingInitializeOnLoad (9ms)
		AwakeInstancesAfterBackupRestoration (47ms)
Refreshing native plugins compatible for Editor in 2.25 ms, found 4 plugins.
Unloading 24 Unused Serialized files (Serialized files now loaded: 0)
Unloading 6633 unused Assets / (6.4 MB). Loaded Objects now: 7804.
Memory consumption went from 488.1 MB to 481.7 MB.
Total: 17.946200 ms (FindLiveObjects: 1.021000 ms CreateObjectMapping: 4.514900 ms MarkObjects: 6.937900 ms  DeleteObjects: 5.469900 ms)

Prepare: number of updated asset objects reloaded= 0
========================================================================
Received Prepare
AcceleratorClientConnectionCallback - disconnected - :0
Unloading 24 Unused Serialized files (Serialized files now loaded: 0)
Unloading 24 unused Assets / (2.7 MB). Loaded Objects now: 7804.
Memory consumption went from 486.2 MB to 483.5 MB.
Total: 11.729500 ms (FindLiveObjects: 0.804800 ms CreateObjectMapping: 1.781200 ms MarkObjects: 7.983700 ms  DeleteObjects: 1.157900 ms)

Prepare: number of updated asset objects reloaded= 0
========================================================================
Received Prepare
AcceleratorClientConnectionCallback - disconnected - :0
Refreshing native plugins compatible for Editor in 2.34 ms, found 4 plugins.
Unloading 24 Unused Serialized files (Serialized files now loaded: 0)
Unloading 6622 unused Assets / (7.0 MB). Loaded Objects now: 7804.
Memory consumption went from 493.9 MB to 486.9 MB.
Total: 22.182100 ms (FindLiveObjects: 1.641600 ms CreateObjectMapping: 4.060900 ms MarkObjects: 9.494300 ms  DeleteObjects: 6.982000 ms)

Prepare: number of updated asset objects reloaded= 0
========================================================================
Received Prepare
AcceleratorClientConnectionCallback - disconnected - :0
[Licensing::Client] Successfully resolved entitlement details
Begin MonoManager ReloadAssembly
Native extension for WindowsStandalone target not found
Native extension for WebGL target not found
[Package Manager] Failed to launch server process. Reason: Unity was launched with the -noUpm command-line argument
[Package Manager] Unable to send message (not connected to server process).
[Package Manager] Cannot connect to Unity Package Manager local server
[Package Manager] Failed to launch server process. Reason: Unity was launched with the -noUpm command-line argument
[Package Manager] Unable to send message (not connected to server process).
[Package Manager] Cannot connect to Unity Package Manager local server
ScheduleIndexationOnStartup MainProcess:False IndexOnStartup:True
Mono: successfully reloaded assembly
- Finished resetting the current domain, in  1.317 seconds
Domain Reload Profiling: 2878ms
	BeginReloadAssembly (409ms)
		DisableScriptedObjects (19ms)
		CreateAndSetChildDomain (117ms)
	RebuildCommonClasses (14ms)
	RebuildNativeTypeToScriptingClass (25ms)
	initialDomainReloadingComplete (104ms)
	LoadAllAssembliesAndSetupDomain (1007ms)
		LoadAssemblies (586ms)
		AnalyzeDomain (387ms)
			TypeCache.Refresh (24ms)
			BuildScriptInfoCaches (350ms)
			ResolveRequiredComponents (10ms)
	FinalizeReload (1319ms)
		SetupLoadedEditorAssemblies (0ms)
			InitializePlatformSupportModulesInManaged (4ms)
			BeforeProcessingInitializeOnLoad (150ms)
			ProcessInitializeOnLoadAttributes (470ms)
			ProcessInitializeOnLoadMethodAttributes (204ms)
			AfterProcessingInitializeOnLoad (11ms)
		AwakeInstancesAfterBackupRestoration (47ms)
Refreshing native plugins compatible for Editor in 2.45 ms, found 4 plugins.
Unloading 24 Unused Serialized files (Serialized files now loaded: 0)
Unloading 6633 unused Assets / (6.4 MB). Loaded Objects now: 7807.
Memory consumption went from 508.7 MB to 502.3 MB.
Total: 18.475600 ms (FindLiveObjects: 1.568600 ms CreateObjectMapping: 3.834100 ms MarkObjects: 7.289200 ms  DeleteObjects: 5.780200 ms)

Prepare: number of updated asset objects reloaded= 0
========================================================================
Received Prepare
AcceleratorClientConnectionCallback - disconnected - :0
[Licensing::Client] Successfully resolved entitlement details
Begin MonoManager ReloadAssembly
Refreshing native plugins compatible for Editor in 2.53 ms, found 4 plugins.
Native extension for WindowsStandalone target not found
Native extension for WebGL target not found
[Package Manager] Failed to launch server process. Reason: Unity was launched with the -noUpm command-line argument
[Package Manager] Unable to send message (not connected to server process).
[Package Manager] Cannot connect to Unity Package Manager local server
[Package Manager] Failed to launch server process. Reason: Unity was launched with the -noUpm command-line argument
[Package Manager] Unable to send message (not connected to server process).
[Package Manager] Cannot connect to Unity Package Manager local server
ScheduleIndexationOnStartup MainProcess:False IndexOnStartup:True
Mono: successfully reloaded assembly
- Finished resetting the current domain, in  1.303 seconds
Domain Reload Profiling: 2487ms
	BeginReloadAssembly (405ms)
		DisableScriptedObjects (19ms)
		CreateAndSetChildDomain (107ms)
	RebuildCommonClasses (20ms)
	RebuildNativeTypeToScriptingClass (27ms)
	initialDomainReloadingComplete (95ms)
	LoadAllAssembliesAndSetupDomain (635ms)
		LoadAssemblies (575ms)
		AnalyzeDomain (33ms)
			TypeCache.Refresh (15ms)
			ResolveRequiredComponents (10ms)
	FinalizeReload (1305ms)
		SetupLoadedEditorAssemblies (0ms)
			InitializePlatformSupportModulesInManaged (4ms)
			BeforeProcessingInitializeOnLoad (153ms)
			ProcessInitializeOnLoadAttributes (479ms)
			ProcessInitializeOnLoadMethodAttributes (183ms)
			AfterProcessingInitializeOnLoad (9ms)
		AwakeInstancesAfterBackupRestoration (47ms)
Unloading 24 Unused Serialized files (Serialized files now loaded: 0)
Unloading 6633 unused Assets / (6.1 MB). Loaded Objects now: 7810.
Memory consumption went from 507.0 MB to 500.9 MB.
Total: 18.526100 ms (FindLiveObjects: 1.094100 ms CreateObjectMapping: 3.827200 ms MarkObjects: 7.959200 ms  DeleteObjects: 5.643000 ms)

Prepare: number of updated asset objects reloaded= 0
========================================================================
Received Prepare
AcceleratorClientConnectionCallback - disconnected - :0
Begin MonoManager ReloadAssembly
Native extension for WindowsStandalone target not found
Native extension for WebGL target not found
[Package Manager] Failed to launch server process. Reason: Unity was launched with the -noUpm command-line argument
[Package Manager] Unable to send message (not connected to server process).
[Package Manager] Cannot connect to Unity Package Manager local server
[Package Manager] Failed to launch server process. Reason: Unity was launched with the -noUpm command-line argument
[Package Manager] Unable to send message (not connected to server process).
[Package Manager] Cannot connect to Unity Package Manager local server
ScheduleIndexationOnStartup MainProcess:False IndexOnStartup:True
Mono: successfully reloaded assembly
- Finished resetting the current domain, in  1.239 seconds
Domain Reload Profiling: 2390ms
	BeginReloadAssembly (419ms)
		DisableScriptedObjects (43ms)
		CreateAndSetChildDomain (107ms)
	RebuildCommonClasses (21ms)
	RebuildNativeTypeToScriptingClass (34ms)
	initialDomainReloadingComplete (95ms)
	LoadAllAssembliesAndSetupDomain (580ms)
		LoadAssemblies (541ms)
		AnalyzeDomain (30ms)
			TypeCache.Refresh (14ms)
			ResolveRequiredComponents (10ms)
	FinalizeReload (1240ms)
		SetupLoadedEditorAssemblies (0ms)
			InitializePlatformSupportModulesInManaged (4ms)
			BeforeProcessingInitializeOnLoad (151ms)
			ProcessInitializeOnLoadAttributes (451ms)
			ProcessInitializeOnLoadMethodAttributes (182ms)
			AfterProcessingInitializeOnLoad (10ms)
		AwakeInstancesAfterBackupRestoration (39ms)
Unloading 24 Unused Serialized files (Serialized files now loaded: 0)
Unloading 6633 unused Assets / (6.7 MB). Loaded Objects now: 7813.
Memory consumption went from 509.9 MB to 503.2 MB.
Total: 18.230100 ms (FindLiveObjects: 1.041100 ms CreateObjectMapping: 3.573500 ms MarkObjects: 7.309500 ms  DeleteObjects: 6.302200 ms)

Prepare: number of updated asset objects reloaded= 0
========================================================================
Received Prepare
AcceleratorClientConnectionCallback - disconnected - :0
Begin MonoManager ReloadAssembly
Refreshing native plugins compatible for Editor in 2.68 ms, found 4 plugins.
Native extension for WindowsStandalone target not found
Native extension for WebGL target not found
[Package Manager] Failed to launch server process. Reason: Unity was launched with the -noUpm command-line argument
[Package Manager] Unable to send message (not connected to server process).
[Package Manager] Cannot connect to Unity Package Manager local server
[Package Manager] Failed to launch server process. Reason: Unity was launched with the -noUpm command-line argument
[Package Manager] Unable to send message (not connected to server process).
[Package Manager] Cannot connect to Unity Package Manager local server
ScheduleIndexationOnStartup MainProcess:False IndexOnStartup:True
Mono: successfully reloaded assembly
- Finished resetting the current domain, in  1.363 seconds
Domain Reload Profiling: 2593ms
	BeginReloadAssembly (426ms)
		DisableScriptedObjects (38ms)
		CreateAndSetChildDomain (114ms)
	RebuildCommonClasses (23ms)
	RebuildNativeTypeToScriptingClass (32ms)
	initialDomainReloadingComplete (88ms)
	LoadAllAssembliesAndSetupDomain (659ms)
		LoadAssemblies (567ms)
		AnalyzeDomain (34ms)
			TypeCache.Refresh (16ms)
			ResolveRequiredComponents (11ms)
	FinalizeReload (1365ms)
		SetupLoadedEditorAssemblies (0ms)
			InitializePlatformSupportModulesInManaged (4ms)
			BeforeProcessingInitializeOnLoad (160ms)
			ProcessInitializeOnLoadAttributes (494ms)
			ProcessInitializeOnLoadMethodAttributes (196ms)
			AfterProcessingInitializeOnLoad (10ms)
		AwakeInstancesAfterBackupRestoration (43ms)
Unloading 24 Unused Serialized files (Serialized files now loaded: 0)
Unloading 6633 unused Assets / (6.8 MB). Loaded Objects now: 7816.
Memory consumption went from 0.50 GB to 506.7 MB.
Total: 18.373300 ms (FindLiveObjects: 1.275900 ms CreateObjectMapping: 3.286400 ms MarkObjects: 7.781300 ms  DeleteObjects: 6.026700 ms)

Prepare: number of updated asset objects reloaded= 0
========================================================================
Received Prepare
AcceleratorClientConnectionCallback - disconnected - :0
Unloading 24 Unused Serialized files (Serialized files now loaded: 0)
Unloading 6622 unused Assets / (6.3 MB). Loaded Objects now: 7816.
Memory consumption went from 0.50 GB to 510.2 MB.
Total: 20.210300 ms (FindLiveObjects: 1.270200 ms CreateObjectMapping: 4.705600 ms MarkObjects: 8.505400 ms  DeleteObjects: 5.727000 ms)

Prepare: number of updated asset objects reloaded= 0
========================================================================
Received Prepare
AcceleratorClientConnectionCallback - disconnected - :0
[Licensing::Client] Successfully resolved entitlement details
Begin MonoManager ReloadAssembly
Native extension for WindowsStandalone target not found
Native extension for WebGL target not found
[Package Manager] Failed to launch server process. Reason: Unity was launched with the -noUpm command-line argument
[Package Manager] Unable to send message (not connected to server process).
[Package Manager] Cannot connect to Unity Package Manager local server
[Package Manager] Failed to launch server process. Reason: Unity was launched with the -noUpm command-line argument
[Package Manager] Unable to send message (not connected to server process).
[Package Manager] Cannot connect to Unity Package Manager local server
ScheduleIndexationOnStartup MainProcess:False IndexOnStartup:True
Mono: successfully reloaded assembly
- Finished resetting the current domain, in  1.299 seconds
Domain Reload Profiling: 2887ms
	BeginReloadAssembly (441ms)
		DisableScriptedObjects (20ms)
		CreateAndSetChildDomain (131ms)
	RebuildCommonClasses (22ms)
	RebuildNativeTypeToScriptingClass (32ms)
	initialDomainReloadingComplete (101ms)
	LoadAllAssembliesAndSetupDomain (991ms)
		LoadAssemblies (601ms)
		AnalyzeDomain (378ms)
			TypeCache.Refresh (18ms)
			BuildScriptInfoCaches (347ms)
			ResolveRequiredComponents (10ms)
	FinalizeReload (1300ms)
		SetupLoadedEditorAssemblies (0ms)
			InitializePlatformSupportModulesInManaged (4ms)
			BeforeProcessingInitializeOnLoad (158ms)
			ProcessInitializeOnLoadAttributes (447ms)
			ProcessInitializeOnLoadMethodAttributes (197ms)
			AfterProcessingInitializeOnLoad (10ms)
		AwakeInstancesAfterBackupRestoration (41ms)
Refreshing native plugins compatible for Editor in 2.07 ms, found 4 plugins.
Unloading 24 Unused Serialized files (Serialized files now loaded: 0)
Unloading 6633 unused Assets / (6.4 MB). Loaded Objects now: 7819.
Memory consumption went from 0.52 GB to 0.51 GB.
Total: 18.993900 ms (FindLiveObjects: 0.979200 ms CreateObjectMapping: 3.436500 ms MarkObjects: 8.390600 ms  DeleteObjects: 6.184500 ms)

Prepare: number of updated asset objects reloaded= 0
========================================================================
Received Prepare
AcceleratorClientConnectionCallback - disconnected - :0
Begin MonoManager ReloadAssembly
Native extension for WindowsStandalone target not found
Native extension for WebGL target not found
[Package Manager] Failed to launch server process. Reason: Unity was launched with the -noUpm command-line argument
[Package Manager] Unable to send message (not connected to server process).
[Package Manager] Cannot connect to Unity Package Manager local server
[Package Manager] Failed to launch server process. Reason: Unity was launched with the -noUpm command-line argument
[Package Manager] Unable to send message (not connected to server process).
[Package Manager] Cannot connect to Unity Package Manager local server
ScheduleIndexationOnStartup MainProcess:False IndexOnStartup:True
Mono: successfully reloaded assembly
- Finished resetting the current domain, in  1.243 seconds
Domain Reload Profiling: 2394ms
	BeginReloadAssembly (403ms)
		DisableScriptedObjects (17ms)
		CreateAndSetChildDomain (126ms)
	RebuildCommonClasses (24ms)
	RebuildNativeTypeToScriptingClass (24ms)
	initialDomainReloadingComplete (90ms)
	LoadAllAssembliesAndSetupDomain (609ms)
		LoadAssemblies (551ms)
		AnalyzeDomain (27ms)
			TypeCache.Refresh (13ms)
			ResolveRequiredComponents (8ms)
	FinalizeReload (1244ms)
		SetupLoadedEditorAssemblies (0ms)
			InitializePlatformSupportModulesInManaged (3ms)
			BeforeProcessingInitializeOnLoad (154ms)
			ProcessInitializeOnLoadAttributes (441ms)
			ProcessInitializeOnLoadMethodAttributes (191ms)
			AfterProcessingInitializeOnLoad (10ms)
		AwakeInstancesAfterBackupRestoration (46ms)
Refreshing native plugins compatible for Editor in 2.04 ms, found 4 plugins.
Unloading 24 Unused Serialized files (Serialized files now loaded: 0)
Unloading 6633 unused Assets / (6.6 MB). Loaded Objects now: 7822.
Memory consumption went from 0.52 GB to 0.51 GB.
Total: 18.752800 ms (FindLiveObjects: 1.037300 ms CreateObjectMapping: 3.607000 ms MarkObjects: 7.969400 ms  DeleteObjects: 6.136500 ms)

Prepare: number of updated asset objects reloaded= 0
========================================================================
Received Prepare
AcceleratorClientConnectionCallback - disconnected - :0
Refreshing native plugins compatible for Editor in 3.10 ms, found 4 plugins.
Unloading 24 Unused Serialized files (Serialized files now loaded: 0)
Unloading 6622 unused Assets / (6.3 MB). Loaded Objects now: 7822.
Memory consumption went from 0.52 GB to 0.51 GB.
Total: 18.337600 ms (FindLiveObjects: 1.033300 ms CreateObjectMapping: 3.550800 ms MarkObjects: 8.277900 ms  DeleteObjects: 5.473500 ms)

Prepare: number of updated asset objects reloaded= 0
========================================================================
Received Prepare
AcceleratorClientConnectionCallback - disconnected - :0
[Licensing::Client] Successfully resolved entitlement details
Begin MonoManager ReloadAssembly
Native extension for WindowsStandalone target not found
Native extension for WebGL target not found
[Package Manager] Failed to launch server process. Reason: Unity was launched with the -noUpm command-line argument
[Package Manager] Unable to send message (not connected to server process).
[Package Manager] Cannot connect to Unity Package Manager local server
[Package Manager] Failed to launch server process. Reason: Unity was launched with the -noUpm command-line argument
[Package Manager] Unable to send message (not connected to server process).
[Package Manager] Cannot connect to Unity Package Manager local server
ScheduleIndexationOnStartup MainProcess:False IndexOnStartup:True
Mono: successfully reloaded assembly
- Finished resetting the current domain, in  1.300 seconds
Domain Reload Profiling: 2822ms
	BeginReloadAssembly (417ms)
		DisableScriptedObjects (19ms)
		CreateAndSetChildDomain (122ms)
	RebuildCommonClasses (21ms)
	RebuildNativeTypeToScriptingClass (25ms)
	initialDomainReloadingComplete (93ms)
	LoadAllAssembliesAndSetupDomain (964ms)
		LoadAssemblies (571ms)
		AnalyzeDomain (368ms)
			TypeCache.Refresh (20ms)
			BuildScriptInfoCaches (337ms)
			ResolveRequiredComponents (8ms)
	FinalizeReload (1302ms)
		SetupLoadedEditorAssemblies (0ms)
			InitializePlatformSupportModulesInManaged (5ms)
			BeforeProcessingInitializeOnLoad (156ms)
			ProcessInitializeOnLoadAttributes (453ms)
			ProcessInitializeOnLoadMethodAttributes (198ms)
			AfterProcessingInitializeOnLoad (8ms)
		AwakeInstancesAfterBackupRestoration (45ms)
Unloading 24 Unused Serialized files (Serialized files now loaded: 0)
Unloading 6633 unused Assets / (6.4 MB). Loaded Objects now: 7825.
Memory consumption went from 0.53 GB to 0.53 GB.
Total: 20.061900 ms (FindLiveObjects: 1.182100 ms CreateObjectMapping: 4.301000 ms MarkObjects: 8.346600 ms  DeleteObjects: 6.230000 ms)

Prepare: number of updated asset objects reloaded= 0
========================================================================
Received Prepare
AcceleratorClientConnectionCallback - disconnected - :0
Begin MonoManager ReloadAssembly
Native extension for WindowsStandalone target not found
Native extension for WebGL target not found
[Package Manager] Failed to launch server process. Reason: Unity was launched with the -noUpm command-line argument
[Package Manager] Unable to send message (not connected to server process).
[Package Manager] Cannot connect to Unity Package Manager local server
[Package Manager] Failed to launch server process. Reason: Unity was launched with the -noUpm command-line argument
[Package Manager] Unable to send message (not connected to server process).
[Package Manager] Cannot connect to Unity Package Manager local server
ScheduleIndexationOnStartup MainProcess:False IndexOnStartup:True
Mono: successfully reloaded assembly
- Finished resetting the current domain, in  1.314 seconds
Domain Reload Profiling: 2517ms
	BeginReloadAssembly (432ms)
		DisableScriptedObjects (18ms)
		CreateAndSetChildDomain (132ms)
	RebuildCommonClasses (18ms)
	RebuildNativeTypeToScriptingClass (30ms)
	initialDomainReloadingComplete (103ms)
	LoadAllAssembliesAndSetupDomain (618ms)
		LoadAssemblies (566ms)
		AnalyzeDomain (30ms)
			TypeCache.Refresh (14ms)
			ResolveRequiredComponents (10ms)
	FinalizeReload (1316ms)
		SetupLoadedEditorAssemblies (0ms)
			InitializePlatformSupportModulesInManaged (6ms)
			BeforeProcessingInitializeOnLoad (158ms)
			ProcessInitializeOnLoadAttributes (475ms)
			ProcessInitializeOnLoadMethodAttributes (195ms)
			AfterProcessingInitializeOnLoad (9ms)
		AwakeInstancesAfterBackupRestoration (49ms)
Refreshing native plugins compatible for Editor in 3.02 ms, found 4 plugins.
Unloading 24 Unused Serialized files (Serialized files now loaded: 0)
Unloading 6633 unused Assets / (6.3 MB). Loaded Objects now: 7828.
Memory consumption went from 0.53 GB to 0.53 GB.
Total: 20.984300 ms (FindLiveObjects: 2.523500 ms CreateObjectMapping: 4.417600 ms MarkObjects: 7.121900 ms  DeleteObjects: 6.918300 ms)

Prepare: number of updated asset objects reloaded= 0
========================================================================
Received Prepare
AcceleratorClientConnectionCallback - disconnected - :0
Refreshing native plugins compatible for Editor in 2.15 ms, found 4 plugins.
Unloading 24 Unused Serialized files (Serialized files now loaded: 0)
Unloading 6622 unused Assets / (6.6 MB). Loaded Objects now: 7828.
Memory consumption went from 0.53 GB to 0.53 GB.
Total: 21.379300 ms (FindLiveObjects: 1.254700 ms CreateObjectMapping: 3.665500 ms MarkObjects: 9.507400 ms  DeleteObjects: 6.948800 ms)

Prepare: number of updated asset objects reloaded= 0
========================================================================
Received Prepare
AcceleratorClientConnectionCallback - disconnected - :0
Begin MonoManager ReloadAssembly
Native extension for WindowsStandalone target not found
Native extension for WebGL target not found
[Package Manager] Failed to launch server process. Reason: Unity was launched with the -noUpm command-line argument
[Package Manager] Unable to send message (not connected to server process).
[Package Manager] Cannot connect to Unity Package Manager local server
[Package Manager] Failed to launch server process. Reason: Unity was launched with the -noUpm command-line argument
[Package Manager] Unable to send message (not connected to server process).
[Package Manager] Cannot connect to Unity Package Manager local server
ScheduleIndexationOnStartup MainProcess:False IndexOnStartup:True
Mono: successfully reloaded assembly
- Finished resetting the current domain, in  1.322 seconds
Domain Reload Profiling: 2888ms
	BeginReloadAssembly (410ms)
		DisableScriptedObjects (18ms)
		CreateAndSetChildDomain (116ms)
	RebuildCommonClasses (20ms)
	RebuildNativeTypeToScriptingClass (29ms)
	initialDomainReloadingComplete (98ms)
	LoadAllAssembliesAndSetupDomain (1006ms)
		LoadAssemblies (579ms)
		AnalyzeDomain (390ms)
			TypeCache.Refresh (22ms)
			BuildScriptInfoCaches (355ms)
			ResolveRequiredComponents (9ms)
	FinalizeReload (1324ms)
		SetupLoadedEditorAssemblies (0ms)
			InitializePlatformSupportModulesInManaged (4ms)
			BeforeProcessingInitializeOnLoad (165ms)
			ProcessInitializeOnLoadAttributes (458ms)
			ProcessInitializeOnLoadMethodAttributes (195ms)
			AfterProcessingInitializeOnLoad (13ms)
		AwakeInstancesAfterBackupRestoration (47ms)
Unloading 24 Unused Serialized files (Serialized files now loaded: 0)
Unloading 6633 unused Assets / (6.5 MB). Loaded Objects now: 7831.
Memory consumption went from 0.54 GB to 0.54 GB.
Total: 19.464400 ms (FindLiveObjects: 1.095300 ms CreateObjectMapping: 4.500300 ms MarkObjects: 7.344700 ms  DeleteObjects: 6.520800 ms)

Prepare: number of updated asset objects reloaded= 0
========================================================================
Received Prepare
AcceleratorClientConnectionCallback - disconnected - :0
Refreshing native plugins compatible for Editor in 2.07 ms, found 4 plugins.
Unloading 24 Unused Serialized files (Serialized files now loaded: 0)
Unloading 24 unused Assets / (2.7 MB). Loaded Objects now: 7831.
Memory consumption went from 0.54 GB to 0.54 GB.
Total: 12.208200 ms (FindLiveObjects: 0.655400 ms CreateObjectMapping: 1.881800 ms MarkObjects: 8.533400 ms  DeleteObjects: 1.134500 ms)

Prepare: number of updated asset objects reloaded= 0
========================================================================
Received Prepare
AcceleratorClientConnectionCallback - disconnected - :0
[Licensing::Client] Successfully resolved entitlement details
Begin MonoManager ReloadAssembly
Refreshing native plugins compatible for Editor in 2.08 ms, found 4 plugins.
Native extension for WindowsStandalone target not found
Native extension for WebGL target not found
[Package Manager] Failed to launch server process. Reason: Unity was launched with the -noUpm command-line argument
[Package Manager] Unable to send message (not connected to server process).
[Package Manager] Cannot connect to Unity Package Manager local server
[Package Manager] Failed to launch server process. Reason: Unity was launched with the -noUpm command-line argument
[Package Manager] Unable to send message (not connected to server process).
[Package Manager] Cannot connect to Unity Package Manager local server
ScheduleIndexationOnStartup MainProcess:False IndexOnStartup:True
Mono: successfully reloaded assembly
- Finished resetting the current domain, in  1.303 seconds
Domain Reload Profiling: 2432ms
	BeginReloadAssembly (390ms)
		DisableScriptedObjects (18ms)
		CreateAndSetChildDomain (121ms)
	RebuildCommonClasses (23ms)
	RebuildNativeTypeToScriptingClass (31ms)
	initialDomainReloadingComplete (88ms)
	LoadAllAssembliesAndSetupDomain (594ms)
		LoadAssemblies (524ms)
		AnalyzeDomain (34ms)
			TypeCache.Refresh (16ms)
			ResolveRequiredComponents (11ms)
	FinalizeReload (1305ms)
		SetupLoadedEditorAssemblies (0ms)
			InitializePlatformSupportModulesInManaged (4ms)
			BeforeProcessingInitializeOnLoad (152ms)
			ProcessInitializeOnLoadAttributes (449ms)
			ProcessInitializeOnLoadMethodAttributes (209ms)
			AfterProcessingInitializeOnLoad (11ms)
		AwakeInstancesAfterBackupRestoration (53ms)
Refreshing native plugins compatible for Editor in 2.31 ms, found 4 plugins.
Unloading 24 Unused Serialized files (Serialized files now loaded: 0)
Unloading 6633 unused Assets / (7.6 MB). Loaded Objects now: 7834.
Memory consumption went from 0.55 GB to 0.54 GB.
Total: 24.032100 ms (FindLiveObjects: 1.467700 ms CreateObjectMapping: 5.099000 ms MarkObjects: 8.899800 ms  DeleteObjects: 8.563100 ms)

Prepare: number of updated asset objects reloaded= 0
========================================================================
Received Prepare
AcceleratorClientConnectionCallback - disconnected - :0
Unloading 24 Unused Serialized files (Serialized files now loaded: 0)
Unloading 6622 unused Assets / (6.6 MB). Loaded Objects now: 7834.
Memory consumption went from 0.55 GB to 0.54 GB.
Total: 20.736100 ms (FindLiveObjects: 1.135500 ms CreateObjectMapping: 4.633800 ms MarkObjects: 8.178700 ms  DeleteObjects: 6.785400 ms)

Prepare: number of updated asset objects reloaded= 0
========================================================================
Received Prepare
AcceleratorClientConnectionCallback - disconnected - :0
[Licensing::Client] Successfully resolved entitlement details
Begin MonoManager ReloadAssembly
Refreshing native plugins compatible for Editor in 6.68 ms, found 4 plugins.
Native extension for WindowsStandalone target not found
Native extension for WebGL target not found
[Package Manager] Failed to launch server process. Reason: Unity was launched with the -noUpm command-line argument
[Package Manager] Unable to send message (not connected to server process).
[Package Manager] Cannot connect to Unity Package Manager local server
[Package Manager] Failed to launch server process. Reason: Unity was launched with the -noUpm command-line argument
[Package Manager] Unable to send message (not connected to server process).
[Package Manager] Cannot connect to Unity Package Manager local server
ScheduleIndexationOnStartup MainProcess:False IndexOnStartup:True
Mono: successfully reloaded assembly
- Finished resetting the current domain, in  1.428 seconds
Domain Reload Profiling: 3073ms
	BeginReloadAssembly (421ms)
		DisableScriptedObjects (18ms)
		CreateAndSetChildDomain (126ms)
	RebuildCommonClasses (21ms)
	RebuildNativeTypeToScriptingClass (22ms)
	initialDomainReloadingComplete (107ms)
	LoadAllAssembliesAndSetupDomain (1071ms)
		LoadAssemblies (657ms)
		AnalyzeDomain (368ms)
			TypeCache.Refresh (23ms)
			BuildScriptInfoCaches (330ms)
			ResolveRequiredComponents (11ms)
	FinalizeReload (1430ms)
		SetupLoadedEditorAssemblies (0ms)
			InitializePlatformSupportModulesInManaged (4ms)
			BeforeProcessingInitializeOnLoad (173ms)
			ProcessInitializeOnLoadAttributes (504ms)
			ProcessInitializeOnLoadMethodAttributes (214ms)
			AfterProcessingInitializeOnLoad (10ms)
		AwakeInstancesAfterBackupRestoration (48ms)
Refreshing native plugins compatible for Editor in 3.98 ms, found 4 plugins.
Unloading 24 Unused Serialized files (Serialized files now loaded: 0)
Unloading 6633 unused Assets / (6.6 MB). Loaded Objects now: 7837.
Memory consumption went from 0.56 GB to 0.55 GB.
Total: 20.104700 ms (FindLiveObjects: 1.143600 ms CreateObjectMapping: 5.041800 ms MarkObjects: 7.678100 ms  DeleteObjects: 6.238100 ms)

Prepare: number of updated asset objects reloaded= 0
========================================================================
Received Import Request.
  Time of request: 2026-09-14T21:06:37.4168794Z
  Time since last request: 1669.77722709999989 seconds.
  importAddress: GUID: 178ad2f872ae0cf49a1498d2bb60f0cd - Path: Assets/Scenes - Importer: PreviewImporter
Importing 'GUID: 178ad2f872ae0cf49a1498d2bb60f0cd - Path: Assets/Scenes - Importer: PreviewImporter' with importer (PreviewImporter)
Imported 'GUID: 178ad2f872ae0cf49a1498d2bb60f0cd' -> (Import Result ID: '1e1155db5903f556b513de6e080ce331') in 0.136 seconds [static and dynamic dependencies]. Details - ImportResultOutputID=57ad94cfa94d4d8f8d98a625a633d8d9 DependenciesID=b3def957856a15a8d6607f5a320e1a9e StaticDependenciesID=34123841e77c5caeec46404e9f772aed 
Number of updated asset objects reloaded before import = 0
Number of asset objects unloaded after import = 0
========================================================================
Received Prepare
AcceleratorClientConnectionCallback - disconnected - :0
Refreshing native plugins compatible for Editor in 2.23 ms, found 4 plugins.
Unloading 24 Unused Serialized files (Serialized files now loaded: 0)
Unloading 24 unused Assets / (2.7 MB). Loaded Objects now: 7837.
Memory consumption went from 0.56 GB to 0.55 GB.
Total: 11.240600 ms (FindLiveObjects: 0.660900 ms CreateObjectMapping: 1.839900 ms MarkObjects: 7.877900 ms  DeleteObjects: 0.859800 ms)

Prepare: number of updated asset objects reloaded= 0
========================================================================
Received Import Request.
  Time of request: 2026-09-14T21:09:51.3450061Z
  Time since last request: 193.7748861 seconds.
  importAddress: GUID: 059e5578c333ddd4daaee0b4e91b7806 - Path: Assets/Material/58a940484e184cb0911ecfdf1baa9dd6.jpeg - Importer: PreviewImporter
Importing 'GUID: 059e5578c333ddd4daaee0b4e91b7806 - Path: Assets/Material/58a940484e184cb0911ecfdf1baa9dd6.jpeg - Importer: PreviewImporter' with importer (PreviewImporter)
Imported 'GUID: 059e5578c333ddd4daaee0b4e91b7806' -> (Import Result ID: '5880e2a306c701341fcc96ee93cd7217') in 0.442 seconds [static and dynamic dependencies]. Details - ImportResultOutputID=e165cf3d1d5cb76161dfa718e19085a6 DependenciesID=a90ad31e289210fa0e7deaf296a6fc95 StaticDependenciesID=58cd406dab3ed896972ce94978d86714 
Number of updated asset objects reloaded before import = 0
Number of asset objects unloaded after import = 2
========================================================================
Received Import Request.
  Time of request: 2026-09-14T21:09:59.6597251Z
  Time since last request: 7.8560067 seconds.
  importAddress: GUID: 9ad42031d5b307d44ae748aba074047b - Path: Assets/Script/ScoreManager.cs - Importer: ScriptedImporter/UnityEditor.QuickSearchModule:UnityEditor.Search:ASIAI0B
Importing 'GUID: 9ad42031d5b307d44ae748aba074047b - Path: Assets/Script/ScoreManager.cs - Importer: ScriptedImporter/UnityEditor.QuickSearchModule:UnityEditor.Search:ASIAI0B' with importer (ScriptedImporter : UnityEditor.QuickSearchModule:UnityEditor.Search:ASIAI0B)
Imported 'GUID: 9ad42031d5b307d44ae748aba074047b' -> (Import Result ID: '214451a371402af265ca787dbb5d971f') in 0.130 seconds [static and dynamic dependencies]. Details - ImportResultOutputID=53054d42112899595d60cfd2ec497ac5 DependenciesID=1de8a6cdce56750e976c52aad2ed23f0 StaticDependenciesID=13ab06af271ace4b6757b2293e6f8f22 
Number of updated asset objects reloaded before import = 0
Number of asset objects unloaded after import = 0
========================================================================
Received Import Request.
  Time of request: 2026-09-14T21:09:59.8089147Z
  Time since last request: 0.0013377 seconds.
  importAddress: GUID: 5442b403b6d7c5841af84a2098cfa4e4 - Path: Assets/StartMenu.unity - Importer: ScriptedImporter/UnityEditor.QuickSearchModule:UnityEditor.Search:ASIAI0B
Importing 'GUID: 5442b403b6d7c5841af84a2098cfa4e4 - Path: Assets/StartMenu.unity - Importer: ScriptedImporter/UnityEditor.QuickSearchModule:UnityEditor.Search:ASIAI0B' with importer (ScriptedImporter : UnityEditor.QuickSearchModule:UnityEditor.Search:ASIAI0B)
Imported 'GUID: 5442b403b6d7c5841af84a2098cfa4e4' -> (Import Result ID: '7d6bbd301f2f8ca624ab488c59e85cd1') in 0.010 seconds [static and dynamic dependencies]. Details - ImportResultOutputID=11cfaf9bf5431ae3127d4d30ddc6613b DependenciesID=4705eb898ee9cb0870970ec8fb53cb38 StaticDependenciesID=ced23808c2252f0766341500dccfabf3 
Number of updated asset objects reloaded before import = 0
Number of asset objects unloaded after import = 1
========================================================================
Received Import Request.
  Time of request: 2026-09-14T21:09:59.8367069Z
  Time since last request: 0.0009502 seconds.
  importAddress: GUID: 059e5578c333ddd4daaee0b4e91b7806 - Path: Assets/Material/58a940484e184cb0911ecfdf1baa9dd6.jpeg - Importer: ScriptedImporter/UnityEditor.QuickSearchModule:UnityEditor.Search:ASIAI0B
Importing 'GUID: 059e5578c333ddd4daaee0b4e91b7806 - Path: Assets/Material/58a940484e184cb0911ecfdf1baa9dd6.jpeg - Importer: ScriptedImporter/UnityEditor.QuickSearchModule:UnityEditor.Search:ASIAI0B' with importer (ScriptedImporter : UnityEditor.QuickSearchModule:UnityEditor.Search:ASIAI0B)
Imported 'GUID: 059e5578c333ddd4daaee0b4e91b7806' -> (Import Result ID: '4e230de5f0b102e66ab0403fb56da752') in 0.076 seconds [static and dynamic dependencies]. Details - ImportResultOutputID=9c13fd27d5440fc75f3c151a7a2ada2a DependenciesID=2dbe9d1758a5704495f20ff162cf48b0 StaticDependenciesID=3aa0a73dc0cc12ce4b5ae0f0724a3e8d 
Number of updated asset objects reloaded before import = 0
Number of asset objects unloaded after import = 1
========================================================================
Received Import Request.
  Time of request: 2026-09-14T21:09:59.9311524Z
  Time since last request: 0.0009977 seconds.
  importAddress: GUID: f4e3c7115132136478b063318cad7719 - Path: Assets/Script/PlatForm.cs - Importer: ScriptedImporter/UnityEditor.QuickSearchModule:UnityEditor.Search:ASIAI0B
Importing 'GUID: f4e3c7115132136478b063318cad7719 - Path: Assets/Script/PlatForm.cs - Importer: ScriptedImporter/UnityEditor.QuickSearchModule:UnityEditor.Search:ASIAI0B' with importer (ScriptedImporter : UnityEditor.QuickSearchModule:UnityEditor.Search:ASIAI0B)
Imported 'GUID: f4e3c7115132136478b063318cad7719' -> (Import Result ID: 'c0477e36e7016a26d002744a2d7b8a2f') in 0.006 seconds [static and dynamic dependencies]. Details - ImportResultOutputID=f67e887d9e134f680fbe483c73ea30e6 DependenciesID=2163021e71111daac080e064abaf76f5 StaticDependenciesID=e8233800a920d1a3dbb152c59d7004b5 
Number of updated asset objects reloaded before import = 0
Number of asset objects unloaded after import = 0
========================================================================
Received Import Request.
  Time of request: 2026-09-14T21:09:59.954631Z
  Time since last request: 0.0016049 seconds.
  importAddress: GUID: 4847fff48a1af31479c9bf18c97af65d - Path: Assets/Script/MenuManager.cs - Importer: ScriptedImporter/UnityEditor.QuickSearchModule:UnityEditor.Search:ASIAI0B
Importing 'GUID: 4847fff48a1af31479c9bf18c97af65d - Path: Assets/Script/MenuManager.cs - Importer: ScriptedImporter/UnityEditor.QuickSearchModule:UnityEditor.Search:ASIAI0B' with importer (ScriptedImporter : UnityEditor.QuickSearchModule:UnityEditor.Search:ASIAI0B)
Imported 'GUID: 4847fff48a1af31479c9bf18c97af65d' -> (Import Result ID: 'd626dcda71daee2f0d853c8b57efc706') in 0.007 seconds [static and dynamic dependencies]. Details - ImportResultOutputID=d8b098e1bbf5279f59d25878e9d4e782 DependenciesID=ef7ed3a704c4c692bfd5e47728590c91 StaticDependenciesID=e3abe86b6c01a58071513f5ba29a7c48 
Number of updated asset objects reloaded before import = 0
Number of asset objects unloaded after import = 0
Editor requested this worker to shutdown with reason: Scaling down because of idle timeout
AssetImportWorkerClient::OnTransportError - code=2 error=End of file
AcceleratorClientConnectionCallback - disconnected - :0
AssetImportWorker is now disconnected from the server
Process exiting
Exiting without the bug reporter. Application will terminate with return code 0