[Licensing::Module] Trying to connect to existing licensing client channel...
Built from '6000.5/staging' branch; Version is '6000.5.9f1 (b57deb96f08d) revision 11894251'; Using compiler version '194234433'; Build Type 'Release'
[Licensing::IpcConnector] Successfully connected to: "LicenseClient-golfa" at "2026-09-14T19:36:57.714123Z"
OS: 'Windows 11  (10.0.26200) Core' Language: 'en' Physical Memory: 16125 MB
BatchMode: 0, IsHumanControllingUs: 1, StartBugReporterOnCrash: 1, Is64bit: 1
System  architecture: x64
Process architecture: x64
Date: 2026-09-14T19:36:57Z
[Licensing::Client] Code 10 while verifying Licensing Client signature (process Id: 16192, path: "C:/Program Files/Unity Hub/UnityLicensingClient_V1/Unity.Licensing.Client.exe")
[Licensing::Module] LicensingClient has failed validation; ignoring
[Licensing::Client] Handshaking with LicensingClient:
  Version:                 1.18.3+d7ffd15
  Session Id:              c52b4e4291164345b2746430b772b251
  Correlation Id:          072e5d8d47958b7b3cefe669362c5ab1
  External correlation Id: 9101327322312171638
  Machine Id:              FUnE4I3JiGVUYJ7CitaydDp0Olk=
[Licensing::Module] Successfully connected to LicensingClient on channel: "LicenseClient-golfa" (connect: 0.00s, validation: 0.00s, handshake: 0.03s)
[Licensing::IpcConnector] Successfully connected to: "LicenseClient-golfa-notifications" at "2026-09-14T19:36:57.7437343Z"
[Licensing::Client] Successfully updated the access token
[Licensing::Module] Successfully updated the access token JUErXSRXac...
[Licensing::Client] Successfully resolved entitlement details
[Licensing::Module] License group:
  Id: 18967218653225-UnityPersXXXX
  Product: Unity Personal
  Type: Assigned
  Expiration: Unlimited
[Licensing::Client] Successfully updated license, isAsync: True, time: 0.01
[Licensing::Client] Successfully resolved entitlement details
[Licensing::Module] Licensing Background thread has ended after 0.05s

COMMAND LINE ARGUMENTS:
C:\Program Files\Unity\Hub\Editor\6000.5.9f1\Editor\Unity.exe
-projectpath
C:\Users\golfa\Rocket
-acceptSoftwareTermsForThisRunOnly
-useHub
-hubIPC
-cloudEnvironment
production
-licensingIpc
LicenseClient-golfa
-hubSessionId
e65939fd-25b6-4c2d-a3ea-ee50c082887c
-accessToken
JUErXSRXaccILZ6jFWOgz90HZQVOnScUn2tLROyD00s011f
Successfully changed project path to: C:\Users\golfa\Rocket
C:/Users/golfa/Rocket
[UnityMemory] Configuration Parameters - Can be set up in boot.config
    "memorysetup-temp-allocator-size-gi-baking-worker=262144"
    "memorysetup-temp-allocator-size-gi-baking-worker=262144"
    "memorysetup-temp-allocator-size-gi-baking-worker=262144"
    "memorysetup-temp-allocator-size-gi-baking-worker=262144"
    "memorysetup-temp-allocator-size-gi-baking-worker=262144"
    "memorysetup-temp-allocator-size-nav-mesh-worker=65536"
    "memorysetup-temp-allocator-size-audio-worker=65536"
    "memorysetup-temp-allocator-size-cloud-worker=32768"
    "memorysetup-temp-allocator-size-gfx=262144"
    "memorysetup-remapper-allocator-initial-capacity=32768"
    "memorysetup-temp-allocator-size-preload-manager=33554432"
    "memorysetup-allocator-temp-initial-block-size-main=262144"
    "memorysetup-allocator-temp-initial-block-size-worker=262144"
    "memorysetup-temp-allocator-size-job-worker=262144"
    "memorysetup-temp-allocator-size-background-worker=32768"
    "memorysetup-bucket-allocator-granularity=16"
    "memorysetup-bucket-allocator-bucket-count=8"
    "memorysetup-bucket-allocator-block-size=33554432"
    "memorysetup-bucket-allocator-block-count=8"
    "memorysetup-main-allocator-block-size=16777216"
    "memorysetup-thread-allocator-block-size=16777216"
    "memorysetup-main-allocator-mimalloc-enabled=0"
    "memorysetup-gfx-main-allocator-block-size=16777216"
    "memorysetup-gfx-thread-allocator-block-size=16777216"
    "memorysetup-cache-allocator-block-size=4194304"
    "memorysetup-typetree-allocator-block-size=2097152"
    "memorysetup-profiler-bucket-allocator-granularity=16"
    "memorysetup-profiler-bucket-allocator-bucket-count=8"
    "memorysetup-profiler-bucket-allocator-block-size=33554432"
    "memorysetup-profiler-bucket-allocator-block-count=8"
    "memorysetup-profiler-allocator-block-size=16777216"
    "memorysetup-profiler-editor-allocator-block-size=1048576"
    "memorysetup-temp-allocator-size-main=16777216"
    "memorysetup-job-temp-allocator-block-size=2097152"
    "memorysetup-job-temp-allocator-block-size-background=1048576"
    "memorysetup-job-temp-allocator-reduction-small-platforms=262144"
Player connection [27820]  Target information:

Player connection [27820]  * "[IP] 192.168.1.100 [Port] 55504 [Flags] 2 [Guid] 346820654 [EditorId] 346820654 [Version] 1048832 [Id] WindowsEditor(7,Onejack) [Debug] 1 [PackageName] WindowsEditor [ProjectName] Editor" 

Player connection [27820] Host joined multi-casting on [225.0.0.222:54997]...
Player connection [27820] Host joined alternative multi-casting on [225.0.0.222:34997]...
Input System module state changed to: Initialized.
[Physics::Module] Initialized fallback backend.
[Physics::Module] Id: 0xdecafbad
[Package Manager] Connected to IPC stream "Upm-28452" after 0.3 seconds.
[Licensing::Client] Successfully resolved entitlement details
Library Redirect Path: Library/
[Physics::Module] Selected backend.
[Physics::Module] Name: PhysX
[Physics::Module] Id: 0xf2b8ea05
[Physics::Module] SDK Version: 4.1.2
[Physics::Module] Integration Version: 1.0.0
[Physics::Module] Threading Mode: Multi-Threaded
Artifact Garbage Collection - Removed 5 unused hashed content files
Initialize engine version: 6000.5.9f1 (b57deb96f08d)
[Subsystems] Discovering subsystems at path C:/Program Files/Unity/Hub/Editor/6000.5.9f1/Editor/Data/Resources/UnitySubsystems
[Subsystems] Discovering subsystems at path C:/Users/golfa/Rocket/Assets
[D3D12 Device Filter] Vendor Name: NVIDIA
[D3D12 Device Filter] Device Name: NVIDIA GeForce RTX 4060 Ti
[D3D12 Device Filter] Driver Version: 32.0.16.1088
[D3D12 Device Filter] Feature Level: 12.2
[D3D12 Device Filter] Graphics Memory: 7949 MB
[D3D12 Device Filter] Processor Count: 20
[D3D12 Device Filter] Device Type: Discrete
GfxDevice: creating device client; kGfxThreadingModeSplitJobs
d3d12: failed to query info queue interface (0x80004002).
Direct3D:
    Version:         Direct3D 12 [level 12.2]
    Renderer:        NVIDIA GeForce RTX 4060 Ti (ID=0x2803)
    Vendor:          NVIDIA
    VRAM:            7949 MB
    App VRAM Budget: 7181 MB
    Driver:          32.0.16.1088
Initialize mono
Mono path[0] = 'C:/Program Files/Unity/Hub/Editor/6000.5.9f1/Editor/Data/Managed'
Mono path[1] = 'C:/Program Files/Unity/Hub/Editor/6000.5.9f1/Editor/Data/BCLExtensions/runtime/netstandard2.1'
Mono path[2] = 'C:/Program Files/Unity/Hub/Editor/6000.5.9f1/Editor/Data/MonoBleedingEdge/lib/mono/unityjit-win32'
Mono config path = 'C:/Program Files/Unity/Hub/Editor/6000.5.9f1/Editor/Data/MonoBleedingEdge/etc'
Using monoOptions --debugger-agent=transport=dt_socket,embedding=1,server=y,suspend=n,address=127.0.0.1:56452
CodeReloadManager initialized
ImportWorker Server TCP listen port: 0
AcceleratorClientConnectionCallback - disconnected - :0
Begin MonoManager ReloadAssembly
Registering precompiled unity dll's ...
Register platform support module: C:/Program Files/Unity/Hub/Editor/6000.5.9f1/Editor/Data/PlaybackEngines/WebGLSupport/UnityEditor.WebGL.Extensions.dll
Register platform support module: C:/Program Files/Unity/Hub/Editor/6000.5.9f1/Editor/Data/PlaybackEngines/WindowsStandaloneSupport/UnityEditor.WindowsStandalone.Extensions.dll
Registered in 0.005013 seconds.
Native extension for WindowsStandalone target not found
Native extension for WebGL target not found
Package Manager log level set to [2]
ScheduleIndexationOnStartup MainProcess:False IndexOnStartup:True
Mono: successfully reloaded assembly
- Finished resetting the current domain, in  0.598 seconds
Domain Reload Profiling: 1125ms
	BeginReloadAssembly (151ms)
		CreateAndSetChildDomain (22ms)
	RebuildCommonClasses (6ms)
	RebuildNativeTypeToScriptingClass (17ms)
	initialDomainReloadingComplete (70ms)
	LoadAllAssembliesAndSetupDomain (281ms)
		LoadAssemblies (126ms)
		AnalyzeDomain (200ms)
			TypeCache.Refresh (199ms)
				TypeCache.ScanAssembly (185ms)
	FinalizeReload (600ms)
		SetupLoadedEditorAssemblies (0ms)
			InitializePlatformSupportModulesInManaged (3ms)
			BeforeProcessingInitializeOnLoad (89ms)
			ProcessInitializeOnLoadAttributes (101ms)
			ProcessInitializeOnLoadMethodAttributes (333ms)
[Licensing::Client] Successfully resolved entitlement details
Application.AssetDatabase Initial Refresh Start
[Package Manager] Restoring resolved packages state from cache
[Licensing::Client] Successfully resolved entitlement details
[Package Manager] Registered 57 packages:
  Packages from [https://packages.unity.com]:
    com.unity.ai.navigation@2.0.14 (location: C:\Users\golfa\Rocket\Library\PackageCache\com.unity.ai.navigation@134dd6a3b97b)
    com.unity.collab-proxy@2.13.6 (location: C:\Users\golfa\Rocket\Library\PackageCache\com.unity.collab-proxy@4628d2ba6ea4)
    com.unity.ide.rider@3.0.38 (location: C:\Users\golfa\Rocket\Library\PackageCache\com.unity.ide.rider@1f60b3138684)
    com.unity.ide.visualstudio@2.0.26 (location: C:\Users\golfa\Rocket\Library\PackageCache\com.unity.ide.visualstudio@a99d56dec63f)
    com.unity.inputsystem@1.20.0 (location: C:\Users\golfa\Rocket\Library\PackageCache\com.unity.inputsystem@7a4e1a2a8194)
    com.unity.timeline@1.8.12 (location: C:\Users\golfa\Rocket\Library\PackageCache\com.unity.timeline@8cd8509afae5)
    com.unity.visualscripting@1.9.12 (location: C:\Users\golfa\Rocket\Library\PackageCache\com.unity.visualscripting@4edfcc09512f)
    com.unity.searcher@4.9.5 (location: C:\Users\golfa\Rocket\Library\PackageCache\com.unity.searcher@a463122f2c00)
    com.unity.burst@1.8.30 (location: C:\Users\golfa\Rocket\Library\PackageCache\com.unity.burst@2f3d916873ea)
    com.unity.nuget.mono-cecil@1.11.6 (location: C:\Users\golfa\Rocket\Library\PackageCache\com.unity.nuget.mono-cecil@ecb9724e46ff)
    com.unity.test-framework.performance@3.5.0 (location: C:\Users\golfa\Rocket\Library\PackageCache\com.unity.test-framework.performance@8b56083ec0f0)
  Built-in packages:
    com.unity.multiplayer.center@1.0.1 (location: C:\Users\golfa\Rocket\Library\PackageCache\com.unity.multiplayer.center@b860850997d0)
    com.unity.render-pipelines.universal@17.5.0 (location: C:\Users\golfa\Rocket\Library\PackageCache\com.unity.render-pipelines.universal@d7774c218bdf)
    com.unity.test-framework@1.7.0 (location: C:\Users\golfa\Rocket\Library\PackageCache\com.unity.test-framework@1405238725ab)
    com.unity.ugui@2.5.0 (location: C:\Users\golfa\Rocket\Library\PackageCache\com.unity.ugui@1c4864518158)
    com.unity.modules.accessibility@1.0.0 (location: C:\Users\golfa\Rocket\Library\PackageCache\com.unity.modules.accessibility)
    com.unity.modules.adaptiveperformance@1.0.0 (location: C:\Users\golfa\Rocket\Library\PackageCache\com.unity.modules.adaptiveperformance)
    com.unity.modules.ai@1.0.0 (location: C:\Users\golfa\Rocket\Library\PackageCache\com.unity.modules.ai)
    com.unity.modules.androidjni@1.0.0 (location: C:\Users\golfa\Rocket\Library\PackageCache\com.unity.modules.androidjni)
    com.unity.modules.animation@1.0.0 (location: C:\Users\golfa\Rocket\Library\PackageCache\com.unity.modules.animation)
    com.unity.modules.assetbundle@1.0.0 (location: C:\Users\golfa\Rocket\Library\PackageCache\com.unity.modules.assetbundle)
    com.unity.modules.audio@1.0.0 (location: C:\Users\golfa\Rocket\Library\PackageCache\com.unity.modules.audio)
    com.unity.modules.cloth@1.0.0 (location: C:\Users\golfa\Rocket\Library\PackageCache\com.unity.modules.cloth)
    com.unity.modules.director@1.0.0 (location: C:\Users\golfa\Rocket\Library\PackageCache\com.unity.modules.director)
    com.unity.modules.imageconversion@1.0.0 (location: C:\Users\golfa\Rocket\Library\PackageCache\com.unity.modules.imageconversion)
    com.unity.modules.imgui@1.0.0 (location: C:\Users\golfa\Rocket\Library\PackageCache\com.unity.modules.imgui)
    com.unity.modules.jsonserialize@1.0.0 (location: C:\Users\golfa\Rocket\Library\PackageCache\com.unity.modules.jsonserialize)
    com.unity.modules.particlesystem@1.0.0 (location: C:\Users\golfa\Rocket\Library\PackageCache\com.unity.modules.particlesystem)
    com.unity.modules.physics@1.0.0 (location: C:\Users\golfa\Rocket\Library\PackageCache\com.unity.modules.physics)
    com.unity.modules.physics2d@1.0.0 (location: C:\Users\golfa\Rocket\Library\PackageCache\com.unity.modules.physics2d)
    com.unity.modules.physicscore2d@1.0.0 (location: C:\Users\golfa\Rocket\Library\PackageCache\com.unity.modules.physicscore2d)
    com.unity.modules.screencapture@1.0.0 (location: C:\Users\golfa\Rocket\Library\PackageCache\com.unity.modules.screencapture)
    com.unity.modules.terrain@1.0.0 (location: C:\Users\golfa\Rocket\Library\PackageCache\com.unity.modules.terrain)
    com.unity.modules.terrainphysics@1.0.0 (location: C:\Users\golfa\Rocket\Library\PackageCache\com.unity.modules.terrainphysics)
    com.unity.modules.tilemap@1.0.0 (location: C:\Users\golfa\Rocket\Library\PackageCache\com.unity.modules.tilemap)
    com.unity.modules.ui@1.0.0 (location: C:\Users\golfa\Rocket\Library\PackageCache\com.unity.modules.ui)
    com.unity.modules.uielements@1.0.0 (location: C:\Users\golfa\Rocket\Library\PackageCache\com.unity.modules.uielements)
    com.unity.modules.umbra@1.0.0 (location: C:\Users\golfa\Rocket\Library\PackageCache\com.unity.modules.umbra)
    com.unity.modules.unityanalytics@1.0.0 (location: C:\Users\golfa\Rocket\Library\PackageCache\com.unity.modules.unityanalytics)
    com.unity.modules.unitywebrequest@1.0.0 (location: C:\Users\golfa\Rocket\Library\PackageCache\com.unity.modules.unitywebrequest)
    com.unity.modules.unitywebrequestassetbundle@1.0.0 (location: C:\Users\golfa\Rocket\Library\PackageCache\com.unity.modules.unitywebrequestassetbundle)
    com.unity.modules.unitywebrequestaudio@1.0.0 (location: C:\Users\golfa\Rocket\Library\PackageCache\com.unity.modules.unitywebrequestaudio)
    com.unity.modules.unitywebrequesttexture@1.0.0 (location: C:\Users\golfa\Rocket\Library\PackageCache\com.unity.modules.unitywebrequesttexture)
    com.unity.modules.unitywebrequestwww@1.0.0 (location: C:\Users\golfa\Rocket\Library\PackageCache\com.unity.modules.unitywebrequestwww)
    com.unity.modules.vectorgraphics@1.0.0 (location: C:\Users\golfa\Rocket\Library\PackageCache\com.unity.modules.vectorgraphics)
    com.unity.modules.vehicles@1.0.0 (location: C:\Users\golfa\Rocket\Library\PackageCache\com.unity.modules.vehicles)
    com.unity.modules.video@1.0.0 (location: C:\Users\golfa\Rocket\Library\PackageCache\com.unity.modules.video)
    com.unity.modules.wind@1.0.0 (location: C:\Users\golfa\Rocket\Library\PackageCache\com.unity.modules.wind)
    com.unity.modules.xr@1.0.0 (location: C:\Users\golfa\Rocket\Library\PackageCache\com.unity.modules.xr)
    com.unity.modules.subsystems@1.0.0 (location: C:\Users\golfa\Rocket\Library\PackageCache\com.unity.modules.subsystems)
    com.unity.modules.hierarchycore@1.0.0 (location: C:\Users\golfa\Rocket\Library\PackageCache\com.unity.modules.hierarchycore)
    com.unity.ext.nunit@2.1.0 (location: C:\Users\golfa\Rocket\Library\PackageCache\com.unity.ext.nunit@44f7d31723bd)
    com.unity.render-pipelines.core@17.5.0 (location: C:\Users\golfa\Rocket\Library\PackageCache\com.unity.render-pipelines.core@a4c9a9793789)
    com.unity.shadergraph@17.5.0 (location: C:\Users\golfa\Rocket\Library\PackageCache\com.unity.shadergraph@8d7376ec43ee)
    com.unity.render-pipelines.universal-config@17.5.0 (location: C:\Users\golfa\Rocket\Library\PackageCache\com.unity.render-pipelines.universal-config@fdda01c80fe3)
    com.unity.collections@6.5.0 (location: C:\Users\golfa\Rocket\Library\PackageCache\com.unity.collections@ec2c217e4cb2)
    com.unity.mathematics@1.4.0 (location: C:\Users\golfa\Rocket\Library\PackageCache\com.unity.mathematics@981956d94fb6)
[Subsystems] No new subsystems found in resolved package list.
[Package Manager] Done registering packages in 0.01 seconds
info: Microsoft.Hosting.Lifetime[14]
      Now listening on: http://localhost:80
info: Microsoft.Hosting.Lifetime[0]
      Application started. Press Ctrl+C to shut down.
info: Microsoft.Hosting.Lifetime[0]
      Hosting environment: Production
info: Microsoft.Hosting.Lifetime[0]
      Content root path: C:\Users\golfa\Rocket
info: Microsoft.AspNetCore.Hosting.Diagnostics[1]
      Request starting HTTP/2 POST http://ilpp/UnityILPP.PostProcessing/Ping - application/grpc -
info: Microsoft.AspNetCore.Routing.EndpointMiddleware[0]
      Executing endpoint 'gRPC - /UnityILPP.PostProcessing/Ping'
info: Microsoft.AspNetCore.Routing.EndpointMiddleware[1]
      Executed endpoint 'gRPC - /UnityILPP.PostProcessing/Ping'
info: Microsoft.AspNetCore.Hosting.Diagnostics[2]
      Request finished HTTP/2 POST http://ilpp/UnityILPP.PostProcessing/Ping - 200 - application/grpc 35.2548ms
Starting: C:\Program Files\Unity\Hub\Editor\6000.5.9f1\Editor\Data\Tools\BuildPipeline\bee_backend.exe --ipc --defer-dag-verification --dagfile="Library/Bee/1900b0aE.dag" --continue-on-failure --profile="Library/Bee/backend1.traceevents" ScriptAssemblies
WorkingDir: C:/Users/golfa/Rocket
info: Microsoft.AspNetCore.Hosting.Diagnostics[1]
      Request starting HTTP/2 POST http://ilpp/UnityILPP.PostProcessing/ConfigurePostProcessors - application/grpc -
info: Microsoft.AspNetCore.Routing.EndpointMiddleware[0]
      Executing endpoint 'gRPC - /UnityILPP.PostProcessing/ConfigurePostProcessors'
warn: Unity.ILPP.Runner.PostProcessingAssemblyLoadContext[0]
      Assembly system.runtime.interopservices.windowsruntime has duplicate hint path. Ignoring "C:\Program Files\Unity\Hub\Editor\6000.5.9f1\Editor\Data\UnityReferenceAssemblies\unity-4.8-api\Facades\System.Runtime.InteropServices.WindowsRuntime.dll" in favor of "C:\Program Files\Unity\Hub\Editor\6000.5.9f1\Editor\Data\NetStandard\Extensions\2.0.0\System.Runtime.InteropServices.WindowsRuntime.dll"
warn: Unity.ILPP.Runner.PostProcessingAssemblyLoadContext[0]
      Assembly system.componentmodel.composition has duplicate hint path. Ignoring "C:\Program Files\Unity\Hub\Editor\6000.5.9f1\Editor\Data\UnityReferenceAssemblies\unity-4.8-api\System.ComponentModel.Composition.dll" in favor of "C:\Program Files\Unity\Hub\Editor\6000.5.9f1\Editor\Data\NetStandard\compat\2.1.0\shims\netfx\System.ComponentModel.Composition.dll"
info: Unity.ILPP.Runner.PostProcessingAssemblyLoadContext[0]
      Resolved Unity.Burst.Cecil, Version=0.11.6.0, Culture=neutral, PublicKeyToken=50cebf1cceb9d05e with Library\PackageCache\com.unity.burst@2f3d916873ea\Unity.Burst.CodeGen\Unity.Burst.Cecil.dll
info: Unity.ILPP.Runner.PostProcessingAssemblyLoadContext[0]
      Resolved Mono.Cecil, Version=0.11.5.0, Culture=neutral, PublicKeyToken=50cebf1cceb9d05e with Library\PackageCache\com.unity.nuget.mono-cecil@ecb9724e46ff\Mono.Cecil.dll
info: Microsoft.AspNetCore.Routing.EndpointMiddleware[1]
      Executed endpoint 'gRPC - /UnityILPP.PostProcessing/ConfigurePostProcessors'
info: Microsoft.AspNetCore.Hosting.Diagnostics[2]
      Request finished HTTP/2 POST http://ilpp/UnityILPP.PostProcessing/ConfigurePostProcessors - 200 - application/grpc 262.3719ms
ExitCode: 0 Duration: 0s528ms
[731/927    0s] ILPP-Configuration Library/ilpp-configuration.nevergeneratedoutput
*** Tundra build success (0.50 seconds), 1 items updated, 927 evaluated
AssetDatabase: script compilation time: 1.040183s
Begin MonoManager ReloadAssembly
Total cache size 64119356
Total cache size after purge 64119356, took 00:00:00.0916116
Refreshing native plugins compatible for Editor in 4.11 ms, found 4 plugins.
Native extension for WindowsStandalone target not found
Native extension for WebGL target not found
ScheduleIndexationOnStartup MainProcess:True IndexOnStartup:True
Mono: successfully reloaded assembly
- Finished resetting the current domain, in  2.801 seconds
Domain Reload Profiling: 3588ms
	BeginReloadAssembly (200ms)
		DisableScriptedObjects (25ms)
		CreateAndSetChildDomain (45ms)
	RebuildCommonClasses (7ms)
	RebuildNativeTypeToScriptingClass (13ms)
	initialDomainReloadingComplete (45ms)
	LoadAllAssembliesAndSetupDomain (522ms)
		LoadAssemblies (305ms)
		AnalyzeDomain (203ms)
			TypeCache.Refresh (144ms)
				TypeCache.ScanAssembly (133ms)
			BuildScriptInfoCaches (51ms)
			ResolveRequiredComponents (7ms)
	FinalizeReload (2802ms)
		SetupLoadedEditorAssemblies (0ms)
			BeforeProcessingInitializeOnLoad (86ms)
			ProcessInitializeOnLoadAttributes (2109ms)
			ProcessInitializeOnLoadMethodAttributes (149ms)
			AfterProcessingInitializeOnLoad (6ms)
		AwakeInstancesAfterBackupRestoration (40ms)
Starting new worker id: 0 with log in C:/Users/golfa/Rocket/Logs/AssetImportWorkerHW0.log

Asset Pipeline Refresh (id=c7c47c64cf6aa6646ade74bfb3d36773): Total: 5.278 seconds - Initiated by InitialRefreshV2(ForceSynchronousImport)
	(Values over 0.05ms)
	Summary:
		Imports: total=0 (actual=0, local cache=0, cache server=0)
		Asset DB Process Time: managed=0 ms, native=3318 ms
		Asset DB Callback time: managed=31 ms, native=14 ms
		Scripting: domain reloads=1, domain reload time=827 ms, compile time=1041 ms, other=44 ms
		Project Asset Count: scripts=1374, non-scripts=2361
		Asset File Changes: new=0, changed=0, moved=0, deleted=0
		Scan Filter Count: 0
	InvokePackagesCallback: 15.045ms
	ApplyChangesToAssetFolders: 0.643ms
	Scan: 140.240ms
	Collect global state as custom dependencies: 20.542ms
	CategorizeScriptCompilationAssets: 57.245ms
	ProcessAssetsWithTransientArtifactChanges: 65.802ms
	CategorizeAssets: 39.571ms
	CompileScripts: 1041.287ms
	ImportOutOfDateAssets: 2855.098ms (2819.340ms without children)
		UnloadImportedAssets: 0.774ms
		EnsureUptoDateAssetsAreRegisteredWithGuidPM: 0.479ms
		ImportSchedulerStart: 34.470ms
	PostProcessAllAssets: 31.933ms
		MonoPostProcessAllAssets: 31.880ms
			UniversalRenderPipelineGlobalSettingsPostprocessor.OnPostprocessAllAssets 10.330ms
			SyncVS.PostprocessSyncProject 3.448ms
			RenderPipelineGlobalSettingsPostprocessor.OnPostprocessAllAssets 2.394ms
			WindowAssetPostprocessingWatcher.OnPostprocessAllAssets 2.095ms
			SpeedTree9Postprocessor.OnPostprocessAllAssets 1.719ms
			EditModeScopePostprocessor.OnPostprocessAllAssets 1.145ms
			ShaderReflectionAssetPostProcessor.OnPostprocessAllAssets 0.318ms
			ReferencedClipsPostProcessor.OnPostprocessAllAssets 0.301ms
			InputActionAssetPostprocessor.OnPostprocessAllAssets 0.261ms
			AssetDatabaseCallbacks.OnPostprocessAllAssets 0.212ms
			TerrainToolbarOverlayPostProcessor.OnPostprocessAllAssets 0.182ms
			ProjectSettingsPostprocessor.OnPostprocessAllAssets 0.160ms
	UnloadStreamsBegin: 2.173ms
	PersistCurrentRevisions: 0.115ms
	GenerateScriptTypeHashes: 1.320ms
	GenerateScriptTypeSerializationHashes: 2.392ms
	Untracked: 1004.940ms

Application.AssetDatabase Initial Refresh End
Launched and connected shader compiler UnityShaderCompiler.exe after 0.02 seconds
Scanning for USB devices : 31.377ms
Initializing Unity extensions:
[MODES] ModeService[none].Initialize
[MODES] ModeService[none].LoadModes
[MODES] Loading mode Default (0) for mode-current-id-Rocket
Unloading 30 Unused Serialized files (Serialized files now loaded: 0)
Loaded scene 'Assets/Scenes/SampleScene.unity'
	Deserialize:            34.565 ms
	Integration:            258.038 ms
	Integration of assets:  2.318 ms
	Thread Wait Time:       1.136 ms
	Total Operation Time:   296.056 ms
Unloading 6647 unused Assets / (5.0 MB). Loaded Objects now: 7793.
Memory consumption went from 431.2 MB to 426.2 MB.
Total: 13.336900 ms (FindLiveObjects: 0.676700 ms CreateObjectMapping: 2.550700 ms MarkObjects: 6.509000 ms  DeleteObjects: 3.450900 ms)

[LAYOUT] About to load UserSettings\Layouts\default-6000.dwlt, keepMainWindow=False
Worker ready: AssetImportWorkerHW0 0
[LAYOUT] About to save layout C:\Users\golfa\Rocket\UserSettings\Layouts\default-6000.dwlt
[LAYOUT] About to save layout C:/Users/golfa/AppData/Roaming/Unity/Editor-5.x/Preferences\Layouts\current\default-6000.dwlt
[MODES] ModeService[default].InitializeCurrentMode
[MODES] ModeService[default].RaiseModeChanged(default, default)
<RI> Initializing input.
Using Windows.Gaming.Input
[Project] Loading completed in 10.165 seconds
	Project init time: 				8.490 seconds
		Template init time: 		0.000 seconds
		Package Manager init time: 		0.332 seconds
		Asset Database init time: 		0.281 seconds
		Global illumination init time: 	0.008 seconds
		Assemblies load time: 			1.201 seconds
		Unity extensions init time: 	0.027 seconds
		Asset Database refresh time: 	5.278 seconds
	Scene opening time: 			1.483 seconds
##utp:{"type":"ProjectInfo","version":2,"phase":"Immediate","time":1789414627831,"processId":28452,"projectLoad":10.1645873,"projectInit":8.4903828,"templateInit":0.0,"packageManagerInit":0.3315339,"assetDatabaseInit":0.2806174,"globalIlluminationInit":0.0076605,"assembliesLoad":1.2005481,"unityExtensionsInit":0.0270893,"assetDatabaseRefresh":5.2784629,"sceneOpening":1.4828908}
##utp:{"type":"EditorInfo","version":2,"phase":"Immediate","time":1789414627832,"processId":28452,"editorVersion":"6000.5.9f1 (b57deb96f08d)","branch":"6000.5/staging","buildType":"Release","platform":"Windows"}
Asset Pipeline Refresh (id=ba199814d4c20f341bea1e26fa25653c): Total: 0.078 seconds - Initiated by RefreshV2(AllowForceSynchronousImport)
Start Indexing on Editor startup
[Indexing] Starting Initial Indexing for Assets
Created GICache directory at C:/Users/golfa/AppData/LocalLow/Unity/Caches/GiCache. Took: 0.015s, timestamps: [11.553 - 11.568]
[Licensing::Client] Successfully resolved entitlement details
[Licensing::Client] Successfully resolved entitlement details
[Licensing::Client] Successfully resolved entitlement details
[Licensing::Client] Successfully updated the access token
[Licensing::Module] Successfully updated access token: "JUErXSRX"... (expires: 2026-09-14T20:17:28Z)
Starting new worker id: 1 with log in C:/Users/golfa/Rocket/Logs/AssetImportWorkerHW1.log
[Worker0] Imported GUID: 99c9720ab356a0642a771bea13969a05 - Path: Assets/Scenes/SampleScene.unity - Importer: ScriptedImporter/UnityEditor.QuickSearchModule:UnityEditor.Search:ASIAI0B -> (ImportResultId: 'dd7451c5ef1732a33c0896c09cf484e2') in 0.0788941 seconds
[Worker0] Imported GUID: a00992adbdb45434cb22de26a90d7cc6 - Path: Assets/Material/New Material.mat - Importer: ScriptedImporter/UnityEditor.QuickSearchModule:UnityEditor.Search:ASIAI0B -> (ImportResultId: 'c26fbbe0ed1b7e88d91f4a9d843b0c03') in 0.0432656 seconds
Worker ready: AssetImportWorkerHW1 1
[Licensing::Client] Successfully resolved entitlement details
Asset Pipeline Refresh (id=1a6fd4d55dbdee34c99fced083219d6e): Total: 0.012 seconds - Initiated by RefreshV2(AllowForceSynchronousImport)
Asset Pipeline Refresh (id=204d151ba34ccf74fb03d122badd68df): Total: 0.010 seconds - Initiated by RefreshV2(AllowForceSynchronousImport)
TrimDiskCacheJob: Current cache size 0mb
[ScriptCompilation] Requested script compilation because: AssetDatabase observed changes in script compilation related files
Refreshing native plugins compatible for Editor in 3.08 ms, found 4 plugins.

Asset Pipeline Refresh (id=89e3bd3a626f89041bcf565af7f58bc5): Total: 0.689 seconds - Initiated by RefreshV2(NoUpdateAssetOptions)
	(Values over 0.05ms)
	Summary:
		Imports: total=0 (actual=0, local cache=0, cache server=0)
		Asset DB Process Time: managed=0 ms, native=227 ms
		Asset DB Callback time: managed=392 ms, native=66 ms
		Scripting: domain reloads=0, domain reload time=0 ms, compile time=3 ms, other=0 ms
		Project Asset Count: scripts=1374, non-scripts=2361
		Asset File Changes: new=0, changed=1, moved=0, deleted=0
		Scan Filter Count: 0
	ApplyChangesToAssetFolders: 0.329ms
	Scan: 28.248ms
	Collect global state as custom dependencies: 0.353ms
	OnSourceAssetsModified: 4.269ms
	CategorizeScriptCompilationAssets: 0.831ms
	ProcessAssetsWithTransientArtifactChanges: 11.301ms
	CategorizeAssets: 52.748ms
	CompileScripts: 2.863ms
	ImportOutOfDateAssets: 86.255ms (24.053ms without children)
		ReloadNativeAssets: 0.240ms
		UnloadImportedAssets: 0.320ms
		EnsureUptoDateAssetsAreRegisteredWithGuidPM: 1.558ms
		ImportSchedulerStart: 60.064ms
	PostProcessAllAssets: 410.166ms
		XRBuildSystem.XRAssetImported 15.526ms
		PostProcessCallbackCreateDeferredMaterials 0.541ms
		ShaderAssetModifiedCallback 0.438ms
		WindowTitlePostprocess 0.149ms
		MonoPostProcessAllAssets: 390.261ms
			AssetPostprocessor.OnPostprocessAllAssets 314.174ms
			ShaderGraphAssetPostProcessor.OnPostprocessAllAssets 7.442ms
			UVCSAssetPostprocessor.OnPostprocessAllAssets 6.280ms
			TMPro_TexturePostProcessor.OnPostprocessAllAssets 4.749ms
			RetainedModeAssetPostprocessor.OnPostprocessAllAssets 4.522ms
			MaterialPostprocessor.OnPostprocessAllAssets 4.442ms
			PostProcessor.OnPostprocessAllAssets 4.126ms
			BuilderAssetPostprocessor.OnPostprocessAllAssets 3.582ms
			SampleDependencyImporterPostProcessor.OnPostprocessAllAssets 3.384ms
			TextAssetPostProcessor.OnPostprocessAllAssets 3.187ms
			ArtifactBrowserPostProcessor.OnPostprocessAllAssets 3.009ms
			InputActionJsonNameModifierAssetProcessor.OnPostprocessAllAssets 2.697ms
			AssetChangedListener.OnPostprocessAllAssets 2.327ms
			AssetReloadNotifier.OnPostprocessAllAssets 2.046ms
			AudioMixerPostprocessor.OnPostprocessAllAssets 1.775ms
			SamplePostprocessor.OnPostprocessAllAssets 1.234ms
			SyncVS.PostprocessSyncProject 1.186ms
			ConfigAssetsTracker.OnPostprocessAllAssets 1.074ms
			ScenarioDriftAssetsTracker.OnPostprocessAllAssets 0.975ms
			AssetEvents.OnPostprocessAllAssets 0.915ms
			RenderPipelineGlobalSettingsPostprocessor.OnPostprocessAllAssets 0.845ms
			StyleCatalogPostProcessor.OnPostprocessAllAssets 0.783ms
			AudioContainerPostProcessor.OnPostprocessAllAssets 0.750ms
			ProjectSettingsPostprocessor.OnPostprocessAllAssets 0.719ms
			SpeedTreePostProcessor.OnPostprocessAllAssets 0.582ms
			UniversalRenderPipelineGlobalSettingsPostprocessor.OnPostprocessAllAssets 0.391ms
			ShaderReflectionAssetPostProcessor.OnPostprocessAllAssets 0.371ms
			SpeedTree9Postprocessor.OnPostprocessAllAssets 0.336ms
			AssetDatabaseCallbacks.OnPostprocessAllAssets 0.325ms
			InputActionAssetPostprocessor.OnPostprocessAllAssets 0.212ms
			TerrainToolbarOverlayPostProcessor.OnPostprocessAllAssets 0.181ms
			WindowAssetPostprocessingWatcher.OnPostprocessAllAssets 0.156ms
			EditModeScopePostprocessor.OnPostprocessAllAssets 0.156ms
	PostAssetChangesProfiler: 44.516ms
	GatherAllCurrentPrimaryImportResultRevisions: 0.584ms
	UnloadStreamsBegin: 2.930ms
	PersistCurrentRevisions: 0.197ms
	Untracked: 43.054ms

Asset Pipeline Refresh (id=c7fe0f157ee575f46ba097c4532f01bd): Total: 0.017 seconds - Initiated by RefreshV2(NoUpdateAssetOptions)
Asset Pipeline Refresh (id=f2b21b3b776b3e14db2a6d8f2d9d59cc): Total: 0.006 seconds - Initiated by RefreshV2(NoUpdateAssetOptions)
Asset Pipeline Refresh (id=f5eef88104442be42aeb4647fdf9f50f): Total: 0.016 seconds - Initiated by RefreshV2(NoUpdateAssetOptions)
Asset Pipeline Refresh (id=a2c16a84585f8d64794485b15a76f6a3): Total: 0.015 seconds - Initiated by RefreshV2(NoUpdateAssetOptions)
[Worker0] Imported GUID: ddfab16af75a799468df8eb8410342ff - Path: Assets/Script/CoinSpawner.cs - Importer: PreviewImporter -> (ImportResultId: '2507655ebddc7980d9b87c5153b62633') in 0.0541688 seconds
[Licensing::Client] Successfully resolved entitlement details
info: Microsoft.AspNetCore.Hosting.Diagnostics[1]
      Request starting HTTP/2 POST http://ilpp/UnityILPP.PostProcessing/Ping - application/grpc -
info: Microsoft.AspNetCore.Routing.EndpointMiddleware[0]
      Executing endpoint 'gRPC - /UnityILPP.PostProcessing/Ping'
info: Microsoft.AspNetCore.Routing.EndpointMiddleware[1]
      Executed endpoint 'gRPC - /UnityILPP.PostProcessing/Ping'
info: Microsoft.AspNetCore.Hosting.Diagnostics[2]
      Request finished HTTP/2 POST http://ilpp/UnityILPP.PostProcessing/Ping - 200 - application/grpc 1.2127ms
Starting: C:\Program Files\Unity\Hub\Editor\6000.5.9f1\Editor\Data\Tools\BuildPipeline\bee_backend.exe --ipc --defer-dag-verification --dagfile="Library/Bee/1900b0aE.dag" --continue-on-failure --profile="Library/Bee/backend1.traceevents" ScriptAssemblies
WorkingDir: C:/Users/golfa/Rocket
info: Microsoft.AspNetCore.Hosting.Diagnostics[1]
      Request starting HTTP/2 POST http://ilpp/UnityILPP.PostProcessing/ConfigurePostProcessors - application/grpc -
info: Microsoft.AspNetCore.Routing.EndpointMiddleware[0]
      Executing endpoint 'gRPC - /UnityILPP.PostProcessing/ConfigurePostProcessors'
info: Unity.ILPP.Runner.PostProcessingAssemblyLoadContext[0]
      Current configuration matches the requested one, skipping
info: Microsoft.AspNetCore.Routing.EndpointMiddleware[1]
      Executed endpoint 'gRPC - /UnityILPP.PostProcessing/ConfigurePostProcessors'
info: Microsoft.AspNetCore.Hosting.Diagnostics[2]
      Request finished HTTP/2 POST http://ilpp/UnityILPP.PostProcessing/ConfigurePostProcessors - 200 - application/grpc 7.8204ms
info: Microsoft.AspNetCore.Hosting.Diagnostics[1]
      Request starting HTTP/2 POST http://ilpp/UnityILPP.PostProcessing/PostProcessAssembly - application/grpc -
info: Microsoft.AspNetCore.Routing.EndpointMiddleware[0]
      Executing endpoint 'gRPC - /UnityILPP.PostProcessing/PostProcessAssembly'
info: Unity.ILPP.Runner.PostProcessingPipeline[0]
      Processing assembly Library/Bee/artifacts/1900b0aE.dag/Assembly-CSharp.dll, with 141 defines and 339 references
info: Unity.ILPP.Runner.PostProcessingPipeline[0]
      processors: Unity.Jobs.CodeGen.JobsILPostProcessor, zzzUnity.Burst.CodeGen.BurstILPostProcessor
info: Unity.ILPP.Runner.PostProcessingPipeline[0]
      running Unity.Jobs.CodeGen.JobsILPostProcessor
info: Unity.ILPP.Runner.PostProcessingAssemblyLoadContext[0]
      Resolved Unity.Collections, Version=0.0.0.0, Culture=neutral, PublicKeyToken=null with Library\Bee\artifacts\1900b0aE.dag\Unity.Collections.dll
info: Unity.ILPP.Runner.PostProcessingAssemblyLoadContext[0]
      Resolved UnityEditor.CoreModule, Version=0.0.0.0, Culture=neutral, PublicKeyToken=null with C:\Program Files\Unity\Hub\Editor\6000.5.9f1\Editor\Data\Managed\UnityEngine\UnityEditor.CoreModule.dll
info: Unity.ILPP.Runner.PostProcessingAssemblyLoadContext[0]
      Resolved UnityEngine.CoreModule, Version=0.0.0.0, Culture=neutral, PublicKeyToken=null with C:\Program Files\Unity\Hub\Editor\6000.5.9f1\Editor\Data\Managed\UnityEngine\UnityEngine.CoreModule.dll
info: Unity.ILPP.Runner.PostProcessingAssemblyLoadContext[0]
      Resolved Unity.Scripting, Version=0.0.0.0, Culture=neutral, PublicKeyToken=null with C:\Program Files\Unity\Hub\Editor\6000.5.9f1\Editor\Data\Managed\UnityEngine\Unity.Scripting.dll
info: Unity.ILPP.Runner.PostProcessingPipeline[0]
      running zzzUnity.Burst.CodeGen.BurstILPostProcessor
info: Unity.ILPP.Runner.PostProcessingAssemblyLoadContext[0]
      Resolved Unity.Burst.Cecil.Rocks, Version=0.11.6.0, Culture=neutral, PublicKeyToken=50cebf1cceb9d05e with Library\PackageCache\com.unity.burst@2f3d916873ea\Unity.Burst.CodeGen\Unity.Burst.Cecil.Rocks.dll
info: Microsoft.AspNetCore.Routing.EndpointMiddleware[1]
      Executed endpoint 'gRPC - /UnityILPP.PostProcessing/PostProcessAssembly'
info: Microsoft.AspNetCore.Hosting.Diagnostics[2]
      Request finished HTTP/2 POST http://ilpp/UnityILPP.PostProcessing/PostProcessAssembly - 200 - application/grpc 3325.6703ms
ExitCode: 0 Duration: 6s323ms
[730/927    0s] ILPP-Configuration Library/ilpp-configuration.nevergeneratedoutput
[923/927    2s] Csc Library/Bee/artifacts/1900b0aE.dag/Assembly-CSharp.dll (+2 others)
[924/927    3s] ILPostProcess Library/Bee/artifacts/1900b0aE.dag/post-processed/Assembly-CSharp.dll (+pdb)
Processing assembly Library/Bee/artifacts/1900b0aE.dag/Assembly-CSharp.dll, with 141 defines and 339 references

processors: Unity.Jobs.CodeGen.JobsILPostProcessor, zzzUnity.Burst.CodeGen.BurstILPostProcessor

running Unity.Jobs.CodeGen.JobsILPostProcessor

running zzzUnity.Burst.CodeGen.BurstILPostProcessor
[925/927    0s] CopyFiles Library/ScriptAssemblies/Assembly-CSharp.dll
[926/927    0s] CopyFiles Library/ScriptAssemblies/Assembly-CSharp.pdb
*** Tundra build success (6.26 seconds), 5 items updated, 927 evaluated
Total cache size 64119356
Total cache size after purge 64119356, took 00:00:00.3270620
Reloading assemblies after forced synchronous recompile.
Begin MonoManager ReloadAssembly
Refreshing native plugins compatible for Editor in 9.43 ms, found 4 plugins.
Native extension for WindowsStandalone target not found
Native extension for WebGL target not found
[MODES] ModeService[none].Initialize
[MODES] ModeService[none].LoadModes
ScheduleIndexationOnStartup MainProcess:True IndexOnStartup:True
Mono: successfully reloaded assembly
- Finished resetting the current domain, in  4.506 seconds
Domain Reload Profiling: 11522ms
	BeginReloadAssembly (5426ms)
		ExecutionOrderSort (6ms)
		DisableScriptedObjects (546ms)
		CreateAndSetChildDomain (3802ms)
	RebuildCommonClasses (26ms)
	RebuildNativeTypeToScriptingClass (25ms)
	initialDomainReloadingComplete (325ms)
	LoadAllAssembliesAndSetupDomain (1209ms)
		LoadAssemblies (795ms)
		AnalyzeDomain (624ms)
			TypeCache.Refresh (56ms)
			BuildScriptInfoCaches (477ms)
			ResolveRequiredComponents (67ms)
	FinalizeReload (4509ms)
		SetupLoadedEditorAssemblies (0ms)
			InitializePlatformSupportModulesInManaged (8ms)
			BeforeProcessingInitializeOnLoad (545ms)
			ProcessInitializeOnLoadAttributes (922ms)
			ProcessInitializeOnLoadMethodAttributes (294ms)
			AfterProcessingInitializeOnLoad (10ms)
		AwakeInstancesAfterBackupRestoration (1584ms)

Asset Pipeline Refresh (id=55711bfdb0387714993fefb28adc7670): Total: 19.321 seconds - Initiated by RefreshV2(AllowForceSynchronousImport)
	(Values over 0.05ms)
	Summary:
		Imports: total=0 (actual=0, local cache=0, cache server=0)
		Asset DB Process Time: managed=0 ms, native=4888 ms
		Asset DB Callback time: managed=79 ms, native=2 ms
		Scripting: domain reloads=1, domain reload time=7179 ms, compile time=7171 ms, other=0 ms
		Project Asset Count: scripts=1374, non-scripts=2361
		Asset File Changes: new=0, changed=0, moved=0, deleted=0
		Scan Filter Count: 0
	InvokePackagesCallback: 5.521ms
	ApplyChangesToAssetFolders: 0.477ms
	Scan: 8.888ms
	Collect global state as custom dependencies: 4.989ms
	OnSourceAssetsModified: 0.158ms
	ProcessAssetsWithTransientArtifactChanges: 7.306ms
	CategorizeAssets: 124.385ms
	CompileScripts: 7170.824ms
	ImportOutOfDateAssets: 4603.360ms (4544.403ms without children)
		CollectScriptTypesHashes: 22.518ms
		ReloadNativeAssets: 2.290ms
		UnloadImportedAssets: 3.650ms
		EnsureUptoDateAssetsAreRegisteredWithGuidPM: 1.571ms
		ImportSchedulerStart: 51.386ms
	PostProcessAllAssets: 79.753ms
		MonoPostProcessAllAssets: 79.741ms
			AssetPostprocessor.OnPostprocessAllAssets 314.174ms
			UniversalRenderPipelineGlobalSettingsPostprocessor.OnPostprocessAllAssets 32.218ms
			SyncVS.PostprocessSyncProject 8.102ms
			ShaderGraphAssetPostProcessor.OnPostprocessAllAssets 7.442ms
			UVCSAssetPostprocessor.OnPostprocessAllAssets 6.280ms
			TMPro_TexturePostProcessor.OnPostprocessAllAssets 4.749ms
			RetainedModeAssetPostprocessor.OnPostprocessAllAssets 4.522ms
			MaterialPostprocessor.OnPostprocessAllAssets 4.442ms
			PostProcessor.OnPostprocessAllAssets 4.126ms
			WindowAssetPostprocessingWatcher.OnPostprocessAllAssets 3.815ms
			SpeedTree9Postprocessor.OnPostprocessAllAssets 3.775ms
			BuilderAssetPostprocessor.OnPostprocessAllAssets 3.582ms
			SampleDependencyImporterPostProcessor.OnPostprocessAllAssets 3.384ms
			TextAssetPostProcessor.OnPostprocessAllAssets 3.187ms
			ArtifactBrowserPostProcessor.OnPostprocessAllAssets 3.009ms
			InputActionJsonNameModifierAssetProcessor.OnPostprocessAllAssets 2.697ms
			AssetChangedListener.OnPostprocessAllAssets 2.327ms
			ProjectSettingsPostprocessor.OnPostprocessAllAssets 2.174ms
			AssetReloadNotifier.OnPostprocessAllAssets 2.046ms
			RenderPipelineGlobalSettingsPostprocessor.OnPostprocessAllAssets 2.013ms
			EditModeScopePostprocessor.OnPostprocessAllAssets 1.844ms
			AudioMixerPostprocessor.OnPostprocessAllAssets 1.775ms
			SamplePostprocessor.OnPostprocessAllAssets 1.234ms
			ConfigAssetsTracker.OnPostprocessAllAssets 1.074ms
			ScenarioDriftAssetsTracker.OnPostprocessAllAssets 0.975ms
			ShaderReflectionAssetPostProcessor.OnPostprocessAllAssets 0.938ms
			AssetEvents.OnPostprocessAllAssets 0.915ms
			StyleCatalogPostProcessor.OnPostprocessAllAssets 0.783ms
			AudioContainerPostProcessor.OnPostprocessAllAssets 0.750ms
			ReferencedClipsPostProcessor.OnPostprocessAllAssets 0.706ms
			SpeedTreePostProcessor.OnPostprocessAllAssets 0.582ms
			InputActionAssetPostprocessor.OnPostprocessAllAssets 0.561ms
			AssetDatabaseCallbacks.OnPostprocessAllAssets 0.257ms
			TerrainToolbarOverlayPostProcessor.OnPostprocessAllAssets 0.247ms
	GatherAllCurrentPrimaryImportResultRevisions: 0.255ms
	PersistCurrentRevisions: 0.226ms
	GenerateScriptTypeHashes: 18.234ms
	GenerateScriptTypeSerializationHashes: 31.481ms
	Untracked: 7284.548ms

[Licensing::Client] Successfully resolved entitlement details
[Licensing::Client] Successfully resolved entitlement details
Asset Pipeline Refresh (id=51a1abf74cbcf354ab379aa2e0508d5d): Total: 0.028 seconds - Initiated by RefreshV2(AllowForceSynchronousImport)
Request Asset Garbage Collect because used heap size increased from 426.5 MB to 0.67 GB, exceeding the threshold of 256.0 MB.
Unloading 2 Unused Serialized files (Serialized files now loaded: 0)
Unloading 163 unused Assets / (17.1 MB). Loaded Objects now: 8886.
Memory consumption went from 0.67 GB to 0.65 GB.
Total: 109.658900 ms (FindLiveObjects: 0.749700 ms CreateObjectMapping: 1.534600 ms MarkObjects: 23.200700 ms  DeleteObjects: 84.168300 ms)

Reloading assemblies for play mode.
Reloading assemblies after forced synchronous recompile.
Begin MonoManager ReloadAssembly
Refreshing native plugins compatible for Editor in 4.54 ms, found 4 plugins.
Native extension for WindowsStandalone target not found
Native extension for WebGL target not found
ScheduleIndexationOnStartup MainProcess:True IndexOnStartup:True
[MODES] ModeService[none].Initialize
[MODES] ModeService[none].LoadModes
Mono: successfully reloaded assembly
- Finished resetting the current domain, in  3.303 seconds
Domain Reload Profiling: 6883ms
	BeginReloadAssembly (2997ms)
		DisableScriptedObjects (168ms)
		CreateAndSetChildDomain (2484ms)
	RebuildCommonClasses (19ms)
	RebuildNativeTypeToScriptingClass (27ms)
	initialDomainReloadingComplete (118ms)
	LoadAllAssembliesAndSetupDomain (416ms)
		LoadAssemblies (299ms)
		AnalyzeDomain (62ms)
			TypeCache.Refresh (14ms)
			ResolveRequiredComponents (40ms)
	FinalizeReload (3306ms)
		SetupLoadedEditorAssemblies (0ms)
			InitializePlatformSupportModulesInManaged (4ms)
			BeforeProcessingInitializeOnLoad (185ms)
			ProcessInitializeOnLoadAttributes (637ms)
			ProcessInitializeOnLoadMethodAttributes (237ms)
			AfterProcessingInitializeOnLoad (9ms)
		AwakeInstancesAfterBackupRestoration (1191ms)

Asset Pipeline Refresh (id=ff735da39cd128c4fbd7afe8246afcd3): Total: 7.371 seconds - Initiated by StopAssetImportingV2(ForceSynchronousImport | ForceDomainReload)
	(Values over 0.05ms)
	Summary:
		Imports: total=0 (actual=0, local cache=0, cache server=0)
		Asset DB Process Time: managed=0 ms, native=3532 ms
		Asset DB Callback time: managed=57 ms, native=1 ms
		Scripting: domain reloads=1, domain reload time=3776 ms, compile time=3 ms, other=0 ms
		Project Asset Count: scripts=1374, non-scripts=2361
		Asset File Changes: new=0, changed=0, moved=0, deleted=0
		Scan Filter Count: 0
	InvokePackagesCallback: 4.070ms
	ApplyChangesToAssetFolders: 0.503ms
	Collect global state as custom dependencies: 7.868ms
	ProcessAssetsWithTransientArtifactChanges: 0.488ms
	CategorizeAssets: 76.171ms
	CompileScripts: 2.666ms
	ImportOutOfDateAssets: 3381.237ms (3333.104ms without children)
		CollectScriptTypesHashes: 1.421ms
		ReloadNativeAssets: 1.906ms
		UnloadImportedAssets: 0.433ms
		EnsureUptoDateAssetsAreRegisteredWithGuidPM: 1.437ms
		ImportSchedulerStart: 44.291ms
	PostProcessAllAssets: 57.151ms
		MonoPostProcessAllAssets: 57.142ms
			AssetPostprocessor.OnPostprocessAllAssets 314.174ms
			UniversalRenderPipelineGlobalSettingsPostprocessor.OnPostprocessAllAssets 20.636ms
			ShaderGraphAssetPostProcessor.OnPostprocessAllAssets 7.442ms
			UVCSAssetPostprocessor.OnPostprocessAllAssets 6.280ms
			SyncVS.PostprocessSyncProject 5.405ms
			TMPro_TexturePostProcessor.OnPostprocessAllAssets 4.749ms
			RetainedModeAssetPostprocessor.OnPostprocessAllAssets 4.522ms
			MaterialPostprocessor.OnPostprocessAllAssets 4.442ms
			PostProcessor.OnPostprocessAllAssets 4.126ms
			WindowAssetPostprocessingWatcher.OnPostprocessAllAssets 3.988ms
			BuilderAssetPostprocessor.OnPostprocessAllAssets 3.582ms
			SampleDependencyImporterPostProcessor.OnPostprocessAllAssets 3.384ms
			TextAssetPostProcessor.OnPostprocessAllAssets 3.187ms
			ArtifactBrowserPostProcessor.OnPostprocessAllAssets 3.009ms
			SpeedTree9Postprocessor.OnPostprocessAllAssets 2.869ms
			InputActionJsonNameModifierAssetProcessor.OnPostprocessAllAssets 2.697ms
			AssetChangedListener.OnPostprocessAllAssets 2.327ms
			AssetReloadNotifier.OnPostprocessAllAssets 2.046ms
			AudioMixerPostprocessor.OnPostprocessAllAssets 1.775ms
			RenderPipelineGlobalSettingsPostprocessor.OnPostprocessAllAssets 1.438ms
			ProjectSettingsPostprocessor.OnPostprocessAllAssets 1.235ms
			SamplePostprocessor.OnPostprocessAllAssets 1.234ms
			ConfigAssetsTracker.OnPostprocessAllAssets 1.074ms
			ScenarioDriftAssetsTracker.OnPostprocessAllAssets 0.975ms
			AssetEvents.OnPostprocessAllAssets 0.915ms
			StyleCatalogPostProcessor.OnPostprocessAllAssets 0.783ms
			AudioContainerPostProcessor.OnPostprocessAllAssets 0.750ms
			InputActionAssetPostprocessor.OnPostprocessAllAssets 0.647ms
			SpeedTreePostProcessor.OnPostprocessAllAssets 0.582ms
			ShaderReflectionAssetPostProcessor.OnPostprocessAllAssets 0.532ms
			EditModeScopePostprocessor.OnPostprocessAllAssets 0.513ms
			ReferencedClipsPostProcessor.OnPostprocessAllAssets 0.463ms
			AssetDatabaseCallbacks.OnPostprocessAllAssets 0.348ms
			TerrainToolbarOverlayPostProcessor.OnPostprocessAllAssets 0.330ms
	GatherAllCurrentPrimaryImportResultRevisions: 0.354ms
	UnloadStreamsBegin: 2.335ms
	PersistCurrentRevisions: 0.222ms
	GenerateScriptTypeHashes: 4.032ms
	GenerateScriptTypeSerializationHashes: 6.621ms
	Untracked: 3830.040ms

Loaded scene 'Temp/__Backupscenes/0.backup'
	Deserialize:            9.193 ms
	Integration:            1097.819 ms
	Integration of assets:  0.021 ms
	Thread Wait Time:       0.002 ms
	Total Operation Time:   1107.036 ms
[Licensing::Client] Successfully resolved entitlement details
[Licensing::Client] Successfully resolved entitlement details
Asset Pipeline Refresh (id=afefa1faeedb9204b95fc4461a214958): Total: 0.020 seconds - Initiated by RefreshV2(NoUpdateAssetOptions)
0.9809996
UnityEngine.Debug:ExtractStackTraceNoAlloc (byte*,int,string)
UnityEngine.StackTraceUtility:ExtractStackTrace ()
UnityEngine.DebugLogHandler:Internal_Log (UnityEngine.LogType,UnityEngine.LogOption,string,UnityEngine.Object)
UnityEngine.DebugLogHandler:LogFormat (UnityEngine.LogType,UnityEngine.Object,string,object[])
UnityEngine.Logger:Log (UnityEngine.LogType,object)
UnityEngine.Debug:Log (object)
PlatForm:OnCollisionEnter (UnityEngine.Collision) (at Assets/Script/PlatForm.cs:12)
UnityEngine.Physics:SendOnCollisionEnter (UnityEngine.Component,UnityEngine.Collision)
UnityEngine.Physics:ReportContacts (Unity.Collections.NativeArray`1/ReadOnly<UnityEngine.ContactPairHeader>)
UnityEngine.Physics:OnSceneContact (UnityEngine.PhysicsScene,intptr,int)

(Filename: Assets/Script/PlatForm.cs Line: 12)

Success
UnityEngine.Debug:ExtractStackTraceNoAlloc (byte*,int,string)
UnityEngine.StackTraceUtility:ExtractStackTrace ()
UnityEngine.DebugLogHandler:Internal_Log (UnityEngine.LogType,UnityEngine.LogOption,string,UnityEngine.Object)
UnityEngine.DebugLogHandler:LogFormat (UnityEngine.LogType,UnityEngine.Object,string,object[])
UnityEngine.Logger:Log (UnityEngine.LogType,object)
UnityEngine.Debug:Log (object)
PlatForm:OnCollisionEnter (UnityEngine.Collision) (at Assets/Script/PlatForm.cs:15)
UnityEngine.Physics:SendOnCollisionEnter (UnityEngine.Component,UnityEngine.Collision)
UnityEngine.Physics:ReportContacts (Unity.Collections.NativeArray`1/ReadOnly<UnityEngine.ContactPairHeader>)
UnityEngine.Physics:OnSceneContact (UnityEngine.PhysicsScene,intptr,int)

(Filename: Assets/Script/PlatForm.cs Line: 15)

Asset Pipeline Refresh (id=364c4c7df8a2d8943940484625ee9850): Total: 0.005 seconds - Initiated by RefreshV2(NoUpdateAssetOptions)
Unloading 0 Unused Serialized files (Serialized files now loaded: 0)
Loaded scene 'Temp/__Backupscenes/0.backup'
	Deserialize:            3.180 ms
	Integration:            346.854 ms
	Integration of assets:  0.010 ms
	Thread Wait Time:       0.023 ms
	Total Operation Time:   350.067 ms
Unloading 18 unused Assets / (5.4 MB). Loaded Objects now: 8728.
Memory consumption went from 0.65 GB to 0.65 GB.
Total: 30.213100 ms (FindLiveObjects: 0.986000 ms CreateObjectMapping: 1.949800 ms MarkObjects: 26.685800 ms  DeleteObjects: 0.589000 ms)

[Licensing::Client] Successfully resolved entitlement details
[ScriptCompilation] Requested script compilation because: AssetDatabase observed changes in script compilation related files
AssetDatabase: script compilation time: 0.015192s
Refreshing native plugins compatible for Editor in 2.73 ms, found 4 plugins.

Asset Pipeline Refresh (id=de542afd49031a844833d66d53f17eec): Total: 0.963 seconds - Initiated by RefreshV2(NoUpdateAssetOptions)
	(Values over 0.05ms)
	Summary:
		Imports: total=0 (actual=0, local cache=0, cache server=0)
		Asset DB Process Time: managed=0 ms, native=459 ms
		Asset DB Callback time: managed=430 ms, native=56 ms
		Scripting: domain reloads=0, domain reload time=0 ms, compile time=16 ms, other=0 ms
		Project Asset Count: scripts=1374, non-scripts=2361
		Asset File Changes: new=0, changed=1, moved=0, deleted=0
		Scan Filter Count: 0
	InvokeCustomDependenciesCallbacks: 0.129ms
	InvokePackagesCallback: 0.151ms
	ApplyChangesToAssetFolders: 2.592ms
	Scan: 71.646ms
	Collect global state as custom dependencies: 3.663ms
	OnSourceAssetsModified: 45.964ms
	CategorizeScriptCompilationAssets: 0.589ms
	ProcessAssetsWithTransientArtifactChanges: 8.822ms
	CategorizeAssets: 65.020ms
	CompileScripts: 15.688ms
	ImportOutOfDateAssets: 106.856ms (41.516ms without children)
		ReloadNativeAssets: 0.570ms
		UnloadImportedAssets: 0.279ms
		EnsureUptoDateAssetsAreRegisteredWithGuidPM: 1.190ms
		ImportSchedulerStart: 63.290ms
	PostProcessAllAssets: 411.964ms
		XRBuildSystem.XRAssetImported 15.702ms
		PostProcessCallbackCreateDeferredMaterials 1.447ms
		ShaderAssetModifiedCallback 0.643ms
		LocalizationDatabase.AssetDatabasePostprocessCallback 0.162ms
		VCAutoAddAssetPostprocess 0.126ms
		MonoPostProcessAllAssets: 386.293ms
			BuilderAssetPostprocessor.OnPostprocessAllAssets 71.511ms
			AssetChangedListener.OnPostprocessAllAssets 52.749ms
			AssetPostprocessor.OnPostprocessAllAssets 52.238ms
			AudioMixerPostprocessor.OnPostprocessAllAssets 22.745ms
			TMPro_TexturePostProcessor.OnPostprocessAllAssets 22.080ms
			RetainedModeAssetPostprocessor.OnPostprocessAllAssets 19.598ms
			ShaderGraphAssetPostProcessor.OnPostprocessAllAssets 19.173ms
			UVCSAssetPostprocessor.OnPostprocessAllAssets 15.782ms
			SampleDependencyImporterPostProcessor.OnPostprocessAllAssets 13.693ms
			ScenarioDriftAssetsTracker.OnPostprocessAllAssets 11.390ms
			ArtifactBrowserPostProcessor.OnPostprocessAllAssets 11.339ms
			StyleCatalogPostProcessor.OnPostprocessAllAssets 8.668ms
			SpeedTreePostProcessor.OnPostprocessAllAssets 5.611ms
			AssetReloadNotifier.OnPostprocessAllAssets 4.337ms
			ConfigAssetsTracker.OnPostprocessAllAssets 3.229ms
			SyncVS.PostprocessSyncProject 3.149ms
			MaterialPostprocessor.OnPostprocessAllAssets 3.111ms
			TextAssetPostProcessor.OnPostprocessAllAssets 3.027ms
			InputActionJsonNameModifierAssetProcessor.OnPostprocessAllAssets 2.810ms
			AssetEvents.OnPostprocessAllAssets 2.592ms
			SamplePostprocessor.OnPostprocessAllAssets 2.472ms
			PostProcessor.OnPostprocessAllAssets 2.264ms
			InputActionAssetPostprocessor.OnPostprocessAllAssets 2.262ms
			AudioContainerPostProcessor.OnPostprocessAllAssets 1.432ms
			RenderPipelineGlobalSettingsPostprocessor.OnPostprocessAllAssets 0.911ms
			UniversalRenderPipelineGlobalSettingsPostprocessor.OnPostprocessAllAssets 0.714ms
			WindowAssetPostprocessingWatcher.OnPostprocessAllAssets 0.239ms
			ProjectSettingsPostprocessor.OnPostprocessAllAssets 0.195ms
			AssetDatabaseCallbacks.OnPostprocessAllAssets 0.156ms
			ReferencedClipsPostProcessor.OnPostprocessAllAssets 0.133ms
	PostAssetChangesProfiler: 25.764ms
	GatherAllCurrentPrimaryImportResultRevisions: 7.569ms
	UnloadStreamsBegin: 5.115ms
	PersistCurrentRevisions: 0.250ms
	Untracked: 182.994ms

[Licensing::Client] Successfully resolved entitlement details
info: Microsoft.AspNetCore.Hosting.Diagnostics[1]
      Request starting HTTP/2 POST http://ilpp/UnityILPP.PostProcessing/Ping - application/grpc -
info: Microsoft.AspNetCore.Routing.EndpointMiddleware[0]
      Executing endpoint 'gRPC - /UnityILPP.PostProcessing/Ping'
info: Microsoft.AspNetCore.Routing.EndpointMiddleware[1]
      Executed endpoint 'gRPC - /UnityILPP.PostProcessing/Ping'
info: Microsoft.AspNetCore.Hosting.Diagnostics[2]
      Request finished HTTP/2 POST http://ilpp/UnityILPP.PostProcessing/Ping - 200 - application/grpc 13.5647ms
Starting: C:\Program Files\Unity\Hub\Editor\6000.5.9f1\Editor\Data\Tools\BuildPipeline\bee_backend.exe --ipc --defer-dag-verification --dagfile="Library/Bee/1900b0aE.dag" --continue-on-failure --profile="Library/Bee/backend1.traceevents" ScriptAssemblies
WorkingDir: C:/Users/golfa/Rocket
info: Microsoft.AspNetCore.Hosting.Diagnostics[1]
      Request starting HTTP/2 POST http://ilpp/UnityILPP.PostProcessing/ConfigurePostProcessors - application/grpc -
info: Microsoft.AspNetCore.Routing.EndpointMiddleware[0]
      Executing endpoint 'gRPC - /UnityILPP.PostProcessing/ConfigurePostProcessors'
info: Unity.ILPP.Runner.PostProcessingAssemblyLoadContext[0]
      Current configuration matches the requested one, skipping
info: Microsoft.AspNetCore.Routing.EndpointMiddleware[1]
      Executed endpoint 'gRPC - /UnityILPP.PostProcessing/ConfigurePostProcessors'
info: Microsoft.AspNetCore.Hosting.Diagnostics[2]
      Request finished HTTP/2 POST http://ilpp/UnityILPP.PostProcessing/ConfigurePostProcessors - 200 - application/grpc 4.2137ms
info: Microsoft.AspNetCore.Hosting.Diagnostics[1]
      Request starting HTTP/2 POST http://ilpp/UnityILPP.PostProcessing/PostProcessAssembly - application/grpc -
info: Microsoft.AspNetCore.Routing.EndpointMiddleware[0]
      Executing endpoint 'gRPC - /UnityILPP.PostProcessing/PostProcessAssembly'
info: Unity.ILPP.Runner.PostProcessingPipeline[0]
      Processing assembly Library/Bee/artifacts/1900b0aE.dag/Assembly-CSharp.dll, with 141 defines and 339 references
info: Unity.ILPP.Runner.PostProcessingPipeline[0]
      processors: Unity.Jobs.CodeGen.JobsILPostProcessor, zzzUnity.Burst.CodeGen.BurstILPostProcessor
info: Unity.ILPP.Runner.PostProcessingPipeline[0]
      running Unity.Jobs.CodeGen.JobsILPostProcessor
info: Unity.ILPP.Runner.PostProcessingPipeline[0]
      running zzzUnity.Burst.CodeGen.BurstILPostProcessor
info: Microsoft.AspNetCore.Routing.EndpointMiddleware[1]
      Executed endpoint 'gRPC - /UnityILPP.PostProcessing/PostProcessAssembly'
info: Microsoft.AspNetCore.Hosting.Diagnostics[2]
      Request finished HTTP/2 POST http://ilpp/UnityILPP.PostProcessing/PostProcessAssembly - 200 - application/grpc 90.2106ms
ExitCode: 0 Duration: 2s644ms
[730/927    0s] ILPP-Configuration Library/ilpp-configuration.nevergeneratedoutput
[923/927    2s] Csc Library/Bee/artifacts/1900b0aE.dag/Assembly-CSharp.dll (+2 others)
[924/927    0s] ILPostProcess Library/Bee/artifacts/1900b0aE.dag/post-processed/Assembly-CSharp.dll (+pdb)
Processing assembly Library/Bee/artifacts/1900b0aE.dag/Assembly-CSharp.dll, with 141 defines and 339 references

processors: Unity.Jobs.CodeGen.JobsILPostProcessor, zzzUnity.Burst.CodeGen.BurstILPostProcessor

running Unity.Jobs.CodeGen.JobsILPostProcessor

running zzzUnity.Burst.CodeGen.BurstILPostProcessor
[925/927    0s] CopyFiles Library/ScriptAssemblies/Assembly-CSharp.pdb
[926/927    0s] CopyFiles Library/ScriptAssemblies/Assembly-CSharp.dll
*** Tundra build success (2.58 seconds), 5 items updated, 927 evaluated
Total cache size 64119356
Total cache size after purge 64119356, took 00:00:00.3230518
Reloading assemblies after forced synchronous recompile.
Begin MonoManager ReloadAssembly
Refreshing native plugins compatible for Editor in 3.24 ms, found 4 plugins.
Native extension for WindowsStandalone target not found
Native extension for WebGL target not found
[MODES] ModeService[none].Initialize
[MODES] ModeService[none].LoadModes
ScheduleIndexationOnStartup MainProcess:True IndexOnStartup:True
Mono: successfully reloaded assembly
- Finished resetting the current domain, in  3.556 seconds
Domain Reload Profiling: 9046ms
	BeginReloadAssembly (4189ms)
		DisableScriptedObjects (428ms)
		CreateAndSetChildDomain (2377ms)
	RebuildCommonClasses (27ms)
	RebuildNativeTypeToScriptingClass (34ms)
	initialDomainReloadingComplete (170ms)
	LoadAllAssembliesAndSetupDomain (1067ms)
		LoadAssemblies (594ms)
		AnalyzeDomain (610ms)
			TypeCache.Refresh (46ms)
			BuildScriptInfoCaches (493ms)
			ResolveRequiredComponents (50ms)
	FinalizeReload (3558ms)
		SetupLoadedEditorAssemblies (0ms)
			InitializePlatformSupportModulesInManaged (5ms)
			BeforeProcessingInitializeOnLoad (512ms)
			ProcessInitializeOnLoadAttributes (702ms)
			ProcessInitializeOnLoadMethodAttributes (235ms)
			AfterProcessingInitializeOnLoad (6ms)
		AwakeInstancesAfterBackupRestoration (1184ms)

Asset Pipeline Refresh (id=d95280f65e7ce6f41867a9d10b743e90): Total: 13.348 seconds - Initiated by RefreshV2(AllowForceSynchronousImport)
	(Values over 0.05ms)
	Summary:
		Imports: total=0 (actual=0, local cache=0, cache server=0)
		Asset DB Process Time: managed=0 ms, native=3860 ms
		Asset DB Callback time: managed=57 ms, native=2 ms
		Scripting: domain reloads=1, domain reload time=5684 ms, compile time=3744 ms, other=0 ms
		Project Asset Count: scripts=1374, non-scripts=2361
		Asset File Changes: new=0, changed=0, moved=0, deleted=0
		Scan Filter Count: 0
	InvokePackagesCallback: 3.798ms
	ApplyChangesToAssetFolders: 0.482ms
	Scan: 29.708ms
	Collect global state as custom dependencies: 8.784ms
	ProcessAssetsWithTransientArtifactChanges: 10.184ms
	CategorizeAssets: 97.543ms
	CompileScripts: 3744.485ms
	ImportOutOfDateAssets: 3634.384ms (3582.241ms without children)
		CollectScriptTypesHashes: 17.808ms
		ReloadNativeAssets: 1.330ms
		UnloadImportedAssets: 0.313ms
		EnsureUptoDateAssetsAreRegisteredWithGuidPM: 1.258ms
		ImportSchedulerStart: 48.837ms
	PostProcessAllAssets: 57.054ms
		MonoPostProcessAllAssets: 57.045ms
			BuilderAssetPostprocessor.OnPostprocessAllAssets 71.511ms
			AssetChangedListener.OnPostprocessAllAssets 52.749ms
			AssetPostprocessor.OnPostprocessAllAssets 52.238ms
			AudioMixerPostprocessor.OnPostprocessAllAssets 22.745ms
			TMPro_TexturePostProcessor.OnPostprocessAllAssets 22.080ms
			RetainedModeAssetPostprocessor.OnPostprocessAllAssets 19.598ms
			UniversalRenderPipelineGlobalSettingsPostprocessor.OnPostprocessAllAssets 19.296ms
			ShaderGraphAssetPostProcessor.OnPostprocessAllAssets 19.173ms
			UVCSAssetPostprocessor.OnPostprocessAllAssets 15.782ms
			SampleDependencyImporterPostProcessor.OnPostprocessAllAssets 13.693ms
			ScenarioDriftAssetsTracker.OnPostprocessAllAssets 11.390ms
			ArtifactBrowserPostProcessor.OnPostprocessAllAssets 11.339ms
			StyleCatalogPostProcessor.OnPostprocessAllAssets 8.668ms
			SyncVS.PostprocessSyncProject 7.436ms
			SpeedTreePostProcessor.OnPostprocessAllAssets 5.611ms
			AssetReloadNotifier.OnPostprocessAllAssets 4.337ms
			WindowAssetPostprocessingWatcher.OnPostprocessAllAssets 3.780ms
			SpeedTree9Postprocessor.OnPostprocessAllAssets 3.384ms
			ConfigAssetsTracker.OnPostprocessAllAssets 3.229ms
			MaterialPostprocessor.OnPostprocessAllAssets 3.111ms
			TextAssetPostProcessor.OnPostprocessAllAssets 3.027ms
			InputActionJsonNameModifierAssetProcessor.OnPostprocessAllAssets 2.810ms
			AssetEvents.OnPostprocessAllAssets 2.592ms
			SamplePostprocessor.OnPostprocessAllAssets 2.472ms
			PostProcessor.OnPostprocessAllAssets 2.264ms
			EditModeScopePostprocessor.OnPostprocessAllAssets 1.803ms
			ProjectSettingsPostprocessor.OnPostprocessAllAssets 1.571ms
			AudioContainerPostProcessor.OnPostprocessAllAssets 1.432ms
			RenderPipelineGlobalSettingsPostprocessor.OnPostprocessAllAssets 1.334ms
			ShaderReflectionAssetPostProcessor.OnPostprocessAllAssets 0.595ms
			InputActionAssetPostprocessor.OnPostprocessAllAssets 0.494ms
			ReferencedClipsPostProcessor.OnPostprocessAllAssets 0.443ms
			TerrainToolbarOverlayPostProcessor.OnPostprocessAllAssets 0.322ms
			AssetDatabaseCallbacks.OnPostprocessAllAssets 0.266ms
	GatherAllCurrentPrimaryImportResultRevisions: 1.579ms
	PersistCurrentRevisions: 0.242ms
	GenerateScriptTypeHashes: 4.129ms
	GenerateScriptTypeSerializationHashes: 6.442ms
	Untracked: 5736.996ms

[Licensing::Client] Successfully resolved entitlement details
[Licensing::Client] Successfully resolved entitlement details
Reloading assemblies for play mode.
Reloading assemblies after forced synchronous recompile.
Begin MonoManager ReloadAssembly
Native extension for WindowsStandalone target not found
Native extension for WebGL target not found
ScheduleIndexationOnStartup MainProcess:True IndexOnStartup:True
[MODES] ModeService[none].Initialize
[MODES] ModeService[none].LoadModes
Mono: successfully reloaded assembly
- Finished resetting the current domain, in  3.059 seconds
Domain Reload Profiling: 4714ms
	BeginReloadAssembly (1207ms)
		DisableScriptedObjects (167ms)
		CreateAndSetChildDomain (744ms)
	RebuildCommonClasses (20ms)
	RebuildNativeTypeToScriptingClass (28ms)
	initialDomainReloadingComplete (95ms)
	LoadAllAssembliesAndSetupDomain (303ms)
		LoadAssemblies (236ms)
		AnalyzeDomain (62ms)
			TypeCache.Refresh (14ms)
			ResolveRequiredComponents (41ms)
	FinalizeReload (3061ms)
		SetupLoadedEditorAssemblies (0ms)
			InitializePlatformSupportModulesInManaged (4ms)
			BeforeProcessingInitializeOnLoad (136ms)
			ProcessInitializeOnLoadAttributes (595ms)
			ProcessInitializeOnLoadMethodAttributes (219ms)
			AfterProcessingInitializeOnLoad (9ms)
		AwakeInstancesAfterBackupRestoration (1130ms)

Asset Pipeline Refresh (id=a3624182261435d43a723b1b1e07e2c9): Total: 5.054 seconds - Initiated by StopAssetImportingV2(ForceSynchronousImport | ForceDomainReload)
	(Values over 0.05ms)
	Summary:
		Imports: total=0 (actual=0, local cache=0, cache server=0)
		Asset DB Process Time: managed=0 ms, native=3275 ms
		Asset DB Callback time: managed=48 ms, native=0 ms
		Scripting: domain reloads=1, domain reload time=1727 ms, compile time=2 ms, other=0 ms
		Project Asset Count: scripts=1374, non-scripts=2361
		Asset File Changes: new=0, changed=0, moved=0, deleted=0
		Scan Filter Count: 0
	InvokePackagesCallback: 2.608ms
	ApplyChangesToAssetFolders: 0.485ms
	Collect global state as custom dependencies: 4.024ms
	ProcessAssetsWithTransientArtifactChanges: 0.564ms
	CategorizeAssets: 85.160ms
	CompileScripts: 2.132ms
	ImportOutOfDateAssets: 3130.473ms (3080.855ms without children)
		CollectScriptTypesHashes: 1.349ms
		ReloadNativeAssets: 1.303ms
		UnloadImportedAssets: 0.241ms
		EnsureUptoDateAssetsAreRegisteredWithGuidPM: 0.884ms
		ImportSchedulerStart: 47.130ms
	PostProcessAllAssets: 48.145ms
		MonoPostProcessAllAssets: 48.135ms
			BuilderAssetPostprocessor.OnPostprocessAllAssets 71.511ms
			AssetChangedListener.OnPostprocessAllAssets 52.749ms
			AssetPostprocessor.OnPostprocessAllAssets 52.238ms
			AudioMixerPostprocessor.OnPostprocessAllAssets 22.745ms
			TMPro_TexturePostProcessor.OnPostprocessAllAssets 22.080ms
			RetainedModeAssetPostprocessor.OnPostprocessAllAssets 19.598ms
			ShaderGraphAssetPostProcessor.OnPostprocessAllAssets 19.173ms
			UniversalRenderPipelineGlobalSettingsPostprocessor.OnPostprocessAllAssets 17.535ms
			UVCSAssetPostprocessor.OnPostprocessAllAssets 15.782ms
			SampleDependencyImporterPostProcessor.OnPostprocessAllAssets 13.693ms
			ScenarioDriftAssetsTracker.OnPostprocessAllAssets 11.390ms
			ArtifactBrowserPostProcessor.OnPostprocessAllAssets 11.339ms
			StyleCatalogPostProcessor.OnPostprocessAllAssets 8.668ms
			SpeedTreePostProcessor.OnPostprocessAllAssets 5.611ms
			AssetReloadNotifier.OnPostprocessAllAssets 4.337ms
			SyncVS.PostprocessSyncProject 4.023ms
			ConfigAssetsTracker.OnPostprocessAllAssets 3.229ms
			MaterialPostprocessor.OnPostprocessAllAssets 3.111ms
			WindowAssetPostprocessingWatcher.OnPostprocessAllAssets 3.107ms
			TextAssetPostProcessor.OnPostprocessAllAssets 3.027ms
			InputActionJsonNameModifierAssetProcessor.OnPostprocessAllAssets 2.810ms
			AssetEvents.OnPostprocessAllAssets 2.592ms
			SpeedTree9Postprocessor.OnPostprocessAllAssets 2.505ms
			SamplePostprocessor.OnPostprocessAllAssets 2.472ms
			PostProcessor.OnPostprocessAllAssets 2.264ms
			AudioContainerPostProcessor.OnPostprocessAllAssets 1.432ms
			RenderPipelineGlobalSettingsPostprocessor.OnPostprocessAllAssets 1.428ms
			ProjectSettingsPostprocessor.OnPostprocessAllAssets 0.806ms
			ShaderReflectionAssetPostProcessor.OnPostprocessAllAssets 0.632ms
			InputActionAssetPostprocessor.OnPostprocessAllAssets 0.431ms
			ReferencedClipsPostProcessor.OnPostprocessAllAssets 0.428ms
			EditModeScopePostprocessor.OnPostprocessAllAssets 0.361ms
			AssetDatabaseCallbacks.OnPostprocessAllAssets 0.268ms
			TerrainToolbarOverlayPostProcessor.OnPostprocessAllAssets 0.197ms
	GatherAllCurrentPrimaryImportResultRevisions: 1.246ms
	PersistCurrentRevisions: 0.138ms
	GenerateScriptTypeHashes: 3.545ms
	GenerateScriptTypeSerializationHashes: 5.774ms
	Untracked: 1771.241ms

Loaded scene 'Temp/__Backupscenes/0.backup'
	Deserialize:            9.175 ms
	Integration:            995.085 ms
	Integration of assets:  0.013 ms
	Thread Wait Time:       0.020 ms
	Total Operation Time:   1004.294 ms
[Licensing::Client] Successfully resolved entitlement details
[Licensing::Client] Successfully resolved entitlement details
0.9809996
UnityEngine.Debug:ExtractStackTraceNoAlloc (byte*,int,string)
UnityEngine.StackTraceUtility:ExtractStackTrace ()
UnityEngine.DebugLogHandler:Internal_Log (UnityEngine.LogType,UnityEngine.LogOption,string,UnityEngine.Object)
UnityEngine.DebugLogHandler:LogFormat (UnityEngine.LogType,UnityEngine.Object,string,object[])
UnityEngine.Logger:Log (UnityEngine.LogType,object)
UnityEngine.Debug:Log (object)
PlatForm:OnCollisionEnter (UnityEngine.Collision) (at Assets/Script/PlatForm.cs:12)
UnityEngine.Physics:SendOnCollisionEnter (UnityEngine.Component,UnityEngine.Collision)
UnityEngine.Physics:ReportContacts (Unity.Collections.NativeArray`1/ReadOnly<UnityEngine.ContactPairHeader>)
UnityEngine.Physics:OnSceneContact (UnityEngine.PhysicsScene,intptr,int)

(Filename: Assets/Script/PlatForm.cs Line: 12)

Success
UnityEngine.Debug:ExtractStackTraceNoAlloc (byte*,int,string)
UnityEngine.StackTraceUtility:ExtractStackTrace ()
UnityEngine.DebugLogHandler:Internal_Log (UnityEngine.LogType,UnityEngine.LogOption,string,UnityEngine.Object)
UnityEngine.DebugLogHandler:LogFormat (UnityEngine.LogType,UnityEngine.Object,string,object[])
UnityEngine.Logger:Log (UnityEngine.LogType,object)
UnityEngine.Debug:Log (object)
PlatForm:OnCollisionEnter (UnityEngine.Collision) (at Assets/Script/PlatForm.cs:15)
UnityEngine.Physics:SendOnCollisionEnter (UnityEngine.Component,UnityEngine.Collision)
UnityEngine.Physics:ReportContacts (Unity.Collections.NativeArray`1/ReadOnly<UnityEngine.ContactPairHeader>)
UnityEngine.Physics:OnSceneContact (UnityEngine.PhysicsScene,intptr,int)

(Filename: Assets/Script/PlatForm.cs Line: 15)

Unloading 0 Unused Serialized files (Serialized files now loaded: 0)
Loaded scene 'Temp/__Backupscenes/0.backup'
	Deserialize:            3.298 ms
	Integration:            233.724 ms
	Integration of assets:  0.005 ms
	Thread Wait Time:       0.026 ms
	Total Operation Time:   237.053 ms
Unloading 15 unused Assets / (5.4 MB). Loaded Objects now: 8732.
Memory consumption went from 0.67 GB to 0.67 GB.
Total: 37.166800 ms (FindLiveObjects: 0.969600 ms CreateObjectMapping: 1.530900 ms MarkObjects: 33.892400 ms  DeleteObjects: 0.762100 ms)

[Licensing::Client] Successfully resolved entitlement details
Asset Pipeline Refresh (id=9e20db80bc096f14683a96b89361f527): Total: 0.020 seconds - Initiated by RefreshV2(AllowForceSynchronousImport)
Reloading assemblies for play mode.
Reloading assemblies after forced synchronous recompile.
Begin MonoManager ReloadAssembly
Refreshing native plugins compatible for Editor in 2.98 ms, found 4 plugins.
Native extension for WindowsStandalone target not found
Native extension for WebGL target not found
ScheduleIndexationOnStartup MainProcess:True IndexOnStartup:True
[MODES] ModeService[none].Initialize
[MODES] ModeService[none].LoadModes
Mono: successfully reloaded assembly
- Finished resetting the current domain, in  3.137 seconds
Domain Reload Profiling: 4758ms
	BeginReloadAssembly (1148ms)
		DisableScriptedObjects (138ms)
		CreateAndSetChildDomain (685ms)
	RebuildCommonClasses (21ms)
	RebuildNativeTypeToScriptingClass (31ms)
	initialDomainReloadingComplete (96ms)
	LoadAllAssembliesAndSetupDomain (324ms)
		LoadAssemblies (231ms)
		AnalyzeDomain (66ms)
			TypeCache.Refresh (15ms)
			ResolveRequiredComponents (43ms)
	FinalizeReload (3139ms)
		SetupLoadedEditorAssemblies (0ms)
			InitializePlatformSupportModulesInManaged (4ms)
			BeforeProcessingInitializeOnLoad (178ms)
			ProcessInitializeOnLoadAttributes (616ms)
			ProcessInitializeOnLoadMethodAttributes (219ms)
			AfterProcessingInitializeOnLoad (9ms)
		AwakeInstancesAfterBackupRestoration (1076ms)

Asset Pipeline Refresh (id=a81eb6f23c5d3c240a4cefc0325de3f9): Total: 5.091 seconds - Initiated by StopAssetImportingV2(ForceSynchronousImport | ForceDomainReload)
	(Values over 0.05ms)
	Summary:
		Imports: total=0 (actual=0, local cache=0, cache server=0)
		Asset DB Process Time: managed=0 ms, native=3350 ms
		Asset DB Callback time: managed=53 ms, native=0 ms
		Scripting: domain reloads=1, domain reload time=1684 ms, compile time=2 ms, other=0 ms
		Project Asset Count: scripts=1374, non-scripts=2361
		Asset File Changes: new=0, changed=0, moved=0, deleted=0
		Scan Filter Count: 0
	InvokePackagesCallback: 2.716ms
	ApplyChangesToAssetFolders: 0.628ms
	Collect global state as custom dependencies: 6.311ms
	ProcessAssetsWithTransientArtifactChanges: 0.543ms
	CategorizeAssets: 73.682ms
	CompileScripts: 2.306ms
	ImportOutOfDateAssets: 3210.217ms (3163.599ms without children)
		CollectScriptTypesHashes: 1.331ms
		ReloadNativeAssets: 2.157ms
		UnloadImportedAssets: 0.427ms
		EnsureUptoDateAssetsAreRegisteredWithGuidPM: 1.260ms
		ImportSchedulerStart: 42.726ms
	PostProcessAllAssets: 53.443ms
		MonoPostProcessAllAssets: 53.435ms
			BuilderAssetPostprocessor.OnPostprocessAllAssets 71.511ms
			AssetChangedListener.OnPostprocessAllAssets 52.749ms
			AssetPostprocessor.OnPostprocessAllAssets 52.238ms
			AudioMixerPostprocessor.OnPostprocessAllAssets 22.745ms
			TMPro_TexturePostProcessor.OnPostprocessAllAssets 22.080ms
			RetainedModeAssetPostprocessor.OnPostprocessAllAssets 19.598ms
			ShaderGraphAssetPostProcessor.OnPostprocessAllAssets 19.173ms
			UniversalRenderPipelineGlobalSettingsPostprocessor.OnPostprocessAllAssets 18.588ms
			UVCSAssetPostprocessor.OnPostprocessAllAssets 15.782ms
			SampleDependencyImporterPostProcessor.OnPostprocessAllAssets 13.693ms
			ScenarioDriftAssetsTracker.OnPostprocessAllAssets 11.390ms
			ArtifactBrowserPostProcessor.OnPostprocessAllAssets 11.339ms
			StyleCatalogPostProcessor.OnPostprocessAllAssets 8.668ms
			SyncVS.PostprocessSyncProject 6.011ms
			SpeedTreePostProcessor.OnPostprocessAllAssets 5.611ms
			AssetReloadNotifier.OnPostprocessAllAssets 4.337ms
			SpeedTree9Postprocessor.OnPostprocessAllAssets 3.623ms
			WindowAssetPostprocessingWatcher.OnPostprocessAllAssets 3.513ms
			ConfigAssetsTracker.OnPostprocessAllAssets 3.229ms
			MaterialPostprocessor.OnPostprocessAllAssets 3.111ms
			TextAssetPostProcessor.OnPostprocessAllAssets 3.027ms
			InputActionJsonNameModifierAssetProcessor.OnPostprocessAllAssets 2.810ms
			AssetEvents.OnPostprocessAllAssets 2.592ms
			SamplePostprocessor.OnPostprocessAllAssets 2.472ms
			PostProcessor.OnPostprocessAllAssets 2.264ms
			AudioContainerPostProcessor.OnPostprocessAllAssets 1.432ms
			RenderPipelineGlobalSettingsPostprocessor.OnPostprocessAllAssets 1.281ms
			ProjectSettingsPostprocessor.OnPostprocessAllAssets 1.280ms
			ShaderReflectionAssetPostProcessor.OnPostprocessAllAssets 0.773ms
			EditModeScopePostprocessor.OnPostprocessAllAssets 0.528ms
			ReferencedClipsPostProcessor.OnPostprocessAllAssets 0.468ms
			InputActionAssetPostprocessor.OnPostprocessAllAssets 0.432ms
			AssetDatabaseCallbacks.OnPostprocessAllAssets 0.321ms
			TerrainToolbarOverlayPostProcessor.OnPostprocessAllAssets 0.275ms
	GatherAllCurrentPrimaryImportResultRevisions: 0.278ms
	PersistCurrentRevisions: 0.240ms
	GenerateScriptTypeHashes: 4.097ms
	GenerateScriptTypeSerializationHashes: 6.782ms
	Untracked: 1733.240ms

Loaded scene 'Temp/__Backupscenes/0.backup'
	Deserialize:            4.247 ms
	Integration:            988.692 ms
	Integration of assets:  0.011 ms
	Thread Wait Time:       0.005 ms
	Total Operation Time:   992.955 ms
[Licensing::Client] Successfully resolved entitlement details
[Licensing::Client] Successfully resolved entitlement details
0.9809996
UnityEngine.Debug:ExtractStackTraceNoAlloc (byte*,int,string)
UnityEngine.StackTraceUtility:ExtractStackTrace ()
UnityEngine.DebugLogHandler:Internal_Log (UnityEngine.LogType,UnityEngine.LogOption,string,UnityEngine.Object)
UnityEngine.DebugLogHandler:LogFormat (UnityEngine.LogType,UnityEngine.Object,string,object[])
UnityEngine.Logger:Log (UnityEngine.LogType,object)
UnityEngine.Debug:Log (object)
PlatForm:OnCollisionEnter (UnityEngine.Collision) (at Assets/Script/PlatForm.cs:12)
UnityEngine.Physics:SendOnCollisionEnter (UnityEngine.Component,UnityEngine.Collision)
UnityEngine.Physics:ReportContacts (Unity.Collections.NativeArray`1/ReadOnly<UnityEngine.ContactPairHeader>)
UnityEngine.Physics:OnSceneContact (UnityEngine.PhysicsScene,intptr,int)

(Filename: Assets/Script/PlatForm.cs Line: 12)

Success
UnityEngine.Debug:ExtractStackTraceNoAlloc (byte*,int,string)
UnityEngine.StackTraceUtility:ExtractStackTrace ()
UnityEngine.DebugLogHandler:Internal_Log (UnityEngine.LogType,UnityEngine.LogOption,string,UnityEngine.Object)
UnityEngine.DebugLogHandler:LogFormat (UnityEngine.LogType,UnityEngine.Object,string,object[])
UnityEngine.Logger:Log (UnityEngine.LogType,object)
UnityEngine.Debug:Log (object)
PlatForm:OnCollisionEnter (UnityEngine.Collision) (at Assets/Script/PlatForm.cs:15)
UnityEngine.Physics:SendOnCollisionEnter (UnityEngine.Component,UnityEngine.Collision)
UnityEngine.Physics:ReportContacts (Unity.Collections.NativeArray`1/ReadOnly<UnityEngine.ContactPairHeader>)
UnityEngine.Physics:OnSceneContact (UnityEngine.PhysicsScene,intptr,int)

(Filename: Assets/Script/PlatForm.cs Line: 15)

Unloading 0 Unused Serialized files (Serialized files now loaded: 0)
Loaded scene 'Temp/__Backupscenes/0.backup'
	Deserialize:            3.096 ms
	Integration:            329.781 ms
	Integration of assets:  0.004 ms
	Thread Wait Time:       0.032 ms
	Total Operation Time:   332.913 ms
Unloading 14 unused Assets / (210.2 KB). Loaded Objects now: 8734.
Memory consumption went from 0.68 GB to 0.68 GB.
Total: 35.171100 ms (FindLiveObjects: 0.489700 ms CreateObjectMapping: 1.315000 ms MarkObjects: 33.288400 ms  DeleteObjects: 0.075900 ms)

Reloading assemblies for play mode.
Reloading assemblies after forced synchronous recompile.
[Licensing::Client] Successfully resolved entitlement details
Begin MonoManager ReloadAssembly
Native extension for WindowsStandalone target not found
Native extension for WebGL target not found
ScheduleIndexationOnStartup MainProcess:True IndexOnStartup:True
[MODES] ModeService[none].Initialize
[MODES] ModeService[none].LoadModes
Mono: successfully reloaded assembly
- Finished resetting the current domain, in  3.025 seconds
Domain Reload Profiling: 4587ms
	BeginReloadAssembly (1110ms)
		DisableScriptedObjects (118ms)
		CreateAndSetChildDomain (698ms)
	RebuildCommonClasses (22ms)
	RebuildNativeTypeToScriptingClass (30ms)
	initialDomainReloadingComplete (90ms)
	LoadAllAssembliesAndSetupDomain (308ms)
		LoadAssemblies (214ms)
		AnalyzeDomain (64ms)
			TypeCache.Refresh (15ms)
			ResolveRequiredComponents (42ms)
	FinalizeReload (3026ms)
		SetupLoadedEditorAssemblies (0ms)
			InitializePlatformSupportModulesInManaged (4ms)
			BeforeProcessingInitializeOnLoad (154ms)
			ProcessInitializeOnLoadAttributes (593ms)
			ProcessInitializeOnLoadMethodAttributes (213ms)
			AfterProcessingInitializeOnLoad (8ms)
		AwakeInstancesAfterBackupRestoration (1087ms)

Asset Pipeline Refresh (id=8461450e654549c47927e170124663c5): Total: 4.920 seconds - Initiated by StopAssetImportingV2(ForceSynchronousImport | ForceDomainReload)
	(Values over 0.05ms)
	Summary:
		Imports: total=0 (actual=0, local cache=0, cache server=0)
		Asset DB Process Time: managed=0 ms, native=3237 ms
		Asset DB Callback time: managed=52 ms, native=0 ms
		Scripting: domain reloads=1, domain reload time=1626 ms, compile time=2 ms, other=0 ms
		Project Asset Count: scripts=1374, non-scripts=2361
		Asset File Changes: new=0, changed=0, moved=0, deleted=0
		Scan Filter Count: 0
	InvokePackagesCallback: 2.767ms
	ApplyChangesToAssetFolders: 0.446ms
	Collect global state as custom dependencies: 4.392ms
	ProcessAssetsWithTransientArtifactChanges: 0.420ms
	CategorizeAssets: 75.297ms
	CompileScripts: 2.144ms
	ImportOutOfDateAssets: 3097.688ms (3047.757ms without children)
		CollectScriptTypesHashes: 1.217ms
		ReloadNativeAssets: 1.860ms
		UnloadImportedAssets: 0.327ms
		EnsureUptoDateAssetsAreRegisteredWithGuidPM: 1.262ms
		ImportSchedulerStart: 46.435ms
	PostProcessAllAssets: 52.694ms
		MonoPostProcessAllAssets: 52.684ms
			BuilderAssetPostprocessor.OnPostprocessAllAssets 71.511ms
			AssetChangedListener.OnPostprocessAllAssets 52.749ms
			AssetPostprocessor.OnPostprocessAllAssets 52.238ms
			AudioMixerPostprocessor.OnPostprocessAllAssets 22.745ms
			TMPro_TexturePostProcessor.OnPostprocessAllAssets 22.080ms
			RetainedModeAssetPostprocessor.OnPostprocessAllAssets 19.598ms
			ShaderGraphAssetPostProcessor.OnPostprocessAllAssets 19.173ms
			UniversalRenderPipelineGlobalSettingsPostprocessor.OnPostprocessAllAssets 18.702ms
			UVCSAssetPostprocessor.OnPostprocessAllAssets 15.782ms
			SampleDependencyImporterPostProcessor.OnPostprocessAllAssets 13.693ms
			ScenarioDriftAssetsTracker.OnPostprocessAllAssets 11.390ms
			ArtifactBrowserPostProcessor.OnPostprocessAllAssets 11.339ms
			StyleCatalogPostProcessor.OnPostprocessAllAssets 8.668ms
			SyncVS.PostprocessSyncProject 5.816ms
			SpeedTreePostProcessor.OnPostprocessAllAssets 5.611ms
			AssetReloadNotifier.OnPostprocessAllAssets 4.337ms
			SpeedTree9Postprocessor.OnPostprocessAllAssets 3.464ms
			WindowAssetPostprocessingWatcher.OnPostprocessAllAssets 3.434ms
			ConfigAssetsTracker.OnPostprocessAllAssets 3.229ms
			MaterialPostprocessor.OnPostprocessAllAssets 3.111ms
			TextAssetPostProcessor.OnPostprocessAllAssets 3.027ms
			InputActionJsonNameModifierAssetProcessor.OnPostprocessAllAssets 2.810ms
			AssetEvents.OnPostprocessAllAssets 2.592ms
			SamplePostprocessor.OnPostprocessAllAssets 2.472ms
			PostProcessor.OnPostprocessAllAssets 2.264ms
			AudioContainerPostProcessor.OnPostprocessAllAssets 1.432ms
			ProjectSettingsPostprocessor.OnPostprocessAllAssets 1.257ms
			RenderPipelineGlobalSettingsPostprocessor.OnPostprocessAllAssets 1.244ms
			ShaderReflectionAssetPostProcessor.OnPostprocessAllAssets 0.791ms
			InputActionAssetPostprocessor.OnPostprocessAllAssets 0.497ms
			EditModeScopePostprocessor.OnPostprocessAllAssets 0.495ms
			ReferencedClipsPostProcessor.OnPostprocessAllAssets 0.471ms
			TerrainToolbarOverlayPostProcessor.OnPostprocessAllAssets 0.289ms
			AssetDatabaseCallbacks.OnPostprocessAllAssets 0.262ms
	GatherAllCurrentPrimaryImportResultRevisions: 0.219ms
	UnloadStreamsBegin: 2.993ms
	PersistCurrentRevisions: 0.242ms
	GenerateScriptTypeHashes: 3.933ms
	GenerateScriptTypeSerializationHashes: 6.456ms
	Untracked: 1672.220ms

Loaded scene 'Temp/__Backupscenes/0.backup'
	Deserialize:            4.383 ms
	Integration:            997.130 ms
	Integration of assets:  0.007 ms
	Thread Wait Time:       0.012 ms
	Total Operation Time:   1001.532 ms
[Licensing::Client] Successfully resolved entitlement details
[Licensing::Client] Successfully resolved entitlement details
0.9809996
UnityEngine.Debug:ExtractStackTraceNoAlloc (byte*,int,string)
UnityEngine.StackTraceUtility:ExtractStackTrace ()
UnityEngine.DebugLogHandler:Internal_Log (UnityEngine.LogType,UnityEngine.LogOption,string,UnityEngine.Object)
UnityEngine.DebugLogHandler:LogFormat (UnityEngine.LogType,UnityEngine.Object,string,object[])
UnityEngine.Logger:Log (UnityEngine.LogType,object)
UnityEngine.Debug:Log (object)
PlatForm:OnCollisionEnter (UnityEngine.Collision) (at Assets/Script/PlatForm.cs:12)
UnityEngine.Physics:SendOnCollisionEnter (UnityEngine.Component,UnityEngine.Collision)
UnityEngine.Physics:ReportContacts (Unity.Collections.NativeArray`1/ReadOnly<UnityEngine.ContactPairHeader>)
UnityEngine.Physics:OnSceneContact (UnityEngine.PhysicsScene,intptr,int)

(Filename: Assets/Script/PlatForm.cs Line: 12)

Success
UnityEngine.Debug:ExtractStackTraceNoAlloc (byte*,int,string)
UnityEngine.StackTraceUtility:ExtractStackTrace ()
UnityEngine.DebugLogHandler:Internal_Log (UnityEngine.LogType,UnityEngine.LogOption,string,UnityEngine.Object)
UnityEngine.DebugLogHandler:LogFormat (UnityEngine.LogType,UnityEngine.Object,string,object[])
UnityEngine.Logger:Log (UnityEngine.LogType,object)
UnityEngine.Debug:Log (object)
PlatForm:OnCollisionEnter (UnityEngine.Collision) (at Assets/Script/PlatForm.cs:15)
UnityEngine.Physics:SendOnCollisionEnter (UnityEngine.Component,UnityEngine.Collision)
UnityEngine.Physics:ReportContacts (Unity.Collections.NativeArray`1/ReadOnly<UnityEngine.ContactPairHeader>)
UnityEngine.Physics:OnSceneContact (UnityEngine.PhysicsScene,intptr,int)

(Filename: Assets/Script/PlatForm.cs Line: 15)

Unloading 0 Unused Serialized files (Serialized files now loaded: 0)
Loaded scene 'Temp/__Backupscenes/0.backup'
	Deserialize:            2.925 ms
	Integration:            355.188 ms
	Integration of assets:  0.007 ms
	Thread Wait Time:       0.042 ms
	Total Operation Time:   358.163 ms
Unloading 38 unused Assets / (105.3 KB). Loaded Objects now: 8750.
Memory consumption went from 0.70 GB to 0.70 GB.
Total: 37.095600 ms (FindLiveObjects: 0.606600 ms CreateObjectMapping: 1.349400 ms MarkObjects: 34.877200 ms  DeleteObjects: 0.260300 ms)

[Licensing::Client] Successfully resolved entitlement details
Reloading assemblies for play mode.
Reloading assemblies after forced synchronous recompile.
Begin MonoManager ReloadAssembly
Refreshing native plugins compatible for Editor in 2.17 ms, found 4 plugins.
Native extension for WindowsStandalone target not found
Native extension for WebGL target not found
ScheduleIndexationOnStartup MainProcess:True IndexOnStartup:True
[MODES] ModeService[none].Initialize
[MODES] ModeService[none].LoadModes
Mono: successfully reloaded assembly
- Finished resetting the current domain, in  3.147 seconds
Domain Reload Profiling: 4791ms
	BeginReloadAssembly (1182ms)
		DisableScriptedObjects (139ms)
		CreateAndSetChildDomain (738ms)
	RebuildCommonClasses (24ms)
	RebuildNativeTypeToScriptingClass (31ms)
	initialDomainReloadingComplete (93ms)
	LoadAllAssembliesAndSetupDomain (314ms)
		LoadAssemblies (214ms)
		AnalyzeDomain (66ms)
			TypeCache.Refresh (15ms)
			ResolveRequiredComponents (43ms)
	FinalizeReload (3148ms)
		SetupLoadedEditorAssemblies (0ms)
			InitializePlatformSupportModulesInManaged (4ms)
			BeforeProcessingInitializeOnLoad (136ms)
			ProcessInitializeOnLoadAttributes (617ms)
			ProcessInitializeOnLoadMethodAttributes (235ms)
			AfterProcessingInitializeOnLoad (8ms)
		AwakeInstancesAfterBackupRestoration (1154ms)

Asset Pipeline Refresh (id=0d8d054e171f1ba44bc722e19922d837): Total: 5.136 seconds - Initiated by StopAssetImportingV2(ForceSynchronousImport | ForceDomainReload)
	(Values over 0.05ms)
	Summary:
		Imports: total=0 (actual=0, local cache=0, cache server=0)
		Asset DB Process Time: managed=0 ms, native=3363 ms
		Asset DB Callback time: managed=53 ms, native=0 ms
		Scripting: domain reloads=1, domain reload time=1715 ms, compile time=2 ms, other=0 ms
		Project Asset Count: scripts=1374, non-scripts=2361
		Asset File Changes: new=0, changed=0, moved=0, deleted=0
		Scan Filter Count: 0
	InvokePackagesCallback: 2.475ms
	ApplyChangesToAssetFolders: 0.505ms
	Collect global state as custom dependencies: 5.286ms
	ProcessAssetsWithTransientArtifactChanges: 0.452ms
	CategorizeAssets: 76.502ms
	CompileScripts: 2.396ms
	ImportOutOfDateAssets: 3220.592ms (3172.026ms without children)
		CollectScriptTypesHashes: 1.249ms
		ReloadNativeAssets: 1.991ms
		UnloadImportedAssets: 0.429ms
		EnsureUptoDateAssetsAreRegisteredWithGuidPM: 1.316ms
		ImportSchedulerStart: 44.770ms
	PostProcessAllAssets: 53.545ms
		MonoPostProcessAllAssets: 53.537ms
			BuilderAssetPostprocessor.OnPostprocessAllAssets 71.511ms
			AssetChangedListener.OnPostprocessAllAssets 52.749ms
			AssetPostprocessor.OnPostprocessAllAssets 52.238ms
			AudioMixerPostprocessor.OnPostprocessAllAssets 22.745ms
			TMPro_TexturePostProcessor.OnPostprocessAllAssets 22.080ms
			RetainedModeAssetPostprocessor.OnPostprocessAllAssets 19.598ms
			ShaderGraphAssetPostProcessor.OnPostprocessAllAssets 19.173ms
			UniversalRenderPipelineGlobalSettingsPostprocessor.OnPostprocessAllAssets 18.321ms
			UVCSAssetPostprocessor.OnPostprocessAllAssets 15.782ms
			SampleDependencyImporterPostProcessor.OnPostprocessAllAssets 13.693ms
			ScenarioDriftAssetsTracker.OnPostprocessAllAssets 11.390ms
			ArtifactBrowserPostProcessor.OnPostprocessAllAssets 11.339ms
			StyleCatalogPostProcessor.OnPostprocessAllAssets 8.668ms
			SyncVS.PostprocessSyncProject 5.748ms
			SpeedTreePostProcessor.OnPostprocessAllAssets 5.611ms
			AssetReloadNotifier.OnPostprocessAllAssets 4.337ms
			WindowAssetPostprocessingWatcher.OnPostprocessAllAssets 3.857ms
			SpeedTree9Postprocessor.OnPostprocessAllAssets 3.664ms
			ConfigAssetsTracker.OnPostprocessAllAssets 3.229ms
			MaterialPostprocessor.OnPostprocessAllAssets 3.111ms
			TextAssetPostProcessor.OnPostprocessAllAssets 3.027ms
			InputActionJsonNameModifierAssetProcessor.OnPostprocessAllAssets 2.810ms
			AssetEvents.OnPostprocessAllAssets 2.592ms
			SamplePostprocessor.OnPostprocessAllAssets 2.472ms
			PostProcessor.OnPostprocessAllAssets 2.264ms
			AudioContainerPostProcessor.OnPostprocessAllAssets 1.432ms
			ProjectSettingsPostprocessor.OnPostprocessAllAssets 1.296ms
			RenderPipelineGlobalSettingsPostprocessor.OnPostprocessAllAssets 1.244ms
			ShaderReflectionAssetPostProcessor.OnPostprocessAllAssets 0.703ms
			InputActionAssetPostprocessor.OnPostprocessAllAssets 0.492ms
			EditModeScopePostprocessor.OnPostprocessAllAssets 0.488ms
			ReferencedClipsPostProcessor.OnPostprocessAllAssets 0.468ms
			TerrainToolbarOverlayPostProcessor.OnPostprocessAllAssets 0.295ms
			AssetDatabaseCallbacks.OnPostprocessAllAssets 0.278ms
	GatherAllCurrentPrimaryImportResultRevisions: 0.303ms
	UnloadStreamsBegin: 0.078ms
	PersistCurrentRevisions: 0.193ms
	GenerateScriptTypeHashes: 4.034ms
	GenerateScriptTypeSerializationHashes: 6.654ms
	Untracked: 1763.978ms

Loaded scene 'Temp/__Backupscenes/0.backup'
	Deserialize:            4.129 ms
	Integration:            1003.210 ms
	Integration of assets:  0.010 ms
	Thread Wait Time:       0.018 ms
	Total Operation Time:   1007.368 ms
[Licensing::Client] Successfully resolved entitlement details
[Licensing::Client] Successfully resolved entitlement details
0.9809996
UnityEngine.Debug:ExtractStackTraceNoAlloc (byte*,int,string)
UnityEngine.StackTraceUtility:ExtractStackTrace ()
UnityEngine.DebugLogHandler:Internal_Log (UnityEngine.LogType,UnityEngine.LogOption,string,UnityEngine.Object)
UnityEngine.DebugLogHandler:LogFormat (UnityEngine.LogType,UnityEngine.Object,string,object[])
UnityEngine.Logger:Log (UnityEngine.LogType,object)
UnityEngine.Debug:Log (object)
PlatForm:OnCollisionEnter (UnityEngine.Collision) (at Assets/Script/PlatForm.cs:12)
UnityEngine.Physics:SendOnCollisionEnter (UnityEngine.Component,UnityEngine.Collision)
UnityEngine.Physics:ReportContacts (Unity.Collections.NativeArray`1/ReadOnly<UnityEngine.ContactPairHeader>)
UnityEngine.Physics:OnSceneContact (UnityEngine.PhysicsScene,intptr,int)

(Filename: Assets/Script/PlatForm.cs Line: 12)

Success
UnityEngine.Debug:ExtractStackTraceNoAlloc (byte*,int,string)
UnityEngine.StackTraceUtility:ExtractStackTrace ()
UnityEngine.DebugLogHandler:Internal_Log (UnityEngine.LogType,UnityEngine.LogOption,string,UnityEngine.Object)
UnityEngine.DebugLogHandler:LogFormat (UnityEngine.LogType,UnityEngine.Object,string,object[])
UnityEngine.Logger:Log (UnityEngine.LogType,object)
UnityEngine.Debug:Log (object)
PlatForm:OnCollisionEnter (UnityEngine.Collision) (at Assets/Script/PlatForm.cs:15)
UnityEngine.Physics:SendOnCollisionEnter (UnityEngine.Component,UnityEngine.Collision)
UnityEngine.Physics:ReportContacts (Unity.Collections.NativeArray`1/ReadOnly<UnityEngine.ContactPairHeader>)
UnityEngine.Physics:OnSceneContact (UnityEngine.PhysicsScene,intptr,int)

(Filename: Assets/Script/PlatForm.cs Line: 15)

24.47361
UnityEngine.Debug:ExtractStackTraceNoAlloc (byte*,int,string)
UnityEngine.StackTraceUtility:ExtractStackTrace ()
UnityEngine.DebugLogHandler:Internal_Log (UnityEngine.LogType,UnityEngine.LogOption,string,UnityEngine.Object)
UnityEngine.DebugLogHandler:LogFormat (UnityEngine.LogType,UnityEngine.Object,string,object[])
UnityEngine.Logger:Log (UnityEngine.LogType,object)
UnityEngine.Debug:Log (object)
PlatForm:OnCollisionEnter (UnityEngine.Collision) (at Assets/Script/PlatForm.cs:12)
UnityEngine.Physics:SendOnCollisionEnter (UnityEngine.Component,UnityEngine.Collision)
UnityEngine.Physics:ReportContacts (Unity.Collections.NativeArray`1/ReadOnly<UnityEngine.ContactPairHeader>)
UnityEngine.Physics:OnSceneContact (UnityEngine.PhysicsScene,intptr,int)

(Filename: Assets/Script/PlatForm.cs Line: 12)

Boom
UnityEngine.Debug:ExtractStackTraceNoAlloc (byte*,int,string)
UnityEngine.StackTraceUtility:ExtractStackTrace ()
UnityEngine.DebugLogHandler:Internal_Log (UnityEngine.LogType,UnityEngine.LogOption,string,UnityEngine.Object)
UnityEngine.DebugLogHandler:LogFormat (UnityEngine.LogType,UnityEngine.Object,string,object[])
UnityEngine.Logger:Log (UnityEngine.LogType,object)
UnityEngine.Debug:Log (object)
PlatForm:OnCollisionEnter (UnityEngine.Collision) (at Assets/Script/PlatForm.cs:19)
UnityEngine.Physics:SendOnCollisionEnter (UnityEngine.Component,UnityEngine.Collision)
UnityEngine.Physics:ReportContacts (Unity.Collections.NativeArray`1/ReadOnly<UnityEngine.ContactPairHeader>)
UnityEngine.Physics:OnSceneContact (UnityEngine.PhysicsScene,intptr,int)

(Filename: Assets/Script/PlatForm.cs Line: 19)

Unloading 0 Unused Serialized files (Serialized files now loaded: 0)
Loaded scene 'Temp/__Backupscenes/0.backup'
	Deserialize:            3.300 ms
	Integration:            287.299 ms
	Integration of assets:  0.007 ms
	Thread Wait Time:       0.012 ms
	Total Operation Time:   290.618 ms
Unloading 15 unused Assets / (0.8 MB). Loaded Objects now: 8774.
Memory consumption went from 0.73 GB to 0.73 GB.
Total: 26.563800 ms (FindLiveObjects: 0.722400 ms CreateObjectMapping: 1.312000 ms MarkObjects: 24.463400 ms  DeleteObjects: 0.064300 ms)

Reloading assemblies for play mode.
Reloading assemblies after forced synchronous recompile.
Begin MonoManager ReloadAssembly
Refreshing native plugins compatible for Editor in 2.05 ms, found 4 plugins.
Native extension for WindowsStandalone target not found
Native extension for WebGL target not found
ScheduleIndexationOnStartup MainProcess:True IndexOnStartup:True
[MODES] ModeService[none].Initialize
[MODES] ModeService[none].LoadModes
Mono: successfully reloaded assembly
- Finished resetting the current domain, in  3.191 seconds
Domain Reload Profiling: 4746ms
	BeginReloadAssembly (1099ms)
		DisableScriptedObjects (122ms)
		CreateAndSetChildDomain (676ms)
	RebuildCommonClasses (22ms)
	RebuildNativeTypeToScriptingClass (30ms)
	initialDomainReloadingComplete (90ms)
	LoadAllAssembliesAndSetupDomain (312ms)
		LoadAssemblies (220ms)
		AnalyzeDomain (66ms)
			TypeCache.Refresh (14ms)
			ResolveRequiredComponents (45ms)
	FinalizeReload (3193ms)
		SetupLoadedEditorAssemblies (0ms)
			InitializePlatformSupportModulesInManaged (4ms)
			BeforeProcessingInitializeOnLoad (153ms)
			ProcessInitializeOnLoadAttributes (633ms)
			ProcessInitializeOnLoadMethodAttributes (228ms)
			AfterProcessingInitializeOnLoad (8ms)
		AwakeInstancesAfterBackupRestoration (1136ms)

Asset Pipeline Refresh (id=838e2f0d9b873e842ae4dadb60aebbc1): Total: 5.095 seconds - Initiated by StopAssetImportingV2(ForceSynchronousImport | ForceDomainReload)
	(Values over 0.05ms)
	Summary:
		Imports: total=0 (actual=0, local cache=0, cache server=0)
		Asset DB Process Time: managed=0 ms, native=3415 ms
		Asset DB Callback time: managed=52 ms, native=0 ms
		Scripting: domain reloads=1, domain reload time=1624 ms, compile time=2 ms, other=0 ms
		Project Asset Count: scripts=1374, non-scripts=2361
		Asset File Changes: new=0, changed=0, moved=0, deleted=0
		Scan Filter Count: 0
	InvokePackagesCallback: 2.601ms
	ApplyChangesToAssetFolders: 0.601ms
	Collect global state as custom dependencies: 5.344ms
	ProcessAssetsWithTransientArtifactChanges: 0.491ms
	CategorizeAssets: 82.926ms
	CompileScripts: 2.213ms
	ImportOutOfDateAssets: 3265.526ms (3217.805ms without children)
		CollectScriptTypesHashes: 1.277ms
		ReloadNativeAssets: 1.978ms
		UnloadImportedAssets: 0.520ms
		EnsureUptoDateAssetsAreRegisteredWithGuidPM: 1.398ms
		ImportSchedulerStart: 43.777ms
	PostProcessAllAssets: 52.467ms
		MonoPostProcessAllAssets: 52.459ms
			BuilderAssetPostprocessor.OnPostprocessAllAssets 71.511ms
			AssetChangedListener.OnPostprocessAllAssets 52.749ms
			AssetPostprocessor.OnPostprocessAllAssets 52.238ms
			AudioMixerPostprocessor.OnPostprocessAllAssets 22.745ms
			TMPro_TexturePostProcessor.OnPostprocessAllAssets 22.080ms
			RetainedModeAssetPostprocessor.OnPostprocessAllAssets 19.598ms
			ShaderGraphAssetPostProcessor.OnPostprocessAllAssets 19.173ms
			UniversalRenderPipelineGlobalSettingsPostprocessor.OnPostprocessAllAssets 18.518ms
			UVCSAssetPostprocessor.OnPostprocessAllAssets 15.782ms
			SampleDependencyImporterPostProcessor.OnPostprocessAllAssets 13.693ms
			ScenarioDriftAssetsTracker.OnPostprocessAllAssets 11.390ms
			ArtifactBrowserPostProcessor.OnPostprocessAllAssets 11.339ms
			StyleCatalogPostProcessor.OnPostprocessAllAssets 8.668ms
			SyncVS.PostprocessSyncProject 5.987ms
			SpeedTreePostProcessor.OnPostprocessAllAssets 5.611ms
			AssetReloadNotifier.OnPostprocessAllAssets 4.337ms
			WindowAssetPostprocessingWatcher.OnPostprocessAllAssets 3.444ms
			SpeedTree9Postprocessor.OnPostprocessAllAssets 3.250ms
			ConfigAssetsTracker.OnPostprocessAllAssets 3.229ms
			MaterialPostprocessor.OnPostprocessAllAssets 3.111ms
			TextAssetPostProcessor.OnPostprocessAllAssets 3.027ms
			InputActionJsonNameModifierAssetProcessor.OnPostprocessAllAssets 2.810ms
			AssetEvents.OnPostprocessAllAssets 2.592ms
			SamplePostprocessor.OnPostprocessAllAssets 2.472ms
			PostProcessor.OnPostprocessAllAssets 2.264ms
			AudioContainerPostProcessor.OnPostprocessAllAssets 1.432ms
			RenderPipelineGlobalSettingsPostprocessor.OnPostprocessAllAssets 1.258ms
			ProjectSettingsPostprocessor.OnPostprocessAllAssets 1.126ms
			ShaderReflectionAssetPostProcessor.OnPostprocessAllAssets 0.737ms
			EditModeScopePostprocessor.OnPostprocessAllAssets 0.534ms
			InputActionAssetPostprocessor.OnPostprocessAllAssets 0.521ms
			ReferencedClipsPostProcessor.OnPostprocessAllAssets 0.417ms
			TerrainToolbarOverlayPostProcessor.OnPostprocessAllAssets 0.347ms
			AssetDatabaseCallbacks.OnPostprocessAllAssets 0.243ms
	GatherAllCurrentPrimaryImportResultRevisions: 0.232ms
	UnloadStreamsBegin: 0.051ms
	PersistCurrentRevisions: 0.173ms
	GenerateScriptTypeHashes: 4.058ms
	GenerateScriptTypeSerializationHashes: 6.811ms
	Untracked: 1672.638ms

Loaded scene 'Temp/__Backupscenes/0.backup'
	Deserialize:            4.183 ms
	Integration:            1041.893 ms
	Integration of assets:  0.008 ms
	Thread Wait Time:       0.015 ms
	Total Operation Time:   1046.099 ms
[Licensing::Client] Successfully resolved entitlement details
[Licensing::Client] Successfully resolved entitlement details
0.9809996
UnityEngine.Debug:ExtractStackTraceNoAlloc (byte*,int,string)
UnityEngine.StackTraceUtility:ExtractStackTrace ()
UnityEngine.DebugLogHandler:Internal_Log (UnityEngine.LogType,UnityEngine.LogOption,string,UnityEngine.Object)
UnityEngine.DebugLogHandler:LogFormat (UnityEngine.LogType,UnityEngine.Object,string,object[])
UnityEngine.Logger:Log (UnityEngine.LogType,object)
UnityEngine.Debug:Log (object)
PlatForm:OnCollisionEnter (UnityEngine.Collision) (at Assets/Script/PlatForm.cs:12)
UnityEngine.Physics:SendOnCollisionEnter (UnityEngine.Component,UnityEngine.Collision)
UnityEngine.Physics:ReportContacts (Unity.Collections.NativeArray`1/ReadOnly<UnityEngine.ContactPairHeader>)
UnityEngine.Physics:OnSceneContact (UnityEngine.PhysicsScene,intptr,int)

(Filename: Assets/Script/PlatForm.cs Line: 12)

Success
UnityEngine.Debug:ExtractStackTraceNoAlloc (byte*,int,string)
UnityEngine.StackTraceUtility:ExtractStackTrace ()
UnityEngine.DebugLogHandler:Internal_Log (UnityEngine.LogType,UnityEngine.LogOption,string,UnityEngine.Object)
UnityEngine.DebugLogHandler:LogFormat (UnityEngine.LogType,UnityEngine.Object,string,object[])
UnityEngine.Logger:Log (UnityEngine.LogType,object)
UnityEngine.Debug:Log (object)
PlatForm:OnCollisionEnter (UnityEngine.Collision) (at Assets/Script/PlatForm.cs:15)
UnityEngine.Physics:SendOnCollisionEnter (UnityEngine.Component,UnityEngine.Collision)
UnityEngine.Physics:ReportContacts (Unity.Collections.NativeArray`1/ReadOnly<UnityEngine.ContactPairHeader>)
UnityEngine.Physics:OnSceneContact (UnityEngine.PhysicsScene,intptr,int)

(Filename: Assets/Script/PlatForm.cs Line: 15)

29.7487
UnityEngine.Debug:ExtractStackTraceNoAlloc (byte*,int,string)
UnityEngine.StackTraceUtility:ExtractStackTrace ()
UnityEngine.DebugLogHandler:Internal_Log (UnityEngine.LogType,UnityEngine.LogOption,string,UnityEngine.Object)
UnityEngine.DebugLogHandler:LogFormat (UnityEngine.LogType,UnityEngine.Object,string,object[])
UnityEngine.Logger:Log (UnityEngine.LogType,object)
UnityEngine.Debug:Log (object)
PlatForm:OnCollisionEnter (UnityEngine.Collision) (at Assets/Script/PlatForm.cs:12)
UnityEngine.Physics:SendOnCollisionEnter (UnityEngine.Component,UnityEngine.Collision)
UnityEngine.Physics:ReportContacts (Unity.Collections.NativeArray`1/ReadOnly<UnityEngine.ContactPairHeader>)
UnityEngine.Physics:OnSceneContact (UnityEngine.PhysicsScene,intptr,int)

(Filename: Assets/Script/PlatForm.cs Line: 12)

Boom
UnityEngine.Debug:ExtractStackTraceNoAlloc (byte*,int,string)
UnityEngine.StackTraceUtility:ExtractStackTrace ()
UnityEngine.DebugLogHandler:Internal_Log (UnityEngine.LogType,UnityEngine.LogOption,string,UnityEngine.Object)
UnityEngine.DebugLogHandler:LogFormat (UnityEngine.LogType,UnityEngine.Object,string,object[])
UnityEngine.Logger:Log (UnityEngine.LogType,object)
UnityEngine.Debug:Log (object)
PlatForm:OnCollisionEnter (UnityEngine.Collision) (at Assets/Script/PlatForm.cs:19)
UnityEngine.Physics:SendOnCollisionEnter (UnityEngine.Component,UnityEngine.Collision)
UnityEngine.Physics:ReportContacts (Unity.Collections.NativeArray`1/ReadOnly<UnityEngine.ContactPairHeader>)
UnityEngine.Physics:OnSceneContact (UnityEngine.PhysicsScene,intptr,int)

(Filename: Assets/Script/PlatForm.cs Line: 19)

Asset Pipeline Refresh (id=df21fdefec0334549ad92d062de10f8f): Total: 0.014 seconds - Initiated by RefreshV2(NoUpdateAssetOptions)
Unloading 0 Unused Serialized files (Serialized files now loaded: 0)
Loaded scene 'Temp/__Backupscenes/0.backup'
	Deserialize:            3.160 ms
	Integration:            276.138 ms
	Integration of assets:  0.009 ms
	Thread Wait Time:       0.018 ms
	Total Operation Time:   279.326 ms
Unloading 14 unused Assets / (0.7 MB). Loaded Objects now: 8776.
Memory consumption went from 0.74 GB to 0.74 GB.
Total: 35.836200 ms (FindLiveObjects: 0.741900 ms CreateObjectMapping: 1.614300 ms MarkObjects: 33.371000 ms  DeleteObjects: 0.106900 ms)

Asset Pipeline Refresh (id=2f922be4b6e82a046919672df6429aa1): Total: 0.009 seconds - Initiated by RefreshV2(AllowForceSynchronousImport)
Asset Pipeline Refresh (id=9dc35de049763014483cfacebbf1ddfe): Total: 0.005 seconds - Initiated by RefreshV2(AllowForceSynchronousImport)
GetVirtualKey: Could not map char: z (122) to any virtual key
GetVirtualKey: Could not map char: y (121) to any virtual key
GetVirtualKey: Could not map char: x (120) to any virtual key
GetVirtualKey: Could not map char: c (99) to any virtual key
GetVirtualKey: Could not map char: v (118) to any virtual key
GetVirtualKey: Could not map char: V (86) to any virtual key
GetVirtualKey: Could not map char: d (100) to any virtual key
GetVirtualKey: Could not map char: f (102) to any virtual key
GetVirtualKey: Could not map char: f (102) to any virtual key
GetVirtualKey: Could not map char: a (97) to any virtual key
GetVirtualKey: Could not map char: d (100) to any virtual key
GetVirtualKey: Could not map char: c (99) to any virtual key
GetVirtualKey: Could not map char: r (114) to any virtual key
GetVirtualKey: Could not map char: i (105) to any virtual key
GetVirtualKey: Could not map char: l (108) to any virtual key
GetVirtualKey: Could not map char: f (102) to any virtual key
GetVirtualKey: Could not map char: k (107) to any virtual key
GetVirtualKey: Could not map char: p (112) to any virtual key
GetVirtualKey: Could not map char: p (112) to any virtual key
GetVirtualKey: Could not map char: p (112) to any virtual key
GetVirtualKey: Could not map char: c (99) to any virtual key
GetVirtualKey: Could not map char: r (114) to any virtual key
GetVirtualKey: Could not map char: P (80) to any virtual key
GetVirtualKey: Could not map char: n (110) to any virtual key
GetVirtualKey: Could not map char: n (110) to any virtual key
GetVirtualKey: Could not map char: g (103) to any virtual key
GetVirtualKey: Could not map char: = (61) to any virtual key
GetVirtualKey: Could not map char: f (102) to any virtual key
GetVirtualKey: Could not map char: f (102) to any virtual key
GetVirtualKey: Could not map char: a (97) to any virtual key
GetVirtualKey: Could not map char: a (97) to any virtual key
GetVirtualKey: Could not map char: n (110) to any virtual key
GetVirtualKey: Could not map char: o (111) to any virtual key
GetVirtualKey: Could not map char: s (115) to any virtual key
GetVirtualKey: Could not map char: s (115) to any virtual key
GetVirtualKey: Could not map char: b (98) to any virtual key
GetVirtualKey: Could not map char: b (98) to any virtual key
GetVirtualKey: Could not map char: c (99) to any virtual key
GetVirtualKey: Could not map char: u (117) to any virtual key
GetVirtualKey: Could not map char: c (99) to any virtual key
GetVirtualKey: Could not map char: r (114) to any virtual key
GetVirtualKey: Could not map char: P (80) to any virtual key
[Worker0] Imported GUID: ddfab16af75a799468df8eb8410342ff - Path: Assets/Script/CoinSpawner.cs - Importer: ScriptedImporter/UnityEditor.QuickSearchModule:UnityEditor.Search:ASIAI0B -> (ImportResultId: '5e7ee8358dce768863f8aa9031bf43fd') in 0.416614 seconds
[ScriptCompilation] Requested script compilation because: AssetDatabase observed changes in script compilation related files
[Licensing::Client] Successfully resolved entitlement details
Refreshing native plugins compatible for Editor in 2.05 ms, found 4 plugins.

Asset Pipeline Refresh (id=87e515151211a254fbd4884a924f4754): Total: 0.499 seconds - Initiated by StopAssetImportingV2(NoUpdateAssetOptions)
	(Values over 0.05ms)
	Summary:
		Imports: total=0 (actual=0, local cache=0, cache server=0)
		Asset DB Process Time: managed=0 ms, native=170 ms
		Asset DB Callback time: managed=318 ms, native=8 ms
		Scripting: domain reloads=0, domain reload time=0 ms, compile time=1 ms, other=0 ms
		Project Asset Count: scripts=1374, non-scripts=2361
		Asset File Changes: new=1, changed=1, moved=0, deleted=0
		Scan Filter Count: 3
	ApplyChangesToAssetFolders: 0.192ms
	Scan: 12.770ms
	Collect global state as custom dependencies: 0.378ms
	OnSourceAssetsModified: 1.126ms
	CategorizeScriptCompilationAssets: 0.080ms
	ProcessAssetsWithTransientArtifactChanges: 1.502ms
	CategorizeAssets: 27.600ms
	CompileScripts: 1.189ms
	ImportOutOfDateAssets: 59.552ms (11.706ms without children)
		ReloadNativeAssets: 0.060ms
		UnloadImportedAssets: 0.314ms
		EnsureUptoDateAssetsAreRegisteredWithGuidPM: 0.980ms
		ImportSchedulerStart: 46.482ms
	PostProcessAllAssets: 313.787ms
		XRBuildSystem.XRAssetImported 3.400ms
		PostProcessCallbackCreateDeferredMaterials 0.512ms
		VersionControlSettings.HiddenFilePostprocess 0.055ms
		MonoPostProcessAllAssets: 308.991ms
			SyncVS.PostprocessSyncProject 276.024ms
			BuilderAssetPostprocessor.OnPostprocessAllAssets 8.492ms
			AssetPostprocessor.OnPostprocessAllAssets 7.282ms
			ShaderGraphAssetPostProcessor.OnPostprocessAllAssets 3.317ms
			RetainedModeAssetPostprocessor.OnPostprocessAllAssets 2.215ms
			UVCSAssetPostprocessor.OnPostprocessAllAssets 1.127ms
			TMPro_TexturePostProcessor.OnPostprocessAllAssets 0.991ms
			ArtifactBrowserPostProcessor.OnPostprocessAllAssets 0.905ms
			MaterialPostprocessor.OnPostprocessAllAssets 0.788ms
			TextAssetPostProcessor.OnPostprocessAllAssets 0.745ms
			AudioMixerPostprocessor.OnPostprocessAllAssets 0.621ms
			AssetChangedListener.OnPostprocessAllAssets 0.613ms
			SpeedTreePostProcessor.OnPostprocessAllAssets 0.536ms
			SampleDependencyImporterPostProcessor.OnPostprocessAllAssets 0.489ms
			InputActionJsonNameModifierAssetProcessor.OnPostprocessAllAssets 0.487ms
			StyleCatalogPostProcessor.OnPostprocessAllAssets 0.480ms
			AssetEvents.OnPostprocessAllAssets 0.438ms
			PostProcessor.OnPostprocessAllAssets 0.394ms
			RenderPipelineGlobalSettingsPostprocessor.OnPostprocessAllAssets 0.335ms
			AssetReloadNotifier.OnPostprocessAllAssets 0.306ms
			SamplePostprocessor.OnPostprocessAllAssets 0.250ms
			ConfigAssetsTracker.OnPostprocessAllAssets 0.210ms
			ScenarioDriftAssetsTracker.OnPostprocessAllAssets 0.194ms
			InputActionAssetPostprocessor.OnPostprocessAllAssets 0.160ms
			AudioContainerPostProcessor.OnPostprocessAllAssets 0.110ms
	PostAssetChangesProfiler: 12.118ms
	GatherAllCurrentPrimaryImportResultRevisions: 0.301ms
	PersistCurrentRevisions: 0.224ms
	Untracked: 68.214ms

[Worker0] Imported GUID: f0479aad0cd102e47812b705f135738c - Path: Assets/Script/Coin.cs - Importer: PreviewImporter -> (ImportResultId: '7adf978b342cf58ca518b5eca28cc0e4') in 0.034385 seconds
info: Microsoft.AspNetCore.Hosting.Diagnostics[1]
      Request starting HTTP/2 POST http://ilpp/UnityILPP.PostProcessing/Ping - application/grpc -
info: Microsoft.AspNetCore.Routing.EndpointMiddleware[0]
      Executing endpoint 'gRPC - /UnityILPP.PostProcessing/Ping'
info: Microsoft.AspNetCore.Routing.EndpointMiddleware[1]
      Executed endpoint 'gRPC - /UnityILPP.PostProcessing/Ping'
info: Microsoft.AspNetCore.Hosting.Diagnostics[2]
      Request finished HTTP/2 POST http://ilpp/UnityILPP.PostProcessing/Ping - 200 - application/grpc 4.1269ms
Starting: C:\Program Files\Unity\Hub\Editor\6000.5.9f1\Editor\Data\Tools\BuildPipeline\bee_backend.exe --ipc --defer-dag-verification --dagfile="Library/Bee/1900b0aE.dag" --continue-on-failure --profile="Library/Bee/backend1.traceevents" ScriptAssemblies
WorkingDir: C:/Users/golfa/Rocket
info: Microsoft.AspNetCore.Hosting.Diagnostics[1]
      Request starting HTTP/2 POST http://ilpp/UnityILPP.PostProcessing/ConfigurePostProcessors - application/grpc -
info: Microsoft.AspNetCore.Routing.EndpointMiddleware[0]
      Executing endpoint 'gRPC - /UnityILPP.PostProcessing/ConfigurePostProcessors'
info: Unity.ILPP.Runner.PostProcessingAssemblyLoadContext[0]
      Current configuration matches the requested one, skipping
info: Microsoft.AspNetCore.Routing.EndpointMiddleware[1]
      Executed endpoint 'gRPC - /UnityILPP.PostProcessing/ConfigurePostProcessors'
info: Microsoft.AspNetCore.Hosting.Diagnostics[2]
      Request finished HTTP/2 POST http://ilpp/UnityILPP.PostProcessing/ConfigurePostProcessors - 200 - application/grpc 2.0088ms
ExitCode: 4 Duration: 0s362ms
[731/927    0s] ILPP-Configuration Library/ilpp-configuration.nevergeneratedoutput
Rebuilding DAG because FileSignature timestamp changed: Library/Bee/1900b0aE-inputdata.json
*** Tundra requires additional run (0.32 seconds), 1 items updated, 927 evaluated
Starting: C:\Program Files\Unity\Hub\Editor\6000.5.9f1\Editor\Data\netcorerun\netcorerun.exe "C:\Program Files\Unity\Hub\Editor\6000.5.9f1\Editor\Data\Tools\BuildPipeline\ScriptCompilationBuildProgram.exe" "Library/Bee/1900b0aE.dag.json" "Library/Bee/1900b0aE-inputdata.json" "Library\Bee\buildprogram0.traceevents"
WorkingDir: C:/Users/golfa/Rocket
[Worker0] Imported GUID: f0479aad0cd102e47812b705f135738c - Path: Assets/Script/Coin.cs - Importer: ScriptedImporter/UnityEditor.QuickSearchModule:UnityEditor.Search:ASIAI0B -> (ImportResultId: 'ede616e531df45a22d280e56e903e36b') in 0.0241451 seconds
ExitCode: 0 Duration: 1s812ms
Starting: C:\Program Files\Unity\Hub\Editor\6000.5.9f1\Editor\Data\Tools\BuildPipeline\bee_backend.exe --ipc --defer-dag-verification --dagfile="Library/Bee/1900b0aE.dag" --continue-on-failure --dagfilejson="Library\Bee\1900b0aE.dag.json" --profile="Library/Bee/backend2.traceevents" ScriptAssemblies
WorkingDir: C:/Users/golfa/Rocket
info: Microsoft.AspNetCore.Hosting.Diagnostics[1]
      Request starting HTTP/2 POST http://ilpp/UnityILPP.PostProcessing/ConfigurePostProcessors - application/grpc -
info: Microsoft.AspNetCore.Routing.EndpointMiddleware[0]
      Executing endpoint 'gRPC - /UnityILPP.PostProcessing/ConfigurePostProcessors'
info: Unity.ILPP.Runner.PostProcessingAssemblyLoadContext[0]
      Current configuration matches the requested one, skipping
info: Microsoft.AspNetCore.Routing.EndpointMiddleware[1]
      Executed endpoint 'gRPC - /UnityILPP.PostProcessing/ConfigurePostProcessors'
info: Microsoft.AspNetCore.Hosting.Diagnostics[2]
      Request finished HTTP/2 POST http://ilpp/UnityILPP.PostProcessing/ConfigurePostProcessors - 200 - application/grpc 4.0082ms
info: Microsoft.AspNetCore.Hosting.Diagnostics[1]
      Request starting HTTP/2 POST http://ilpp/UnityILPP.PostProcessing/PostProcessAssembly - application/grpc -
info: Microsoft.AspNetCore.Routing.EndpointMiddleware[0]
      Executing endpoint 'gRPC - /UnityILPP.PostProcessing/PostProcessAssembly'
info: Unity.ILPP.Runner.PostProcessingPipeline[0]
      Processing assembly Library/Bee/artifacts/1900b0aE.dag/Assembly-CSharp.dll, with 141 defines and 339 references
info: Unity.ILPP.Runner.PostProcessingPipeline[0]
      processors: Unity.Jobs.CodeGen.JobsILPostProcessor, zzzUnity.Burst.CodeGen.BurstILPostProcessor
info: Unity.ILPP.Runner.PostProcessingPipeline[0]
      running Unity.Jobs.CodeGen.JobsILPostProcessor
info: Unity.ILPP.Runner.PostProcessingPipeline[0]
      running zzzUnity.Burst.CodeGen.BurstILPostProcessor
info: Microsoft.AspNetCore.Routing.EndpointMiddleware[1]
      Executed endpoint 'gRPC - /UnityILPP.PostProcessing/PostProcessAssembly'
info: Microsoft.AspNetCore.Hosting.Diagnostics[2]
      Request finished HTTP/2 POST http://ilpp/UnityILPP.PostProcessing/PostProcessAssembly - 200 - application/grpc 22.2444ms
ExitCode: 0 Duration: 0s965ms
Finished compiling graph: 930 nodes, 17422 flattened edges (14720 ToBuild, 142 ToUse), maximum node priority 955
[516/927    0s] WriteText Library/Bee/artifacts/1900b0aE.dag/Assembly-CSharp.rsp
[730/927    0s] ILPP-Configuration Library/ilpp-configuration.nevergeneratedoutput
[923/927    0s] Csc Library/Bee/artifacts/1900b0aE.dag/Assembly-CSharp.dll (+2 others)
[924/927    0s] ILPostProcess Library/Bee/artifacts/1900b0aE.dag/post-processed/Assembly-CSharp.dll (+pdb)
Processing assembly Library/Bee/artifacts/1900b0aE.dag/Assembly-CSharp.dll, with 141 defines and 339 references

processors: Unity.Jobs.CodeGen.JobsILPostProcessor, zzzUnity.Burst.CodeGen.BurstILPostProcessor

running Unity.Jobs.CodeGen.JobsILPostProcessor

running zzzUnity.Burst.CodeGen.BurstILPostProcessor
[925/927    0s] CopyFiles Library/ScriptAssemblies/Assembly-CSharp.pdb
[926/927    0s] CopyFiles Library/ScriptAssemblies/Assembly-CSharp.dll
*** Tundra build success (0.93 seconds), 6 items updated, 927 evaluated
Reloading assemblies after finishing script compilation.
Reloading assemblies after forced synchronous recompile.
Total cache size 64119356
Total cache size after purge 64119356, took 00:00:00.2281620
Begin MonoManager ReloadAssembly
Refreshing native plugins compatible for Editor in 2.60 ms, found 4 plugins.
Native extension for WindowsStandalone target not found
Native extension for WebGL target not found
[MODES] ModeService[none].Initialize
[MODES] ModeService[none].LoadModes
ScheduleIndexationOnStartup MainProcess:True IndexOnStartup:True
Mono: successfully reloaded assembly
- Finished resetting the current domain, in  3.701 seconds
Domain Reload Profiling: 6227ms
	BeginReloadAssembly (1575ms)
		DisableScriptedObjects (196ms)
		CreateAndSetChildDomain (893ms)
	RebuildCommonClasses (26ms)
	RebuildNativeTypeToScriptingClass (37ms)
	initialDomainReloadingComplete (119ms)
	LoadAllAssembliesAndSetupDomain (767ms)
		LoadAssemblies (289ms)
		AnalyzeDomain (458ms)
			TypeCache.Refresh (21ms)
			BuildScriptInfoCaches (392ms)
			ResolveRequiredComponents (43ms)
	FinalizeReload (3704ms)
		SetupLoadedEditorAssemblies (0ms)
			InitializePlatformSupportModulesInManaged (4ms)
			BeforeProcessingInitializeOnLoad (359ms)
			ProcessInitializeOnLoadAttributes (798ms)
			ProcessInitializeOnLoadMethodAttributes (285ms)
			AfterProcessingInitializeOnLoad (11ms)
		AwakeInstancesAfterBackupRestoration (1236ms)
Refreshing native plugins compatible for Editor in 2.13 ms, found 4 plugins.

Asset Pipeline Refresh (id=1d7fa9f14024c4c49b24a977d9d08e80): Total: 6.802 seconds - Initiated by StopAssetImportingV2(ForceSynchronousImport | ForceDomainReload)
	(Values over 0.05ms)
	Summary:
		Imports: total=0 (actual=0, local cache=0, cache server=0)
		Asset DB Process Time: managed=0 ms, native=3962 ms
		Asset DB Callback time: managed=100 ms, native=86 ms
		Scripting: domain reloads=1, domain reload time=2649 ms, compile time=3 ms, other=0 ms
		Project Asset Count: scripts=1374, non-scripts=2361
		Asset File Changes: new=0, changed=0, moved=0, deleted=0
		Scan Filter Count: 0
	InvokePackagesCallback: 2.230ms
	ApplyChangesToAssetFolders: 0.542ms
	Collect global state as custom dependencies: 6.830ms
	ProcessAssetsWithTransientArtifactChanges: 14.133ms
	CategorizeAssets: 98.027ms
	CompileScripts: 2.767ms
	ImportOutOfDateAssets: 3779.574ms (3726.951ms without children)
		CollectScriptTypesHashes: 1.590ms
		ReloadNativeAssets: 2.420ms
		UnloadImportedAssets: 0.457ms
		EnsureUptoDateAssetsAreRegisteredWithGuidPM: 1.637ms
		ImportSchedulerStart: 48.058ms
	PostProcessAllAssets: 102.761ms
		PostProcessCallbackCreateDeferredMaterials 0.630ms
		XRBuildSystem.XRAssetImported 0.613ms
		MonoPostProcessAllAssets: 100.787ms
			UniversalRenderPipelineGlobalSettingsPostprocessor.OnPostprocessAllAssets 17.286ms
			AssetChangedListener.OnPostprocessAllAssets 9.526ms
			AssetPostprocessor.OnPostprocessAllAssets 8.492ms
			BuilderAssetPostprocessor.OnPostprocessAllAssets 8.239ms
			SyncVS.PostprocessSyncProject 8.068ms
			WindowAssetPostprocessingWatcher.OnPostprocessAllAssets 3.529ms
			SpeedTree9Postprocessor.OnPostprocessAllAssets 3.454ms
			ShaderGraphAssetPostProcessor.OnPostprocessAllAssets 2.676ms
			RetainedModeAssetPostprocessor.OnPostprocessAllAssets 2.413ms
			EditModeScopePostprocessor.OnPostprocessAllAssets 2.407ms
			RenderPipelineGlobalSettingsPostprocessor.OnPostprocessAllAssets 1.769ms
			MaterialPostprocessor.OnPostprocessAllAssets 1.598ms
			ProjectSettingsPostprocessor.OnPostprocessAllAssets 1.460ms
			ArtifactBrowserPostProcessor.OnPostprocessAllAssets 1.047ms
			AudioMixerPostprocessor.OnPostprocessAllAssets 0.950ms
			TMPro_TexturePostProcessor.OnPostprocessAllAssets 0.906ms
			InputActionAssetPostprocessor.OnPostprocessAllAssets 0.771ms
			UVCSAssetPostprocessor.OnPostprocessAllAssets 0.769ms
			ShaderReflectionAssetPostProcessor.OnPostprocessAllAssets 0.583ms
			AssetEvents.OnPostprocessAllAssets 0.550ms
			TextAssetPostProcessor.OnPostprocessAllAssets 0.504ms
			StyleCatalogPostProcessor.OnPostprocessAllAssets 0.499ms
			ReferencedClipsPostProcessor.OnPostprocessAllAssets 0.445ms
			PostProcessor.OnPostprocessAllAssets 0.435ms
			InputActionJsonNameModifierAssetProcessor.OnPostprocessAllAssets 0.435ms
			SampleDependencyImporterPostProcessor.OnPostprocessAllAssets 0.430ms
			SpeedTreePostProcessor.OnPostprocessAllAssets 0.350ms
			TerrainToolbarOverlayPostProcessor.OnPostprocessAllAssets 0.259ms
			ConfigAssetsTracker.OnPostprocessAllAssets 0.252ms
			AssetDatabaseCallbacks.OnPostprocessAllAssets 0.251ms
			ScenarioDriftAssetsTracker.OnPostprocessAllAssets 0.231ms
			SamplePostprocessor.OnPostprocessAllAssets 0.204ms
			AssetReloadNotifier.OnPostprocessAllAssets 0.197ms
			AudioContainerPostProcessor.OnPostprocessAllAssets 0.146ms
	PostAssetChangesProfiler: 83.766ms
	GatherAllCurrentPrimaryImportResultRevisions: 0.270ms
	PersistCurrentRevisions: 0.268ms
	GenerateScriptTypeHashes: 4.525ms
	GenerateScriptTypeSerializationHashes: 7.346ms
	Untracked: 2703.574ms

[Licensing::Client] Successfully resolved entitlement details
[Licensing::Client] Successfully resolved entitlement details
[ScriptCompilation] Requested script compilation because: AssetDatabase observed changes in script compilation related files
Refreshing native plugins compatible for Editor in 2.34 ms, found 4 plugins.
Asset Pipeline Refresh (id=cb40a6b7cba8f83418dc2ff0835f43e1): Total: 0.141 seconds - Initiated by RefreshV2(NoUpdateAssetOptions)
info: Microsoft.AspNetCore.Hosting.Diagnostics[1]
      Request starting HTTP/2 POST http://ilpp/UnityILPP.PostProcessing/Ping - application/grpc -
info: Microsoft.AspNetCore.Routing.EndpointMiddleware[0]
      Executing endpoint 'gRPC - /UnityILPP.PostProcessing/Ping'
info: Microsoft.AspNetCore.Routing.EndpointMiddleware[1]
      Executed endpoint 'gRPC - /UnityILPP.PostProcessing/Ping'
info: Microsoft.AspNetCore.Hosting.Diagnostics[2]
      Request finished HTTP/2 POST http://ilpp/UnityILPP.PostProcessing/Ping - 200 - application/grpc 0.4089ms
Starting: C:\Program Files\Unity\Hub\Editor\6000.5.9f1\Editor\Data\Tools\BuildPipeline\bee_backend.exe --ipc --defer-dag-verification --dagfile="Library/Bee/1900b0aE.dag" --continue-on-failure --profile="Library/Bee/backend1.traceevents" ScriptAssemblies
WorkingDir: C:/Users/golfa/Rocket
info: Microsoft.AspNetCore.Hosting.Diagnostics[1]
      Request starting HTTP/2 POST http://ilpp/UnityILPP.PostProcessing/ConfigurePostProcessors - application/grpc -
info: Microsoft.AspNetCore.Routing.EndpointMiddleware[0]
      Executing endpoint 'gRPC - /UnityILPP.PostProcessing/ConfigurePostProcessors'
info: Unity.ILPP.Runner.PostProcessingAssemblyLoadContext[0]
      Current configuration matches the requested one, skipping
info: Microsoft.AspNetCore.Routing.EndpointMiddleware[1]
      Executed endpoint 'gRPC - /UnityILPP.PostProcessing/ConfigurePostProcessors'
info: Microsoft.AspNetCore.Hosting.Diagnostics[2]
      Request finished HTTP/2 POST http://ilpp/UnityILPP.PostProcessing/ConfigurePostProcessors - 200 - application/grpc 1.1691ms
Asset Pipeline Refresh (id=ea7904ec6b18eb74080fc87072ee13b6): Total: 0.014 seconds - Initiated by RefreshV2(NoUpdateAssetOptions)
Asset Pipeline Refresh (id=4cae483aafd60b643858586d7d7a0191): Total: 0.005 seconds - Initiated by RefreshV2(NoUpdateAssetOptions)
ExitCode: 3 Duration: 0s526ms
[730/927    0s] ILPP-Configuration Library/ilpp-configuration.nevergeneratedoutput
[923/927    0s] Csc Library/Bee/artifacts/1900b0aE.dag/Assembly-CSharp.dll (+2 others)
##### CommandLine
"C:\Program Files\Unity\Hub\Editor\6000.5.9f1\Editor\Data\DotNetSdk\dotnet.exe" exec "C:/Program Files/Unity/Hub/Editor/6000.5.9f1/Editor/Data/DotNetSdk/sdk/8.0.318/Roslyn/bincore/csc.dll" /nostdlib /noconfig /shared "@Library/Bee/artifacts/1900b0aE.dag/Assembly-CSharp.rsp" "@Library/Bee/artifacts/1900b0aE.dag/Assembly-CSharp.rsp2"
##### Contents of Library\Bee\artifacts\1900b0aE.dag\Assembly-CSharp.rsp
-target:library
-out:"Library/Bee/artifacts/1900b0aE.dag/Assembly-CSharp.dll"
-refout:"Library/Bee/artifacts/1900b0aE.dag/Assembly-CSharp.ref.dll"
-define:UNITY_6000_5_9
-define:UNITY_6000_5
-define:UNITY_6000
-define:UNITY_5_3_OR_NEWER
-define:UNITY_5_4_OR_NEWER
-define:UNITY_5_5_OR_NEWER
-define:UNITY_5_6_OR_NEWER
-define:UNITY_2017_1_OR_NEWER
-define:UNITY_2017_2_OR_NEWER
-define:UNITY_2017_3_OR_NEWER
-define:UNITY_2017_4_OR_NEWER
-define:UNITY_2018_1_OR_NEWER
-define:UNITY_2018_2_OR_NEWER
-define:UNITY_2018_3_OR_NEWER
-define:UNITY_2018_4_OR_NEWER
-define:UNITY_2019_1_OR_NEWER
-define:UNITY_2019_2_OR_NEWER
-define:UNITY_2019_3_OR_NEWER
-define:UNITY_2019_4_OR_NEWER
-define:UNITY_2020_1_OR_NEWER
-define:UNITY_2020_2_OR_NEWER
-define:UNITY_2020_3_OR_NEWER
-define:UNITY_2021_1_OR_NEWER
-define:UNITY_2021_2_OR_NEWER
-define:UNITY_2021_3_OR_NEWER
-define:UNITY_2022_1_OR_NEWER
-define:UNITY_2022_2_OR_NEWER
-define:UNITY_2022_3_OR_NEWER
-define:UNITY_2023_1_OR_NEWER
-define:UNITY_2023_2_OR_NEWER
-define:UNITY_2023_3_OR_NEWER
-define:UNITY_6000_0_OR_NEWER
-define:UNITY_6000_1_OR_NEWER
-define:UNITY_6000_2_OR_NEWER
-define:UNITY_6000_3_OR_NEWER
-define:UNITY_6000_4_OR_NEWER
-define:UNITY_6000_5_OR_NEWER
-define:PLATFORM_ARCH_64
-define:UNITY_64
-define:UNITY_INCLUDE_TESTS
-define:ENABLE_AR
-define:ENABLE_AUDIO
-define:ENABLE_AUDIO_SCRIPTABLE_PIPELINE
-define:ENABLE_CACHING
-define:ENABLE_CLOTH
-define:ENABLE_EVENT_QUEUE
-define:ENABLE_MICROPHONE
-define:ENABLE_MULTIPLE_DISPLAYS
-define:ENABLE_PHYSICS
-define:ENABLE_TEXTURE_STREAMING
-define:ENABLE_VIRTUALTEXTURING
-define:ENABLE_LZMA
-define:ENABLE_UNITYEVENTS
-define:ENABLE_VR
-define:ENABLE_WEBCAM
-define:ENABLE_UNITYWEBREQUEST
-define:ENABLE_WWW
-define:ENABLE_CLOUD_SERVICES
-define:ENABLE_CLOUD_SERVICES_ADS
-define:ENABLE_CLOUD_SERVICES_USE_WEBREQUEST
-define:ENABLE_UNITY_CONSENT
-define:ENABLE_UNITY_CLOUD_IDENTIFIERS
-define:ENABLE_CLOUD_SERVICES_CRASH_REPORTING
-define:ENABLE_CLOUD_SERVICES_NATIVE_CRASH_REPORTING
-define:ENABLE_CLOUD_SERVICES_PURCHASING
-define:ENABLE_CLOUD_SERVICES_ANALYTICS
-define:ENABLE_CLOUD_SERVICES_BUILD
-define:ENABLE_EDITOR_GAME_SERVICES
-define:ENABLE_UNITY_GAME_SERVICES_ANALYTICS_SUPPORT
-define:ENABLE_CLOUD_LICENSE
-define:ENABLE_EDITOR_HUB_LICENSE
-define:ENABLE_WEBSOCKET_CLIENT
-define:ENABLE_GENERATE_NATIVE_PLUGINS_FOR_ASSEMBLIES_API
-define:ENABLE_DIRECTOR_AUDIO
-define:ENABLE_DIRECTOR_TEXTURE
-define:ENABLE_MANAGED_JOBS
-define:ENABLE_MANAGED_TRANSFORM_JOBS
-define:ENABLE_MANAGED_ANIMATION_JOBS
-define:ENABLE_MANAGED_AUDIO_JOBS
-define:ENABLE_MANAGED_UNITYTLS
-define:INCLUDE_DYNAMIC_GI
-define:ENABLE_SCRIPTING_GC_WBARRIERS
-define:PLATFORM_SUPPORTS_MONO
-define:RENDER_SOFTWARE_CURSOR
-define:ENABLE_MARSHALLING_TESTS
-define:ENABLE_VIDEO
-define:ENABLE_NAVIGATION_OFFMESHLINK_TO_NAVMESHLINK
-define:ENABLE_ACCELERATOR_CLIENT_DEBUGGING
-define:ENABLE_ACCESSIBILITY_SCREEN_READER
-define:TEXTCORE_1_0_OR_NEWER
-define:EDITOR_ONLY_NAVMESH_BUILDER_DEPRECATED
-define:PLATFORM_STANDALONE_WIN
-define:PLATFORM_STANDALONE
-define:UNITY_STANDALONE_WIN
-define:UNITY_STANDALONE
-define:ENABLE_RUNTIME_GI
-define:ENABLE_MOVIES
-define:ENABLE_NETWORK
-define:ENABLE_NVIDIA
-define:ENABLE_AMD
-define:ENABLE_CRUNCH_TEXTURE_COMPRESSION
-define:ENABLE_CLOUD_SERVICES_ENGINE_DIAGNOSTICS
-define:ENABLE_OUT_OF_PROCESS_CRASH_HANDLER
-define:ENABLE_CLUSTER_SYNC
-define:ENABLE_CLUSTERINPUT
-define:PLATFORM_UPDATES_TIME_OUTSIDE_OF_PLAYER_LOOP
-define:GFXDEVICE_WAITFOREVENT_MESSAGEPUMP
-define:PLATFORM_USES_EXPLICIT_MEMORY_MANAGER_INITIALIZER
-define:PLATFORM_SUPPORTS_WAIT_FOR_PRESENTATION
-define:PLATFORM_SUPPORTS_SPLIT_GRAPHICS_JOBS
-define:PLATFORM_USES_VULKAN_OLD_SWAPCHAIN
-define:USE_READ_ASYNC_MANAGED_API
-define:ENABLE_MONO
-define:NET_STANDARD_2_0
-define:NET_STANDARD
-define:NET_STANDARD_2_1
-define:NETSTANDARD
-define:NETSTANDARD2_1
-define:ENABLE_PROFILER
-define:DEBUG
-define:TRACE
-define:UNITY_ASSERTIONS
-define:UNITY_EDITOR
-define:UNITY_EDITOR_64
-define:UNITY_EDITOR_WIN
-define:ENABLE_UNITY_COLLECTIONS_CHECKS
-define:ENABLE_BURST_AOT
-define:UNITY_TEAM_LICENSE
-define:ENABLE_CUSTOM_RENDER_TEXTURE
-define:ENABLE_DIRECTOR
-define:ENABLE_LOCALIZATION
-define:ENABLE_SPRITES
-define:ENABLE_TERRAIN
-define:ENABLE_TILEMAP
-define:ENABLE_TIMELINE
-define:ENABLE_INPUT_SYSTEM
-define:TEXTCORE_FONT_ENGINE_1_5_OR_NEWER
-define:TEXTCORE_TEXT_ENGINE_1_5_OR_NEWER
-define:TEXTCORE_FONT_ENGINE_1_6_OR_NEWER
-define:CSHARP_7_OR_LATER
-define:CSHARP_7_3_OR_NEWER
-r:"C:/Program Files/Unity/Hub/Editor/6000.5.9f1/Editor/Data/BCLExtensions/TargetingPacks/netstandard2.1/ref/Microsoft.Bcl.AsyncInterfaces.dll"
-r:"C:/Program Files/Unity/Hub/Editor/6000.5.9f1/Editor/Data/BCLExtensions/TargetingPacks/netstandard2.1/ref/Microsoft.Extensions.DependencyInjection.Abstractions.dll"
-r:"C:/Program Files/Unity/Hub/Editor/6000.5.9f1/Editor/Data/BCLExtensions/TargetingPacks/netstandard2.1/ref/Microsoft.Extensions.Logging.Abstractions.dll"
-r:"C:/Program Files/Unity/Hub/Editor/6000.5.9f1/Editor/Data/BCLExtensions/TargetingPacks/netstandard2.1/ref/System.Collections.Immutable.dll"
-r:"C:/Program Files/Unity/Hub/Editor/6000.5.9f1/Editor/Data/BCLExtensions/TargetingPacks/netstandard2.1/ref/System.Diagnostics.DiagnosticSource.dll"
-r:"C:/Program Files/Unity/Hub/Editor/6000.5.9f1/Editor/Data/BCLExtensions/TargetingPacks/netstandard2.1/ref/System.IO.Hashing.dll"
-r:"C:/Program Files/Unity/Hub/Editor/6000.5.9f1/Editor/Data/BCLExtensions/TargetingPacks/netstandard2.1/ref/System.Reflection.Metadata.dll"
-r:"C:/Program Files/Unity/Hub/Editor/6000.5.9f1/Editor/Data/BCLExtensions/TargetingPacks/netstandard2.1/ref/System.Runtime.CompilerServices.Unsafe.dll"
-r:"C:/Program Files/Unity/Hub/Editor/6000.5.9f1/Editor/Data/BCLExtensions/TargetingPacks/netstandard2.1/ref/System.Text.Encodings.Web.dll"
-r:"C:/Program Files/Unity/Hub/Editor/6000.5.9f1/Editor/Data/BCLExtensions/TargetingPacks/netstandard2.1/ref/System.Text.Json.dll"
-r:"C:/Program Files/Unity/Hub/Editor/6000.5.9f1/Editor/Data/Managed/UnityEngine/Unity.Scripting.dll"
-r:"C:/Program Files/Unity/Hub/Editor/6000.5.9f1/Editor/Data/Managed/UnityEngine/UnityEditor.AIModule.dll"
-r:"C:/Program Files/Unity/Hub/Editor/6000.5.9f1/Editor/Data/Managed/UnityEngine/UnityEditor.AccessibilityModule.dll"
-r:"C:/Program Files/Unity/Hub/Editor/6000.5.9f1/Editor/Data/Managed/UnityEngine/UnityEditor.AdaptivePerformanceModule.dll"
-r:"C:/Program Files/Unity/Hub/Editor/6000.5.9f1/Editor/Data/Managed/UnityEngine/UnityEditor.AssetComplianceModule.dll"
-r:"C:/Program Files/Unity/Hub/Editor/6000.5.9f1/Editor/Data/Managed/UnityEngine/UnityEditor.BuildProfileModule.dll"
-r:"C:/Program Files/Unity/Hub/Editor/6000.5.9f1/Editor/Data/Managed/UnityEngine/UnityEditor.ClothModule.dll"
-r:"C:/Program Files/Unity/Hub/Editor/6000.5.9f1/Editor/Data/Managed/UnityEngine/UnityEditor.ContentLoadModule.dll"
-r:"C:/Program Files/Unity/Hub/Editor/6000.5.9f1/Editor/Data/Managed/UnityEngine/UnityEditor.CoreBusinessMetricsModule.dll"
-r:"C:/Program Files/Unity/Hub/Editor/6000.5.9f1/Editor/Data/Managed/UnityEngine/UnityEditor.CoreModule.dll"
-r:"C:/Program Files/Unity/Hub/Editor/6000.5.9f1/Editor/Data/Managed/UnityEngine/UnityEditor.DeviceSimulatorModule.dll"
-r:"C:/Program Files/Unity/Hub/Editor/6000.5.9f1/Editor/Data/Managed/UnityEngine/UnityEditor.DiagnosticsModule.dll"
-r:"C:/Program Files/Unity/Hub/Editor/6000.5.9f1/Editor/Data/Managed/UnityEngine/UnityEditor.EditorToolbarModule.dll"
-r:"C:/Program Files/Unity/Hub/Editor/6000.5.9f1/Editor/Data/Managed/UnityEngine/UnityEditor.EmbreeModule.dll"
-r:"C:/Program Files/Unity/Hub/Editor/6000.5.9f1/Editor/Data/Managed/UnityEngine/UnityEditor.GIModule.dll"
-r:"C:/Program Files/Unity/Hub/Editor/6000.5.9f1/Editor/Data/Managed/UnityEngine/UnityEditor.GenericRemoteModule.dll"
-r:"C:/Program Files/Unity/Hub/Editor/6000.5.9f1/Editor/Data/Managed/UnityEngine/UnityEditor.GraphToolkitModule.dll"
-r:"C:/Program Files/Unity/Hub/Editor/6000.5.9f1/Editor/Data/Managed/UnityEngine/UnityEditor.GraphViewModule.dll"
-r:"C:/Program Files/Unity/Hub/Editor/6000.5.9f1/Editor/Data/Managed/UnityEngine/UnityEditor.GraphicsStateCollectionSerializerModule.dll"
-r:"C:/Program Files/Unity/Hub/Editor/6000.5.9f1/Editor/Data/Managed/UnityEngine/UnityEditor.GridAndSnapModule.dll"
-r:"C:/Program Files/Unity/Hub/Editor/6000.5.9f1/Editor/Data/Managed/UnityEngine/UnityEditor.GridModule.dll"
-r:"C:/Program Files/Unity/Hub/Editor/6000.5.9f1/Editor/Data/Managed/UnityEngine/UnityEditor.HierarchyModule.dll"
-r:"C:/Program Files/Unity/Hub/Editor/6000.5.9f1/Editor/Data/Managed/UnityEngine/UnityEditor.LightingModule.dll"
-r:"C:/Program Files/Unity/Hub/Editor/6000.5.9f1/Editor/Data/Managed/UnityEngine/UnityEditor.MathematicsModule.dll"
-r:"C:/Program Files/Unity/Hub/Editor/6000.5.9f1/Editor/Data/Managed/UnityEngine/UnityEditor.MediaModule.dll"
-r:"C:/Program Files/Unity/Hub/Editor/6000.5.9f1/Editor/Data/Managed/UnityEngine/UnityEditor.MultiplayerModule.dll"
-r:"C:/Program Files/Unity/Hub/Editor/6000.5.9f1/Editor/Data/Managed/UnityEngine/UnityEditor.Physics2DModule.dll"
-r:"C:/Program Files/Unity/Hub/Editor/6000.5.9f1/Editor/Data/Managed/UnityEngine/UnityEditor.PhysicsCore2DModule.dll"
-r:"C:/Program Files/Unity/Hub/Editor/6000.5.9f1/Editor/Data/Managed/UnityEngine/UnityEditor.PhysicsModule.dll"
-r:"C:/Program Files/Unity/Hub/Editor/6000.5.9f1/Editor/Data/Managed/UnityEngine/UnityEditor.PlayModeModule.dll"
-r:"C:/Program Files/Unity/Hub/Editor/6000.5.9f1/Editor/Data/Managed/UnityEngine/UnityEditor.PresetsUIModule.dll"
-r:"C:/Program Files/Unity/Hub/Editor/6000.5.9f1/Editor/Data/Managed/UnityEngine/UnityEditor.ProjectAuditorModule.dll"
-r:"C:/Program Files/Unity/Hub/Editor/6000.5.9f1/Editor/Data/Managed/UnityEngine/UnityEditor.PropertiesModule.dll"
-r:"C:/Program Files/Unity/Hub/Editor/6000.5.9f1/Editor/Data/Managed/UnityEngine/UnityEditor.QuickInstallModule.dll"
-r:"C:/Program Files/Unity/Hub/Editor/6000.5.9f1/Editor/Data/Managed/UnityEngine/UnityEditor.QuickSearchModule.dll"
-r:"C:/Program Files/Unity/Hub/Editor/6000.5.9f1/Editor/Data/Managed/UnityEngine/UnityEditor.SafeModeModule.dll"
-r:"C:/Program Files/Unity/Hub/Editor/6000.5.9f1/Editor/Data/Managed/UnityEngine/UnityEditor.SceneTemplateModule.dll"
-r:"C:/Program Files/Unity/Hub/Editor/6000.5.9f1/Editor/Data/Managed/UnityEngine/UnityEditor.SceneViewModule.dll"
-r:"C:/Program Files/Unity/Hub/Editor/6000.5.9f1/Editor/Data/Managed/UnityEngine/UnityEditor.ShaderBuildSettingsModule.dll"
-r:"C:/Program Files/Unity/Hub/Editor/6000.5.9f1/Editor/Data/Managed/UnityEngine/UnityEditor.ShaderCompilationModule.dll"
-r:"C:/Program Files/Unity/Hub/Editor/6000.5.9f1/Editor/Data/Managed/UnityEngine/UnityEditor.ShaderFoundryModule.dll"
-r:"C:/Program Files/Unity/Hub/Editor/6000.5.9f1/Editor/Data/Managed/UnityEngine/UnityEditor.SketchUpModule.dll"
-r:"C:/Program Files/Unity/Hub/Editor/6000.5.9f1/Editor/Data/Managed/UnityEngine/UnityEditor.SpriteMaskModule.dll"
-r:"C:/Program Files/Unity/Hub/Editor/6000.5.9f1/Editor/Data/Managed/UnityEngine/UnityEditor.SpriteShapeModule.dll"
-r:"C:/Program Files/Unity/Hub/Editor/6000.5.9f1/Editor/Data/Managed/UnityEngine/UnityEditor.SubstanceModule.dll"
-r:"C:/Program Files/Unity/Hub/Editor/6000.5.9f1/Editor/Data/Managed/UnityEngine/UnityEditor.TerrainModule.dll"
-r:"C:/Program Files/Unity/Hub/Editor/6000.5.9f1/Editor/Data/Managed/UnityEngine/UnityEditor.TextCoreFontEngineModule.dll"
-r:"C:/Program Files/Unity/Hub/Editor/6000.5.9f1/Editor/Data/Managed/UnityEngine/UnityEditor.TextCoreTextEngineModule.dll"
-r:"C:/Program Files/Unity/Hub/Editor/6000.5.9f1/Editor/Data/Managed/UnityEngine/UnityEditor.TextRenderingModule.dll"
-r:"C:/Program Files/Unity/Hub/Editor/6000.5.9f1/Editor/Data/Managed/UnityEngine/UnityEditor.TilemapModule.dll"
-r:"C:/Program Files/Unity/Hub/Editor/6000.5.9f1/Editor/Data/Managed/UnityEngine/UnityEditor.TreeModule.dll"
-r:"C:/Program Files/Unity/Hub/Editor/6000.5.9f1/Editor/Data/Managed/UnityEngine/UnityEditor.U2DModule.dll"
-r:"C:/Program Files/Unity/Hub/Editor/6000.5.9f1/Editor/Data/Managed/UnityEngine/UnityEditor.UIAutomationModule.dll"
-r:"C:/Program Files/Unity/Hub/Editor/6000.5.9f1/Editor/Data/Managed/UnityEngine/UnityEditor.UIBuilderModule.dll"
-r:"C:/Program Files/Unity/Hub/Editor/6000.5.9f1/Editor/Data/Managed/UnityEngine/UnityEditor.UIElementsModule.dll"
-r:"C:/Program Files/Unity/Hub/Editor/6000.5.9f1/Editor/Data/Managed/UnityEngine/UnityEditor.UIElementsSamplesModule.dll"
-r:"C:/Program Files/Unity/Hub/Editor/6000.5.9f1/Editor/Data/Managed/UnityEngine/UnityEditor.UIToolkitAuthoringModule.dll"
-r:"C:/Program Files/Unity/Hub/Editor/6000.5.9f1/Editor/Data/Managed/UnityEngine/UnityEditor.UmbraModule.dll"
-r:"C:/Program Files/Unity/Hub/Editor/6000.5.9f1/Editor/Data/Managed/UnityEngine/UnityEditor.UnityConnectModule.dll"
-r:"C:/Program Files/Unity/Hub/Editor/6000.5.9f1/Editor/Data/Managed/UnityEngine/UnityEditor.VFXModule.dll"
-r:"C:/Program Files/Unity/Hub/Editor/6000.5.9f1/Editor/Data/Managed/UnityEngine/UnityEditor.VectorGraphicsModule.dll"
-r:"C:/Program Files/Unity/Hub/Editor/6000.5.9f1/Editor/Data/Managed/UnityEngine/UnityEditor.VideoModule.dll"
-r:"C:/Program Files/Unity/Hub/Editor/6000.5.9f1/Editor/Data/Managed/UnityEngine/UnityEditor.XRModule.dll"
-r:"C:/Program Files/Unity/Hub/Editor/6000.5.9f1/Editor/Data/Managed/UnityEngine/UnityEditor.dll"
-r:"C:/Program Files/Unity/Hub/Editor/6000.5.9f1/Editor/Data/Managed/UnityEngine/UnityEngine.AIModule.dll"
-r:"C:/Program Files/Unity/Hub/Editor/6000.5.9f1/Editor/Data/Managed/UnityEngine/UnityEngine.ARModule.dll"
-r:"C:/Program Files/Unity/Hub/Editor/6000.5.9f1/Editor/Data/Managed/UnityEngine/UnityEngine.AccessibilityModule.dll"
-r:"C:/Program Files/Unity/Hub/Editor/6000.5.9f1/Editor/Data/Managed/UnityEngine/UnityEngine.AdaptivePerformanceModule.dll"
-r:"C:/Program Files/Unity/Hub/Editor/6000.5.9f1/Editor/Data/Managed/UnityEngine/UnityEngine.AndroidJNIModule.dll"
-r:"C:/Program Files/Unity/Hub/Editor/6000.5.9f1/Editor/Data/Managed/UnityEngine/UnityEngine.AnimationModule.dll"
-r:"C:/Program Files/Unity/Hub/Editor/6000.5.9f1/Editor/Data/Managed/UnityEngine/UnityEngine.AssetBundleModule.dll"
-r:"C:/Program Files/Unity/Hub/Editor/6000.5.9f1/Editor/Data/Managed/UnityEngine/UnityEngine.AudioModule.dll"
-r:"C:/Program Files/Unity/Hub/Editor/6000.5.9f1/Editor/Data/Managed/UnityEngine/UnityEngine.ClothModule.dll"
-r:"C:/Program Files/Unity/Hub/Editor/6000.5.9f1/Editor/Data/Managed/UnityEngine/UnityEngine.ClusterInputModule.dll"
-r:"C:/Program Files/Unity/Hub/Editor/6000.5.9f1/Editor/Data/Managed/UnityEngine/UnityEngine.ClusterRendererModule.dll"
-r:"C:/Program Files/Unity/Hub/Editor/6000.5.9f1/Editor/Data/Managed/UnityEngine/UnityEngine.ContentLoadModule.dll"
-r:"C:/Program Files/Unity/Hub/Editor/6000.5.9f1/Editor/Data/Managed/UnityEngine/UnityEngine.CoreModule.dll"
-r:"C:/Program Files/Unity/Hub/Editor/6000.5.9f1/Editor/Data/Managed/UnityEngine/UnityEngine.CrashReportingModule.dll"
-r:"C:/Program Files/Unity/Hub/Editor/6000.5.9f1/Editor/Data/Managed/UnityEngine/UnityEngine.DSPGraphModule.dll"
-r:"C:/Program Files/Unity/Hub/Editor/6000.5.9f1/Editor/Data/Managed/UnityEngine/UnityEngine.DirectorModule.dll"
-r:"C:/Program Files/Unity/Hub/Editor/6000.5.9f1/Editor/Data/Managed/UnityEngine/UnityEngine.GIModule.dll"
-r:"C:/Program Files/Unity/Hub/Editor/6000.5.9f1/Editor/Data/Managed/UnityEngine/UnityEngine.GameCenterModule.dll"
-r:"C:/Program Files/Unity/Hub/Editor/6000.5.9f1/Editor/Data/Managed/UnityEngine/UnityEngine.GraphicsStateCollectionSerializerModule.dll"
-r:"C:/Program Files/Unity/Hub/Editor/6000.5.9f1/Editor/Data/Managed/UnityEngine/UnityEngine.GridModule.dll"
-r:"C:/Program Files/Unity/Hub/Editor/6000.5.9f1/Editor/Data/Managed/UnityEngine/UnityEngine.HierarchyCoreModule.dll"
-r:"C:/Program Files/Unity/Hub/Editor/6000.5.9f1/Editor/Data/Managed/UnityEngine/UnityEngine.HotReloadModule.dll"
-r:"C:/Program Files/Unity/Hub/Editor/6000.5.9f1/Editor/Data/Managed/UnityEngine/UnityEngine.IMGUIModule.dll"
-r:"C:/Program Files/Unity/Hub/Editor/6000.5.9f1/Editor/Data/Managed/UnityEngine/UnityEngine.IdentifiersModule.dll"
-r:"C:/Program Files/Unity/Hub/Editor/6000.5.9f1/Editor/Data/Managed/UnityEngine/UnityEngine.ImageConversionModule.dll"
-r:"C:/Program Files/Unity/Hub/Editor/6000.5.9f1/Editor/Data/Managed/UnityEngine/UnityEngine.InputForUIModule.dll"
-r:"C:/Program Files/Unity/Hub/Editor/6000.5.9f1/Editor/Data/Managed/UnityEngine/UnityEngine.InputLegacyModule.dll"
-r:"C:/Program Files/Unity/Hub/Editor/6000.5.9f1/Editor/Data/Managed/UnityEngine/UnityEngine.InputModule.dll"
-r:"C:/Program Files/Unity/Hub/Editor/6000.5.9f1/Editor/Data/Managed/UnityEngine/UnityEngine.InsightsModule.dll"
-r:"C:/Program Files/Unity/Hub/Editor/6000.5.9f1/Editor/Data/Managed/UnityEngine/UnityEngine.JSONSerializeModule.dll"
-r:"C:/Program Files/Unity/Hub/Editor/6000.5.9f1/Editor/Data/Managed/UnityEngine/UnityEngine.LocalizationModule.dll"
-r:"C:/Program Files/Unity/Hub/Editor/6000.5.9f1/Editor/Data/Managed/UnityEngine/UnityEngine.MarshallingModule.dll"
-r:"C:/Program Files/Unity/Hub/Editor/6000.5.9f1/Editor/Data/Managed/UnityEngine/UnityEngine.MathematicsModule.dll"
-r:"C:/Program Files/Unity/Hub/Editor/6000.5.9f1/Editor/Data/Managed/UnityEngine/UnityEngine.MultiplayerModule.dll"
-r:"C:/Program Files/Unity/Hub/Editor/6000.5.9f1/Editor/Data/Managed/UnityEngine/UnityEngine.ParticleSystemModule.dll"
-r:"C:/Program Files/Unity/Hub/Editor/6000.5.9f1/Editor/Data/Managed/UnityEngine/UnityEngine.PerformanceReportingModule.dll"
-r:"C:/Program Files/Unity/Hub/Editor/6000.5.9f1/Editor/Data/Managed/UnityEngine/UnityEngine.Physics2DModule.dll"
-r:"C:/Program Files/Unity/Hub/Editor/6000.5.9f1/Editor/Data/Managed/UnityEngine/UnityEngine.PhysicsBackendPhysXModule.dll"
-r:"C:/Program Files/Unity/Hub/Editor/6000.5.9f1/Editor/Data/Managed/UnityEngine/UnityEngine.PhysicsCore2DModule.dll"
-r:"C:/Program Files/Unity/Hub/Editor/6000.5.9f1/Editor/Data/Managed/UnityEngine/UnityEngine.PhysicsModule.dll"
-r:"C:/Program Files/Unity/Hub/Editor/6000.5.9f1/Editor/Data/Managed/UnityEngine/UnityEngine.PropertiesModule.dll"
-r:"C:/Program Files/Unity/Hub/Editor/6000.5.9f1/Editor/Data/Managed/UnityEngine/UnityEngine.RenderAs2DModule.dll"
-r:"C:/Program Files/Unity/Hub/Editor/6000.5.9f1/Editor/Data/Managed/UnityEngine/UnityEngine.RuntimeInitializeOnLoadManagerInitializerModule.dll"
-r:"C:/Program Files/Unity/Hub/Editor/6000.5.9f1/Editor/Data/Managed/UnityEngine/UnityEngine.ScreenCaptureModule.dll"
-r:"C:/Program Files/Unity/Hub/Editor/6000.5.9f1/Editor/Data/Managed/UnityEngine/UnityEngine.ScriptingModule.dll"
-r:"C:/Program Files/Unity/Hub/Editor/6000.5.9f1/Editor/Data/Managed/UnityEngine/UnityEngine.ShaderVariantAnalyticsModule.dll"
-r:"C:/Program Files/Unity/Hub/Editor/6000.5.9f1/Editor/Data/Managed/UnityEngine/UnityEngine.SharedInternalsModule.dll"
-r:"C:/Program Files/Unity/Hub/Editor/6000.5.9f1/Editor/Data/Managed/UnityEngine/UnityEngine.SpriteMaskModule.dll"
-r:"C:/Program Files/Unity/Hub/Editor/6000.5.9f1/Editor/Data/Managed/UnityEngine/UnityEngine.SpriteShapeModule.dll"
-r:"C:/Program Files/Unity/Hub/Editor/6000.5.9f1/Editor/Data/Managed/UnityEngine/UnityEngine.StreamingModule.dll"
-r:"C:/Program Files/Unity/Hub/Editor/6000.5.9f1/Editor/Data/Managed/UnityEngine/UnityEngine.SubstanceModule.dll"
-r:"C:/Program Files/Unity/Hub/Editor/6000.5.9f1/Editor/Data/Managed/UnityEngine/UnityEngine.SubsystemsModule.dll"
-r:"C:/Program Files/Unity/Hub/Editor/6000.5.9f1/Editor/Data/Managed/UnityEngine/UnityEngine.TLSModule.dll"
-r:"C:/Program Files/Unity/Hub/Editor/6000.5.9f1/Editor/Data/Managed/UnityEngine/UnityEngine.TerrainModule.dll"
-r:"C:/Program Files/Unity/Hub/Editor/6000.5.9f1/Editor/Data/Managed/UnityEngine/UnityEngine.TerrainPhysicsModule.dll"
-r:"C:/Program Files/Unity/Hub/Editor/6000.5.9f1/Editor/Data/Managed/UnityEngine/UnityEngine.TextCoreFontEngineModule.dll"
-r:"C:/Program Files/Unity/Hub/Editor/6000.5.9f1/Editor/Data/Managed/UnityEngine/UnityEngine.TextCoreTextEngineModule.dll"
-r:"C:/Program Files/Unity/Hub/Editor/6000.5.9f1/Editor/Data/Managed/UnityEngine/UnityEngine.TextRenderingModule.dll"
-r:"C:/Program Files/Unity/Hub/Editor/6000.5.9f1/Editor/Data/Managed/UnityEngine/UnityEngine.TilemapModule.dll"
-r:"C:/Program Files/Unity/Hub/Editor/6000.5.9f1/Editor/Data/Managed/UnityEngine/UnityEngine.U2DRuntimeModule.dll"
-r:"C:/Program Files/Unity/Hub/Editor/6000.5.9f1/Editor/Data/Managed/UnityEngine/UnityEngine.UIElementsModule.dll"
-r:"C:/Program Files/Unity/Hub/Editor/6000.5.9f1/Editor/Data/Managed/UnityEngine/UnityEngine.UIModule.dll"
-r:"C:/Program Files/Unity/Hub/Editor/6000.5.9f1/Editor/Data/Managed/UnityEngine/UnityEngine.UmbraModule.dll"
-r:"C:/Program Files/Unity/Hub/Editor/6000.5.9f1/Editor/Data/Managed/UnityEngine/UnityEngine.UnityAnalyticsCommonModule.dll"
-r:"C:/Program Files/Unity/Hub/Editor/6000.5.9f1/Editor/Data/Managed/UnityEngine/UnityEngine.UnityAnalyticsModule.dll"
-r:"C:/Program Files/Unity/Hub/Editor/6000.5.9f1/Editor/Data/Managed/UnityEngine/UnityEngine.UnityConnectModule.dll"
-r:"C:/Program Files/Unity/Hub/Editor/6000.5.9f1/Editor/Data/Managed/UnityEngine/UnityEngine.UnityConsentModule.dll"
-r:"C:/Program Files/Unity/Hub/Editor/6000.5.9f1/Editor/Data/Managed/UnityEngine/UnityEngine.UnityCurlModule.dll"
-r:"C:/Program Files/Unity/Hub/Editor/6000.5.9f1/Editor/Data/Managed/UnityEngine/UnityEngine.UnityWebRequestAssetBundleModule.dll"
-r:"C:/Program Files/Unity/Hub/Editor/6000.5.9f1/Editor/Data/Managed/UnityEngine/UnityEngine.UnityWebRequestAudioModule.dll"
-r:"C:/Program Files/Unity/Hub/Editor/6000.5.9f1/Editor/Data/Managed/UnityEngine/UnityEngine.UnityWebRequestModule.dll"
-r:"C:/Program Files/Unity/Hub/Editor/6000.5.9f1/Editor/Data/Managed/UnityEngine/UnityEngine.UnityWebRequestTextureModule.dll"
-r:"C:/Program Files/Unity/Hub/Editor/6000.5.9f1/Editor/Data/Managed/UnityEngine/UnityEngine.UnityWebRequestWWWModule.dll"
-r:"C:/Program Files/Unity/Hub/Editor/6000.5.9f1/Editor/Data/Managed/UnityEngine/UnityEngine.VFXModule.dll"
-r:"C:/Program Files/Unity/Hub/Editor/6000.5.9f1/Editor/Data/Managed/UnityEngine/UnityEngine.VectorGraphicsModule.dll"
-r:"C:/Program Files/Unity/Hub/Editor/6000.5.9f1/Editor/Data/Managed/UnityEngine/UnityEngine.VehiclesModule.dll"
-r:"C:/Program Files/Unity/Hub/Editor/6000.5.9f1/Editor/Data/Managed/UnityEngine/UnityEngine.VideoModule.dll"
-r:"C:/Program Files/Unity/Hub/Editor/6000.5.9f1/Editor/Data/Managed/UnityEngine/UnityEngine.VirtualTexturingModule.dll"
-r:"C:/Program Files/Unity/Hub/Editor/6000.5.9f1/Editor/Data/Managed/UnityEngine/UnityEngine.WindModule.dll"
-r:"C:/Program Files/Unity/Hub/Editor/6000.5.9f1/Editor/Data/Managed/UnityEngine/UnityEngine.XRModule.dll"
-r:"C:/Program Files/Unity/Hub/Editor/6000.5.9f1/Editor/Data/Managed/UnityEngine/UnityEngine.dll"
-r:"C:/Program Files/Unity/Hub/Editor/6000.5.9f1/Editor/Data/NetStandard/Extensions/2.0.0/System.Runtime.InteropServices.WindowsRuntime.dll"
-r:"C:/Program Files/Unity/Hub/Editor/6000.5.9f1/Editor/Data/NetStandard/compat/2.1.0/shims/netfx/System.ComponentModel.Composition.dll"
-r:"C:/Program Files/Unity/Hub/Editor/6000.5.9f1/Editor/Data/NetStandard/compat/2.1.0/shims/netfx/System.Core.dll"
-r:"C:/Program Files/Unity/Hub/Editor/6000.5.9f1/Editor/Data/NetStandard/compat/2.1.0/shims/netfx/System.Data.dll"
-r:"C:/Program Files/Unity/Hub/Editor/6000.5.9f1/Editor/Data/NetStandard/compat/2.1.0/shims/netfx/System.Drawing.dll"
-r:"C:/Program Files/Unity/Hub/Editor/6000.5.9f1/Editor/Data/NetStandard/compat/2.1.0/shims/netfx/System.IO.Compression.FileSystem.dll"
-r:"C:/Program Files/Unity/Hub/Editor/6000.5.9f1/Editor/Data/NetStandard/compat/2.1.0/shims/netfx/System.Net.dll"
-r:"C:/Program Files/Unity/Hub/Editor/6000.5.9f1/Editor/Data/NetStandard/compat/2.1.0/shims/netfx/System.Numerics.dll"
-r:"C:/Program Files/Unity/Hub/Editor/6000.5.9f1/Editor/Data/NetStandard/compat/2.1.0/shims/netfx/System.Runtime.Serialization.dll"
-r:"C:/Program Files/Unity/Hub/Editor/6000.5.9f1/Editor/Data/NetStandard/compat/2.1.0/shims/netfx/System.ServiceModel.Web.dll"
-r:"C:/Program Files/Unity/Hub/Editor/6000.5.9f1/Editor/Data/NetStandard/compat/2.1.0/shims/netfx/System.Transactions.dll"
-r:"C:/Program Files/Unity/Hub/Editor/6000.5.9f1/Editor/Data/NetStandard/compat/2.1.0/shims/netfx/System.Web.dll"
-r:"C:/Program Files/Unity/Hub/Editor/6000.5.9f1/Editor/Data/NetStandard/compat/2.1.0/shims/netfx/System.Windows.dll"
-r:"C:/Program Files/Unity/Hub/Editor/6000.5.9f1/Editor/Data/NetStandard/compat/2.1.0/shims/netfx/System.Xml.Linq.dll"
-r:"C:/Program Files/Unity/Hub/Editor/6000.5.9f1/Editor/Data/NetStandard/compat/2.1.0/shims/netfx/System.Xml.Serialization.dll"
-r:"C:/Program Files/Unity/Hub/Editor/6000.5.9f1/Editor/Data/NetStandard/compat/2.1.0/shims/netfx/System.Xml.dll"
-r:"C:/Program Files/Unity/Hub/Editor/6000.5.9f1/Editor/Data/NetStandard/compat/2.1.0/shims/netfx/System.dll"
-r:"C:/Program Files/Unity/Hub/Editor/6000.5.9f1/Editor/Data/NetStandard/compat/2.1.0/shims/netfx/mscorlib.dll"
-r:"C:/Program Files/Unity/Hub/Editor/6000.5.9f1/Editor/Data/NetStandard/compat/2.1.0/shims/netstandard/Microsoft.Win32.Primitives.dll"
-r:"C:/Program Files/Unity/Hub/Editor/6000.5.9f1/Editor/Data/NetStandard/compat/2.1.0/shims/netstandard/System.AppContext.dll"
-r:"C:/Program Files/Unity/Hub/Editor/6000.5.9f1/Editor/Data/NetStandard/compat/2.1.0/shims/netstandard/System.Buffers.dll"
-r:"C:/Program Files/Unity/Hub/Editor/6000.5.9f1/Editor/Data/NetStandard/compat/2.1.0/shims/netstandard/System.Collections.Concurrent.dll"
-r:"C:/Program Files/Unity/Hub/Editor/6000.5.9f1/Editor/Data/NetStandard/compat/2.1.0/shims/netstandard/System.Collections.NonGeneric.dll"
-r:"C:/Program Files/Unity/Hub/Editor/6000.5.9f1/Editor/Data/NetStandard/compat/2.1.0/shims/netstandard/System.Collections.Specialized.dll"
-r:"C:/Program Files/Unity/Hub/Editor/6000.5.9f1/Editor/Data/NetStandard/compat/2.1.0/shims/netstandard/System.Collections.dll"
-r:"C:/Program Files/Unity/Hub/Editor/6000.5.9f1/Editor/Data/NetStandard/compat/2.1.0/shims/netstandard/System.ComponentModel.EventBasedAsync.dll"
-r:"C:/Program Files/Unity/Hub/Editor/6000.5.9f1/Editor/Data/NetStandard/compat/2.1.0/shims/netstandard/System.ComponentModel.Primitives.dll"
-r:"C:/Program Files/Unity/Hub/Editor/6000.5.9f1/Editor/Data/NetStandard/compat/2.1.0/shims/netstandard/System.ComponentModel.TypeConverter.dll"
-r:"C:/Program Files/Unity/Hub/Editor/6000.5.9f1/Editor/Data/NetStandard/compat/2.1.0/shims/netstandard/System.ComponentModel.dll"
-r:"C:/Program Files/Unity/Hub/Editor/6000.5.9f1/Editor/Data/NetStandard/compat/2.1.0/shims/netstandard/System.Console.dll"
-r:"C:/Program Files/Unity/Hub/Editor/6000.5.9f1/Editor/Data/NetStandard/compat/2.1.0/shims/netstandard/System.Data.Common.dll"
-r:"C:/Program Files/Unity/Hub/Editor/6000.5.9f1/Editor/Data/NetStandard/compat/2.1.0/shims/netstandard/System.Diagnostics.Contracts.dll"
-r:"C:/Program Files/Unity/Hub/Editor/6000.5.9f1/Editor/Data/NetStandard/compat/2.1.0/shims/netstandard/System.Diagnostics.Debug.dll"
-r:"C:/Program Files/Unity/Hub/Editor/6000.5.9f1/Editor/Data/NetStandard/compat/2.1.0/shims/netstandard/System.Diagnostics.FileVersionInfo.dll"
-r:"C:/Program Files/Unity/Hub/Editor/6000.5.9f1/Editor/Data/NetStandard/compat/2.1.0/shims/netstandard/System.Diagnostics.Process.dll"
-r:"C:/Program Files/Unity/Hub/Editor/6000.5.9f1/Editor/Data/NetStandard/compat/2.1.0/shims/netstandard/System.Diagnostics.StackTrace.dll"
-r:"C:/Program Files/Unity/Hub/Editor/6000.5.9f1/Editor/Data/NetStandard/compat/2.1.0/shims/netstandard/System.Diagnostics.TextWriterTraceListener.dll"
-r:"C:/Program Files/Unity/Hub/Editor/6000.5.9f1/Editor/Data/NetStandard/compat/2.1.0/shims/netstandard/System.Diagnostics.Tools.dll"
-r:"C:/Program Files/Unity/Hub/Editor/6000.5.9f1/Editor/Data/NetStandard/compat/2.1.0/shims/netstandard/System.Diagnostics.TraceSource.dll"
-r:"C:/Program Files/Unity/Hub/Editor/6000.5.9f1/Editor/Data/NetStandard/compat/2.1.0/shims/netstandard/System.Diagnostics.Tracing.dll"
-r:"C:/Program Files/Unity/Hub/Editor/6000.5.9f1/Editor/Data/NetStandard/compat/2.1.0/shims/netstandard/System.Drawing.Primitives.dll"
-r:"C:/Program Files/Unity/Hub/Editor/6000.5.9f1/Editor/Data/NetStandard/compat/2.1.0/shims/netstandard/System.Dynamic.Runtime.dll"
-r:"C:/Program Files/Unity/Hub/Editor/6000.5.9f1/Editor/Data/NetStandard/compat/2.1.0/shims/netstandard/System.Globalization.Calendars.dll"
-r:"C:/Program Files/Unity/Hub/Editor/6000.5.9f1/Editor/Data/NetStandard/compat/2.1.0/shims/netstandard/System.Globalization.Extensions.dll"
-r:"C:/Program Files/Unity/Hub/Editor/6000.5.9f1/Editor/Data/NetStandard/compat/2.1.0/shims/netstandard/System.Globalization.dll"
-r:"C:/Program Files/Unity/Hub/Editor/6000.5.9f1/Editor/Data/NetStandard/compat/2.1.0/shims/netstandard/System.IO.Compression.ZipFile.dll"
-r:"C:/Program Files/Unity/Hub/Editor/6000.5.9f1/Editor/Data/NetStandard/compat/2.1.0/shims/netstandard/System.IO.Compression.dll"
-r:"C:/Program Files/Unity/Hub/Editor/6000.5.9f1/Editor/Data/NetStandard/compat/2.1.0/shims/netstandard/System.IO.FileSystem.DriveInfo.dll"
-r:"C:/Program Files/Unity/Hub/Editor/6000.5.9f1/Editor/Data/NetStandard/compat/2.1.0/shims/netstandard/System.IO.FileSystem.Primitives.dll"
-r:"C:/Program Files/Unity/Hub/Editor/6000.5.9f1/Editor/Data/NetStandard/compat/2.1.0/shims/netstandard/System.IO.FileSystem.Watcher.dll"
-r:"C:/Program Files/Unity/Hub/Editor/6000.5.9f1/Editor/Data/NetStandard/compat/2.1.0/shims/netstandard/System.IO.FileSystem.dll"
-r:"C:/Program Files/Unity/Hub/Editor/6000.5.9f1/Editor/Data/NetStandard/compat/2.1.0/shims/netstandard/System.IO.IsolatedStorage.dll"
-r:"C:/Program Files/Unity/Hub/Editor/6000.5.9f1/Editor/Data/NetStandard/compat/2.1.0/shims/netstandard/System.IO.MemoryMappedFiles.dll"
-r:"C:/Program Files/Unity/Hub/Editor/6000.5.9f1/Editor/Data/NetStandard/compat/2.1.0/shims/netstandard/System.IO.Pipes.dll"
-r:"C:/Program Files/Unity/Hub/Editor/6000.5.9f1/Editor/Data/NetStandard/compat/2.1.0/shims/netstandard/System.IO.UnmanagedMemoryStream.dll"
-r:"C:/Program Files/Unity/Hub/Editor/6000.5.9f1/Editor/Data/NetStandard/compat/2.1.0/shims/netstandard/System.IO.dll"
-r:"C:/Program Files/Unity/Hub/Editor/6000.5.9f1/Editor/Data/NetStandard/compat/2.1.0/shims/netstandard/System.Linq.Expressions.dll"
-r:"C:/Program Files/Unity/Hub/Editor/6000.5.9f1/Editor/Data/NetStandard/compat/2.1.0/shims/netstandard/System.Linq.Parallel.dll"
-r:"C:/Program Files/Unity/Hub/Editor/6000.5.9f1/Editor/Data/NetStandard/compat/2.1.0/shims/netstandard/System.Linq.Queryable.dll"
-r:"C:/Program Files/Unity/Hub/Editor/6000.5.9f1/Editor/Data/NetStandard/compat/2.1.0/shims/netstandard/System.Linq.dll"
-r:"C:/Program Files/Unity/Hub/Editor/6000.5.9f1/Editor/Data/NetStandard/compat/2.1.0/shims/netstandard/System.Memory.dll"
-r:"C:/Program Files/Unity/Hub/Editor/6000.5.9f1/Editor/Data/NetStandard/compat/2.1.0/shims/netstandard/System.Net.Http.dll"
-r:"C:/Program Files/Unity/Hub/Editor/6000.5.9f1/Editor/Data/NetStandard/compat/2.1.0/shims/netstandard/System.Net.NameResolution.dll"
-r:"C:/Program Files/Unity/Hub/Editor/6000.5.9f1/Editor/Data/NetStandard/compat/2.1.0/shims/netstandard/System.Net.NetworkInformation.dll"
-r:"C:/Program Files/Unity/Hub/Editor/6000.5.9f1/Editor/Data/NetStandard/compat/2.1.0/shims/netstandard/System.Net.Ping.dll"
-r:"C:/Program Files/Unity/Hub/Editor/6000.5.9f1/Editor/Data/NetStandard/compat/2.1.0/shims/netstandard/System.Net.Primitives.dll"
-r:"C:/Program Files/Unity/Hub/Editor/6000.5.9f1/Editor/Data/NetStandard/compat/2.1.0/shims/netstandard/System.Net.Requests.dll"
-r:"C:/Program Files/Unity/Hub/Editor/6000.5.9f1/Editor/Data/NetStandard/compat/2.1.0/shims/netstandard/System.Net.Security.dll"
-r:"C:/Program Files/Unity/Hub/Editor/6000.5.9f1/Editor/Data/NetStandard/compat/2.1.0/shims/netstandard/System.Net.Sockets.dll"
-r:"C:/Program Files/Unity/Hub/Editor/6000.5.9f1/Editor/Data/NetStandard/compat/2.1.0/shims/netstandard/System.Net.WebHeaderCollection.dll"
-r:"C:/Program Files/Unity/Hub/Editor/6000.5.9f1/Editor/Data/NetStandard/compat/2.1.0/shims/netstandard/System.Net.WebSockets.Client.dll"
-r:"C:/Program Files/Unity/Hub/Editor/6000.5.9f1/Editor/Data/NetStandard/compat/2.1.0/shims/netstandard/System.Net.WebSockets.dll"
-r:"C:/Program Files/Unity/Hub/Editor/6000.5.9f1/Editor/Data/NetStandard/compat/2.1.0/shims/netstandard/System.Numerics.Vectors.dll"
-r:"C:/Program Files/Unity/Hub/Editor/6000.5.9f1/Editor/Data/NetStandard/compat/2.1.0/shims/netstandard/System.ObjectModel.dll"
-r:"C:/Program Files/Unity/Hub/Editor/6000.5.9f1/Editor/Data/NetStandard/compat/2.1.0/shims/netstandard/System.Reflection.DispatchProxy.dll"
-r:"C:/Program Files/Unity/Hub/Editor/6000.5.9f1/Editor/Data/NetStandard/compat/2.1.0/shims/netstandard/System.Reflection.Emit.ILGeneration.dll"
-r:"C:/Program Files/Unity/Hub/Editor/6000.5.9f1/Editor/Data/NetStandard/compat/2.1.0/shims/netstandard/System.Reflection.Emit.Lightweight.dll"
-r:"C:/Program Files/Unity/Hub/Editor/6000.5.9f1/Editor/Data/NetStandard/compat/2.1.0/shims/netstandard/System.Reflection.Emit.dll"
-r:"C:/Program Files/Unity/Hub/Editor/6000.5.9f1/Editor/Data/NetStandard/compat/2.1.0/shims/netstandard/System.Reflection.Extensions.dll"
-r:"C:/Program Files/Unity/Hub/Editor/6000.5.9f1/Editor/Data/NetStandard/compat/2.1.0/shims/netstandard/System.Reflection.Primitives.dll"
-r:"C:/Program Files/Unity/Hub/Editor/6000.5.9f1/Editor/Data/NetStandard/compat/2.1.0/shims/netstandard/System.Reflection.dll"
-r:"C:/Program Files/Unity/Hub/Editor/6000.5.9f1/Editor/Data/NetStandard/compat/2.1.0/shims/netstandard/System.Resources.Reader.dll"
-r:"C:/Program Files/Unity/Hub/Editor/6000.5.9f1/Editor/Data/NetStandard/compat/2.1.0/shims/netstandard/System.Resources.ResourceManager.dll"
-r:"C:/Program Files/Unity/Hub/Editor/6000.5.9f1/Editor/Data/NetStandard/compat/2.1.0/shims/netstandard/System.Resources.Writer.dll"
-r:"C:/Program Files/Unity/Hub/Editor/6000.5.9f1/Editor/Data/NetStandard/compat/2.1.0/shims/netstandard/System.Runtime.CompilerServices.VisualC.dll"
-r:"C:/Program Files/Unity/Hub/Editor/6000.5.9f1/Editor/Data/NetStandard/compat/2.1.0/shims/netstandard/System.Runtime.Extensions.dll"
-r:"C:/Program Files/Unity/Hub/Editor/6000.5.9f1/Editor/Data/NetStandard/compat/2.1.0/shims/netstandard/System.Runtime.Handles.dll"
-r:"C:/Program Files/Unity/Hub/Editor/6000.5.9f1/Editor/Data/NetStandard/compat/2.1.0/shims/netstandard/System.Runtime.InteropServices.RuntimeInformation.dll"
-r:"C:/Program Files/Unity/Hub/Editor/6000.5.9f1/Editor/Data/NetStandard/compat/2.1.0/shims/netstandard/System.Runtime.InteropServices.dll"
-r:"C:/Program Files/Unity/Hub/Editor/6000.5.9f1/Editor/Data/NetStandard/compat/2.1.0/shims/netstandard/System.Runtime.Numerics.dll"
-r:"C:/Program Files/Unity/Hub/Editor/6000.5.9f1/Editor/Data/NetStandard/compat/2.1.0/shims/netstandard/System.Runtime.Serialization.Formatters.dll"
-r:"C:/Program Files/Unity/Hub/Editor/6000.5.9f1/Editor/Data/NetStandard/compat/2.1.0/shims/netstandard/System.Runtime.Serialization.Json.dll"
-r:"C:/Program Files/Unity/Hub/Editor/6000.5.9f1/Editor/Data/NetStandard/compat/2.1.0/shims/netstandard/System.Runtime.Serialization.Primitives.dll"
-r:"C:/Program Files/Unity/Hub/Editor/6000.5.9f1/Editor/Data/NetStandard/compat/2.1.0/shims/netstandard/System.Runtime.Serialization.Xml.dll"
-r:"C:/Program Files/Unity/Hub/Editor/6000.5.9f1/Editor/Data/NetStandard/compat/2.1.0/shims/netstandard/System.Runtime.dll"
-r:"C:/Program Files/Unity/Hub/Editor/6000.5.9f1/Editor/Data/NetStandard/compat/2.1.0/shims/netstandard/System.Security.Claims.dll"
-r:"C:/Program Files/Unity/Hub/Editor/6000.5.9f1/Editor/Data/NetStandard/compat/2.1.0/shims/netstandard/System.Security.Cryptography.Algorithms.dll"
-r:"C:/Program Files/Unity/Hub/Editor/6000.5.9f1/Editor/Data/NetStandard/compat/2.1.0/shims/netstandard/System.Security.Cryptography.Csp.dll"
-r:"C:/Program Files/Unity/Hub/Editor/6000.5.9f1/Editor/Data/NetStandard/compat/2.1.0/shims/netstandard/System.Security.Cryptography.Encoding.dll"
-r:"C:/Program Files/Unity/Hub/Editor/6000.5.9f1/Editor/Data/NetStandard/compat/2.1.0/shims/netstandard/System.Security.Cryptography.Primitives.dll"
-r:"C:/Program Files/Unity/Hub/Editor/6000.5.9f1/Editor/Data/NetStandard/compat/2.1.0/shims/netstandard/System.Security.Cryptography.X509Certificates.dll"
-r:"C:/Program Files/Unity/Hub/Editor/6000.5.9f1/Editor/Data/NetStandard/compat/2.1.0/shims/netstandard/System.Security.Principal.dll"
-r:"C:/Program Files/Unity/Hub/Editor/6000.5.9f1/Editor/Data/NetStandard/compat/2.1.0/shims/netstandard/System.Security.SecureString.dll"
-r:"C:/Program Files/Unity/Hub/Editor/6000.5.9f1/Editor/Data/NetStandard/compat/2.1.0/shims/netstandard/System.Text.Encoding.Extensions.dll"
-r:"C:/Program Files/Unity/Hub/Editor/6000.5.9f1/Editor/Data/NetStandard/compat/2.1.0/shims/netstandard/System.Text.Encoding.dll"
-r:"C:/Program Files/Unity/Hub/Editor/6000.5.9f1/Editor/Data/NetStandard/compat/2.1.0/shims/netstandard/System.Text.RegularExpressions.dll"
-r:"C:/Program Files/Unity/Hub/Editor/6000.5.9f1/Editor/Data/NetStandard/compat/2.1.0/shims/netstandard/System.Threading.Overlapped.dll"
-r:"C:/Program Files/Unity/Hub/Editor/6000.5.9f1/Editor/Data/NetStandard/compat/2.1.0/shims/netstandard/System.Threading.Tasks.Extensions.dll"
-r:"C:/Program Files/Unity/Hub/Editor/6000.5.9f1/Editor/Data/NetStandard/compat/2.1.0/shims/netstandard/System.Threading.Tasks.Parallel.dll"
-r:"C:/Program Files/Unity/Hub/Editor/6000.5.9f1/Editor/Data/NetStandard/compat/2.1.0/shims/netstandard/System.Threading.Tasks.dll"
-r:"C:/Program Files/Unity/Hub/Editor/6000.5.9f1/Editor/Data/NetStandard/compat/2.1.0/shims/netstandard/System.Threading.Thread.dll"
-r:"C:/Program Files/Unity/Hub/Editor/6000.5.9f1/Editor/Data/NetStandard/compat/2.1.0/shims/netstandard/System.Threading.ThreadPool.dll"
-r:"C:/Program Files/Unity/Hub/Editor/6000.5.9f1/Editor/Data/NetStandard/compat/2.1.0/shims/netstandard/System.Threading.Timer.dll"
-r:"C:/Program Files/Unity/Hub/Editor/6000.5.9f1/Editor/Data/NetStandard/compat/2.1.0/shims/netstandard/System.Threading.dll"
-r:"C:/Program Files/Unity/Hub/Editor/6000.5.9f1/Editor/Data/NetStandard/compat/2.1.0/shims/netstandard/System.ValueTuple.dll"
-r:"C:/Program Files/Unity/Hub/Editor/6000.5.9f1/Editor/Data/NetStandard/compat/2.1.0/shims/netstandard/System.Xml.ReaderWriter.dll"
-r:"C:/Program Files/Unity/Hub/Editor/6000.5.9f1/Editor/Data/NetStandard/compat/2.1.0/shims/netstandard/System.Xml.XDocument.dll"
-r:"C:/Program Files/Unity/Hub/Editor/6000.5.9f1/Editor/Data/NetStandard/compat/2.1.0/shims/netstandard/System.Xml.XPath.XDocument.dll"
-r:"C:/Program Files/Unity/Hub/Editor/6000.5.9f1/Editor/Data/NetStandard/compat/2.1.0/shims/netstandard/System.Xml.XPath.dll"
-r:"C:/Program Files/Unity/Hub/Editor/6000.5.9f1/Editor/Data/NetStandard/compat/2.1.0/shims/netstandard/System.Xml.XmlDocument.dll"
-r:"C:/Program Files/Unity/Hub/Editor/6000.5.9f1/Editor/Data/NetStandard/compat/2.1.0/shims/netstandard/System.Xml.XmlSerializer.dll"
-r:"C:/Program Files/Unity/Hub/Editor/6000.5.9f1/Editor/Data/NetStandard/ref/2.1.0/netstandard.dll"
-r:"Library/PackageCache/com.unity.collections@ec2c217e4cb2/Unity.Collections.LowLevel.ILSupport/Unity.Collections.LowLevel.ILSupport.dll"
-r:"Library/PackageCache/com.unity.ext.nunit@44f7d31723bd/net472/unity-custom/nunit.framework.dll"
-r:"Library/PackageCache/com.unity.nuget.mono-cecil@ecb9724e46ff/Mono.Cecil.dll"
-r:"Library/PackageCache/com.unity.visualscripting@4edfcc09512f/Runtime/VisualScripting.Flow/Dependencies/NCalc/Unity.VisualScripting.Antlr3.Runtime.dll"
-r:"Library/Bee/artifacts/1900b0aE.dag/Unity.AI.Navigation.Editor.ConversionSystem.ref.dll"
-r:"Library/Bee/artifacts/1900b0aE.dag/Unity.AI.Navigation.Editor.ref.dll"
-r:"Library/Bee/artifacts/1900b0aE.dag/Unity.AI.Navigation.ref.dll"
-r:"Library/Bee/artifacts/1900b0aE.dag/Unity.AI.Navigation.Updater.ref.dll"
-r:"Library/Bee/artifacts/1900b0aE.dag/Unity.Burst.Editor.ref.dll"
-r:"Library/Bee/artifacts/1900b0aE.dag/Unity.Burst.ref.dll"
-r:"Library/Bee/artifacts/1900b0aE.dag/Unity.Collections.Editor.ref.dll"
-r:"Library/Bee/artifacts/1900b0aE.dag/Unity.Collections.ref.dll"
-r:"Library/Bee/artifacts/1900b0aE.dag/Unity.InputSystem.ForUI.Editor.ref.dll"
-r:"Library/Bee/artifacts/1900b0aE.dag/Unity.InputSystem.ForUI.ref.dll"
-r:"Library/Bee/artifacts/1900b0aE.dag/Unity.InputSystem.ref.dll"
-r:"Library/Bee/artifacts/1900b0aE.dag/Unity.InternalAPIEditorBridge.ShaderGraph.Editor.ref.dll"
-r:"Library/Bee/artifacts/1900b0aE.dag/Unity.InternalAPIEngineBridge.004.ref.dll"
-r:"Library/Bee/artifacts/1900b0aE.dag/Unity.InternalAPIEngineBridge.RenderPipelines.Core.Editor.ref.dll"
-r:"Library/Bee/artifacts/1900b0aE.dag/Unity.InternalAPIEngineBridge.RenderPipelines.Core.Runtime.Shared.ref.dll"
-r:"Library/Bee/artifacts/1900b0aE.dag/Unity.Mathematics.ref.dll"
-r:"Library/Bee/artifacts/1900b0aE.dag/Unity.Multiplayer.Center.Common.ref.dll"
-r:"Library/Bee/artifacts/1900b0aE.dag/Unity.Multiplayer.Center.Editor.ref.dll"
-r:"Library/Bee/artifacts/1900b0aE.dag/Unity.PathTracing.Editor.ref.dll"
-r:"Library/Bee/artifacts/1900b0aE.dag/Unity.PathTracing.Runtime.ref.dll"
-r:"Library/Bee/artifacts/1900b0aE.dag/Unity.PlasticSCM.Editor.Assistant.ref.dll"
-r:"Library/Bee/artifacts/1900b0aE.dag/Unity.PlasticSCM.Editor.ref.dll"
-r:"Library/Bee/artifacts/1900b0aE.dag/Unity.Rendering.LightTransport.Editor.ref.dll"
-r:"Library/Bee/artifacts/1900b0aE.dag/Unity.RenderPipeline.Universal.ShaderLibrary.ref.dll"
-r:"Library/Bee/artifacts/1900b0aE.dag/Unity.RenderPipelines.Core.Editor.ref.dll"
-r:"Library/Bee/artifacts/1900b0aE.dag/Unity.RenderPipelines.Core.Editor.Shared.ref.dll"
-r:"Library/Bee/artifacts/1900b0aE.dag/Unity.RenderPipelines.Core.Runtime.ref.dll"
-r:"Library/Bee/artifacts/1900b0aE.dag/Unity.RenderPipelines.Core.Runtime.Shared.ref.dll"
-r:"Library/Bee/artifacts/1900b0aE.dag/Unity.RenderPipelines.Core.ShaderLibrary.ref.dll"
-r:"Library/Bee/artifacts/1900b0aE.dag/Unity.RenderPipelines.GPUDriven.Runtime.ref.dll"
-r:"Library/Bee/artifacts/1900b0aE.dag/Unity.RenderPipelines.ShaderGraph.ShaderGraphLibrary.ref.dll"
-r:"Library/Bee/artifacts/1900b0aE.dag/Unity.RenderPipelines.Universal.2D.Editor.Overrides.ref.dll"
-r:"Library/Bee/artifacts/1900b0aE.dag/Unity.RenderPipelines.Universal.2D.Runtime.ref.dll"
-r:"Library/Bee/artifacts/1900b0aE.dag/Unity.RenderPipelines.Universal.Config.Runtime.ref.dll"
-r:"Library/Bee/artifacts/1900b0aE.dag/Unity.RenderPipelines.Universal.Editor.ref.dll"
-r:"Library/Bee/artifacts/1900b0aE.dag/Unity.RenderPipelines.Universal.Runtime.ref.dll"
-r:"Library/Bee/artifacts/1900b0aE.dag/Unity.RenderPipelines.Universal.Shaders.ref.dll"
-r:"Library/Bee/artifacts/1900b0aE.dag/Unity.Rider.Editor.ref.dll"
-r:"Library/Bee/artifacts/1900b0aE.dag/Unity.Searcher.Editor.ref.dll"
-r:"Library/Bee/artifacts/1900b0aE.dag/Unity.ShaderGraph.Editor.ref.dll"
-r:"Library/Bee/artifacts/1900b0aE.dag/Unity.SurfaceCache.Runtime.ref.dll"
-r:"Library/Bee/artifacts/1900b0aE.dag/Unity.TextMeshPro.Editor.ref.dll"
-r:"Library/Bee/artifacts/1900b0aE.dag/Unity.TextMeshPro.ref.dll"
-r:"Library/Bee/artifacts/1900b0aE.dag/Unity.Timeline.Editor.ref.dll"
-r:"Library/Bee/artifacts/1900b0aE.dag/Unity.Timeline.ref.dll"
-r:"Library/Bee/artifacts/1900b0aE.dag/Unity.UnifiedRayTracing.Runtime.ref.dll"
-r:"Library/Bee/artifacts/1900b0aE.dag/Unity.VisualScripting.Core.Editor.ref.dll"
-r:"Library/Bee/artifacts/1900b0aE.dag/Unity.VisualScripting.Core.ref.dll"
-r:"Library/Bee/artifacts/1900b0aE.dag/Unity.VisualScripting.Flow.Editor.ref.dll"
-r:"Library/Bee/artifacts/1900b0aE.dag/Unity.VisualScripting.Flow.ref.dll"
-r:"Library/Bee/artifacts/1900b0aE.dag/Unity.VisualScripting.SettingsProvider.Editor.ref.dll"
-r:"Library/Bee/artifacts/1900b0aE.dag/Unity.VisualScripting.Shared.Editor.ref.dll"
-r:"Library/Bee/artifacts/1900b0aE.dag/Unity.VisualScripting.State.Editor.ref.dll"
-r:"Library/Bee/artifacts/1900b0aE.dag/Unity.VisualScripting.State.ref.dll"
-r:"Library/Bee/artifacts/1900b0aE.dag/Unity.VisualStudio.Editor.ref.dll"
-r:"Library/Bee/artifacts/1900b0aE.dag/UnityEditor.UI.Analytics.ref.dll"
-r:"Library/Bee/artifacts/1900b0aE.dag/UnityEditor.UI.ref.dll"
-r:"Library/Bee/artifacts/1900b0aE.dag/UnityEngine.UI.ref.dll"
-analyzer:"C:/Program Files/Unity/Hub/Editor/6000.5.9f1/Editor/Data/BCLExtensions/TargetingPacks/netstandard2.1/analyzers/dotnet/roslyn4.0/cs/Microsoft.Extensions.Logging.Generators.dll"
-analyzer:"C:/Program Files/Unity/Hub/Editor/6000.5.9f1/Editor/Data/BCLExtensions/TargetingPacks/netstandard2.1/analyzers/dotnet/roslyn4.0/cs/System.Text.Json.SourceGeneration.dll"
-analyzer:"C:/Program Files/Unity/Hub/Editor/6000.5.9f1/Editor/Data/Tools/BuildPipeline/Unity.Analyzers.Common/Unity.Analyzers.Common.dll"
-analyzer:"C:/Program Files/Unity/Hub/Editor/6000.5.9f1/Editor/Data/Tools/BuildPipeline/Unity.Analyzers.LongLiving/Unity.Analyzers.LongLiving.dll"
-analyzer:"C:/Program Files/Unity/Hub/Editor/6000.5.9f1/Editor/Data/Tools/BuildPipeline/Unity.SourceGenerators/Unity.Properties.SourceGenerator.dll"
-analyzer:"C:/Program Files/Unity/Hub/Editor/6000.5.9f1/Editor/Data/Tools/BuildPipeline/Unity.SourceGenerators/Unity.SourceGenerators.dll"
-analyzer:"C:/Program Files/Unity/Hub/Editor/6000.5.9f1/Editor/Data/Tools/BuildPipeline/Unity.SourceGenerators/Unity.UIToolkit.SourceGenerator.dll"
"Assets/Script/Camerafollow.cs"
"Assets/Script/Coin.cs"
"Assets/Script/CoinSpawner.cs"
"Assets/Script/FuelBar.cs"
"Assets/Script/PlatForm.cs"
"Assets/Script/PlayerController.cs"
-langversion:9.0
/deterministic
/optimize+
/debug:portable
/nologo
/RuntimeMetadataVersion:v4.0.30319
/nowarn:0169
/nowarn:0649
/nowarn:0282
/nowarn:1701
/nowarn:1702
/utf8output
/preferreduilang:en-US
/additionalfile:"Library/Bee/artifacts/1900b0aE.dag/Assembly-CSharp.UnityAdditionalFile.txt"
##### Custom Environment Variables
DOTNET_HOST_PATH=C:\Program Files\Unity\Hub\Editor\6000.5.9f1\Editor\Data\DotNetSdk\dotnet.exe
DOTNET_MULTILEVEL_LOOKUP=0
##### ExitCode
1
##### Output
Assets\Script\Coin.cs(10,13): error CS0103: The name 'ScoreManager' does not exist in the current context
*** Tundra build failed (0.48 seconds), 2 items updated, 927 evaluated
## Script Compilation Error for: Csc Library/Bee/artifacts/1900b0aE.dag/Assembly-CSharp.dll (+2 others)
## CmdLine: "C:\Program Files\Unity\Hub\Editor\6000.5.9f1\Editor\Data\DotNetSdk\dotnet.exe" exec "C:/Program Files/Unity/Hub/Editor/6000.5.9f1/Editor/Data/DotNetSdk/sdk/8.0.318/Roslyn/bincore/csc.dll" /nostdlib /noconfig /shared "@Library/Bee/artifacts/1900b0aE.dag/Assembly-CSharp.rsp" "@Library/Bee/artifacts/1900b0aE.dag/Assembly-CSharp.rsp2"
## Output:
Assets\Script\Coin.cs(10,13): error CS0103: The name 'ScoreManager' does not exist in the current context

Assets\Script\Coin.cs(10,13): error CS0103: The name 'ScoreManager' does not exist in the current context
Total cache size 64119356
Total cache size after purge 64119356, took 00:00:00.1274347
[Worker0] Imported GUID: f0479aad0cd102e47812b705f135738c - Path: Assets/Script/Coin.cs - Importer: PreviewImporter -> (ImportResultId: 'c3de21a198e62f0f9c768dcfc8de722d') in 0.0238117 seconds
Asset Pipeline Refresh (id=7577ac136c6655e4f80d6a7fc11a7d5b): Total: 0.005 seconds - Initiated by RefreshV2(AllowForceSynchronousImport)
Asset Pipeline Refresh (id=3b78e5199969dff4789f9fd73113b0ea): Total: 0.006 seconds - Initiated by RefreshV2(AllowForceSynchronousImport)
[Worker0] Imported GUID: f0479aad0cd102e47812b705f135738c - Path: Assets/Script/Coin.cs - Importer: ScriptedImporter/UnityEditor.QuickSearchModule:UnityEditor.Search:ASIAI0B -> (ImportResultId: '54dc737b892c4a37d0c530b8db7bddce') in 0.1167641 seconds
[ScriptCompilation] Requested script compilation because: AssetDatabase observed changes in script compilation related files

Asset Pipeline Refresh (id=5ca30a5357d975846bdf52ffe5d244d7): Total: 0.466 seconds - Initiated by StopAssetImportingV2(NoUpdateAssetOptions)
	(Values over 0.05ms)
	Summary:
		Imports: total=0 (actual=0, local cache=0, cache server=0)
		Asset DB Process Time: managed=0 ms, native=161 ms
		Asset DB Callback time: managed=299 ms, native=4 ms
		Scripting: domain reloads=0, domain reload time=0 ms, compile time=0 ms, other=0 ms
		Project Asset Count: scripts=1374, non-scripts=2361
		Asset File Changes: new=1, changed=1, moved=0, deleted=0
		Scan Filter Count: 3
	ApplyChangesToAssetFolders: 0.131ms
	Scan: 9.027ms
	Collect global state as custom dependencies: 0.282ms
	OnSourceAssetsModified: 0.109ms
	ProcessAssetsWithTransientArtifactChanges: 0.597ms
	CategorizeAssets: 26.939ms
	CompileScripts: 0.159ms
	ImportOutOfDateAssets: 58.248ms (11.310ms without children)
		ReloadNativeAssets: 0.059ms
		UnloadImportedAssets: 0.323ms
		EnsureUptoDateAssetsAreRegisteredWithGuidPM: 0.972ms
		ImportSchedulerStart: 45.576ms
	PostProcessAllAssets: 291.698ms
		XRBuildSystem.XRAssetImported 0.731ms
		PostProcessCallbackCreateDeferredMaterials 0.538ms
		VersionControlSettings.HiddenFilePostprocess 0.058ms
		MonoPostProcessAllAssets: 290.047ms
			SyncVS.PostprocessSyncProject 288.784ms
			AssetChangedListener.OnPostprocessAllAssets 0.375ms
			ShaderGraphAssetPostProcessor.OnPostprocessAllAssets 0.142ms
			RenderPipelineGlobalSettingsPostprocessor.OnPostprocessAllAssets 0.131ms
			AssetPostprocessor.OnPostprocessAllAssets 0.107ms
	PostAssetChangesProfiler: 12.586ms
	GatherAllCurrentPrimaryImportResultRevisions: 0.215ms
	PersistCurrentRevisions: 0.214ms
	Untracked: 65.737ms

[Worker1] Imported GUID: 9ad42031d5b307d44ae748aba074047b - Path: Assets/Script/ScoreManager.cs - Importer: PreviewImporter -> (ImportResultId: '249a3d58d97284be21411c2cb3bd301c') in 0.300232 seconds
info: Microsoft.AspNetCore.Hosting.Diagnostics[1]
      Request starting HTTP/2 POST http://ilpp/UnityILPP.PostProcessing/Ping - application/grpc -
info: Microsoft.AspNetCore.Routing.EndpointMiddleware[0]
      Executing endpoint 'gRPC - /UnityILPP.PostProcessing/Ping'
info: Microsoft.AspNetCore.Routing.EndpointMiddleware[1]
      Executed endpoint 'gRPC - /UnityILPP.PostProcessing/Ping'
info: Microsoft.AspNetCore.Hosting.Diagnostics[2]
      Request finished HTTP/2 POST http://ilpp/UnityILPP.PostProcessing/Ping - 200 - application/grpc 0.2671ms
Starting: C:\Program Files\Unity\Hub\Editor\6000.5.9f1\Editor\Data\Tools\BuildPipeline\bee_backend.exe --ipc --defer-dag-verification --dagfile="Library/Bee/1900b0aE.dag" --continue-on-failure --profile="Library/Bee/backend1.traceevents" ScriptAssemblies
WorkingDir: C:/Users/golfa/Rocket
info: Microsoft.AspNetCore.Hosting.Diagnostics[1]
      Request starting HTTP/2 POST http://ilpp/UnityILPP.PostProcessing/ConfigurePostProcessors - application/grpc -
info: Microsoft.AspNetCore.Routing.EndpointMiddleware[0]
      Executing endpoint 'gRPC - /UnityILPP.PostProcessing/ConfigurePostProcessors'
info: Unity.ILPP.Runner.PostProcessingAssemblyLoadContext[0]
      Current configuration matches the requested one, skipping
info: Microsoft.AspNetCore.Routing.EndpointMiddleware[1]
      Executed endpoint 'gRPC - /UnityILPP.PostProcessing/ConfigurePostProcessors'
info: Microsoft.AspNetCore.Hosting.Diagnostics[2]
      Request finished HTTP/2 POST http://ilpp/UnityILPP.PostProcessing/ConfigurePostProcessors - 200 - application/grpc 3.2346ms
[Worker0] Imported GUID: 9ad42031d5b307d44ae748aba074047b - Path: Assets/Script/ScoreManager.cs - Importer: ScriptedImporter/UnityEditor.QuickSearchModule:UnityEditor.Search:ASIAI0B -> (ImportResultId: '21e35ea2d42f9f1d0549dab94fbff8c1') in 0.0209038 seconds
ExitCode: 4 Duration: 0s438ms
[730/927    0s] ILPP-Configuration Library/ilpp-configuration.nevergeneratedoutput
Rebuilding DAG because FileSignature timestamp changed: Library/Bee/1900b0aE-inputdata.json
*** Tundra requires additional run (0.41 seconds), 2 items updated, 922 evaluated
Starting: C:\Program Files\Unity\Hub\Editor\6000.5.9f1\Editor\Data\netcorerun\netcorerun.exe "C:\Program Files\Unity\Hub\Editor\6000.5.9f1\Editor\Data\Tools\BuildPipeline\ScriptCompilationBuildProgram.exe" "Library/Bee/1900b0aE.dag.json" "Library/Bee/1900b0aE-inputdata.json" "Library\Bee\buildprogram0.traceevents"
WorkingDir: C:/Users/golfa/Rocket
[Licensing::Client] Successfully resolved entitlement details
ExitCode: 0 Duration: 1s851ms
Starting: C:\Program Files\Unity\Hub\Editor\6000.5.9f1\Editor\Data\Tools\BuildPipeline\bee_backend.exe --ipc --defer-dag-verification --dagfile="Library/Bee/1900b0aE.dag" --continue-on-failure --dagfilejson="Library\Bee\1900b0aE.dag.json" --profile="Library/Bee/backend2.traceevents" ScriptAssemblies
WorkingDir: C:/Users/golfa/Rocket
info: Microsoft.AspNetCore.Hosting.Diagnostics[1]
      Request starting HTTP/2 POST http://ilpp/UnityILPP.PostProcessing/ConfigurePostProcessors - application/grpc -
info: Microsoft.AspNetCore.Routing.EndpointMiddleware[0]
      Executing endpoint 'gRPC - /UnityILPP.PostProcessing/ConfigurePostProcessors'
info: Unity.ILPP.Runner.PostProcessingAssemblyLoadContext[0]
      Current configuration matches the requested one, skipping
info: Microsoft.AspNetCore.Routing.EndpointMiddleware[1]
      Executed endpoint 'gRPC - /UnityILPP.PostProcessing/ConfigurePostProcessors'
info: Microsoft.AspNetCore.Hosting.Diagnostics[2]
      Request finished HTTP/2 POST http://ilpp/UnityILPP.PostProcessing/ConfigurePostProcessors - 200 - application/grpc 1.8291ms
ExitCode: 3 Duration: 0s684ms
Finished compiling graph: 930 nodes, 17422 flattened edges (14720 ToBuild, 142 ToUse), maximum node priority 955
[516/927    0s] WriteText Library/Bee/artifacts/1900b0aE.dag/Assembly-CSharp.rsp
[730/927    0s] ILPP-Configuration Library/ilpp-configuration.nevergeneratedoutput
[923/927    0s] Csc Library/Bee/artifacts/1900b0aE.dag/Assembly-CSharp.dll (+2 others)
##### CommandLine
"C:\Program Files\Unity\Hub\Editor\6000.5.9f1\Editor\Data\DotNetSdk\dotnet.exe" exec "C:/Program Files/Unity/Hub/Editor/6000.5.9f1/Editor/Data/DotNetSdk/sdk/8.0.318/Roslyn/bincore/csc.dll" /nostdlib /noconfig /shared "@Library/Bee/artifacts/1900b0aE.dag/Assembly-CSharp.rsp" "@Library/Bee/artifacts/1900b0aE.dag/Assembly-CSharp.rsp2"
##### Contents of Library\Bee\artifacts\1900b0aE.dag\Assembly-CSharp.rsp
-target:library
-out:"Library/Bee/artifacts/1900b0aE.dag/Assembly-CSharp.dll"
-refout:"Library/Bee/artifacts/1900b0aE.dag/Assembly-CSharp.ref.dll"
-define:UNITY_6000_5_9
-define:UNITY_6000_5
-define:UNITY_6000
-define:UNITY_5_3_OR_NEWER
-define:UNITY_5_4_OR_NEWER
-define:UNITY_5_5_OR_NEWER
-define:UNITY_5_6_OR_NEWER
-define:UNITY_2017_1_OR_NEWER
-define:UNITY_2017_2_OR_NEWER
-define:UNITY_2017_3_OR_NEWER
-define:UNITY_2017_4_OR_NEWER
-define:UNITY_2018_1_OR_NEWER
-define:UNITY_2018_2_OR_NEWER
-define:UNITY_2018_3_OR_NEWER
-define:UNITY_2018_4_OR_NEWER
-define:UNITY_2019_1_OR_NEWER
-define:UNITY_2019_2_OR_NEWER
-define:UNITY_2019_3_OR_NEWER
-define:UNITY_2019_4_OR_NEWER
-define:UNITY_2020_1_OR_NEWER
-define:UNITY_2020_2_OR_NEWER
-define:UNITY_2020_3_OR_NEWER
-define:UNITY_2021_1_OR_NEWER
-define:UNITY_2021_2_OR_NEWER
-define:UNITY_2021_3_OR_NEWER
-define:UNITY_2022_1_OR_NEWER
-define:UNITY_2022_2_OR_NEWER
-define:UNITY_2022_3_OR_NEWER
-define:UNITY_2023_1_OR_NEWER
-define:UNITY_2023_2_OR_NEWER
-define:UNITY_2023_3_OR_NEWER
-define:UNITY_6000_0_OR_NEWER
-define:UNITY_6000_1_OR_NEWER
-define:UNITY_6000_2_OR_NEWER
-define:UNITY_6000_3_OR_NEWER
-define:UNITY_6000_4_OR_NEWER
-define:UNITY_6000_5_OR_NEWER
-define:PLATFORM_ARCH_64
-define:UNITY_64
-define:UNITY_INCLUDE_TESTS
-define:ENABLE_AR
-define:ENABLE_AUDIO
-define:ENABLE_AUDIO_SCRIPTABLE_PIPELINE
-define:ENABLE_CACHING
-define:ENABLE_CLOTH
-define:ENABLE_EVENT_QUEUE
-define:ENABLE_MICROPHONE
-define:ENABLE_MULTIPLE_DISPLAYS
-define:ENABLE_PHYSICS
-define:ENABLE_TEXTURE_STREAMING
-define:ENABLE_VIRTUALTEXTURING
-define:ENABLE_LZMA
-define:ENABLE_UNITYEVENTS
-define:ENABLE_VR
-define:ENABLE_WEBCAM
-define:ENABLE_UNITYWEBREQUEST
-define:ENABLE_WWW
-define:ENABLE_CLOUD_SERVICES
-define:ENABLE_CLOUD_SERVICES_ADS
-define:ENABLE_CLOUD_SERVICES_USE_WEBREQUEST
-define:ENABLE_UNITY_CONSENT
-define:ENABLE_UNITY_CLOUD_IDENTIFIERS
-define:ENABLE_CLOUD_SERVICES_CRASH_REPORTING
-define:ENABLE_CLOUD_SERVICES_NATIVE_CRASH_REPORTING
-define:ENABLE_CLOUD_SERVICES_PURCHASING
-define:ENABLE_CLOUD_SERVICES_ANALYTICS
-define:ENABLE_CLOUD_SERVICES_BUILD
-define:ENABLE_EDITOR_GAME_SERVICES
-define:ENABLE_UNITY_GAME_SERVICES_ANALYTICS_SUPPORT
-define:ENABLE_CLOUD_LICENSE
-define:ENABLE_EDITOR_HUB_LICENSE
-define:ENABLE_WEBSOCKET_CLIENT
-define:ENABLE_GENERATE_NATIVE_PLUGINS_FOR_ASSEMBLIES_API
-define:ENABLE_DIRECTOR_AUDIO
-define:ENABLE_DIRECTOR_TEXTURE
-define:ENABLE_MANAGED_JOBS
-define:ENABLE_MANAGED_TRANSFORM_JOBS
-define:ENABLE_MANAGED_ANIMATION_JOBS
-define:ENABLE_MANAGED_AUDIO_JOBS
-define:ENABLE_MANAGED_UNITYTLS
-define:INCLUDE_DYNAMIC_GI
-define:ENABLE_SCRIPTING_GC_WBARRIERS
-define:PLATFORM_SUPPORTS_MONO
-define:RENDER_SOFTWARE_CURSOR
-define:ENABLE_MARSHALLING_TESTS
-define:ENABLE_VIDEO
-define:ENABLE_NAVIGATION_OFFMESHLINK_TO_NAVMESHLINK
-define:ENABLE_ACCELERATOR_CLIENT_DEBUGGING
-define:ENABLE_ACCESSIBILITY_SCREEN_READER
-define:TEXTCORE_1_0_OR_NEWER
-define:EDITOR_ONLY_NAVMESH_BUILDER_DEPRECATED
-define:PLATFORM_STANDALONE_WIN
-define:PLATFORM_STANDALONE
-define:UNITY_STANDALONE_WIN
-define:UNITY_STANDALONE
-define:ENABLE_RUNTIME_GI
-define:ENABLE_MOVIES
-define:ENABLE_NETWORK
-define:ENABLE_NVIDIA
-define:ENABLE_AMD
-define:ENABLE_CRUNCH_TEXTURE_COMPRESSION
-define:ENABLE_CLOUD_SERVICES_ENGINE_DIAGNOSTICS
-define:ENABLE_OUT_OF_PROCESS_CRASH_HANDLER
-define:ENABLE_CLUSTER_SYNC
-define:ENABLE_CLUSTERINPUT
-define:PLATFORM_UPDATES_TIME_OUTSIDE_OF_PLAYER_LOOP
-define:GFXDEVICE_WAITFOREVENT_MESSAGEPUMP
-define:PLATFORM_USES_EXPLICIT_MEMORY_MANAGER_INITIALIZER
-define:PLATFORM_SUPPORTS_WAIT_FOR_PRESENTATION
-define:PLATFORM_SUPPORTS_SPLIT_GRAPHICS_JOBS
-define:PLATFORM_USES_VULKAN_OLD_SWAPCHAIN
-define:USE_READ_ASYNC_MANAGED_API
-define:ENABLE_MONO
-define:NET_STANDARD_2_0
-define:NET_STANDARD
-define:NET_STANDARD_2_1
-define:NETSTANDARD
-define:NETSTANDARD2_1
-define:ENABLE_PROFILER
-define:DEBUG
-define:TRACE
-define:UNITY_ASSERTIONS
-define:UNITY_EDITOR
-define:UNITY_EDITOR_64
-define:UNITY_EDITOR_WIN
-define:ENABLE_UNITY_COLLECTIONS_CHECKS
-define:ENABLE_BURST_AOT
-define:UNITY_TEAM_LICENSE
-define:ENABLE_CUSTOM_RENDER_TEXTURE
-define:ENABLE_DIRECTOR
-define:ENABLE_LOCALIZATION
-define:ENABLE_SPRITES
-define:ENABLE_TERRAIN
-define:ENABLE_TILEMAP
-define:ENABLE_TIMELINE
-define:ENABLE_INPUT_SYSTEM
-define:TEXTCORE_FONT_ENGINE_1_5_OR_NEWER
-define:TEXTCORE_TEXT_ENGINE_1_5_OR_NEWER
-define:TEXTCORE_FONT_ENGINE_1_6_OR_NEWER
-define:CSHARP_7_OR_LATER
-define:CSHARP_7_3_OR_NEWER
-r:"C:/Program Files/Unity/Hub/Editor/6000.5.9f1/Editor/Data/BCLExtensions/TargetingPacks/netstandard2.1/ref/Microsoft.Bcl.AsyncInterfaces.dll"
-r:"C:/Program Files/Unity/Hub/Editor/6000.5.9f1/Editor/Data/BCLExtensions/TargetingPacks/netstandard2.1/ref/Microsoft.Extensions.DependencyInjection.Abstractions.dll"
-r:"C:/Program Files/Unity/Hub/Editor/6000.5.9f1/Editor/Data/BCLExtensions/TargetingPacks/netstandard2.1/ref/Microsoft.Extensions.Logging.Abstractions.dll"
-r:"C:/Program Files/Unity/Hub/Editor/6000.5.9f1/Editor/Data/BCLExtensions/TargetingPacks/netstandard2.1/ref/System.Collections.Immutable.dll"
-r:"C:/Program Files/Unity/Hub/Editor/6000.5.9f1/Editor/Data/BCLExtensions/TargetingPacks/netstandard2.1/ref/System.Diagnostics.DiagnosticSource.dll"
-r:"C:/Program Files/Unity/Hub/Editor/6000.5.9f1/Editor/Data/BCLExtensions/TargetingPacks/netstandard2.1/ref/System.IO.Hashing.dll"
-r:"C:/Program Files/Unity/Hub/Editor/6000.5.9f1/Editor/Data/BCLExtensions/TargetingPacks/netstandard2.1/ref/System.Reflection.Metadata.dll"
-r:"C:/Program Files/Unity/Hub/Editor/6000.5.9f1/Editor/Data/BCLExtensions/TargetingPacks/netstandard2.1/ref/System.Runtime.CompilerServices.Unsafe.dll"
-r:"C:/Program Files/Unity/Hub/Editor/6000.5.9f1/Editor/Data/BCLExtensions/TargetingPacks/netstandard2.1/ref/System.Text.Encodings.Web.dll"
-r:"C:/Program Files/Unity/Hub/Editor/6000.5.9f1/Editor/Data/BCLExtensions/TargetingPacks/netstandard2.1/ref/System.Text.Json.dll"
-r:"C:/Program Files/Unity/Hub/Editor/6000.5.9f1/Editor/Data/Managed/UnityEngine/Unity.Scripting.dll"
-r:"C:/Program Files/Unity/Hub/Editor/6000.5.9f1/Editor/Data/Managed/UnityEngine/UnityEditor.AIModule.dll"
-r:"C:/Program Files/Unity/Hub/Editor/6000.5.9f1/Editor/Data/Managed/UnityEngine/UnityEditor.AccessibilityModule.dll"
-r:"C:/Program Files/Unity/Hub/Editor/6000.5.9f1/Editor/Data/Managed/UnityEngine/UnityEditor.AdaptivePerformanceModule.dll"
-r:"C:/Program Files/Unity/Hub/Editor/6000.5.9f1/Editor/Data/Managed/UnityEngine/UnityEditor.AssetComplianceModule.dll"
-r:"C:/Program Files/Unity/Hub/Editor/6000.5.9f1/Editor/Data/Managed/UnityEngine/UnityEditor.BuildProfileModule.dll"
-r:"C:/Program Files/Unity/Hub/Editor/6000.5.9f1/Editor/Data/Managed/UnityEngine/UnityEditor.ClothModule.dll"
-r:"C:/Program Files/Unity/Hub/Editor/6000.5.9f1/Editor/Data/Managed/UnityEngine/UnityEditor.ContentLoadModule.dll"
-r:"C:/Program Files/Unity/Hub/Editor/6000.5.9f1/Editor/Data/Managed/UnityEngine/UnityEditor.CoreBusinessMetricsModule.dll"
-r:"C:/Program Files/Unity/Hub/Editor/6000.5.9f1/Editor/Data/Managed/UnityEngine/UnityEditor.CoreModule.dll"
-r:"C:/Program Files/Unity/Hub/Editor/6000.5.9f1/Editor/Data/Managed/UnityEngine/UnityEditor.DeviceSimulatorModule.dll"
-r:"C:/Program Files/Unity/Hub/Editor/6000.5.9f1/Editor/Data/Managed/UnityEngine/UnityEditor.DiagnosticsModule.dll"
-r:"C:/Program Files/Unity/Hub/Editor/6000.5.9f1/Editor/Data/Managed/UnityEngine/UnityEditor.EditorToolbarModule.dll"
-r:"C:/Program Files/Unity/Hub/Editor/6000.5.9f1/Editor/Data/Managed/UnityEngine/UnityEditor.EmbreeModule.dll"
-r:"C:/Program Files/Unity/Hub/Editor/6000.5.9f1/Editor/Data/Managed/UnityEngine/UnityEditor.GIModule.dll"
-r:"C:/Program Files/Unity/Hub/Editor/6000.5.9f1/Editor/Data/Managed/UnityEngine/UnityEditor.GenericRemoteModule.dll"
-r:"C:/Program Files/Unity/Hub/Editor/6000.5.9f1/Editor/Data/Managed/UnityEngine/UnityEditor.GraphToolkitModule.dll"
-r:"C:/Program Files/Unity/Hub/Editor/6000.5.9f1/Editor/Data/Managed/UnityEngine/UnityEditor.GraphViewModule.dll"
-r:"C:/Program Files/Unity/Hub/Editor/6000.5.9f1/Editor/Data/Managed/UnityEngine/UnityEditor.GraphicsStateCollectionSerializerModule.dll"
-r:"C:/Program Files/Unity/Hub/Editor/6000.5.9f1/Editor/Data/Managed/UnityEngine/UnityEditor.GridAndSnapModule.dll"
-r:"C:/Program Files/Unity/Hub/Editor/6000.5.9f1/Editor/Data/Managed/UnityEngine/UnityEditor.GridModule.dll"
-r:"C:/Program Files/Unity/Hub/Editor/6000.5.9f1/Editor/Data/Managed/UnityEngine/UnityEditor.HierarchyModule.dll"
-r:"C:/Program Files/Unity/Hub/Editor/6000.5.9f1/Editor/Data/Managed/UnityEngine/UnityEditor.LightingModule.dll"
-r:"C:/Program Files/Unity/Hub/Editor/6000.5.9f1/Editor/Data/Managed/UnityEngine/UnityEditor.MathematicsModule.dll"
-r:"C:/Program Files/Unity/Hub/Editor/6000.5.9f1/Editor/Data/Managed/UnityEngine/UnityEditor.MediaModule.dll"
-r:"C:/Program Files/Unity/Hub/Editor/6000.5.9f1/Editor/Data/Managed/UnityEngine/UnityEditor.MultiplayerModule.dll"
-r:"C:/Program Files/Unity/Hub/Editor/6000.5.9f1/Editor/Data/Managed/UnityEngine/UnityEditor.Physics2DModule.dll"
-r:"C:/Program Files/Unity/Hub/Editor/6000.5.9f1/Editor/Data/Managed/UnityEngine/UnityEditor.PhysicsCore2DModule.dll"
-r:"C:/Program Files/Unity/Hub/Editor/6000.5.9f1/Editor/Data/Managed/UnityEngine/UnityEditor.PhysicsModule.dll"
-r:"C:/Program Files/Unity/Hub/Editor/6000.5.9f1/Editor/Data/Managed/UnityEngine/UnityEditor.PlayModeModule.dll"
-r:"C:/Program Files/Unity/Hub/Editor/6000.5.9f1/Editor/Data/Managed/UnityEngine/UnityEditor.PresetsUIModule.dll"
-r:"C:/Program Files/Unity/Hub/Editor/6000.5.9f1/Editor/Data/Managed/UnityEngine/UnityEditor.ProjectAuditorModule.dll"
-r:"C:/Program Files/Unity/Hub/Editor/6000.5.9f1/Editor/Data/Managed/UnityEngine/UnityEditor.PropertiesModule.dll"
-r:"C:/Program Files/Unity/Hub/Editor/6000.5.9f1/Editor/Data/Managed/UnityEngine/UnityEditor.QuickInstallModule.dll"
-r:"C:/Program Files/Unity/Hub/Editor/6000.5.9f1/Editor/Data/Managed/UnityEngine/UnityEditor.QuickSearchModule.dll"
-r:"C:/Program Files/Unity/Hub/Editor/6000.5.9f1/Editor/Data/Managed/UnityEngine/UnityEditor.SafeModeModule.dll"
-r:"C:/Program Files/Unity/Hub/Editor/6000.5.9f1/Editor/Data/Managed/UnityEngine/UnityEditor.SceneTemplateModule.dll"
-r:"C:/Program Files/Unity/Hub/Editor/6000.5.9f1/Editor/Data/Managed/UnityEngine/UnityEditor.SceneViewModule.dll"
-r:"C:/Program Files/Unity/Hub/Editor/6000.5.9f1/Editor/Data/Managed/UnityEngine/UnityEditor.ShaderBuildSettingsModule.dll"
-r:"C:/Program Files/Unity/Hub/Editor/6000.5.9f1/Editor/Data/Managed/UnityEngine/UnityEditor.ShaderCompilationModule.dll"
-r:"C:/Program Files/Unity/Hub/Editor/6000.5.9f1/Editor/Data/Managed/UnityEngine/UnityEditor.ShaderFoundryModule.dll"
-r:"C:/Program Files/Unity/Hub/Editor/6000.5.9f1/Editor/Data/Managed/UnityEngine/UnityEditor.SketchUpModule.dll"
-r:"C:/Program Files/Unity/Hub/Editor/6000.5.9f1/Editor/Data/Managed/UnityEngine/UnityEditor.SpriteMaskModule.dll"
-r:"C:/Program Files/Unity/Hub/Editor/6000.5.9f1/Editor/Data/Managed/UnityEngine/UnityEditor.SpriteShapeModule.dll"
-r:"C:/Program Files/Unity/Hub/Editor/6000.5.9f1/Editor/Data/Managed/UnityEngine/UnityEditor.SubstanceModule.dll"
-r:"C:/Program Files/Unity/Hub/Editor/6000.5.9f1/Editor/Data/Managed/UnityEngine/UnityEditor.TerrainModule.dll"
-r:"C:/Program Files/Unity/Hub/Editor/6000.5.9f1/Editor/Data/Managed/UnityEngine/UnityEditor.TextCoreFontEngineModule.dll"
-r:"C:/Program Files/Unity/Hub/Editor/6000.5.9f1/Editor/Data/Managed/UnityEngine/UnityEditor.TextCoreTextEngineModule.dll"
-r:"C:/Program Files/Unity/Hub/Editor/6000.5.9f1/Editor/Data/Managed/UnityEngine/UnityEditor.TextRenderingModule.dll"
-r:"C:/Program Files/Unity/Hub/Editor/6000.5.9f1/Editor/Data/Managed/UnityEngine/UnityEditor.TilemapModule.dll"
-r:"C:/Program Files/Unity/Hub/Editor/6000.5.9f1/Editor/Data/Managed/UnityEngine/UnityEditor.TreeModule.dll"
-r:"C:/Program Files/Unity/Hub/Editor/6000.5.9f1/Editor/Data/Managed/UnityEngine/UnityEditor.U2DModule.dll"
-r:"C:/Program Files/Unity/Hub/Editor/6000.5.9f1/Editor/Data/Managed/UnityEngine/UnityEditor.UIAutomationModule.dll"
-r:"C:/Program Files/Unity/Hub/Editor/6000.5.9f1/Editor/Data/Managed/UnityEngine/UnityEditor.UIBuilderModule.dll"
-r:"C:/Program Files/Unity/Hub/Editor/6000.5.9f1/Editor/Data/Managed/UnityEngine/UnityEditor.UIElementsModule.dll"
-r:"C:/Program Files/Unity/Hub/Editor/6000.5.9f1/Editor/Data/Managed/UnityEngine/UnityEditor.UIElementsSamplesModule.dll"
-r:"C:/Program Files/Unity/Hub/Editor/6000.5.9f1/Editor/Data/Managed/UnityEngine/UnityEditor.UIToolkitAuthoringModule.dll"
-r:"C:/Program Files/Unity/Hub/Editor/6000.5.9f1/Editor/Data/Managed/UnityEngine/UnityEditor.UmbraModule.dll"
-r:"C:/Program Files/Unity/Hub/Editor/6000.5.9f1/Editor/Data/Managed/UnityEngine/UnityEditor.UnityConnectModule.dll"
-r:"C:/Program Files/Unity/Hub/Editor/6000.5.9f1/Editor/Data/Managed/UnityEngine/UnityEditor.VFXModule.dll"
-r:"C:/Program Files/Unity/Hub/Editor/6000.5.9f1/Editor/Data/Managed/UnityEngine/UnityEditor.VectorGraphicsModule.dll"
-r:"C:/Program Files/Unity/Hub/Editor/6000.5.9f1/Editor/Data/Managed/UnityEngine/UnityEditor.VideoModule.dll"
-r:"C:/Program Files/Unity/Hub/Editor/6000.5.9f1/Editor/Data/Managed/UnityEngine/UnityEditor.XRModule.dll"
-r:"C:/Program Files/Unity/Hub/Editor/6000.5.9f1/Editor/Data/Managed/UnityEngine/UnityEditor.dll"
-r:"C:/Program Files/Unity/Hub/Editor/6000.5.9f1/Editor/Data/Managed/UnityEngine/UnityEngine.AIModule.dll"
-r:"C:/Program Files/Unity/Hub/Editor/6000.5.9f1/Editor/Data/Managed/UnityEngine/UnityEngine.ARModule.dll"
-r:"C:/Program Files/Unity/Hub/Editor/6000.5.9f1/Editor/Data/Managed/UnityEngine/UnityEngine.AccessibilityModule.dll"
-r:"C:/Program Files/Unity/Hub/Editor/6000.5.9f1/Editor/Data/Managed/UnityEngine/UnityEngine.AdaptivePerformanceModule.dll"
-r:"C:/Program Files/Unity/Hub/Editor/6000.5.9f1/Editor/Data/Managed/UnityEngine/UnityEngine.AndroidJNIModule.dll"
-r:"C:/Program Files/Unity/Hub/Editor/6000.5.9f1/Editor/Data/Managed/UnityEngine/UnityEngine.AnimationModule.dll"
-r:"C:/Program Files/Unity/Hub/Editor/6000.5.9f1/Editor/Data/Managed/UnityEngine/UnityEngine.AssetBundleModule.dll"
-r:"C:/Program Files/Unity/Hub/Editor/6000.5.9f1/Editor/Data/Managed/UnityEngine/UnityEngine.AudioModule.dll"
-r:"C:/Program Files/Unity/Hub/Editor/6000.5.9f1/Editor/Data/Managed/UnityEngine/UnityEngine.ClothModule.dll"
-r:"C:/Program Files/Unity/Hub/Editor/6000.5.9f1/Editor/Data/Managed/UnityEngine/UnityEngine.ClusterInputModule.dll"
-r:"C:/Program Files/Unity/Hub/Editor/6000.5.9f1/Editor/Data/Managed/UnityEngine/UnityEngine.ClusterRendererModule.dll"
-r:"C:/Program Files/Unity/Hub/Editor/6000.5.9f1/Editor/Data/Managed/UnityEngine/UnityEngine.ContentLoadModule.dll"
-r:"C:/Program Files/Unity/Hub/Editor/6000.5.9f1/Editor/Data/Managed/UnityEngine/UnityEngine.CoreModule.dll"
-r:"C:/Program Files/Unity/Hub/Editor/6000.5.9f1/Editor/Data/Managed/UnityEngine/UnityEngine.CrashReportingModule.dll"
-r:"C:/Program Files/Unity/Hub/Editor/6000.5.9f1/Editor/Data/Managed/UnityEngine/UnityEngine.DSPGraphModule.dll"
-r:"C:/Program Files/Unity/Hub/Editor/6000.5.9f1/Editor/Data/Managed/UnityEngine/UnityEngine.DirectorModule.dll"
-r:"C:/Program Files/Unity/Hub/Editor/6000.5.9f1/Editor/Data/Managed/UnityEngine/UnityEngine.GIModule.dll"
-r:"C:/Program Files/Unity/Hub/Editor/6000.5.9f1/Editor/Data/Managed/UnityEngine/UnityEngine.GameCenterModule.dll"
-r:"C:/Program Files/Unity/Hub/Editor/6000.5.9f1/Editor/Data/Managed/UnityEngine/UnityEngine.GraphicsStateCollectionSerializerModule.dll"
-r:"C:/Program Files/Unity/Hub/Editor/6000.5.9f1/Editor/Data/Managed/UnityEngine/UnityEngine.GridModule.dll"
-r:"C:/Program Files/Unity/Hub/Editor/6000.5.9f1/Editor/Data/Managed/UnityEngine/UnityEngine.HierarchyCoreModule.dll"
-r:"C:/Program Files/Unity/Hub/Editor/6000.5.9f1/Editor/Data/Managed/UnityEngine/UnityEngine.HotReloadModule.dll"
-r:"C:/Program Files/Unity/Hub/Editor/6000.5.9f1/Editor/Data/Managed/UnityEngine/UnityEngine.IMGUIModule.dll"
-r:"C:/Program Files/Unity/Hub/Editor/6000.5.9f1/Editor/Data/Managed/UnityEngine/UnityEngine.IdentifiersModule.dll"
-r:"C:/Program Files/Unity/Hub/Editor/6000.5.9f1/Editor/Data/Managed/UnityEngine/UnityEngine.ImageConversionModule.dll"
-r:"C:/Program Files/Unity/Hub/Editor/6000.5.9f1/Editor/Data/Managed/UnityEngine/UnityEngine.InputForUIModule.dll"
-r:"C:/Program Files/Unity/Hub/Editor/6000.5.9f1/Editor/Data/Managed/UnityEngine/UnityEngine.InputLegacyModule.dll"
-r:"C:/Program Files/Unity/Hub/Editor/6000.5.9f1/Editor/Data/Managed/UnityEngine/UnityEngine.InputModule.dll"
-r:"C:/Program Files/Unity/Hub/Editor/6000.5.9f1/Editor/Data/Managed/UnityEngine/UnityEngine.InsightsModule.dll"
-r:"C:/Program Files/Unity/Hub/Editor/6000.5.9f1/Editor/Data/Managed/UnityEngine/UnityEngine.JSONSerializeModule.dll"
-r:"C:/Program Files/Unity/Hub/Editor/6000.5.9f1/Editor/Data/Managed/UnityEngine/UnityEngine.LocalizationModule.dll"
-r:"C:/Program Files/Unity/Hub/Editor/6000.5.9f1/Editor/Data/Managed/UnityEngine/UnityEngine.MarshallingModule.dll"
-r:"C:/Program Files/Unity/Hub/Editor/6000.5.9f1/Editor/Data/Managed/UnityEngine/UnityEngine.MathematicsModule.dll"
-r:"C:/Program Files/Unity/Hub/Editor/6000.5.9f1/Editor/Data/Managed/UnityEngine/UnityEngine.MultiplayerModule.dll"
-r:"C:/Program Files/Unity/Hub/Editor/6000.5.9f1/Editor/Data/Managed/UnityEngine/UnityEngine.ParticleSystemModule.dll"
-r:"C:/Program Files/Unity/Hub/Editor/6000.5.9f1/Editor/Data/Managed/UnityEngine/UnityEngine.PerformanceReportingModule.dll"
-r:"C:/Program Files/Unity/Hub/Editor/6000.5.9f1/Editor/Data/Managed/UnityEngine/UnityEngine.Physics2DModule.dll"
-r:"C:/Program Files/Unity/Hub/Editor/6000.5.9f1/Editor/Data/Managed/UnityEngine/UnityEngine.PhysicsBackendPhysXModule.dll"
-r:"C:/Program Files/Unity/Hub/Editor/6000.5.9f1/Editor/Data/Managed/UnityEngine/UnityEngine.PhysicsCore2DModule.dll"
-r:"C:/Program Files/Unity/Hub/Editor/6000.5.9f1/Editor/Data/Managed/UnityEngine/UnityEngine.PhysicsModule.dll"
-r:"C:/Program Files/Unity/Hub/Editor/6000.5.9f1/Editor/Data/Managed/UnityEngine/UnityEngine.PropertiesModule.dll"
-r:"C:/Program Files/Unity/Hub/Editor/6000.5.9f1/Editor/Data/Managed/UnityEngine/UnityEngine.RenderAs2DModule.dll"
-r:"C:/Program Files/Unity/Hub/Editor/6000.5.9f1/Editor/Data/Managed/UnityEngine/UnityEngine.RuntimeInitializeOnLoadManagerInitializerModule.dll"
-r:"C:/Program Files/Unity/Hub/Editor/6000.5.9f1/Editor/Data/Managed/UnityEngine/UnityEngine.ScreenCaptureModule.dll"
-r:"C:/Program Files/Unity/Hub/Editor/6000.5.9f1/Editor/Data/Managed/UnityEngine/UnityEngine.ScriptingModule.dll"
-r:"C:/Program Files/Unity/Hub/Editor/6000.5.9f1/Editor/Data/Managed/UnityEngine/UnityEngine.ShaderVariantAnalyticsModule.dll"
-r:"C:/Program Files/Unity/Hub/Editor/6000.5.9f1/Editor/Data/Managed/UnityEngine/UnityEngine.SharedInternalsModule.dll"
-r:"C:/Program Files/Unity/Hub/Editor/6000.5.9f1/Editor/Data/Managed/UnityEngine/UnityEngine.SpriteMaskModule.dll"
-r:"C:/Program Files/Unity/Hub/Editor/6000.5.9f1/Editor/Data/Managed/UnityEngine/UnityEngine.SpriteShapeModule.dll"
-r:"C:/Program Files/Unity/Hub/Editor/6000.5.9f1/Editor/Data/Managed/UnityEngine/UnityEngine.StreamingModule.dll"
-r:"C:/Program Files/Unity/Hub/Editor/6000.5.9f1/Editor/Data/Managed/UnityEngine/UnityEngine.SubstanceModule.dll"
-r:"C:/Program Files/Unity/Hub/Editor/6000.5.9f1/Editor/Data/Managed/UnityEngine/UnityEngine.SubsystemsModule.dll"
-r:"C:/Program Files/Unity/Hub/Editor/6000.5.9f1/Editor/Data/Managed/UnityEngine/UnityEngine.TLSModule.dll"
-r:"C:/Program Files/Unity/Hub/Editor/6000.5.9f1/Editor/Data/Managed/UnityEngine/UnityEngine.TerrainModule.dll"
-r:"C:/Program Files/Unity/Hub/Editor/6000.5.9f1/Editor/Data/Managed/UnityEngine/UnityEngine.TerrainPhysicsModule.dll"
-r:"C:/Program Files/Unity/Hub/Editor/6000.5.9f1/Editor/Data/Managed/UnityEngine/UnityEngine.TextCoreFontEngineModule.dll"
-r:"C:/Program Files/Unity/Hub/Editor/6000.5.9f1/Editor/Data/Managed/UnityEngine/UnityEngine.TextCoreTextEngineModule.dll"
-r:"C:/Program Files/Unity/Hub/Editor/6000.5.9f1/Editor/Data/Managed/UnityEngine/UnityEngine.TextRenderingModule.dll"
-r:"C:/Program Files/Unity/Hub/Editor/6000.5.9f1/Editor/Data/Managed/UnityEngine/UnityEngine.TilemapModule.dll"
-r:"C:/Program Files/Unity/Hub/Editor/6000.5.9f1/Editor/Data/Managed/UnityEngine/UnityEngine.U2DRuntimeModule.dll"
-r:"C:/Program Files/Unity/Hub/Editor/6000.5.9f1/Editor/Data/Managed/UnityEngine/UnityEngine.UIElementsModule.dll"
-r:"C:/Program Files/Unity/Hub/Editor/6000.5.9f1/Editor/Data/Managed/UnityEngine/UnityEngine.UIModule.dll"
-r:"C:/Program Files/Unity/Hub/Editor/6000.5.9f1/Editor/Data/Managed/UnityEngine/UnityEngine.UmbraModule.dll"
-r:"C:/Program Files/Unity/Hub/Editor/6000.5.9f1/Editor/Data/Managed/UnityEngine/UnityEngine.UnityAnalyticsCommonModule.dll"
-r:"C:/Program Files/Unity/Hub/Editor/6000.5.9f1/Editor/Data/Managed/UnityEngine/UnityEngine.UnityAnalyticsModule.dll"
-r:"C:/Program Files/Unity/Hub/Editor/6000.5.9f1/Editor/Data/Managed/UnityEngine/UnityEngine.UnityConnectModule.dll"
-r:"C:/Program Files/Unity/Hub/Editor/6000.5.9f1/Editor/Data/Managed/UnityEngine/UnityEngine.UnityConsentModule.dll"
-r:"C:/Program Files/Unity/Hub/Editor/6000.5.9f1/Editor/Data/Managed/UnityEngine/UnityEngine.UnityCurlModule.dll"
-r:"C:/Program Files/Unity/Hub/Editor/6000.5.9f1/Editor/Data/Managed/UnityEngine/UnityEngine.UnityWebRequestAssetBundleModule.dll"
-r:"C:/Program Files/Unity/Hub/Editor/6000.5.9f1/Editor/Data/Managed/UnityEngine/UnityEngine.UnityWebRequestAudioModule.dll"
-r:"C:/Program Files/Unity/Hub/Editor/6000.5.9f1/Editor/Data/Managed/UnityEngine/UnityEngine.UnityWebRequestModule.dll"
-r:"C:/Program Files/Unity/Hub/Editor/6000.5.9f1/Editor/Data/Managed/UnityEngine/UnityEngine.UnityWebRequestTextureModule.dll"
-r:"C:/Program Files/Unity/Hub/Editor/6000.5.9f1/Editor/Data/Managed/UnityEngine/UnityEngine.UnityWebRequestWWWModule.dll"
-r:"C:/Program Files/Unity/Hub/Editor/6000.5.9f1/Editor/Data/Managed/UnityEngine/UnityEngine.VFXModule.dll"
-r:"C:/Program Files/Unity/Hub/Editor/6000.5.9f1/Editor/Data/Managed/UnityEngine/UnityEngine.VectorGraphicsModule.dll"
-r:"C:/Program Files/Unity/Hub/Editor/6000.5.9f1/Editor/Data/Managed/UnityEngine/UnityEngine.VehiclesModule.dll"
-r:"C:/Program Files/Unity/Hub/Editor/6000.5.9f1/Editor/Data/Managed/UnityEngine/UnityEngine.VideoModule.dll"
-r:"C:/Program Files/Unity/Hub/Editor/6000.5.9f1/Editor/Data/Managed/UnityEngine/UnityEngine.VirtualTexturingModule.dll"
-r:"C:/Program Files/Unity/Hub/Editor/6000.5.9f1/Editor/Data/Managed/UnityEngine/UnityEngine.WindModule.dll"
-r:"C:/Program Files/Unity/Hub/Editor/6000.5.9f1/Editor/Data/Managed/UnityEngine/UnityEngine.XRModule.dll"
-r:"C:/Program Files/Unity/Hub/Editor/6000.5.9f1/Editor/Data/Managed/UnityEngine/UnityEngine.dll"
-r:"C:/Program Files/Unity/Hub/Editor/6000.5.9f1/Editor/Data/NetStandard/Extensions/2.0.0/System.Runtime.InteropServices.WindowsRuntime.dll"
-r:"C:/Program Files/Unity/Hub/Editor/6000.5.9f1/Editor/Data/NetStandard/compat/2.1.0/shims/netfx/System.ComponentModel.Composition.dll"
-r:"C:/Program Files/Unity/Hub/Editor/6000.5.9f1/Editor/Data/NetStandard/compat/2.1.0/shims/netfx/System.Core.dll"
-r:"C:/Program Files/Unity/Hub/Editor/6000.5.9f1/Editor/Data/NetStandard/compat/2.1.0/shims/netfx/System.Data.dll"
-r:"C:/Program Files/Unity/Hub/Editor/6000.5.9f1/Editor/Data/NetStandard/compat/2.1.0/shims/netfx/System.Drawing.dll"
-r:"C:/Program Files/Unity/Hub/Editor/6000.5.9f1/Editor/Data/NetStandard/compat/2.1.0/shims/netfx/System.IO.Compression.FileSystem.dll"
-r:"C:/Program Files/Unity/Hub/Editor/6000.5.9f1/Editor/Data/NetStandard/compat/2.1.0/shims/netfx/System.Net.dll"
-r:"C:/Program Files/Unity/Hub/Editor/6000.5.9f1/Editor/Data/NetStandard/compat/2.1.0/shims/netfx/System.Numerics.dll"
-r:"C:/Program Files/Unity/Hub/Editor/6000.5.9f1/Editor/Data/NetStandard/compat/2.1.0/shims/netfx/System.Runtime.Serialization.dll"
-r:"C:/Program Files/Unity/Hub/Editor/6000.5.9f1/Editor/Data/NetStandard/compat/2.1.0/shims/netfx/System.ServiceModel.Web.dll"
-r:"C:/Program Files/Unity/Hub/Editor/6000.5.9f1/Editor/Data/NetStandard/compat/2.1.0/shims/netfx/System.Transactions.dll"
-r:"C:/Program Files/Unity/Hub/Editor/6000.5.9f1/Editor/Data/NetStandard/compat/2.1.0/shims/netfx/System.Web.dll"
-r:"C:/Program Files/Unity/Hub/Editor/6000.5.9f1/Editor/Data/NetStandard/compat/2.1.0/shims/netfx/System.Windows.dll"
-r:"C:/Program Files/Unity/Hub/Editor/6000.5.9f1/Editor/Data/NetStandard/compat/2.1.0/shims/netfx/System.Xml.Linq.dll"
-r:"C:/Program Files/Unity/Hub/Editor/6000.5.9f1/Editor/Data/NetStandard/compat/2.1.0/shims/netfx/System.Xml.Serialization.dll"
-r:"C:/Program Files/Unity/Hub/Editor/6000.5.9f1/Editor/Data/NetStandard/compat/2.1.0/shims/netfx/System.Xml.dll"
-r:"C:/Program Files/Unity/Hub/Editor/6000.5.9f1/Editor/Data/NetStandard/compat/2.1.0/shims/netfx/System.dll"
-r:"C:/Program Files/Unity/Hub/Editor/6000.5.9f1/Editor/Data/NetStandard/compat/2.1.0/shims/netfx/mscorlib.dll"
-r:"C:/Program Files/Unity/Hub/Editor/6000.5.9f1/Editor/Data/NetStandard/compat/2.1.0/shims/netstandard/Microsoft.Win32.Primitives.dll"
-r:"C:/Program Files/Unity/Hub/Editor/6000.5.9f1/Editor/Data/NetStandard/compat/2.1.0/shims/netstandard/System.AppContext.dll"
-r:"C:/Program Files/Unity/Hub/Editor/6000.5.9f1/Editor/Data/NetStandard/compat/2.1.0/shims/netstandard/System.Buffers.dll"
-r:"C:/Program Files/Unity/Hub/Editor/6000.5.9f1/Editor/Data/NetStandard/compat/2.1.0/shims/netstandard/System.Collections.Concurrent.dll"
-r:"C:/Program Files/Unity/Hub/Editor/6000.5.9f1/Editor/Data/NetStandard/compat/2.1.0/shims/netstandard/System.Collections.NonGeneric.dll"
-r:"C:/Program Files/Unity/Hub/Editor/6000.5.9f1/Editor/Data/NetStandard/compat/2.1.0/shims/netstandard/System.Collections.Specialized.dll"
-r:"C:/Program Files/Unity/Hub/Editor/6000.5.9f1/Editor/Data/NetStandard/compat/2.1.0/shims/netstandard/System.Collections.dll"
-r:"C:/Program Files/Unity/Hub/Editor/6000.5.9f1/Editor/Data/NetStandard/compat/2.1.0/shims/netstandard/System.ComponentModel.EventBasedAsync.dll"
-r:"C:/Program Files/Unity/Hub/Editor/6000.5.9f1/Editor/Data/NetStandard/compat/2.1.0/shims/netstandard/System.ComponentModel.Primitives.dll"
-r:"C:/Program Files/Unity/Hub/Editor/6000.5.9f1/Editor/Data/NetStandard/compat/2.1.0/shims/netstandard/System.ComponentModel.TypeConverter.dll"
-r:"C:/Program Files/Unity/Hub/Editor/6000.5.9f1/Editor/Data/NetStandard/compat/2.1.0/shims/netstandard/System.ComponentModel.dll"
-r:"C:/Program Files/Unity/Hub/Editor/6000.5.9f1/Editor/Data/NetStandard/compat/2.1.0/shims/netstandard/System.Console.dll"
-r:"C:/Program Files/Unity/Hub/Editor/6000.5.9f1/Editor/Data/NetStandard/compat/2.1.0/shims/netstandard/System.Data.Common.dll"
-r:"C:/Program Files/Unity/Hub/Editor/6000.5.9f1/Editor/Data/NetStandard/compat/2.1.0/shims/netstandard/System.Diagnostics.Contracts.dll"
-r:"C:/Program Files/Unity/Hub/Editor/6000.5.9f1/Editor/Data/NetStandard/compat/2.1.0/shims/netstandard/System.Diagnostics.Debug.dll"
-r:"C:/Program Files/Unity/Hub/Editor/6000.5.9f1/Editor/Data/NetStandard/compat/2.1.0/shims/netstandard/System.Diagnostics.FileVersionInfo.dll"
-r:"C:/Program Files/Unity/Hub/Editor/6000.5.9f1/Editor/Data/NetStandard/compat/2.1.0/shims/netstandard/System.Diagnostics.Process.dll"
-r:"C:/Program Files/Unity/Hub/Editor/6000.5.9f1/Editor/Data/NetStandard/compat/2.1.0/shims/netstandard/System.Diagnostics.StackTrace.dll"
-r:"C:/Program Files/Unity/Hub/Editor/6000.5.9f1/Editor/Data/NetStandard/compat/2.1.0/shims/netstandard/System.Diagnostics.TextWriterTraceListener.dll"
-r:"C:/Program Files/Unity/Hub/Editor/6000.5.9f1/Editor/Data/NetStandard/compat/2.1.0/shims/netstandard/System.Diagnostics.Tools.dll"
-r:"C:/Program Files/Unity/Hub/Editor/6000.5.9f1/Editor/Data/NetStandard/compat/2.1.0/shims/netstandard/System.Diagnostics.TraceSource.dll"
-r:"C:/Program Files/Unity/Hub/Editor/6000.5.9f1/Editor/Data/NetStandard/compat/2.1.0/shims/netstandard/System.Diagnostics.Tracing.dll"
-r:"C:/Program Files/Unity/Hub/Editor/6000.5.9f1/Editor/Data/NetStandard/compat/2.1.0/shims/netstandard/System.Drawing.Primitives.dll"
-r:"C:/Program Files/Unity/Hub/Editor/6000.5.9f1/Editor/Data/NetStandard/compat/2.1.0/shims/netstandard/System.Dynamic.Runtime.dll"
-r:"C:/Program Files/Unity/Hub/Editor/6000.5.9f1/Editor/Data/NetStandard/compat/2.1.0/shims/netstandard/System.Globalization.Calendars.dll"
-r:"C:/Program Files/Unity/Hub/Editor/6000.5.9f1/Editor/Data/NetStandard/compat/2.1.0/shims/netstandard/System.Globalization.Extensions.dll"
-r:"C:/Program Files/Unity/Hub/Editor/6000.5.9f1/Editor/Data/NetStandard/compat/2.1.0/shims/netstandard/System.Globalization.dll"
-r:"C:/Program Files/Unity/Hub/Editor/6000.5.9f1/Editor/Data/NetStandard/compat/2.1.0/shims/netstandard/System.IO.Compression.ZipFile.dll"
-r:"C:/Program Files/Unity/Hub/Editor/6000.5.9f1/Editor/Data/NetStandard/compat/2.1.0/shims/netstandard/System.IO.Compression.dll"
-r:"C:/Program Files/Unity/Hub/Editor/6000.5.9f1/Editor/Data/NetStandard/compat/2.1.0/shims/netstandard/System.IO.FileSystem.DriveInfo.dll"
-r:"C:/Program Files/Unity/Hub/Editor/6000.5.9f1/Editor/Data/NetStandard/compat/2.1.0/shims/netstandard/System.IO.FileSystem.Primitives.dll"
-r:"C:/Program Files/Unity/Hub/Editor/6000.5.9f1/Editor/Data/NetStandard/compat/2.1.0/shims/netstandard/System.IO.FileSystem.Watcher.dll"
-r:"C:/Program Files/Unity/Hub/Editor/6000.5.9f1/Editor/Data/NetStandard/compat/2.1.0/shims/netstandard/System.IO.FileSystem.dll"
-r:"C:/Program Files/Unity/Hub/Editor/6000.5.9f1/Editor/Data/NetStandard/compat/2.1.0/shims/netstandard/System.IO.IsolatedStorage.dll"
-r:"C:/Program Files/Unity/Hub/Editor/6000.5.9f1/Editor/Data/NetStandard/compat/2.1.0/shims/netstandard/System.IO.MemoryMappedFiles.dll"
-r:"C:/Program Files/Unity/Hub/Editor/6000.5.9f1/Editor/Data/NetStandard/compat/2.1.0/shims/netstandard/System.IO.Pipes.dll"
-r:"C:/Program Files/Unity/Hub/Editor/6000.5.9f1/Editor/Data/NetStandard/compat/2.1.0/shims/netstandard/System.IO.UnmanagedMemoryStream.dll"
-r:"C:/Program Files/Unity/Hub/Editor/6000.5.9f1/Editor/Data/NetStandard/compat/2.1.0/shims/netstandard/System.IO.dll"
-r:"C:/Program Files/Unity/Hub/Editor/6000.5.9f1/Editor/Data/NetStandard/compat/2.1.0/shims/netstandard/System.Linq.Expressions.dll"
-r:"C:/Program Files/Unity/Hub/Editor/6000.5.9f1/Editor/Data/NetStandard/compat/2.1.0/shims/netstandard/System.Linq.Parallel.dll"
-r:"C:/Program Files/Unity/Hub/Editor/6000.5.9f1/Editor/Data/NetStandard/compat/2.1.0/shims/netstandard/System.Linq.Queryable.dll"
-r:"C:/Program Files/Unity/Hub/Editor/6000.5.9f1/Editor/Data/NetStandard/compat/2.1.0/shims/netstandard/System.Linq.dll"
-r:"C:/Program Files/Unity/Hub/Editor/6000.5.9f1/Editor/Data/NetStandard/compat/2.1.0/shims/netstandard/System.Memory.dll"
-r:"C:/Program Files/Unity/Hub/Editor/6000.5.9f1/Editor/Data/NetStandard/compat/2.1.0/shims/netstandard/System.Net.Http.dll"
-r:"C:/Program Files/Unity/Hub/Editor/6000.5.9f1/Editor/Data/NetStandard/compat/2.1.0/shims/netstandard/System.Net.NameResolution.dll"
-r:"C:/Program Files/Unity/Hub/Editor/6000.5.9f1/Editor/Data/NetStandard/compat/2.1.0/shims/netstandard/System.Net.NetworkInformation.dll"
-r:"C:/Program Files/Unity/Hub/Editor/6000.5.9f1/Editor/Data/NetStandard/compat/2.1.0/shims/netstandard/System.Net.Ping.dll"
-r:"C:/Program Files/Unity/Hub/Editor/6000.5.9f1/Editor/Data/NetStandard/compat/2.1.0/shims/netstandard/System.Net.Primitives.dll"
-r:"C:/Program Files/Unity/Hub/Editor/6000.5.9f1/Editor/Data/NetStandard/compat/2.1.0/shims/netstandard/System.Net.Requests.dll"
-r:"C:/Program Files/Unity/Hub/Editor/6000.5.9f1/Editor/Data/NetStandard/compat/2.1.0/shims/netstandard/System.Net.Security.dll"
-r:"C:/Program Files/Unity/Hub/Editor/6000.5.9f1/Editor/Data/NetStandard/compat/2.1.0/shims/netstandard/System.Net.Sockets.dll"
-r:"C:/Program Files/Unity/Hub/Editor/6000.5.9f1/Editor/Data/NetStandard/compat/2.1.0/shims/netstandard/System.Net.WebHeaderCollection.dll"
-r:"C:/Program Files/Unity/Hub/Editor/6000.5.9f1/Editor/Data/NetStandard/compat/2.1.0/shims/netstandard/System.Net.WebSockets.Client.dll"
-r:"C:/Program Files/Unity/Hub/Editor/6000.5.9f1/Editor/Data/NetStandard/compat/2.1.0/shims/netstandard/System.Net.WebSockets.dll"
-r:"C:/Program Files/Unity/Hub/Editor/6000.5.9f1/Editor/Data/NetStandard/compat/2.1.0/shims/netstandard/System.Numerics.Vectors.dll"
-r:"C:/Program Files/Unity/Hub/Editor/6000.5.9f1/Editor/Data/NetStandard/compat/2.1.0/shims/netstandard/System.ObjectModel.dll"
-r:"C:/Program Files/Unity/Hub/Editor/6000.5.9f1/Editor/Data/NetStandard/compat/2.1.0/shims/netstandard/System.Reflection.DispatchProxy.dll"
-r:"C:/Program Files/Unity/Hub/Editor/6000.5.9f1/Editor/Data/NetStandard/compat/2.1.0/shims/netstandard/System.Reflection.Emit.ILGeneration.dll"
-r:"C:/Program Files/Unity/Hub/Editor/6000.5.9f1/Editor/Data/NetStandard/compat/2.1.0/shims/netstandard/System.Reflection.Emit.Lightweight.dll"
-r:"C:/Program Files/Unity/Hub/Editor/6000.5.9f1/Editor/Data/NetStandard/compat/2.1.0/shims/netstandard/System.Reflection.Emit.dll"
-r:"C:/Program Files/Unity/Hub/Editor/6000.5.9f1/Editor/Data/NetStandard/compat/2.1.0/shims/netstandard/System.Reflection.Extensions.dll"
-r:"C:/Program Files/Unity/Hub/Editor/6000.5.9f1/Editor/Data/NetStandard/compat/2.1.0/shims/netstandard/System.Reflection.Primitives.dll"
-r:"C:/Program Files/Unity/Hub/Editor/6000.5.9f1/Editor/Data/NetStandard/compat/2.1.0/shims/netstandard/System.Reflection.dll"
-r:"C:/Program Files/Unity/Hub/Editor/6000.5.9f1/Editor/Data/NetStandard/compat/2.1.0/shims/netstandard/System.Resources.Reader.dll"
-r:"C:/Program Files/Unity/Hub/Editor/6000.5.9f1/Editor/Data/NetStandard/compat/2.1.0/shims/netstandard/System.Resources.ResourceManager.dll"
-r:"C:/Program Files/Unity/Hub/Editor/6000.5.9f1/Editor/Data/NetStandard/compat/2.1.0/shims/netstandard/System.Resources.Writer.dll"
-r:"C:/Program Files/Unity/Hub/Editor/6000.5.9f1/Editor/Data/NetStandard/compat/2.1.0/shims/netstandard/System.Runtime.CompilerServices.VisualC.dll"
-r:"C:/Program Files/Unity/Hub/Editor/6000.5.9f1/Editor/Data/NetStandard/compat/2.1.0/shims/netstandard/System.Runtime.Extensions.dll"
-r:"C:/Program Files/Unity/Hub/Editor/6000.5.9f1/Editor/Data/NetStandard/compat/2.1.0/shims/netstandard/System.Runtime.Handles.dll"
-r:"C:/Program Files/Unity/Hub/Editor/6000.5.9f1/Editor/Data/NetStandard/compat/2.1.0/shims/netstandard/System.Runtime.InteropServices.RuntimeInformation.dll"
-r:"C:/Program Files/Unity/Hub/Editor/6000.5.9f1/Editor/Data/NetStandard/compat/2.1.0/shims/netstandard/System.Runtime.InteropServices.dll"
-r:"C:/Program Files/Unity/Hub/Editor/6000.5.9f1/Editor/Data/NetStandard/compat/2.1.0/shims/netstandard/System.Runtime.Numerics.dll"
-r:"C:/Program Files/Unity/Hub/Editor/6000.5.9f1/Editor/Data/NetStandard/compat/2.1.0/shims/netstandard/System.Runtime.Serialization.Formatters.dll"
-r:"C:/Program Files/Unity/Hub/Editor/6000.5.9f1/Editor/Data/NetStandard/compat/2.1.0/shims/netstandard/System.Runtime.Serialization.Json.dll"
-r:"C:/Program Files/Unity/Hub/Editor/6000.5.9f1/Editor/Data/NetStandard/compat/2.1.0/shims/netstandard/System.Runtime.Serialization.Primitives.dll"
-r:"C:/Program Files/Unity/Hub/Editor/6000.5.9f1/Editor/Data/NetStandard/compat/2.1.0/shims/netstandard/System.Runtime.Serialization.Xml.dll"
-r:"C:/Program Files/Unity/Hub/Editor/6000.5.9f1/Editor/Data/NetStandard/compat/2.1.0/shims/netstandard/System.Runtime.dll"
-r:"C:/Program Files/Unity/Hub/Editor/6000.5.9f1/Editor/Data/NetStandard/compat/2.1.0/shims/netstandard/System.Security.Claims.dll"
-r:"C:/Program Files/Unity/Hub/Editor/6000.5.9f1/Editor/Data/NetStandard/compat/2.1.0/shims/netstandard/System.Security.Cryptography.Algorithms.dll"
-r:"C:/Program Files/Unity/Hub/Editor/6000.5.9f1/Editor/Data/NetStandard/compat/2.1.0/shims/netstandard/System.Security.Cryptography.Csp.dll"
-r:"C:/Program Files/Unity/Hub/Editor/6000.5.9f1/Editor/Data/NetStandard/compat/2.1.0/shims/netstandard/System.Security.Cryptography.Encoding.dll"
-r:"C:/Program Files/Unity/Hub/Editor/6000.5.9f1/Editor/Data/NetStandard/compat/2.1.0/shims/netstandard/System.Security.Cryptography.Primitives.dll"
-r:"C:/Program Files/Unity/Hub/Editor/6000.5.9f1/Editor/Data/NetStandard/compat/2.1.0/shims/netstandard/System.Security.Cryptography.X509Certificates.dll"
-r:"C:/Program Files/Unity/Hub/Editor/6000.5.9f1/Editor/Data/NetStandard/compat/2.1.0/shims/netstandard/System.Security.Principal.dll"
-r:"C:/Program Files/Unity/Hub/Editor/6000.5.9f1/Editor/Data/NetStandard/compat/2.1.0/shims/netstandard/System.Security.SecureString.dll"
-r:"C:/Program Files/Unity/Hub/Editor/6000.5.9f1/Editor/Data/NetStandard/compat/2.1.0/shims/netstandard/System.Text.Encoding.Extensions.dll"
-r:"C:/Program Files/Unity/Hub/Editor/6000.5.9f1/Editor/Data/NetStandard/compat/2.1.0/shims/netstandard/System.Text.Encoding.dll"
-r:"C:/Program Files/Unity/Hub/Editor/6000.5.9f1/Editor/Data/NetStandard/compat/2.1.0/shims/netstandard/System.Text.RegularExpressions.dll"
-r:"C:/Program Files/Unity/Hub/Editor/6000.5.9f1/Editor/Data/NetStandard/compat/2.1.0/shims/netstandard/System.Threading.Overlapped.dll"
-r:"C:/Program Files/Unity/Hub/Editor/6000.5.9f1/Editor/Data/NetStandard/compat/2.1.0/shims/netstandard/System.Threading.Tasks.Extensions.dll"
-r:"C:/Program Files/Unity/Hub/Editor/6000.5.9f1/Editor/Data/NetStandard/compat/2.1.0/shims/netstandard/System.Threading.Tasks.Parallel.dll"
-r:"C:/Program Files/Unity/Hub/Editor/6000.5.9f1/Editor/Data/NetStandard/compat/2.1.0/shims/netstandard/System.Threading.Tasks.dll"
-r:"C:/Program Files/Unity/Hub/Editor/6000.5.9f1/Editor/Data/NetStandard/compat/2.1.0/shims/netstandard/System.Threading.Thread.dll"
-r:"C:/Program Files/Unity/Hub/Editor/6000.5.9f1/Editor/Data/NetStandard/compat/2.1.0/shims/netstandard/System.Threading.ThreadPool.dll"
-r:"C:/Program Files/Unity/Hub/Editor/6000.5.9f1/Editor/Data/NetStandard/compat/2.1.0/shims/netstandard/System.Threading.Timer.dll"
-r:"C:/Program Files/Unity/Hub/Editor/6000.5.9f1/Editor/Data/NetStandard/compat/2.1.0/shims/netstandard/System.Threading.dll"
-r:"C:/Program Files/Unity/Hub/Editor/6000.5.9f1/Editor/Data/NetStandard/compat/2.1.0/shims/netstandard/System.ValueTuple.dll"
-r:"C:/Program Files/Unity/Hub/Editor/6000.5.9f1/Editor/Data/NetStandard/compat/2.1.0/shims/netstandard/System.Xml.ReaderWriter.dll"
-r:"C:/Program Files/Unity/Hub/Editor/6000.5.9f1/Editor/Data/NetStandard/compat/2.1.0/shims/netstandard/System.Xml.XDocument.dll"
-r:"C:/Program Files/Unity/Hub/Editor/6000.5.9f1/Editor/Data/NetStandard/compat/2.1.0/shims/netstandard/System.Xml.XPath.XDocument.dll"
-r:"C:/Program Files/Unity/Hub/Editor/6000.5.9f1/Editor/Data/NetStandard/compat/2.1.0/shims/netstandard/System.Xml.XPath.dll"
-r:"C:/Program Files/Unity/Hub/Editor/6000.5.9f1/Editor/Data/NetStandard/compat/2.1.0/shims/netstandard/System.Xml.XmlDocument.dll"
-r:"C:/Program Files/Unity/Hub/Editor/6000.5.9f1/Editor/Data/NetStandard/compat/2.1.0/shims/netstandard/System.Xml.XmlSerializer.dll"
-r:"C:/Program Files/Unity/Hub/Editor/6000.5.9f1/Editor/Data/NetStandard/ref/2.1.0/netstandard.dll"
-r:"Library/PackageCache/com.unity.collections@ec2c217e4cb2/Unity.Collections.LowLevel.ILSupport/Unity.Collections.LowLevel.ILSupport.dll"
-r:"Library/PackageCache/com.unity.ext.nunit@44f7d31723bd/net472/unity-custom/nunit.framework.dll"
-r:"Library/PackageCache/com.unity.nuget.mono-cecil@ecb9724e46ff/Mono.Cecil.dll"
-r:"Library/PackageCache/com.unity.visualscripting@4edfcc09512f/Runtime/VisualScripting.Flow/Dependencies/NCalc/Unity.VisualScripting.Antlr3.Runtime.dll"
-r:"Library/Bee/artifacts/1900b0aE.dag/Unity.AI.Navigation.Editor.ConversionSystem.ref.dll"
-r:"Library/Bee/artifacts/1900b0aE.dag/Unity.AI.Navigation.Editor.ref.dll"
-r:"Library/Bee/artifacts/1900b0aE.dag/Unity.AI.Navigation.ref.dll"
-r:"Library/Bee/artifacts/1900b0aE.dag/Unity.AI.Navigation.Updater.ref.dll"
-r:"Library/Bee/artifacts/1900b0aE.dag/Unity.Burst.Editor.ref.dll"
-r:"Library/Bee/artifacts/1900b0aE.dag/Unity.Burst.ref.dll"
-r:"Library/Bee/artifacts/1900b0aE.dag/Unity.Collections.Editor.ref.dll"
-r:"Library/Bee/artifacts/1900b0aE.dag/Unity.Collections.ref.dll"
-r:"Library/Bee/artifacts/1900b0aE.dag/Unity.InputSystem.ForUI.Editor.ref.dll"
-r:"Library/Bee/artifacts/1900b0aE.dag/Unity.InputSystem.ForUI.ref.dll"
-r:"Library/Bee/artifacts/1900b0aE.dag/Unity.InputSystem.ref.dll"
-r:"Library/Bee/artifacts/1900b0aE.dag/Unity.InternalAPIEditorBridge.ShaderGraph.Editor.ref.dll"
-r:"Library/Bee/artifacts/1900b0aE.dag/Unity.InternalAPIEngineBridge.004.ref.dll"
-r:"Library/Bee/artifacts/1900b0aE.dag/Unity.InternalAPIEngineBridge.RenderPipelines.Core.Editor.ref.dll"
-r:"Library/Bee/artifacts/1900b0aE.dag/Unity.InternalAPIEngineBridge.RenderPipelines.Core.Runtime.Shared.ref.dll"
-r:"Library/Bee/artifacts/1900b0aE.dag/Unity.Mathematics.ref.dll"
-r:"Library/Bee/artifacts/1900b0aE.dag/Unity.Multiplayer.Center.Common.ref.dll"
-r:"Library/Bee/artifacts/1900b0aE.dag/Unity.Multiplayer.Center.Editor.ref.dll"
-r:"Library/Bee/artifacts/1900b0aE.dag/Unity.PathTracing.Editor.ref.dll"
-r:"Library/Bee/artifacts/1900b0aE.dag/Unity.PathTracing.Runtime.ref.dll"
-r:"Library/Bee/artifacts/1900b0aE.dag/Unity.PlasticSCM.Editor.Assistant.ref.dll"
-r:"Library/Bee/artifacts/1900b0aE.dag/Unity.PlasticSCM.Editor.ref.dll"
-r:"Library/Bee/artifacts/1900b0aE.dag/Unity.Rendering.LightTransport.Editor.ref.dll"
-r:"Library/Bee/artifacts/1900b0aE.dag/Unity.RenderPipeline.Universal.ShaderLibrary.ref.dll"
-r:"Library/Bee/artifacts/1900b0aE.dag/Unity.RenderPipelines.Core.Editor.ref.dll"
-r:"Library/Bee/artifacts/1900b0aE.dag/Unity.RenderPipelines.Core.Editor.Shared.ref.dll"
-r:"Library/Bee/artifacts/1900b0aE.dag/Unity.RenderPipelines.Core.Runtime.ref.dll"
-r:"Library/Bee/artifacts/1900b0aE.dag/Unity.RenderPipelines.Core.Runtime.Shared.ref.dll"
-r:"Library/Bee/artifacts/1900b0aE.dag/Unity.RenderPipelines.Core.ShaderLibrary.ref.dll"
-r:"Library/Bee/artifacts/1900b0aE.dag/Unity.RenderPipelines.GPUDriven.Runtime.ref.dll"
-r:"Library/Bee/artifacts/1900b0aE.dag/Unity.RenderPipelines.ShaderGraph.ShaderGraphLibrary.ref.dll"
-r:"Library/Bee/artifacts/1900b0aE.dag/Unity.RenderPipelines.Universal.2D.Editor.Overrides.ref.dll"
-r:"Library/Bee/artifacts/1900b0aE.dag/Unity.RenderPipelines.Universal.2D.Runtime.ref.dll"
-r:"Library/Bee/artifacts/1900b0aE.dag/Unity.RenderPipelines.Universal.Config.Runtime.ref.dll"
-r:"Library/Bee/artifacts/1900b0aE.dag/Unity.RenderPipelines.Universal.Editor.ref.dll"
-r:"Library/Bee/artifacts/1900b0aE.dag/Unity.RenderPipelines.Universal.Runtime.ref.dll"
-r:"Library/Bee/artifacts/1900b0aE.dag/Unity.RenderPipelines.Universal.Shaders.ref.dll"
-r:"Library/Bee/artifacts/1900b0aE.dag/Unity.Rider.Editor.ref.dll"
-r:"Library/Bee/artifacts/1900b0aE.dag/Unity.Searcher.Editor.ref.dll"
-r:"Library/Bee/artifacts/1900b0aE.dag/Unity.ShaderGraph.Editor.ref.dll"
-r:"Library/Bee/artifacts/1900b0aE.dag/Unity.SurfaceCache.Runtime.ref.dll"
-r:"Library/Bee/artifacts/1900b0aE.dag/Unity.TextMeshPro.Editor.ref.dll"
-r:"Library/Bee/artifacts/1900b0aE.dag/Unity.TextMeshPro.ref.dll"
-r:"Library/Bee/artifacts/1900b0aE.dag/Unity.Timeline.Editor.ref.dll"
-r:"Library/Bee/artifacts/1900b0aE.dag/Unity.Timeline.ref.dll"
-r:"Library/Bee/artifacts/1900b0aE.dag/Unity.UnifiedRayTracing.Runtime.ref.dll"
-r:"Library/Bee/artifacts/1900b0aE.dag/Unity.VisualScripting.Core.Editor.ref.dll"
-r:"Library/Bee/artifacts/1900b0aE.dag/Unity.VisualScripting.Core.ref.dll"
-r:"Library/Bee/artifacts/1900b0aE.dag/Unity.VisualScripting.Flow.Editor.ref.dll"
-r:"Library/Bee/artifacts/1900b0aE.dag/Unity.VisualScripting.Flow.ref.dll"
-r:"Library/Bee/artifacts/1900b0aE.dag/Unity.VisualScripting.SettingsProvider.Editor.ref.dll"
-r:"Library/Bee/artifacts/1900b0aE.dag/Unity.VisualScripting.Shared.Editor.ref.dll"
-r:"Library/Bee/artifacts/1900b0aE.dag/Unity.VisualScripting.State.Editor.ref.dll"
-r:"Library/Bee/artifacts/1900b0aE.dag/Unity.VisualScripting.State.ref.dll"
-r:"Library/Bee/artifacts/1900b0aE.dag/Unity.VisualStudio.Editor.ref.dll"
-r:"Library/Bee/artifacts/1900b0aE.dag/UnityEditor.UI.Analytics.ref.dll"
-r:"Library/Bee/artifacts/1900b0aE.dag/UnityEditor.UI.ref.dll"
-r:"Library/Bee/artifacts/1900b0aE.dag/UnityEngine.UI.ref.dll"
-analyzer:"C:/Program Files/Unity/Hub/Editor/6000.5.9f1/Editor/Data/BCLExtensions/TargetingPacks/netstandard2.1/analyzers/dotnet/roslyn4.0/cs/Microsoft.Extensions.Logging.Generators.dll"
-analyzer:"C:/Program Files/Unity/Hub/Editor/6000.5.9f1/Editor/Data/BCLExtensions/TargetingPacks/netstandard2.1/analyzers/dotnet/roslyn4.0/cs/System.Text.Json.SourceGeneration.dll"
-analyzer:"C:/Program Files/Unity/Hub/Editor/6000.5.9f1/Editor/Data/Tools/BuildPipeline/Unity.Analyzers.Common/Unity.Analyzers.Common.dll"
-analyzer:"C:/Program Files/Unity/Hub/Editor/6000.5.9f1/Editor/Data/Tools/BuildPipeline/Unity.Analyzers.LongLiving/Unity.Analyzers.LongLiving.dll"
-analyzer:"C:/Program Files/Unity/Hub/Editor/6000.5.9f1/Editor/Data/Tools/BuildPipeline/Unity.SourceGenerators/Unity.Properties.SourceGenerator.dll"
-analyzer:"C:/Program Files/Unity/Hub/Editor/6000.5.9f1/Editor/Data/Tools/BuildPipeline/Unity.SourceGenerators/Unity.SourceGenerators.dll"
-analyzer:"C:/Program Files/Unity/Hub/Editor/6000.5.9f1/Editor/Data/Tools/BuildPipeline/Unity.SourceGenerators/Unity.UIToolkit.SourceGenerator.dll"
"Assets/Script/Camerafollow.cs"
"Assets/Script/Coin.cs"
"Assets/Script/CoinSpawner.cs"
"Assets/Script/FuelBar.cs"
"Assets/Script/PlatForm.cs"
"Assets/Script/PlayerController.cs"
"Assets/Script/ScoreManager.cs"
-langversion:9.0
/deterministic
/optimize+
/debug:portable
/nologo
/RuntimeMetadataVersion:v4.0.30319
/nowarn:0169
/nowarn:0649
/nowarn:0282
/nowarn:1701
/nowarn:1702
/utf8output
/preferreduilang:en-US
/additionalfile:"Library/Bee/artifacts/1900b0aE.dag/Assembly-CSharp.UnityAdditionalFile.txt"
##### Custom Environment Variables
DOTNET_HOST_PATH=C:\Program Files\Unity\Hub\Editor\6000.5.9f1\Editor\Data\DotNetSdk\dotnet.exe
DOTNET_MULTILEVEL_LOOKUP=0
##### ExitCode
1
##### Output
Assets\Script\Coin.cs(10,26): error CS0117: 'ScoreManager' does not contain a definition for 'instance'
*** Tundra build failed (0.65 seconds), 3 items updated, 927 evaluated
## Script Compilation Error for: Csc Library/Bee/artifacts/1900b0aE.dag/Assembly-CSharp.dll (+2 others)
## CmdLine: "C:\Program Files\Unity\Hub\Editor\6000.5.9f1\Editor\Data\DotNetSdk\dotnet.exe" exec "C:/Program Files/Unity/Hub/Editor/6000.5.9f1/Editor/Data/DotNetSdk/sdk/8.0.318/Roslyn/bincore/csc.dll" /nostdlib /noconfig /shared "@Library/Bee/artifacts/1900b0aE.dag/Assembly-CSharp.rsp" "@Library/Bee/artifacts/1900b0aE.dag/Assembly-CSharp.rsp2"
## Output:
Assets\Script\Coin.cs(10,26): error CS0117: 'ScoreManager' does not contain a definition for 'instance'

Assets\Script\Coin.cs(10,26): error CS0117: 'ScoreManager' does not contain a definition for 'instance'
Total cache size 64119356
Total cache size after purge 64119356, took 00:00:00.1200899
[ScriptCompilation] Requested script compilation because: AssetDatabase observed changes in script compilation related files
Refreshing native plugins compatible for Editor in 2.88 ms, found 4 plugins.
Asset Pipeline Refresh (id=d30569633a6a65648b7c464233186a37): Total: 0.148 seconds - Initiated by RefreshV2(NoUpdateAssetOptions)
info: Microsoft.AspNetCore.Hosting.Diagnostics[1]
      Request starting HTTP/2 POST http://ilpp/UnityILPP.PostProcessing/Ping - application/grpc -
info: Microsoft.AspNetCore.Routing.EndpointMiddleware[0]
      Executing endpoint 'gRPC - /UnityILPP.PostProcessing/Ping'
info: Microsoft.AspNetCore.Routing.EndpointMiddleware[1]
      Executed endpoint 'gRPC - /UnityILPP.PostProcessing/Ping'
info: Microsoft.AspNetCore.Hosting.Diagnostics[2]
      Request finished HTTP/2 POST http://ilpp/UnityILPP.PostProcessing/Ping - 200 - application/grpc 0.2505ms
Starting: C:\Program Files\Unity\Hub\Editor\6000.5.9f1\Editor\Data\Tools\BuildPipeline\bee_backend.exe --ipc --defer-dag-verification --dagfile="Library/Bee/1900b0aE.dag" --continue-on-failure --profile="Library/Bee/backend1.traceevents" ScriptAssemblies
WorkingDir: C:/Users/golfa/Rocket
info: Microsoft.AspNetCore.Hosting.Diagnostics[1]
      Request starting HTTP/2 POST http://ilpp/UnityILPP.PostProcessing/ConfigurePostProcessors - application/grpc -
info: Microsoft.AspNetCore.Routing.EndpointMiddleware[0]
      Executing endpoint 'gRPC - /UnityILPP.PostProcessing/ConfigurePostProcessors'
info: Unity.ILPP.Runner.PostProcessingAssemblyLoadContext[0]
      Current configuration matches the requested one, skipping
info: Microsoft.AspNetCore.Routing.EndpointMiddleware[1]
      Executed endpoint 'gRPC - /UnityILPP.PostProcessing/ConfigurePostProcessors'
info: Microsoft.AspNetCore.Hosting.Diagnostics[2]
      Request finished HTTP/2 POST http://ilpp/UnityILPP.PostProcessing/ConfigurePostProcessors - 200 - application/grpc 1.4665ms
Asset Pipeline Refresh (id=d554e7d6db5b5664d81f8a7618b2160a): Total: 0.005 seconds - Initiated by RefreshV2(NoUpdateAssetOptions)
info: Microsoft.AspNetCore.Hosting.Diagnostics[1]
      Request starting HTTP/2 POST http://ilpp/UnityILPP.PostProcessing/PostProcessAssembly - application/grpc -
info: Microsoft.AspNetCore.Routing.EndpointMiddleware[0]
      Executing endpoint 'gRPC - /UnityILPP.PostProcessing/PostProcessAssembly'
info: Unity.ILPP.Runner.PostProcessingPipeline[0]
      Processing assembly Library/Bee/artifacts/1900b0aE.dag/Assembly-CSharp.dll, with 141 defines and 339 references
info: Unity.ILPP.Runner.PostProcessingPipeline[0]
      processors: Unity.Jobs.CodeGen.JobsILPostProcessor, zzzUnity.Burst.CodeGen.BurstILPostProcessor
info: Unity.ILPP.Runner.PostProcessingPipeline[0]
      running Unity.Jobs.CodeGen.JobsILPostProcessor
info: Unity.ILPP.Runner.PostProcessingPipeline[0]
      running zzzUnity.Burst.CodeGen.BurstILPostProcessor
[Worker1] Imported GUID: 9ad42031d5b307d44ae748aba074047b - Path: Assets/Script/ScoreManager.cs - Importer: PreviewImporter -> (ImportResultId: '44ebafca019d701e1dbd0f09d01f7248') in 0.0726347 seconds
info: Microsoft.AspNetCore.Routing.EndpointMiddleware[1]
      Executed endpoint 'gRPC - /UnityILPP.PostProcessing/PostProcessAssembly'
info: Microsoft.AspNetCore.Hosting.Diagnostics[2]
      Request finished HTTP/2 POST http://ilpp/UnityILPP.PostProcessing/PostProcessAssembly - 200 - application/grpc 70.3376ms
ExitCode: 0 Duration: 0s698ms
[730/927    0s] ILPP-Configuration Library/ilpp-configuration.nevergeneratedoutput
[923/927    0s] Csc Library/Bee/artifacts/1900b0aE.dag/Assembly-CSharp.dll (+2 others)
[924/927    0s] ILPostProcess Library/Bee/artifacts/1900b0aE.dag/post-processed/Assembly-CSharp.dll (+pdb)
Processing assembly Library/Bee/artifacts/1900b0aE.dag/Assembly-CSharp.dll, with 141 defines and 339 references

processors: Unity.Jobs.CodeGen.JobsILPostProcessor, zzzUnity.Burst.CodeGen.BurstILPostProcessor

running Unity.Jobs.CodeGen.JobsILPostProcessor

running zzzUnity.Burst.CodeGen.BurstILPostProcessor
[925/927    0s] CopyFiles Library/ScriptAssemblies/Assembly-CSharp.dll
[926/927    0s] CopyFiles Library/ScriptAssemblies/Assembly-CSharp.pdb
*** Tundra build success (0.66 seconds), 5 items updated, 927 evaluated
Total cache size 64119356
Total cache size after purge 64119356, took 00:00:00.0747780
Reloading assemblies after finishing script compilation.
Reloading assemblies after forced synchronous recompile.
Begin MonoManager ReloadAssembly
Refreshing native plugins compatible for Editor in 2.34 ms, found 4 plugins.
Native extension for WindowsStandalone target not found
Native extension for WebGL target not found
[MODES] ModeService[none].Initialize
[MODES] ModeService[none].LoadModes
ScheduleIndexationOnStartup MainProcess:True IndexOnStartup:True
Mono: successfully reloaded assembly
- Finished resetting the current domain, in  3.445 seconds
Domain Reload Profiling: 6162ms
	BeginReloadAssembly (1812ms)
		DisableScriptedObjects (616ms)
		CreateAndSetChildDomain (799ms)
	RebuildCommonClasses (22ms)
	RebuildNativeTypeToScriptingClass (33ms)
	initialDomainReloadingComplete (99ms)
	LoadAllAssembliesAndSetupDomain (749ms)
		LoadAssemblies (313ms)
		AnalyzeDomain (424ms)
			TypeCache.Refresh (21ms)
			BuildScriptInfoCaches (354ms)
			ResolveRequiredComponents (44ms)
	FinalizeReload (3447ms)
		SetupLoadedEditorAssemblies (0ms)
			InitializePlatformSupportModulesInManaged (6ms)
			BeforeProcessingInitializeOnLoad (327ms)
			ProcessInitializeOnLoadAttributes (589ms)
			ProcessInitializeOnLoadMethodAttributes (276ms)
			AfterProcessingInitializeOnLoad (12ms)
		AwakeInstancesAfterBackupRestoration (1252ms)
Refreshing native plugins compatible for Editor in 2.31 ms, found 4 plugins.

Asset Pipeline Refresh (id=a1a21a39a905ba847856c8e58fab17b8): Total: 6.717 seconds - Initiated by StopAssetImportingV2(ForceSynchronousImport | ForceDomainReload)
	(Values over 0.05ms)
	Summary:
		Imports: total=0 (actual=0, local cache=0, cache server=0)
		Asset DB Process Time: managed=0 ms, native=3667 ms
		Asset DB Callback time: managed=98 ms, native=90 ms
		Scripting: domain reloads=1, domain reload time=2859 ms, compile time=2 ms, other=0 ms
		Project Asset Count: scripts=1374, non-scripts=2361
		Asset File Changes: new=0, changed=0, moved=0, deleted=0
		Scan Filter Count: 0
	InvokePackagesCallback: 3.209ms
	ApplyChangesToAssetFolders: 0.499ms
	Collect global state as custom dependencies: 4.314ms
	ProcessAssetsWithTransientArtifactChanges: 14.914ms
	CategorizeAssets: 74.346ms
	CompileScripts: 1.573ms
	ImportOutOfDateAssets: 3512.643ms (3466.370ms without children)
		CollectScriptTypesHashes: 1.471ms
		ReloadNativeAssets: 1.960ms
		UnloadImportedAssets: 0.295ms
		EnsureUptoDateAssetsAreRegisteredWithGuidPM: 1.109ms
		ImportSchedulerStart: 42.875ms
	PostProcessAllAssets: 99.941ms
		XRBuildSystem.XRAssetImported 0.600ms
		PostProcessCallbackCreateDeferredMaterials 0.235ms
		MonoPostProcessAllAssets: 98.415ms
			UniversalRenderPipelineGlobalSettingsPostprocessor.OnPostprocessAllAssets 18.624ms
			AssetChangedListener.OnPostprocessAllAssets 10.245ms
			BuilderAssetPostprocessor.OnPostprocessAllAssets 9.320ms
			AssetPostprocessor.OnPostprocessAllAssets 7.526ms
			SyncVS.PostprocessSyncProject 5.871ms
			WindowAssetPostprocessingWatcher.OnPostprocessAllAssets 3.821ms
			SpeedTree9Postprocessor.OnPostprocessAllAssets 3.531ms
			ShaderGraphAssetPostProcessor.OnPostprocessAllAssets 2.822ms
			RetainedModeAssetPostprocessor.OnPostprocessAllAssets 2.347ms
			EditModeScopePostprocessor.OnPostprocessAllAssets 1.763ms
			MaterialPostprocessor.OnPostprocessAllAssets 1.452ms
			RenderPipelineGlobalSettingsPostprocessor.OnPostprocessAllAssets 1.251ms
			ProjectSettingsPostprocessor.OnPostprocessAllAssets 1.211ms
			ArtifactBrowserPostProcessor.OnPostprocessAllAssets 1.102ms
			TMPro_TexturePostProcessor.OnPostprocessAllAssets 0.897ms
			UVCSAssetPostprocessor.OnPostprocessAllAssets 0.878ms
			AudioMixerPostprocessor.OnPostprocessAllAssets 0.835ms
			TextAssetPostProcessor.OnPostprocessAllAssets 0.676ms
			InputActionAssetPostprocessor.OnPostprocessAllAssets 0.592ms
			AssetEvents.OnPostprocessAllAssets 0.500ms
			ShaderReflectionAssetPostProcessor.OnPostprocessAllAssets 0.485ms
			StyleCatalogPostProcessor.OnPostprocessAllAssets 0.485ms
			InputActionJsonNameModifierAssetProcessor.OnPostprocessAllAssets 0.467ms
			ReferencedClipsPostProcessor.OnPostprocessAllAssets 0.449ms
			SampleDependencyImporterPostProcessor.OnPostprocessAllAssets 0.448ms
			SpeedTreePostProcessor.OnPostprocessAllAssets 0.413ms
			TerrainToolbarOverlayPostProcessor.OnPostprocessAllAssets 0.389ms
			PostProcessor.OnPostprocessAllAssets 0.375ms
			AssetDatabaseCallbacks.OnPostprocessAllAssets 0.273ms
			SamplePostprocessor.OnPostprocessAllAssets 0.252ms
			ConfigAssetsTracker.OnPostprocessAllAssets 0.250ms
			AssetReloadNotifier.OnPostprocessAllAssets 0.241ms
			ScenarioDriftAssetsTracker.OnPostprocessAllAssets 0.214ms
			AudioContainerPostProcessor.OnPostprocessAllAssets 0.138ms
	PostAssetChangesProfiler: 87.279ms
	GatherAllCurrentPrimaryImportResultRevisions: 0.172ms
	PersistCurrentRevisions: 0.199ms
	GenerateScriptTypeHashes: 3.575ms
	GenerateScriptTypeSerializationHashes: 5.843ms
	Untracked: 2911.209ms

[Licensing::Client] Successfully resolved entitlement details
[Licensing::Client] Successfully resolved entitlement details
Asset Pipeline Refresh (id=c7f2e2a31a5fa904b9d73748c454c00e): Total: 0.015 seconds - Initiated by RefreshV2(AllowForceSynchronousImport)
[Worker1] Imported GUID: 9ad42031d5b307d44ae748aba074047b - Path: Assets/Script/ScoreManager.cs - Importer: PreviewImporter -> (ImportResultId: '8cae0a3f91b1538d9ef067cf30fcef88') in 0.0285056 seconds
Asset Pipeline Refresh (id=a02dbd2e8503cf34e96abbd0cffd66f5): Total: 0.012 seconds - Initiated by RefreshV2(AllowForceSynchronousImport)
Asset Pipeline Refresh (id=1a5a0deba2b06844487b8e627d2297f0): Total: 0.009 seconds - Initiated by RefreshV2(AllowForceSynchronousImport)
Asset Pipeline Refresh (id=bac64c59edd98bf4a8642008ffd589b9): Total: 0.006 seconds - Initiated by RefreshV2(AllowForceSynchronousImport)
Loaded scene 'Library/Unused/a7442a1e9a8147f42bb4dd8947475356'
	Deserialize:            1.375 ms
	Integration:            0.299 ms
	Integration of assets:  0.006 ms
	Thread Wait Time:       0.031 ms
	Total Operation Time:   1.710 ms
Unloading 2 Unused Serialized files (Serialized files now loaded: 0)
Unloading 146 unused Assets / (70.4 KB). Loaded Objects now: 9024.
Memory consumption went from 0.83 GB to 0.83 GB.
Total: 22.705900 ms (FindLiveObjects: 0.868700 ms CreateObjectMapping: 2.051200 ms MarkObjects: 18.509400 ms  DeleteObjects: 1.272500 ms)

[Worker0] Imported GUID: 4604fd450118bfd4bba2eb387984f7b7 - Path: Assets/Prefab/Coin.prefab - Importer: PreviewImporter -> (ImportResultId: '96a77345213052bccd5817b8bf26af6e') in 0.932322 seconds
Importing 'GUID: 4604fd450118bfd4bba2eb387984f7b7 - Path: Assets/Prefab/Coin.prefab' with importer (PrefabImporter)
Imported 'GUID: 4604fd450118bfd4bba2eb387984f7b7' -> (Import Result ID: '5998ac263ec0ea14ea69d90fb798bd40') in 0.012 seconds [static and dynamic dependencies]. Details - ImportResultOutputID=e044a3257064c51960026a3d9b0cf2f3 DependenciesID=892b07e874403a4e2d43708c7da47c13 StaticDependenciesID=4f342ad1d2f91619a2a745aa2e6ca298 
Refreshing native plugins compatible for Editor in 2.30 ms, found 4 plugins.
Asset Pipeline Refresh (id=c0c03ec0be894d941bea84ef780e39ec): Total: 0.165 seconds - Initiated by StopAssetImportingV2(NoUpdateAssetOptions)
Reloading assemblies for play mode.
Reloading assemblies after forced synchronous recompile.
[Licensing::Client] Successfully resolved entitlement details
Begin MonoManager ReloadAssembly
Native extension for WindowsStandalone target not found
Native extension for WebGL target not found
ScheduleIndexationOnStartup MainProcess:True IndexOnStartup:True
[MODES] ModeService[none].Initialize
[MODES] ModeService[none].LoadModes
Mono: successfully reloaded assembly
- Finished resetting the current domain, in  3.616 seconds
Domain Reload Profiling: 5424ms
	BeginReloadAssembly (1295ms)
		DisableScriptedObjects (144ms)
		CreateAndSetChildDomain (871ms)
	RebuildCommonClasses (24ms)
	RebuildNativeTypeToScriptingClass (31ms)
	initialDomainReloadingComplete (98ms)
	LoadAllAssembliesAndSetupDomain (360ms)
		LoadAssemblies (266ms)
		AnalyzeDomain (65ms)
			TypeCache.Refresh (15ms)
			ResolveRequiredComponents (42ms)
	FinalizeReload (3618ms)
		SetupLoadedEditorAssemblies (0ms)
			InitializePlatformSupportModulesInManaged (4ms)
			BeforeProcessingInitializeOnLoad (153ms)
			ProcessInitializeOnLoadAttributes (733ms)
			ProcessInitializeOnLoadMethodAttributes (261ms)
			AfterProcessingInitializeOnLoad (11ms)
		AwakeInstancesAfterBackupRestoration (1350ms)

Asset Pipeline Refresh (id=a847695f070c1ee47a8b9bccb7e8a0a8): Total: 5.929 seconds - Initiated by StopAssetImportingV2(ForceSynchronousImport | ForceDomainReload)
	(Values over 0.05ms)
	Summary:
		Imports: total=0 (actual=0, local cache=0, cache server=0)
		Asset DB Process Time: managed=0 ms, native=3832 ms
		Asset DB Callback time: managed=43 ms, native=0 ms
		Scripting: domain reloads=1, domain reload time=2050 ms, compile time=2 ms, other=0 ms
		Project Asset Count: scripts=1374, non-scripts=2361
		Asset File Changes: new=0, changed=0, moved=0, deleted=0
		Scan Filter Count: 0
	InvokePackagesCallback: 2.341ms
	ApplyChangesToAssetFolders: 0.557ms
	Collect global state as custom dependencies: 5.944ms
	ProcessAssetsWithTransientArtifactChanges: 0.439ms
	CategorizeAssets: 74.141ms
	CompileScripts: 2.043ms
	ImportOutOfDateAssets: 3688.207ms (3637.385ms without children)
		CollectScriptTypesHashes: 1.263ms
		ReloadNativeAssets: 1.822ms
		UnloadImportedAssets: 3.212ms
		EnsureUptoDateAssetsAreRegisteredWithGuidPM: 0.954ms
		ImportSchedulerStart: 44.752ms
	PostProcessAllAssets: 43.910ms
		MonoPostProcessAllAssets: 43.901ms
			UniversalRenderPipelineGlobalSettingsPostprocessor.OnPostprocessAllAssets 14.861ms
			SyncVS.PostprocessSyncProject 4.945ms
			WindowAssetPostprocessingWatcher.OnPostprocessAllAssets 2.894ms
			SpeedTree9Postprocessor.OnPostprocessAllAssets 2.727ms
			ProjectSettingsPostprocessor.OnPostprocessAllAssets 1.081ms
			RenderPipelineGlobalSettingsPostprocessor.OnPostprocessAllAssets 0.990ms
			ShaderReflectionAssetPostProcessor.OnPostprocessAllAssets 0.612ms
			EditModeScopePostprocessor.OnPostprocessAllAssets 0.444ms
			InputActionAssetPostprocessor.OnPostprocessAllAssets 0.369ms
			ReferencedClipsPostProcessor.OnPostprocessAllAssets 0.352ms
			TerrainToolbarOverlayPostProcessor.OnPostprocessAllAssets 0.231ms
			AssetChangedListener.OnPostprocessAllAssets 0.224ms
			AssetDatabaseCallbacks.OnPostprocessAllAssets 0.198ms
			ShaderGraphAssetPostProcessor.OnPostprocessAllAssets 0.122ms
			AssetPostprocessor.OnPostprocessAllAssets 0.077ms
	GatherAllCurrentPrimaryImportResultRevisions: 0.226ms
	PersistCurrentRevisions: 0.168ms
	GenerateScriptTypeHashes: 3.292ms
	GenerateScriptTypeSerializationHashes: 5.268ms
	Untracked: 2103.467ms

Loaded scene 'Temp/__Backupscenes/0.backup'
	Deserialize:            4.614 ms
	Integration:            1049.521 ms
	Integration of assets:  0.008 ms
	Thread Wait Time:       0.038 ms
	Total Operation Time:   1054.181 ms
[Licensing::Client] Successfully resolved entitlement details
[Licensing::Client] Successfully resolved entitlement details
Asset Pipeline Refresh (id=b076d1096c3a7014cb1341ad751aeb1e): Total: 0.016 seconds - Initiated by RefreshV2(NoUpdateAssetOptions)
0.9809996
UnityEngine.Debug:ExtractStackTraceNoAlloc (byte*,int,string)
UnityEngine.StackTraceUtility:ExtractStackTrace ()
UnityEngine.DebugLogHandler:Internal_Log (UnityEngine.LogType,UnityEngine.LogOption,string,UnityEngine.Object)
UnityEngine.DebugLogHandler:LogFormat (UnityEngine.LogType,UnityEngine.Object,string,object[])
UnityEngine.Logger:Log (UnityEngine.LogType,object)
UnityEngine.Debug:Log (object)
PlatForm:OnCollisionEnter (UnityEngine.Collision) (at Assets/Script/PlatForm.cs:12)
UnityEngine.Physics:SendOnCollisionEnter (UnityEngine.Component,UnityEngine.Collision)
UnityEngine.Physics:ReportContacts (Unity.Collections.NativeArray`1/ReadOnly<UnityEngine.ContactPairHeader>)
UnityEngine.Physics:OnSceneContact (UnityEngine.PhysicsScene,intptr,int)

(Filename: Assets/Script/PlatForm.cs Line: 12)

Success
UnityEngine.Debug:ExtractStackTraceNoAlloc (byte*,int,string)
UnityEngine.StackTraceUtility:ExtractStackTrace ()
UnityEngine.DebugLogHandler:Internal_Log (UnityEngine.LogType,UnityEngine.LogOption,string,UnityEngine.Object)
UnityEngine.DebugLogHandler:LogFormat (UnityEngine.LogType,UnityEngine.Object,string,object[])
UnityEngine.Logger:Log (UnityEngine.LogType,object)
UnityEngine.Debug:Log (object)
PlatForm:OnCollisionEnter (UnityEngine.Collision) (at Assets/Script/PlatForm.cs:15)
UnityEngine.Physics:SendOnCollisionEnter (UnityEngine.Component,UnityEngine.Collision)
UnityEngine.Physics:ReportContacts (Unity.Collections.NativeArray`1/ReadOnly<UnityEngine.ContactPairHeader>)
UnityEngine.Physics:OnSceneContact (UnityEngine.PhysicsScene,intptr,int)

(Filename: Assets/Script/PlatForm.cs Line: 15)

Asset Pipeline Refresh (id=9c4c3efe8a32771488bb3592e59f0db4): Total: 0.005 seconds - Initiated by RefreshV2(NoUpdateAssetOptions)
Unloading 0 Unused Serialized files (Serialized files now loaded: 0)
Unloading 82 unused Assets / (27.6 KB). Loaded Objects now: 8944.
Memory consumption went from 0.76 GB to 0.76 GB.
Total: 26.731800 ms (FindLiveObjects: 0.898700 ms CreateObjectMapping: 1.993400 ms MarkObjects: 23.533500 ms  DeleteObjects: 0.303000 ms)

160.2662
UnityEngine.Debug:ExtractStackTraceNoAlloc (byte*,int,string)
UnityEngine.StackTraceUtility:ExtractStackTrace ()
UnityEngine.DebugLogHandler:Internal_Log (UnityEngine.LogType,UnityEngine.LogOption,string,UnityEngine.Object)
UnityEngine.DebugLogHandler:LogFormat (UnityEngine.LogType,UnityEngine.Object,string,object[])
UnityEngine.Logger:Log (UnityEngine.LogType,object)
UnityEngine.Debug:Log (object)
PlatForm:OnCollisionEnter (UnityEngine.Collision) (at Assets/Script/PlatForm.cs:12)
UnityEngine.Physics:SendOnCollisionEnter (UnityEngine.Component,UnityEngine.Collision)
UnityEngine.Physics:ReportContacts (Unity.Collections.NativeArray`1/ReadOnly<UnityEngine.ContactPairHeader>)
UnityEngine.Physics:OnSceneContact (UnityEngine.PhysicsScene,intptr,int)

(Filename: Assets/Script/PlatForm.cs Line: 12)

Boom
UnityEngine.Debug:ExtractStackTraceNoAlloc (byte*,int,string)
UnityEngine.StackTraceUtility:ExtractStackTrace ()
UnityEngine.DebugLogHandler:Internal_Log (UnityEngine.LogType,UnityEngine.LogOption,string,UnityEngine.Object)
UnityEngine.DebugLogHandler:LogFormat (UnityEngine.LogType,UnityEngine.Object,string,object[])
UnityEngine.Logger:Log (UnityEngine.LogType,object)
UnityEngine.Debug:Log (object)
PlatForm:OnCollisionEnter (UnityEngine.Collision) (at Assets/Script/PlatForm.cs:19)
UnityEngine.Physics:SendOnCollisionEnter (UnityEngine.Component,UnityEngine.Collision)
UnityEngine.Physics:ReportContacts (Unity.Collections.NativeArray`1/ReadOnly<UnityEngine.ContactPairHeader>)
UnityEngine.Physics:OnSceneContact (UnityEngine.PhysicsScene,intptr,int)

(Filename: Assets/Script/PlatForm.cs Line: 19)

Unloading 1 Unused Serialized files (Serialized files now loaded: 0)
Loaded scene 'Temp/__Backupscenes/0.backup'
	Deserialize:            3.232 ms
	Integration:            273.018 ms
	Integration of assets:  0.006 ms
	Thread Wait Time:       0.030 ms
	Total Operation Time:   276.286 ms
Unloading 1 unused Assets / (203.2 KB). Loaded Objects now: 8810.
Memory consumption went from 0.77 GB to 0.77 GB.
Total: 36.164300 ms (FindLiveObjects: 0.762100 ms CreateObjectMapping: 1.773900 ms MarkObjects: 33.557200 ms  DeleteObjects: 0.069100 ms)

[Licensing::Client] Successfully resolved entitlement details
Reloading assemblies for play mode.
Reloading assemblies after forced synchronous recompile.
Begin MonoManager ReloadAssembly
Native extension for WindowsStandalone target not found
Native extension for WebGL target not found
ScheduleIndexationOnStartup MainProcess:True IndexOnStartup:True
[MODES] ModeService[none].Initialize
[MODES] ModeService[none].LoadModes
Mono: successfully reloaded assembly
- Finished resetting the current domain, in  3.107 seconds
Domain Reload Profiling: 4730ms
	BeginReloadAssembly (1213ms)
		DisableScriptedObjects (141ms)
		CreateAndSetChildDomain (755ms)
	RebuildCommonClasses (24ms)
	RebuildNativeTypeToScriptingClass (31ms)
	initialDomainReloadingComplete (75ms)
	LoadAllAssembliesAndSetupDomain (278ms)
		LoadAssemblies (208ms)
		AnalyzeDomain (48ms)
			TypeCache.Refresh (11ms)
			ResolveRequiredComponents (32ms)
	FinalizeReload (3108ms)
		SetupLoadedEditorAssemblies (0ms)
			InitializePlatformSupportModulesInManaged (4ms)
			BeforeProcessingInitializeOnLoad (166ms)
			ProcessInitializeOnLoadAttributes (647ms)
			ProcessInitializeOnLoadMethodAttributes (234ms)
			AfterProcessingInitializeOnLoad (8ms)
		AwakeInstancesAfterBackupRestoration (1020ms)

Asset Pipeline Refresh (id=bef8846bbe714964886e35e844c8f53e): Total: 5.060 seconds - Initiated by StopAssetImportingV2(ForceSynchronousImport | ForceDomainReload)
	(Values over 0.05ms)
	Summary:
		Imports: total=0 (actual=0, local cache=0, cache server=0)
		Asset DB Process Time: managed=0 ms, native=3313 ms
		Asset DB Callback time: managed=46 ms, native=0 ms
		Scripting: domain reloads=1, domain reload time=1697 ms, compile time=2 ms, other=0 ms
		Project Asset Count: scripts=1374, non-scripts=2361
		Asset File Changes: new=0, changed=0, moved=0, deleted=0
		Scan Filter Count: 0
	InvokePackagesCallback: 2.201ms
	ApplyChangesToAssetFolders: 0.453ms
	Collect global state as custom dependencies: 6.268ms
	ProcessAssetsWithTransientArtifactChanges: 0.487ms
	CategorizeAssets: 73.192ms
	CompileScripts: 2.142ms
	ImportOutOfDateAssets: 3178.539ms (3130.777ms without children)
		CollectScriptTypesHashes: 1.277ms
		ReloadNativeAssets: 1.448ms
		UnloadImportedAssets: 0.487ms
		EnsureUptoDateAssetsAreRegisteredWithGuidPM: 1.137ms
		ImportSchedulerStart: 44.641ms
	PostProcessAllAssets: 46.691ms
		MonoPostProcessAllAssets: 46.684ms
			UniversalRenderPipelineGlobalSettingsPostprocessor.OnPostprocessAllAssets 16.949ms
			SyncVS.PostprocessSyncProject 5.318ms
			WindowAssetPostprocessingWatcher.OnPostprocessAllAssets 3.362ms
			SpeedTree9Postprocessor.OnPostprocessAllAssets 3.268ms
			ProjectSettingsPostprocessor.OnPostprocessAllAssets 1.204ms
			RenderPipelineGlobalSettingsPostprocessor.OnPostprocessAllAssets 1.035ms
			ShaderReflectionAssetPostProcessor.OnPostprocessAllAssets 0.681ms
			EditModeScopePostprocessor.OnPostprocessAllAssets 0.567ms
			InputActionAssetPostprocessor.OnPostprocessAllAssets 0.471ms
			ReferencedClipsPostProcessor.OnPostprocessAllAssets 0.390ms
			TerrainToolbarOverlayPostProcessor.OnPostprocessAllAssets 0.299ms
			AssetDatabaseCallbacks.OnPostprocessAllAssets 0.245ms
			AssetChangedListener.OnPostprocessAllAssets 0.224ms
			ShaderGraphAssetPostProcessor.OnPostprocessAllAssets 0.122ms
			AssetPostprocessor.OnPostprocessAllAssets 0.077ms
	GatherAllCurrentPrimaryImportResultRevisions: 0.289ms
	PersistCurrentRevisions: 0.188ms
	GenerateScriptTypeHashes: 3.574ms
	GenerateScriptTypeSerializationHashes: 5.805ms
	Untracked: 1740.824ms

Loaded scene 'Temp/__Backupscenes/0.backup'
	Deserialize:            4.359 ms
	Integration:            1043.743 ms
	Integration of assets:  0.008 ms
	Thread Wait Time:       0.012 ms
	Total Operation Time:   1048.122 ms
[Licensing::Client] Successfully resolved entitlement details
[Licensing::Client] Successfully resolved entitlement details
0.9809996
UnityEngine.Debug:ExtractStackTraceNoAlloc (byte*,int,string)
UnityEngine.StackTraceUtility:ExtractStackTrace ()
UnityEngine.DebugLogHandler:Internal_Log (UnityEngine.LogType,UnityEngine.LogOption,string,UnityEngine.Object)
UnityEngine.DebugLogHandler:LogFormat (UnityEngine.LogType,UnityEngine.Object,string,object[])
UnityEngine.Logger:Log (UnityEngine.LogType,object)
UnityEngine.Debug:Log (object)
PlatForm:OnCollisionEnter (UnityEngine.Collision) (at Assets/Script/PlatForm.cs:12)
UnityEngine.Physics:SendOnCollisionEnter (UnityEngine.Component,UnityEngine.Collision)
UnityEngine.Physics:ReportContacts (Unity.Collections.NativeArray`1/ReadOnly<UnityEngine.ContactPairHeader>)
UnityEngine.Physics:OnSceneContact (UnityEngine.PhysicsScene,intptr,int)

(Filename: Assets/Script/PlatForm.cs Line: 12)

Success
UnityEngine.Debug:ExtractStackTraceNoAlloc (byte*,int,string)
UnityEngine.StackTraceUtility:ExtractStackTrace ()
UnityEngine.DebugLogHandler:Internal_Log (UnityEngine.LogType,UnityEngine.LogOption,string,UnityEngine.Object)
UnityEngine.DebugLogHandler:LogFormat (UnityEngine.LogType,UnityEngine.Object,string,object[])
UnityEngine.Logger:Log (UnityEngine.LogType,object)
UnityEngine.Debug:Log (object)
PlatForm:OnCollisionEnter (UnityEngine.Collision) (at Assets/Script/PlatForm.cs:15)
UnityEngine.Physics:SendOnCollisionEnter (UnityEngine.Component,UnityEngine.Collision)
UnityEngine.Physics:ReportContacts (Unity.Collections.NativeArray`1/ReadOnly<UnityEngine.ContactPairHeader>)
UnityEngine.Physics:OnSceneContact (UnityEngine.PhysicsScene,intptr,int)

(Filename: Assets/Script/PlatForm.cs Line: 15)

Unloading 0 Unused Serialized files (Serialized files now loaded: 0)
Loaded scene 'Temp/__Backupscenes/0.backup'
	Deserialize:            3.218 ms
	Integration:            356.600 ms
	Integration of assets:  0.009 ms
	Thread Wait Time:       0.111 ms
	Total Operation Time:   359.939 ms
Unloading 14 unused Assets / (0.5 MB). Loaded Objects now: 8817.
Memory consumption went from 0.77 GB to 0.77 GB.
Total: 38.018300 ms (FindLiveObjects: 0.815500 ms CreateObjectMapping: 1.590900 ms MarkObjects: 35.506000 ms  DeleteObjects: 0.103900 ms)

Reloading assemblies for play mode.
Reloading assemblies after forced synchronous recompile.
Begin MonoManager ReloadAssembly
Refreshing native plugins compatible for Editor in 2.15 ms, found 4 plugins.
Native extension for WindowsStandalone target not found
Native extension for WebGL target not found
ScheduleIndexationOnStartup MainProcess:True IndexOnStartup:True
[MODES] ModeService[none].Initialize
[MODES] ModeService[none].LoadModes
Mono: successfully reloaded assembly
- Finished resetting the current domain, in  3.114 seconds
Domain Reload Profiling: 4718ms
	BeginReloadAssembly (1174ms)
		DisableScriptedObjects (143ms)
		CreateAndSetChildDomain (703ms)
	RebuildCommonClasses (19ms)
	RebuildNativeTypeToScriptingClass (22ms)
	initialDomainReloadingComplete (78ms)
	LoadAllAssembliesAndSetupDomain (310ms)
		LoadAssemblies (225ms)
		AnalyzeDomain (67ms)
			TypeCache.Refresh (15ms)
			ResolveRequiredComponents (44ms)
	FinalizeReload (3116ms)
		SetupLoadedEditorAssemblies (0ms)
			InitializePlatformSupportModulesInManaged (4ms)
			BeforeProcessingInitializeOnLoad (146ms)
			ProcessInitializeOnLoadAttributes (624ms)
			ProcessInitializeOnLoadMethodAttributes (233ms)
			AfterProcessingInitializeOnLoad (8ms)
		AwakeInstancesAfterBackupRestoration (1080ms)

Asset Pipeline Refresh (id=4e1f891d5e763b849b6b325de7e9b6f3): Total: 5.052 seconds - Initiated by StopAssetImportingV2(ForceSynchronousImport | ForceDomainReload)
	(Values over 0.05ms)
	Summary:
		Imports: total=0 (actual=0, local cache=0, cache server=0)
		Asset DB Process Time: managed=0 ms, native=3323 ms
		Asset DB Callback time: managed=53 ms, native=0 ms
		Scripting: domain reloads=1, domain reload time=1671 ms, compile time=2 ms, other=0 ms
		Project Asset Count: scripts=1374, non-scripts=2361
		Asset File Changes: new=0, changed=0, moved=0, deleted=0
		Scan Filter Count: 0
	InvokePackagesCallback: 2.612ms
	ApplyChangesToAssetFolders: 0.530ms
	Collect global state as custom dependencies: 5.068ms
	ProcessAssetsWithTransientArtifactChanges: 0.423ms
	CategorizeAssets: 77.684ms
	CompileScripts: 2.484ms
	ImportOutOfDateAssets: 3180.091ms (3138.389ms without children)
		CollectScriptTypesHashes: 1.273ms
		ReloadNativeAssets: 1.410ms
		UnloadImportedAssets: 0.457ms
		EnsureUptoDateAssetsAreRegisteredWithGuidPM: 1.088ms
		ImportSchedulerStart: 38.696ms
	PostProcessAllAssets: 53.589ms
		MonoPostProcessAllAssets: 53.581ms
			UniversalRenderPipelineGlobalSettingsPostprocessor.OnPostprocessAllAssets 18.925ms
			SyncVS.PostprocessSyncProject 5.671ms
			WindowAssetPostprocessingWatcher.OnPostprocessAllAssets 3.689ms
			SpeedTree9Postprocessor.OnPostprocessAllAssets 3.308ms
			RenderPipelineGlobalSettingsPostprocessor.OnPostprocessAllAssets 1.229ms
			ProjectSettingsPostprocessor.OnPostprocessAllAssets 1.150ms
			ShaderReflectionAssetPostProcessor.OnPostprocessAllAssets 0.665ms
			EditModeScopePostprocessor.OnPostprocessAllAssets 0.577ms
			InputActionAssetPostprocessor.OnPostprocessAllAssets 0.530ms
			ReferencedClipsPostProcessor.OnPostprocessAllAssets 0.458ms
			AssetDatabaseCallbacks.OnPostprocessAllAssets 0.261ms
			TerrainToolbarOverlayPostProcessor.OnPostprocessAllAssets 0.260ms
			AssetChangedListener.OnPostprocessAllAssets 0.224ms
			ShaderGraphAssetPostProcessor.OnPostprocessAllAssets 0.122ms
			AssetPostprocessor.OnPostprocessAllAssets 0.077ms
	GatherAllCurrentPrimaryImportResultRevisions: 0.257ms
	UnloadStreamsBegin: 0.074ms
	PersistCurrentRevisions: 0.166ms
	GenerateScriptTypeHashes: 3.463ms
	GenerateScriptTypeSerializationHashes: 5.699ms
	Untracked: 1719.803ms

Loaded scene 'Temp/__Backupscenes/0.backup'
	Deserialize:            4.573 ms
	Integration:            984.172 ms
	Integration of assets:  0.010 ms
	Thread Wait Time:       0.035 ms
	Total Operation Time:   988.790 ms
[Licensing::Client] Successfully resolved entitlement details
[Licensing::Client] Successfully resolved entitlement details
0.9809996
UnityEngine.Debug:ExtractStackTraceNoAlloc (byte*,int,string)
UnityEngine.StackTraceUtility:ExtractStackTrace ()
UnityEngine.DebugLogHandler:Internal_Log (UnityEngine.LogType,UnityEngine.LogOption,string,UnityEngine.Object)
UnityEngine.DebugLogHandler:LogFormat (UnityEngine.LogType,UnityEngine.Object,string,object[])
UnityEngine.Logger:Log (UnityEngine.LogType,object)
UnityEngine.Debug:Log (object)
PlatForm:OnCollisionEnter (UnityEngine.Collision) (at Assets/Script/PlatForm.cs:12)
UnityEngine.Physics:SendOnCollisionEnter (UnityEngine.Component,UnityEngine.Collision)
UnityEngine.Physics:ReportContacts (Unity.Collections.NativeArray`1/ReadOnly<UnityEngine.ContactPairHeader>)
UnityEngine.Physics:OnSceneContact (UnityEngine.PhysicsScene,intptr,int)

(Filename: Assets/Script/PlatForm.cs Line: 12)

Success
UnityEngine.Debug:ExtractStackTraceNoAlloc (byte*,int,string)
UnityEngine.StackTraceUtility:ExtractStackTrace ()
UnityEngine.DebugLogHandler:Internal_Log (UnityEngine.LogType,UnityEngine.LogOption,string,UnityEngine.Object)
UnityEngine.DebugLogHandler:LogFormat (UnityEngine.LogType,UnityEngine.Object,string,object[])
UnityEngine.Logger:Log (UnityEngine.LogType,object)
UnityEngine.Debug:Log (object)
PlatForm:OnCollisionEnter (UnityEngine.Collision) (at Assets/Script/PlatForm.cs:15)
UnityEngine.Physics:SendOnCollisionEnter (UnityEngine.Component,UnityEngine.Collision)
UnityEngine.Physics:ReportContacts (Unity.Collections.NativeArray`1/ReadOnly<UnityEngine.ContactPairHeader>)
UnityEngine.Physics:OnSceneContact (UnityEngine.PhysicsScene,intptr,int)

(Filename: Assets/Script/PlatForm.cs Line: 15)

Unloading 0 Unused Serialized files (Serialized files now loaded: 0)
Loaded scene 'Temp/__Backupscenes/0.backup'
	Deserialize:            3.510 ms
	Integration:            320.658 ms
	Integration of assets:  0.008 ms
	Thread Wait Time:       0.021 ms
	Total Operation Time:   324.196 ms
Unloading 14 unused Assets / (0.9 MB). Loaded Objects now: 8819.
Memory consumption went from 0.78 GB to 0.78 GB.
Total: 37.281500 ms (FindLiveObjects: 0.708900 ms CreateObjectMapping: 2.111600 ms MarkObjects: 34.355400 ms  DeleteObjects: 0.103800 ms)

Reloading assemblies for play mode.
Reloading assemblies after forced synchronous recompile.
Begin MonoManager ReloadAssembly
Native extension for WindowsStandalone target not found
Native extension for WebGL target not found
ScheduleIndexationOnStartup MainProcess:True IndexOnStartup:True
[MODES] ModeService[none].Initialize
[MODES] ModeService[none].LoadModes
Mono: successfully reloaded assembly
- Finished resetting the current domain, in  3.010 seconds
Domain Reload Profiling: 4573ms
	BeginReloadAssembly (1098ms)
		DisableScriptedObjects (133ms)
		CreateAndSetChildDomain (689ms)
	RebuildCommonClasses (23ms)
	RebuildNativeTypeToScriptingClass (32ms)
	initialDomainReloadingComplete (94ms)
	LoadAllAssembliesAndSetupDomain (315ms)
		LoadAssemblies (198ms)
		AnalyzeDomain (63ms)
			TypeCache.Refresh (12ms)
			ResolveRequiredComponents (44ms)
	FinalizeReload (3012ms)
		SetupLoadedEditorAssemblies (0ms)
			InitializePlatformSupportModulesInManaged (5ms)
			BeforeProcessingInitializeOnLoad (158ms)
			ProcessInitializeOnLoadAttributes (627ms)
			ProcessInitializeOnLoadMethodAttributes (239ms)
			AfterProcessingInitializeOnLoad (8ms)
		AwakeInstancesAfterBackupRestoration (1144ms)

Asset Pipeline Refresh (id=015eed6f99d2e6445a42f1ddd0485960): Total: 4.902 seconds - Initiated by StopAssetImportingV2(ForceSynchronousImport | ForceDomainReload)
	(Values over 0.05ms)
	Summary:
		Imports: total=0 (actual=0, local cache=0, cache server=0)
		Asset DB Process Time: managed=0 ms, native=3229 ms
		Asset DB Callback time: managed=49 ms, native=0 ms
		Scripting: domain reloads=1, domain reload time=1620 ms, compile time=2 ms, other=0 ms
		Project Asset Count: scripts=1374, non-scripts=2361
		Asset File Changes: new=0, changed=0, moved=0, deleted=0
		Scan Filter Count: 0
	InvokePackagesCallback: 2.333ms
	ApplyChangesToAssetFolders: 0.521ms
	Collect global state as custom dependencies: 5.125ms
	ProcessAssetsWithTransientArtifactChanges: 0.440ms
	CategorizeAssets: 81.871ms
	CompileScripts: 2.268ms
	ImportOutOfDateAssets: 3084.180ms (3033.227ms without children)
		CollectScriptTypesHashes: 1.239ms
		ReloadNativeAssets: 1.967ms
		UnloadImportedAssets: 0.436ms
		EnsureUptoDateAssetsAreRegisteredWithGuidPM: 1.385ms
		ImportSchedulerStart: 47.121ms
	PostProcessAllAssets: 49.532ms
		MonoPostProcessAllAssets: 49.524ms
			UniversalRenderPipelineGlobalSettingsPostprocessor.OnPostprocessAllAssets 17.753ms
			SyncVS.PostprocessSyncProject 4.187ms
			WindowAssetPostprocessingWatcher.OnPostprocessAllAssets 3.269ms
			SpeedTree9Postprocessor.OnPostprocessAllAssets 3.033ms
			ProjectSettingsPostprocessor.OnPostprocessAllAssets 1.184ms
			RenderPipelineGlobalSettingsPostprocessor.OnPostprocessAllAssets 1.107ms
			ShaderReflectionAssetPostProcessor.OnPostprocessAllAssets 0.577ms
			EditModeScopePostprocessor.OnPostprocessAllAssets 0.466ms
			ReferencedClipsPostProcessor.OnPostprocessAllAssets 0.445ms
			InputActionAssetPostprocessor.OnPostprocessAllAssets 0.411ms
			AssetDatabaseCallbacks.OnPostprocessAllAssets 0.249ms
			TerrainToolbarOverlayPostProcessor.OnPostprocessAllAssets 0.238ms
			AssetChangedListener.OnPostprocessAllAssets 0.224ms
			ShaderGraphAssetPostProcessor.OnPostprocessAllAssets 0.122ms
			AssetPostprocessor.OnPostprocessAllAssets 0.077ms
	GatherAllCurrentPrimaryImportResultRevisions: 0.239ms
	UnloadStreamsBegin: 0.056ms
	PersistCurrentRevisions: 0.173ms
	GenerateScriptTypeHashes: 4.091ms
	GenerateScriptTypeSerializationHashes: 6.785ms
	Untracked: 1665.176ms

Loaded scene 'Temp/__Backupscenes/0.backup'
	Deserialize:            4.579 ms
	Integration:            1021.653 ms
	Integration of assets:  0.011 ms
	Thread Wait Time:       0.009 ms
	Total Operation Time:   1026.251 ms
[Licensing::Client] Successfully resolved entitlement details
[Licensing::Client] Successfully resolved entitlement details
0.7309996
UnityEngine.Debug:ExtractStackTraceNoAlloc (byte*,int,string)
UnityEngine.StackTraceUtility:ExtractStackTrace ()
UnityEngine.DebugLogHandler:Internal_Log (UnityEngine.LogType,UnityEngine.LogOption,string,UnityEngine.Object)
UnityEngine.DebugLogHandler:LogFormat (UnityEngine.LogType,UnityEngine.Object,string,object[])
UnityEngine.Logger:Log (UnityEngine.LogType,object)
UnityEngine.Debug:Log (object)
PlatForm:OnCollisionEnter (UnityEngine.Collision) (at Assets/Script/PlatForm.cs:12)
UnityEngine.Physics:SendOnCollisionEnter (UnityEngine.Component,UnityEngine.Collision)
UnityEngine.Physics:ReportContacts (Unity.Collections.NativeArray`1/ReadOnly<UnityEngine.ContactPairHeader>)
UnityEngine.Physics:OnSceneContact (UnityEngine.PhysicsScene,intptr,int)

(Filename: Assets/Script/PlatForm.cs Line: 12)

Success
UnityEngine.Debug:ExtractStackTraceNoAlloc (byte*,int,string)
UnityEngine.StackTraceUtility:ExtractStackTrace ()
UnityEngine.DebugLogHandler:Internal_Log (UnityEngine.LogType,UnityEngine.LogOption,string,UnityEngine.Object)
UnityEngine.DebugLogHandler:LogFormat (UnityEngine.LogType,UnityEngine.Object,string,object[])
UnityEngine.Logger:Log (UnityEngine.LogType,object)
UnityEngine.Debug:Log (object)
PlatForm:OnCollisionEnter (UnityEngine.Collision) (at Assets/Script/PlatForm.cs:15)
UnityEngine.Physics:SendOnCollisionEnter (UnityEngine.Component,UnityEngine.Collision)
UnityEngine.Physics:ReportContacts (Unity.Collections.NativeArray`1/ReadOnly<UnityEngine.ContactPairHeader>)
UnityEngine.Physics:OnSceneContact (UnityEngine.PhysicsScene,intptr,int)

(Filename: Assets/Script/PlatForm.cs Line: 15)

Unloading 0 Unused Serialized files (Serialized files now loaded: 0)
Loaded scene 'Temp/__Backupscenes/0.backup'
	Deserialize:            3.950 ms
	Integration:            355.571 ms
	Integration of assets:  0.007 ms
	Thread Wait Time:       0.035 ms
	Total Operation Time:   359.563 ms
Unloading 14 unused Assets / (0.9 MB). Loaded Objects now: 8821.
Memory consumption went from 0.79 GB to 0.79 GB.
Total: 38.046300 ms (FindLiveObjects: 0.705900 ms CreateObjectMapping: 1.638200 ms MarkObjects: 35.602600 ms  DeleteObjects: 0.098100 ms)

[Licensing::Client] Successfully resolved entitlement details
Reloading assemblies for play mode.
Reloading assemblies after forced synchronous recompile.
Begin MonoManager ReloadAssembly
Refreshing native plugins compatible for Editor in 2.14 ms, found 4 plugins.
Native extension for WindowsStandalone target not found
Native extension for WebGL target not found
ScheduleIndexationOnStartup MainProcess:True IndexOnStartup:True
[MODES] ModeService[none].Initialize
[MODES] ModeService[none].LoadModes
Mono: successfully reloaded assembly
- Finished resetting the current domain, in  3.117 seconds
Domain Reload Profiling: 4723ms
	BeginReloadAssembly (1156ms)
		DisableScriptedObjects (142ms)
		CreateAndSetChildDomain (697ms)
	RebuildCommonClasses (22ms)
	RebuildNativeTypeToScriptingClass (31ms)
	initialDomainReloadingComplete (84ms)
	LoadAllAssembliesAndSetupDomain (312ms)
		LoadAssemblies (211ms)
		AnalyzeDomain (59ms)
			TypeCache.Refresh (14ms)
			ResolveRequiredComponents (37ms)
	FinalizeReload (3118ms)
		SetupLoadedEditorAssemblies (0ms)
			InitializePlatformSupportModulesInManaged (4ms)
			BeforeProcessingInitializeOnLoad (159ms)
			ProcessInitializeOnLoadAttributes (654ms)
			ProcessInitializeOnLoadMethodAttributes (237ms)
			AfterProcessingInitializeOnLoad (9ms)
		AwakeInstancesAfterBackupRestoration (1064ms)

Asset Pipeline Refresh (id=50c4e857f45d0bf44be7fbd2bd2eb5b7): Total: 5.048 seconds - Initiated by StopAssetImportingV2(ForceSynchronousImport | ForceDomainReload)
	(Values over 0.05ms)
	Summary:
		Imports: total=0 (actual=0, local cache=0, cache server=0)
		Asset DB Process Time: managed=0 ms, native=3340 ms
		Asset DB Callback time: managed=46 ms, native=0 ms
		Scripting: domain reloads=1, domain reload time=1658 ms, compile time=2 ms, other=0 ms
		Project Asset Count: scripts=1374, non-scripts=2361
		Asset File Changes: new=0, changed=0, moved=0, deleted=0
		Scan Filter Count: 0
	InvokePackagesCallback: 2.286ms
	ApplyChangesToAssetFolders: 0.599ms
	Collect global state as custom dependencies: 5.485ms
	ProcessAssetsWithTransientArtifactChanges: 0.539ms
	CategorizeAssets: 81.950ms
	CompileScripts: 2.235ms
	ImportOutOfDateAssets: 3191.394ms (3141.670ms without children)
		CollectScriptTypesHashes: 1.257ms
		ReloadNativeAssets: 1.253ms
		UnloadImportedAssets: 0.491ms
		EnsureUptoDateAssetsAreRegisteredWithGuidPM: 1.080ms
		ImportSchedulerStart: 46.844ms
	PostProcessAllAssets: 46.668ms
		MonoPostProcessAllAssets: 46.660ms
			UniversalRenderPipelineGlobalSettingsPostprocessor.OnPostprocessAllAssets 16.497ms
			SyncVS.PostprocessSyncProject 4.875ms
			SpeedTree9Postprocessor.OnPostprocessAllAssets 3.823ms
			WindowAssetPostprocessingWatcher.OnPostprocessAllAssets 2.734ms
			ProjectSettingsPostprocessor.OnPostprocessAllAssets 1.435ms
			RenderPipelineGlobalSettingsPostprocessor.OnPostprocessAllAssets 1.221ms
			ShaderReflectionAssetPostProcessor.OnPostprocessAllAssets 0.623ms
			InputActionAssetPostprocessor.OnPostprocessAllAssets 0.435ms
			EditModeScopePostprocessor.OnPostprocessAllAssets 0.431ms
			ReferencedClipsPostProcessor.OnPostprocessAllAssets 0.323ms
			TerrainToolbarOverlayPostProcessor.OnPostprocessAllAssets 0.282ms
			AssetChangedListener.OnPostprocessAllAssets 0.224ms
			AssetDatabaseCallbacks.OnPostprocessAllAssets 0.186ms
			ShaderGraphAssetPostProcessor.OnPostprocessAllAssets 0.122ms
			AssetPostprocessor.OnPostprocessAllAssets 0.077ms
	GatherAllCurrentPrimaryImportResultRevisions: 0.308ms
	UnloadStreamsBegin: 0.060ms
	PersistCurrentRevisions: 0.208ms
	GenerateScriptTypeHashes: 3.448ms
	GenerateScriptTypeSerializationHashes: 5.758ms
	Untracked: 1706.895ms

Loaded scene 'Temp/__Backupscenes/0.backup'
	Deserialize:            4.880 ms
	Integration:            975.620 ms
	Integration of assets:  0.011 ms
	Thread Wait Time:       0.024 ms
	Total Operation Time:   980.534 ms
[Licensing::Client] Successfully resolved entitlement details
[Licensing::Client] Successfully resolved entitlement details
0.7309996
UnityEngine.Debug:ExtractStackTraceNoAlloc (byte*,int,string)
UnityEngine.StackTraceUtility:ExtractStackTrace ()
UnityEngine.DebugLogHandler:Internal_Log (UnityEngine.LogType,UnityEngine.LogOption,string,UnityEngine.Object)
UnityEngine.DebugLogHandler:LogFormat (UnityEngine.LogType,UnityEngine.Object,string,object[])
UnityEngine.Logger:Log (UnityEngine.LogType,object)
UnityEngine.Debug:Log (object)
PlatForm:OnCollisionEnter (UnityEngine.Collision) (at Assets/Script/PlatForm.cs:12)
UnityEngine.Physics:SendOnCollisionEnter (UnityEngine.Component,UnityEngine.Collision)
UnityEngine.Physics:ReportContacts (Unity.Collections.NativeArray`1/ReadOnly<UnityEngine.ContactPairHeader>)
UnityEngine.Physics:OnSceneContact (UnityEngine.PhysicsScene,intptr,int)

(Filename: Assets/Script/PlatForm.cs Line: 12)

Success
UnityEngine.Debug:ExtractStackTraceNoAlloc (byte*,int,string)
UnityEngine.StackTraceUtility:ExtractStackTrace ()
UnityEngine.DebugLogHandler:Internal_Log (UnityEngine.LogType,UnityEngine.LogOption,string,UnityEngine.Object)
UnityEngine.DebugLogHandler:LogFormat (UnityEngine.LogType,UnityEngine.Object,string,object[])
UnityEngine.Logger:Log (UnityEngine.LogType,object)
UnityEngine.Debug:Log (object)
PlatForm:OnCollisionEnter (UnityEngine.Collision) (at Assets/Script/PlatForm.cs:15)
UnityEngine.Physics:SendOnCollisionEnter (UnityEngine.Component,UnityEngine.Collision)
UnityEngine.Physics:ReportContacts (Unity.Collections.NativeArray`1/ReadOnly<UnityEngine.ContactPairHeader>)
UnityEngine.Physics:OnSceneContact (UnityEngine.PhysicsScene,intptr,int)

(Filename: Assets/Script/PlatForm.cs Line: 15)

27.81116
UnityEngine.Debug:ExtractStackTraceNoAlloc (byte*,int,string)
UnityEngine.StackTraceUtility:ExtractStackTrace ()
UnityEngine.DebugLogHandler:Internal_Log (UnityEngine.LogType,UnityEngine.LogOption,string,UnityEngine.Object)
UnityEngine.DebugLogHandler:LogFormat (UnityEngine.LogType,UnityEngine.Object,string,object[])
UnityEngine.Logger:Log (UnityEngine.LogType,object)
UnityEngine.Debug:Log (object)
PlatForm:OnCollisionEnter (UnityEngine.Collision) (at Assets/Script/PlatForm.cs:12)
UnityEngine.Physics:SendOnCollisionEnter (UnityEngine.Component,UnityEngine.Collision)
UnityEngine.Physics:ReportContacts (Unity.Collections.NativeArray`1/ReadOnly<UnityEngine.ContactPairHeader>)
UnityEngine.Physics:OnSceneContact (UnityEngine.PhysicsScene,intptr,int)

(Filename: Assets/Script/PlatForm.cs Line: 12)

Boom
UnityEngine.Debug:ExtractStackTraceNoAlloc (byte*,int,string)
UnityEngine.StackTraceUtility:ExtractStackTrace ()
UnityEngine.DebugLogHandler:Internal_Log (UnityEngine.LogType,UnityEngine.LogOption,string,UnityEngine.Object)
UnityEngine.DebugLogHandler:LogFormat (UnityEngine.LogType,UnityEngine.Object,string,object[])
UnityEngine.Logger:Log (UnityEngine.LogType,object)
UnityEngine.Debug:Log (object)
PlatForm:OnCollisionEnter (UnityEngine.Collision) (at Assets/Script/PlatForm.cs:19)
UnityEngine.Physics:SendOnCollisionEnter (UnityEngine.Component,UnityEngine.Collision)
UnityEngine.Physics:ReportContacts (Unity.Collections.NativeArray`1/ReadOnly<UnityEngine.ContactPairHeader>)
UnityEngine.Physics:OnSceneContact (UnityEngine.PhysicsScene,intptr,int)

(Filename: Assets/Script/PlatForm.cs Line: 19)

Unloading 0 Unused Serialized files (Serialized files now loaded: 0)
Loaded scene 'Temp/__Backupscenes/0.backup'
	Deserialize:            3.540 ms
	Integration:            376.074 ms
	Integration of assets:  0.006 ms
	Thread Wait Time:       0.034 ms
	Total Operation Time:   379.655 ms
Unloading 14 unused Assets / (5.7 MB). Loaded Objects now: 8823.
Memory consumption went from 0.81 GB to 0.80 GB.
Total: 38.505800 ms (FindLiveObjects: 0.972700 ms CreateObjectMapping: 1.676900 ms MarkObjects: 35.748300 ms  DeleteObjects: 0.105900 ms)

Asset Pipeline Refresh (id=407d819b999632847a86ace089a7bde8): Total: 0.019 seconds - Initiated by RefreshV2(AllowForceSynchronousImport)
[ScriptCompilation] Requested script compilation because: AssetDatabase observed changes in script compilation related files
Asset Pipeline Refresh (id=0e8829235d51a004e8a6a4b2358c8408): Total: 0.178 seconds - Initiated by RefreshV2(NoUpdateAssetOptions)
[Licensing::Client] Successfully resolved entitlement details
info: Microsoft.AspNetCore.Hosting.Diagnostics[1]
      Request starting HTTP/2 POST http://ilpp/UnityILPP.PostProcessing/Ping - application/grpc -
info: Microsoft.AspNetCore.Routing.EndpointMiddleware[0]
      Executing endpoint 'gRPC - /UnityILPP.PostProcessing/Ping'
info: Microsoft.AspNetCore.Routing.EndpointMiddleware[1]
      Executed endpoint 'gRPC - /UnityILPP.PostProcessing/Ping'
info: Microsoft.AspNetCore.Hosting.Diagnostics[2]
      Request finished HTTP/2 POST http://ilpp/UnityILPP.PostProcessing/Ping - 200 - application/grpc 0.7091ms
Starting: C:\Program Files\Unity\Hub\Editor\6000.5.9f1\Editor\Data\Tools\BuildPipeline\bee_backend.exe --ipc --defer-dag-verification --dagfile="Library/Bee/1900b0aE.dag" --continue-on-failure --profile="Library/Bee/backend1.traceevents" ScriptAssemblies
WorkingDir: C:/Users/golfa/Rocket
info: Microsoft.AspNetCore.Hosting.Diagnostics[1]
      Request starting HTTP/2 POST http://ilpp/UnityILPP.PostProcessing/ConfigurePostProcessors - application/grpc -
info: Microsoft.AspNetCore.Routing.EndpointMiddleware[0]
      Executing endpoint 'gRPC - /UnityILPP.PostProcessing/ConfigurePostProcessors'
info: Unity.ILPP.Runner.PostProcessingAssemblyLoadContext[0]
      Current configuration matches the requested one, skipping
info: Microsoft.AspNetCore.Routing.EndpointMiddleware[1]
      Executed endpoint 'gRPC - /UnityILPP.PostProcessing/ConfigurePostProcessors'
info: Microsoft.AspNetCore.Hosting.Diagnostics[2]
      Request finished HTTP/2 POST http://ilpp/UnityILPP.PostProcessing/ConfigurePostProcessors - 200 - application/grpc 1.1624ms
Asset Pipeline Refresh (id=0e5106aee0954694fa1532531e226734): Total: 0.017 seconds - Initiated by RefreshV2(NoUpdateAssetOptions)
Asset Pipeline Refresh (id=b61581d8ef64d0f44a0dfc527994b3df): Total: 0.005 seconds - Initiated by RefreshV2(NoUpdateAssetOptions)
info: Microsoft.AspNetCore.Hosting.Diagnostics[1]
      Request starting HTTP/2 POST http://ilpp/UnityILPP.PostProcessing/PostProcessAssembly - application/grpc -
info: Microsoft.AspNetCore.Routing.EndpointMiddleware[0]
      Executing endpoint 'gRPC - /UnityILPP.PostProcessing/PostProcessAssembly'
info: Unity.ILPP.Runner.PostProcessingPipeline[0]
      Processing assembly Library/Bee/artifacts/1900b0aE.dag/Assembly-CSharp.dll, with 141 defines and 339 references
info: Unity.ILPP.Runner.PostProcessingPipeline[0]
      processors: Unity.Jobs.CodeGen.JobsILPostProcessor, zzzUnity.Burst.CodeGen.BurstILPostProcessor
info: Unity.ILPP.Runner.PostProcessingPipeline[0]
      running Unity.Jobs.CodeGen.JobsILPostProcessor
info: Unity.ILPP.Runner.PostProcessingPipeline[0]
      running zzzUnity.Burst.CodeGen.BurstILPostProcessor
info: Microsoft.AspNetCore.Routing.EndpointMiddleware[1]
      Executed endpoint 'gRPC - /UnityILPP.PostProcessing/PostProcessAssembly'
info: Microsoft.AspNetCore.Hosting.Diagnostics[2]
      Request finished HTTP/2 POST http://ilpp/UnityILPP.PostProcessing/PostProcessAssembly - 200 - application/grpc 18.2433ms
ExitCode: 0 Duration: 0s692ms
[730/927    0s] ILPP-Configuration Library/ilpp-configuration.nevergeneratedoutput
[923/927    0s] Csc Library/Bee/artifacts/1900b0aE.dag/Assembly-CSharp.dll (+2 others)
[924/927    0s] ILPostProcess Library/Bee/artifacts/1900b0aE.dag/post-processed/Assembly-CSharp.dll (+pdb)
Processing assembly Library/Bee/artifacts/1900b0aE.dag/Assembly-CSharp.dll, with 141 defines and 339 references

processors: Unity.Jobs.CodeGen.JobsILPostProcessor, zzzUnity.Burst.CodeGen.BurstILPostProcessor

running Unity.Jobs.CodeGen.JobsILPostProcessor

running zzzUnity.Burst.CodeGen.BurstILPostProcessor
[925/927    0s] CopyFiles Library/ScriptAssemblies/Assembly-CSharp.dll
[926/927    0s] CopyFiles Library/ScriptAssemblies/Assembly-CSharp.pdb
*** Tundra build success (0.65 seconds), 5 items updated, 927 evaluated
Reloading assemblies after finishing script compilation.
Reloading assemblies after forced synchronous recompile.
Total cache size 64119356
Total cache size after purge 64119356, took 00:00:00.1560471
Begin MonoManager ReloadAssembly
Refreshing native plugins compatible for Editor in 3.03 ms, found 4 plugins.
Native extension for WindowsStandalone target not found
Native extension for WebGL target not found
[MODES] ModeService[none].Initialize
[MODES] ModeService[none].LoadModes
ScheduleIndexationOnStartup MainProcess:True IndexOnStartup:True
Mono: successfully reloaded assembly
- Finished resetting the current domain, in  3.674 seconds
Domain Reload Profiling: 5835ms
	BeginReloadAssembly (1389ms)
		DisableScriptedObjects (136ms)
		CreateAndSetChildDomain (709ms)
	RebuildCommonClasses (32ms)
	RebuildNativeTypeToScriptingClass (26ms)
	initialDomainReloadingComplete (97ms)
	LoadAllAssembliesAndSetupDomain (616ms)
		LoadAssemblies (240ms)
		AnalyzeDomain (342ms)
			TypeCache.Refresh (15ms)
			BuildScriptInfoCaches (281ms)
			ResolveRequiredComponents (43ms)
	FinalizeReload (3675ms)
		SetupLoadedEditorAssemblies (0ms)
			InitializePlatformSupportModulesInManaged (4ms)
			BeforeProcessingInitializeOnLoad (304ms)
			ProcessInitializeOnLoadAttributes (642ms)
			ProcessInitializeOnLoadMethodAttributes (230ms)
			AfterProcessingInitializeOnLoad (8ms)
		AwakeInstancesAfterBackupRestoration (1131ms)

Asset Pipeline Refresh (id=ebcb75afd278bf743b6656cc82011dba): Total: 6.188 seconds - Initiated by StopAssetImportingV2(ForceSynchronousImport | ForceDomainReload)
	(Values over 0.05ms)
	Summary:
		Imports: total=0 (actual=0, local cache=0, cache server=0)
		Asset DB Process Time: managed=0 ms, native=3880 ms
		Asset DB Callback time: managed=53 ms, native=0 ms
		Scripting: domain reloads=1, domain reload time=2252 ms, compile time=2 ms, other=0 ms
		Project Asset Count: scripts=1374, non-scripts=2361
		Asset File Changes: new=0, changed=0, moved=0, deleted=0
		Scan Filter Count: 0
	InvokePackagesCallback: 2.073ms
	ApplyChangesToAssetFolders: 0.483ms
	Collect global state as custom dependencies: 6.084ms
	ProcessAssetsWithTransientArtifactChanges: 10.059ms
	CategorizeAssets: 64.264ms
	CompileScripts: 1.736ms
	ImportOutOfDateAssets: 3742.537ms (3694.470ms without children)
		CollectScriptTypesHashes: 1.675ms
		ReloadNativeAssets: 1.361ms
		UnloadImportedAssets: 0.430ms
		EnsureUptoDateAssetsAreRegisteredWithGuidPM: 1.332ms
		ImportSchedulerStart: 44.893ms
	PostProcessAllAssets: 53.678ms
		MonoPostProcessAllAssets: 53.669ms
			UniversalRenderPipelineGlobalSettingsPostprocessor.OnPostprocessAllAssets 18.270ms
			AssetPostprocessor.OnPostprocessAllAssets 8.464ms
			BuilderAssetPostprocessor.OnPostprocessAllAssets 8.216ms
			AssetChangedListener.OnPostprocessAllAssets 6.960ms
			SyncVS.PostprocessSyncProject 6.351ms
			WindowAssetPostprocessingWatcher.OnPostprocessAllAssets 3.825ms
			ShaderGraphAssetPostProcessor.OnPostprocessAllAssets 3.035ms
			RetainedModeAssetPostprocessor.OnPostprocessAllAssets 2.032ms
			SpeedTree9Postprocessor.OnPostprocessAllAssets 2.024ms
			EditModeScopePostprocessor.OnPostprocessAllAssets 1.733ms
			MaterialPostprocessor.OnPostprocessAllAssets 1.402ms
			RenderPipelineGlobalSettingsPostprocessor.OnPostprocessAllAssets 1.373ms
			ProjectSettingsPostprocessor.OnPostprocessAllAssets 1.314ms
			TMPro_TexturePostProcessor.OnPostprocessAllAssets 1.162ms
			ArtifactBrowserPostProcessor.OnPostprocessAllAssets 0.835ms
			AudioMixerPostprocessor.OnPostprocessAllAssets 0.722ms
			UVCSAssetPostprocessor.OnPostprocessAllAssets 0.689ms
			TextAssetPostProcessor.OnPostprocessAllAssets 0.667ms
			ShaderReflectionAssetPostProcessor.OnPostprocessAllAssets 0.651ms
			InputActionAssetPostprocessor.OnPostprocessAllAssets 0.568ms
			SpeedTreePostProcessor.OnPostprocessAllAssets 0.546ms
			AssetEvents.OnPostprocessAllAssets 0.523ms
			StyleCatalogPostProcessor.OnPostprocessAllAssets 0.466ms
			ReferencedClipsPostProcessor.OnPostprocessAllAssets 0.419ms
			InputActionJsonNameModifierAssetProcessor.OnPostprocessAllAssets 0.402ms
			PostProcessor.OnPostprocessAllAssets 0.383ms
			SampleDependencyImporterPostProcessor.OnPostprocessAllAssets 0.338ms
			TerrainToolbarOverlayPostProcessor.OnPostprocessAllAssets 0.267ms
			AssetDatabaseCallbacks.OnPostprocessAllAssets 0.259ms
			SamplePostprocessor.OnPostprocessAllAssets 0.228ms
			ScenarioDriftAssetsTracker.OnPostprocessAllAssets 0.226ms
			AssetReloadNotifier.OnPostprocessAllAssets 0.176ms
			ConfigAssetsTracker.OnPostprocessAllAssets 0.151ms
			AudioContainerPostProcessor.OnPostprocessAllAssets 0.106ms
	GatherAllCurrentPrimaryImportResultRevisions: 0.170ms
	PersistCurrentRevisions: 0.172ms
	GenerateScriptTypeHashes: 2.794ms
	GenerateScriptTypeSerializationHashes: 4.680ms
	Untracked: 2301.129ms

[Licensing::Client] Successfully resolved entitlement details
[Licensing::Client] Successfully resolved entitlement details
Asset Pipeline Refresh (id=ba8ba37829ce7cd4eafe0f8a0e16e23a): Total: 0.030 seconds - Initiated by RefreshV2(AllowForceSynchronousImport)
Reloading assemblies for play mode.
Reloading assemblies after forced synchronous recompile.
Begin MonoManager ReloadAssembly
Refreshing native plugins compatible for Editor in 2.21 ms, found 4 plugins.
Native extension for WindowsStandalone target not found
Native extension for WebGL target not found
ScheduleIndexationOnStartup MainProcess:True IndexOnStartup:True
[MODES] ModeService[none].Initialize
[MODES] ModeService[none].LoadModes
Mono: successfully reloaded assembly
- Finished resetting the current domain, in  3.259 seconds
Domain Reload Profiling: 4897ms
	BeginReloadAssembly (1212ms)
		DisableScriptedObjects (163ms)
		CreateAndSetChildDomain (745ms)
	RebuildCommonClasses (22ms)
	RebuildNativeTypeToScriptingClass (24ms)
	initialDomainReloadingComplete (74ms)
	LoadAllAssembliesAndSetupDomain (304ms)
		LoadAssemblies (218ms)
		AnalyzeDomain (65ms)
			TypeCache.Refresh (14ms)
			ResolveRequiredComponents (43ms)
	FinalizeReload (3261ms)
		SetupLoadedEditorAssemblies (0ms)
			InitializePlatformSupportModulesInManaged (3ms)
			BeforeProcessingInitializeOnLoad (158ms)
			ProcessInitializeOnLoadAttributes (653ms)
			ProcessInitializeOnLoadMethodAttributes (237ms)
			AfterProcessingInitializeOnLoad (8ms)
		AwakeInstancesAfterBackupRestoration (1210ms)

Asset Pipeline Refresh (id=7574655e845b12e4e89204ead17d6fb7): Total: 5.247 seconds - Initiated by StopAssetImportingV2(ForceSynchronousImport | ForceDomainReload)
	(Values over 0.05ms)
	Summary:
		Imports: total=0 (actual=0, local cache=0, cache server=0)
		Asset DB Process Time: managed=0 ms, native=3477 ms
		Asset DB Callback time: managed=52 ms, native=0 ms
		Scripting: domain reloads=1, domain reload time=1714 ms, compile time=2 ms, other=0 ms
		Project Asset Count: scripts=1374, non-scripts=2361
		Asset File Changes: new=0, changed=0, moved=0, deleted=0
		Scan Filter Count: 0
	InvokePackagesCallback: 2.230ms
	ApplyChangesToAssetFolders: 0.546ms
	Collect global state as custom dependencies: 4.713ms
	ProcessAssetsWithTransientArtifactChanges: 0.463ms
	CategorizeAssets: 83.088ms
	CompileScripts: 2.264ms
	ImportOutOfDateAssets: 3327.460ms (3281.902ms without children)
		CollectScriptTypesHashes: 1.274ms
		ReloadNativeAssets: 2.001ms
		UnloadImportedAssets: 0.414ms
		EnsureUptoDateAssetsAreRegisteredWithGuidPM: 1.422ms
		ImportSchedulerStart: 41.676ms
	PostProcessAllAssets: 52.755ms
		MonoPostProcessAllAssets: 52.747ms
			UniversalRenderPipelineGlobalSettingsPostprocessor.OnPostprocessAllAssets 17.833ms
			AssetPostprocessor.OnPostprocessAllAssets 8.464ms
			BuilderAssetPostprocessor.OnPostprocessAllAssets 8.216ms
			AssetChangedListener.OnPostprocessAllAssets 6.960ms
			SyncVS.PostprocessSyncProject 5.552ms
			WindowAssetPostprocessingWatcher.OnPostprocessAllAssets 3.802ms
			SpeedTree9Postprocessor.OnPostprocessAllAssets 3.504ms
			ShaderGraphAssetPostProcessor.OnPostprocessAllAssets 3.035ms
			RetainedModeAssetPostprocessor.OnPostprocessAllAssets 2.032ms
			ProjectSettingsPostprocessor.OnPostprocessAllAssets 1.406ms
			MaterialPostprocessor.OnPostprocessAllAssets 1.402ms
			RenderPipelineGlobalSettingsPostprocessor.OnPostprocessAllAssets 1.230ms
			TMPro_TexturePostProcessor.OnPostprocessAllAssets 1.162ms
			ArtifactBrowserPostProcessor.OnPostprocessAllAssets 0.835ms
			ShaderReflectionAssetPostProcessor.OnPostprocessAllAssets 0.751ms
			AudioMixerPostprocessor.OnPostprocessAllAssets 0.722ms
			UVCSAssetPostprocessor.OnPostprocessAllAssets 0.689ms
			TextAssetPostProcessor.OnPostprocessAllAssets 0.667ms
			InputActionAssetPostprocessor.OnPostprocessAllAssets 0.573ms
			SpeedTreePostProcessor.OnPostprocessAllAssets 0.546ms
			AssetEvents.OnPostprocessAllAssets 0.523ms
			EditModeScopePostprocessor.OnPostprocessAllAssets 0.505ms
			StyleCatalogPostProcessor.OnPostprocessAllAssets 0.466ms
			ReferencedClipsPostProcessor.OnPostprocessAllAssets 0.452ms
			InputActionJsonNameModifierAssetProcessor.OnPostprocessAllAssets 0.402ms
			PostProcessor.OnPostprocessAllAssets 0.383ms
			TerrainToolbarOverlayPostProcessor.OnPostprocessAllAssets 0.353ms
			SampleDependencyImporterPostProcessor.OnPostprocessAllAssets 0.338ms
			AssetDatabaseCallbacks.OnPostprocessAllAssets 0.301ms
			SamplePostprocessor.OnPostprocessAllAssets 0.228ms
			ScenarioDriftAssetsTracker.OnPostprocessAllAssets 0.226ms
			AssetReloadNotifier.OnPostprocessAllAssets 0.176ms
			ConfigAssetsTracker.OnPostprocessAllAssets 0.151ms
			AudioContainerPostProcessor.OnPostprocessAllAssets 0.106ms
	GatherAllCurrentPrimaryImportResultRevisions: 0.265ms
	PersistCurrentRevisions: 0.197ms
	GenerateScriptTypeHashes: 4.062ms
	GenerateScriptTypeSerializationHashes: 6.682ms
	Untracked: 1765.295ms

Loaded scene 'Temp/__Backupscenes/0.backup'
	Deserialize:            4.790 ms
	Integration:            935.351 ms
	Integration of assets:  0.011 ms
	Thread Wait Time:       0.012 ms
	Total Operation Time:   940.163 ms
[Licensing::Client] Successfully resolved entitlement details
[Licensing::Client] Successfully resolved entitlement details
0.9809996
UnityEngine.Debug:ExtractStackTraceNoAlloc (byte*,int,string)
UnityEngine.StackTraceUtility:ExtractStackTrace ()
UnityEngine.DebugLogHandler:Internal_Log (UnityEngine.LogType,UnityEngine.LogOption,string,UnityEngine.Object)
UnityEngine.DebugLogHandler:LogFormat (UnityEngine.LogType,UnityEngine.Object,string,object[])
UnityEngine.Logger:Log (UnityEngine.LogType,object)
UnityEngine.Debug:Log (object)
PlatForm:OnCollisionEnter (UnityEngine.Collision) (at Assets/Script/PlatForm.cs:12)
UnityEngine.Physics:SendOnCollisionEnter (UnityEngine.Component,UnityEngine.Collision)
UnityEngine.Physics:ReportContacts (Unity.Collections.NativeArray`1/ReadOnly<UnityEngine.ContactPairHeader>)
UnityEngine.Physics:OnSceneContact (UnityEngine.PhysicsScene,intptr,int)

(Filename: Assets/Script/PlatForm.cs Line: 12)

Success
UnityEngine.Debug:ExtractStackTraceNoAlloc (byte*,int,string)
UnityEngine.StackTraceUtility:ExtractStackTrace ()
UnityEngine.DebugLogHandler:Internal_Log (UnityEngine.LogType,UnityEngine.LogOption,string,UnityEngine.Object)
UnityEngine.DebugLogHandler:LogFormat (UnityEngine.LogType,UnityEngine.Object,string,object[])
UnityEngine.Logger:Log (UnityEngine.LogType,object)
UnityEngine.Debug:Log (object)
PlatForm:OnCollisionEnter (UnityEngine.Collision) (at Assets/Script/PlatForm.cs:15)
UnityEngine.Physics:SendOnCollisionEnter (UnityEngine.Component,UnityEngine.Collision)
UnityEngine.Physics:ReportContacts (Unity.Collections.NativeArray`1/ReadOnly<UnityEngine.ContactPairHeader>)
UnityEngine.Physics:OnSceneContact (UnityEngine.PhysicsScene,intptr,int)

(Filename: Assets/Script/PlatForm.cs Line: 15)

Unloading 0 Unused Serialized files (Serialized files now loaded: 0)
Loaded scene 'Temp/__Backupscenes/0.backup'
	Deserialize:            3.119 ms
	Integration:            265.454 ms
	Integration of assets:  0.006 ms
	Thread Wait Time:       0.053 ms
	Total Operation Time:   268.633 ms
Unloading 36 unused Assets / (174.3 KB). Loaded Objects now: 8843.
Memory consumption went from 0.83 GB to 0.83 GB.
Total: 35.410200 ms (FindLiveObjects: 0.505200 ms CreateObjectMapping: 1.402600 ms MarkObjects: 33.335900 ms  DeleteObjects: 0.164200 ms)

[Licensing::Client] Successfully resolved entitlement details
Reloading assemblies for play mode.
Reloading assemblies after forced synchronous recompile.
Begin MonoManager ReloadAssembly
Native extension for WindowsStandalone target not found
Native extension for WebGL target not found
ScheduleIndexationOnStartup MainProcess:True IndexOnStartup:True
[MODES] ModeService[none].Initialize
[MODES] ModeService[none].LoadModes
Mono: successfully reloaded assembly
- Finished resetting the current domain, in  3.100 seconds
Domain Reload Profiling: 4883ms
	BeginReloadAssembly (1322ms)
		DisableScriptedObjects (164ms)
		CreateAndSetChildDomain (838ms)
	RebuildCommonClasses (23ms)
	RebuildNativeTypeToScriptingClass (32ms)
	initialDomainReloadingComplete (90ms)
	LoadAllAssembliesAndSetupDomain (314ms)
		LoadAssemblies (221ms)
		AnalyzeDomain (68ms)
			TypeCache.Refresh (16ms)
			ResolveRequiredComponents (44ms)
	FinalizeReload (3102ms)
		SetupLoadedEditorAssemblies (0ms)
			InitializePlatformSupportModulesInManaged (4ms)
			BeforeProcessingInitializeOnLoad (164ms)
			ProcessInitializeOnLoadAttributes (656ms)
			ProcessInitializeOnLoadMethodAttributes (231ms)
			AfterProcessingInitializeOnLoad (8ms)
		AwakeInstancesAfterBackupRestoration (1028ms)

Asset Pipeline Refresh (id=1cf07ddd0854cff47bd483ff25674df6): Total: 5.223 seconds - Initiated by StopAssetImportingV2(ForceSynchronousImport | ForceDomainReload)
	(Values over 0.05ms)
	Summary:
		Imports: total=0 (actual=0, local cache=0, cache server=0)
		Asset DB Process Time: managed=0 ms, native=3314 ms
		Asset DB Callback time: managed=51 ms, native=0 ms
		Scripting: domain reloads=1, domain reload time=1853 ms, compile time=3 ms, other=0 ms
		Project Asset Count: scripts=1374, non-scripts=2361
		Asset File Changes: new=0, changed=0, moved=0, deleted=0
		Scan Filter Count: 0
	InvokePackagesCallback: 2.179ms
	ApplyChangesToAssetFolders: 0.550ms
	Collect global state as custom dependencies: 4.651ms
	ProcessAssetsWithTransientArtifactChanges: 0.490ms
	CategorizeAssets: 81.827ms
	CompileScripts: 3.370ms
	ImportOutOfDateAssets: 3167.560ms (3122.695ms without children)
		CollectScriptTypesHashes: 1.262ms
		ReloadNativeAssets: 1.970ms
		UnloadImportedAssets: 0.306ms
		EnsureUptoDateAssetsAreRegisteredWithGuidPM: 1.077ms
		ImportSchedulerStart: 41.465ms
	PostProcessAllAssets: 51.895ms
		MonoPostProcessAllAssets: 51.886ms
			UniversalRenderPipelineGlobalSettingsPostprocessor.OnPostprocessAllAssets 18.311ms
			AssetPostprocessor.OnPostprocessAllAssets 8.464ms
			BuilderAssetPostprocessor.OnPostprocessAllAssets 8.216ms
			AssetChangedListener.OnPostprocessAllAssets 6.960ms
			SyncVS.PostprocessSyncProject 5.266ms
			WindowAssetPostprocessingWatcher.OnPostprocessAllAssets 3.696ms
			SpeedTree9Postprocessor.OnPostprocessAllAssets 3.265ms
			ShaderGraphAssetPostProcessor.OnPostprocessAllAssets 3.035ms
			RetainedModeAssetPostprocessor.OnPostprocessAllAssets 2.032ms
			MaterialPostprocessor.OnPostprocessAllAssets 1.402ms
			RenderPipelineGlobalSettingsPostprocessor.OnPostprocessAllAssets 1.327ms
			TMPro_TexturePostProcessor.OnPostprocessAllAssets 1.162ms
			ProjectSettingsPostprocessor.OnPostprocessAllAssets 1.143ms
			ArtifactBrowserPostProcessor.OnPostprocessAllAssets 0.835ms
			AudioMixerPostprocessor.OnPostprocessAllAssets 0.722ms
			ShaderReflectionAssetPostProcessor.OnPostprocessAllAssets 0.700ms
			UVCSAssetPostprocessor.OnPostprocessAllAssets 0.689ms
			TextAssetPostProcessor.OnPostprocessAllAssets 0.667ms
			SpeedTreePostProcessor.OnPostprocessAllAssets 0.546ms
			AssetEvents.OnPostprocessAllAssets 0.523ms
			InputActionAssetPostprocessor.OnPostprocessAllAssets 0.522ms
			EditModeScopePostprocessor.OnPostprocessAllAssets 0.487ms
			StyleCatalogPostProcessor.OnPostprocessAllAssets 0.466ms
			ReferencedClipsPostProcessor.OnPostprocessAllAssets 0.452ms
			InputActionJsonNameModifierAssetProcessor.OnPostprocessAllAssets 0.402ms
			PostProcessor.OnPostprocessAllAssets 0.383ms
			SampleDependencyImporterPostProcessor.OnPostprocessAllAssets 0.338ms
			AssetDatabaseCallbacks.OnPostprocessAllAssets 0.280ms
			TerrainToolbarOverlayPostProcessor.OnPostprocessAllAssets 0.269ms
			SamplePostprocessor.OnPostprocessAllAssets 0.228ms
			ScenarioDriftAssetsTracker.OnPostprocessAllAssets 0.226ms
			AssetReloadNotifier.OnPostprocessAllAssets 0.176ms
			ConfigAssetsTracker.OnPostprocessAllAssets 0.151ms
			AudioContainerPostProcessor.OnPostprocessAllAssets 0.106ms
	GatherAllCurrentPrimaryImportResultRevisions: 0.217ms
	UnloadStreamsBegin: 0.055ms
	PersistCurrentRevisions: 0.164ms
	GenerateScriptTypeHashes: 4.071ms
	GenerateScriptTypeSerializationHashes: 6.667ms
	Untracked: 1900.722ms

Loaded scene 'Temp/__Backupscenes/0.backup'
	Deserialize:            4.978 ms
	Integration:            1072.742 ms
	Integration of assets:  0.008 ms
	Thread Wait Time:       0.031 ms
	Total Operation Time:   1077.758 ms
[Licensing::Client] Successfully resolved entitlement details
[Licensing::Client] Successfully resolved entitlement details
0.9809996
UnityEngine.Debug:ExtractStackTraceNoAlloc (byte*,int,string)
UnityEngine.StackTraceUtility:ExtractStackTrace ()
UnityEngine.DebugLogHandler:Internal_Log (UnityEngine.LogType,UnityEngine.LogOption,string,UnityEngine.Object)
UnityEngine.DebugLogHandler:LogFormat (UnityEngine.LogType,UnityEngine.Object,string,object[])
UnityEngine.Logger:Log (UnityEngine.LogType,object)
UnityEngine.Debug:Log (object)
PlatForm:OnCollisionEnter (UnityEngine.Collision) (at Assets/Script/PlatForm.cs:12)
UnityEngine.Physics:SendOnCollisionEnter (UnityEngine.Component,UnityEngine.Collision)
UnityEngine.Physics:ReportContacts (Unity.Collections.NativeArray`1/ReadOnly<UnityEngine.ContactPairHeader>)
UnityEngine.Physics:OnSceneContact (UnityEngine.PhysicsScene,intptr,int)

(Filename: Assets/Script/PlatForm.cs Line: 12)

Success
UnityEngine.Debug:ExtractStackTraceNoAlloc (byte*,int,string)
UnityEngine.StackTraceUtility:ExtractStackTrace ()
UnityEngine.DebugLogHandler:Internal_Log (UnityEngine.LogType,UnityEngine.LogOption,string,UnityEngine.Object)
UnityEngine.DebugLogHandler:LogFormat (UnityEngine.LogType,UnityEngine.Object,string,object[])
UnityEngine.Logger:Log (UnityEngine.LogType,object)
UnityEngine.Debug:Log (object)
PlatForm:OnCollisionEnter (UnityEngine.Collision) (at Assets/Script/PlatForm.cs:15)
UnityEngine.Physics:SendOnCollisionEnter (UnityEngine.Component,UnityEngine.Collision)
UnityEngine.Physics:ReportContacts (Unity.Collections.NativeArray`1/ReadOnly<UnityEngine.ContactPairHeader>)
UnityEngine.Physics:OnSceneContact (UnityEngine.PhysicsScene,intptr,int)

(Filename: Assets/Script/PlatForm.cs Line: 15)

Unloading 0 Unused Serialized files (Serialized files now loaded: 0)
Loaded scene 'Temp/__Backupscenes/0.backup'
	Deserialize:            3.626 ms
	Integration:            353.127 ms
	Integration of assets:  0.007 ms
	Thread Wait Time:       0.025 ms
	Total Operation Time:   356.785 ms
Unloading 31 unused Assets / (1.0 MB). Loaded Objects now: 8832.
Memory consumption went from 0.83 GB to 0.83 GB.
Total: 37.695300 ms (FindLiveObjects: 0.681200 ms CreateObjectMapping: 1.743900 ms MarkObjects: 35.036900 ms  DeleteObjects: 0.230800 ms)

Reloading assemblies for play mode.
Reloading assemblies after forced synchronous recompile.
Begin MonoManager ReloadAssembly
Native extension for WindowsStandalone target not found
Native extension for WebGL target not found
ScheduleIndexationOnStartup MainProcess:True IndexOnStartup:True
[MODES] ModeService[none].Initialize
[MODES] ModeService[none].LoadModes
Mono: successfully reloaded assembly
- Finished resetting the current domain, in  3.077 seconds
Domain Reload Profiling: 4751ms
	BeginReloadAssembly (1204ms)
		DisableScriptedObjects (144ms)
		CreateAndSetChildDomain (753ms)
	RebuildCommonClasses (23ms)
	RebuildNativeTypeToScriptingClass (32ms)
	initialDomainReloadingComplete (91ms)
	LoadAllAssembliesAndSetupDomain (322ms)
		LoadAssemblies (219ms)
		AnalyzeDomain (67ms)
			TypeCache.Refresh (14ms)
			ResolveRequiredComponents (44ms)
	FinalizeReload (3079ms)
		SetupLoadedEditorAssemblies (0ms)
			InitializePlatformSupportModulesInManaged (4ms)
			BeforeProcessingInitializeOnLoad (160ms)
			ProcessInitializeOnLoadAttributes (656ms)
			ProcessInitializeOnLoadMethodAttributes (234ms)
			AfterProcessingInitializeOnLoad (7ms)
		AwakeInstancesAfterBackupRestoration (1127ms)

Asset Pipeline Refresh (id=4365134117271b04a8061ac16004dd49): Total: 5.096 seconds - Initiated by StopAssetImportingV2(ForceSynchronousImport | ForceDomainReload)
	(Values over 0.05ms)
	Summary:
		Imports: total=0 (actual=0, local cache=0, cache server=0)
		Asset DB Process Time: managed=0 ms, native=3304 ms
		Asset DB Callback time: managed=46 ms, native=0 ms
		Scripting: domain reloads=1, domain reload time=1741 ms, compile time=2 ms, other=0 ms
		Project Asset Count: scripts=1374, non-scripts=2361
		Asset File Changes: new=0, changed=0, moved=0, deleted=0
		Scan Filter Count: 0
	InvokePackagesCallback: 2.409ms
	ApplyChangesToAssetFolders: 0.590ms
	Collect global state as custom dependencies: 5.708ms
	ProcessAssetsWithTransientArtifactChanges: 0.437ms
	CategorizeAssets: 83.510ms
	CompileScripts: 2.226ms
	ImportOutOfDateAssets: 3152.101ms (3102.093ms without children)
		CollectScriptTypesHashes: 1.277ms
		ReloadNativeAssets: 2.034ms
		UnloadImportedAssets: 0.361ms
		EnsureUptoDateAssetsAreRegisteredWithGuidPM: 0.916ms
		ImportSchedulerStart: 46.642ms
	PostProcessAllAssets: 46.367ms
		MonoPostProcessAllAssets: 46.359ms
			UniversalRenderPipelineGlobalSettingsPostprocessor.OnPostprocessAllAssets 17.296ms
			AssetPostprocessor.OnPostprocessAllAssets 8.464ms
			BuilderAssetPostprocessor.OnPostprocessAllAssets 8.216ms
			AssetChangedListener.OnPostprocessAllAssets 6.960ms
			SyncVS.PostprocessSyncProject 4.147ms
			WindowAssetPostprocessingWatcher.OnPostprocessAllAssets 3.323ms
			ShaderGraphAssetPostProcessor.OnPostprocessAllAssets 3.035ms
			SpeedTree9Postprocessor.OnPostprocessAllAssets 2.735ms
			RetainedModeAssetPostprocessor.OnPostprocessAllAssets 2.032ms
			MaterialPostprocessor.OnPostprocessAllAssets 1.402ms
			TMPro_TexturePostProcessor.OnPostprocessAllAssets 1.162ms
			RenderPipelineGlobalSettingsPostprocessor.OnPostprocessAllAssets 1.099ms
			ProjectSettingsPostprocessor.OnPostprocessAllAssets 0.984ms
			ArtifactBrowserPostProcessor.OnPostprocessAllAssets 0.835ms
			AudioMixerPostprocessor.OnPostprocessAllAssets 0.722ms
			UVCSAssetPostprocessor.OnPostprocessAllAssets 0.689ms
			TextAssetPostProcessor.OnPostprocessAllAssets 0.667ms
			SpeedTreePostProcessor.OnPostprocessAllAssets 0.546ms
			AssetEvents.OnPostprocessAllAssets 0.523ms
			ShaderReflectionAssetPostProcessor.OnPostprocessAllAssets 0.508ms
			InputActionAssetPostprocessor.OnPostprocessAllAssets 0.471ms
			EditModeScopePostprocessor.OnPostprocessAllAssets 0.469ms
			StyleCatalogPostProcessor.OnPostprocessAllAssets 0.466ms
			InputActionJsonNameModifierAssetProcessor.OnPostprocessAllAssets 0.402ms
			PostProcessor.OnPostprocessAllAssets 0.383ms
			SampleDependencyImporterPostProcessor.OnPostprocessAllAssets 0.338ms
			ReferencedClipsPostProcessor.OnPostprocessAllAssets 0.318ms
			TerrainToolbarOverlayPostProcessor.OnPostprocessAllAssets 0.281ms
			SamplePostprocessor.OnPostprocessAllAssets 0.228ms
			ScenarioDriftAssetsTracker.OnPostprocessAllAssets 0.226ms
			AssetDatabaseCallbacks.OnPostprocessAllAssets 0.192ms
			AssetReloadNotifier.OnPostprocessAllAssets 0.176ms
			ConfigAssetsTracker.OnPostprocessAllAssets 0.151ms
			AudioContainerPostProcessor.OnPostprocessAllAssets 0.106ms
	GatherAllCurrentPrimaryImportResultRevisions: 0.306ms
	UnloadStreamsBegin: 0.084ms
	PersistCurrentRevisions: 0.167ms
	GenerateScriptTypeHashes: 4.122ms
	GenerateScriptTypeSerializationHashes: 6.734ms
	Untracked: 1791.939ms

Loaded scene 'Temp/__Backupscenes/0.backup'
	Deserialize:            5.041 ms
	Integration:            1071.715 ms
	Integration of assets:  0.013 ms
	Thread Wait Time:       0.029 ms
	Total Operation Time:   1076.798 ms
[Licensing::Client] Successfully resolved entitlement details
[Licensing::Client] Successfully resolved entitlement details
0.7309996
UnityEngine.Debug:ExtractStackTraceNoAlloc (byte*,int,string)
UnityEngine.StackTraceUtility:ExtractStackTrace ()
UnityEngine.DebugLogHandler:Internal_Log (UnityEngine.LogType,UnityEngine.LogOption,string,UnityEngine.Object)
UnityEngine.DebugLogHandler:LogFormat (UnityEngine.LogType,UnityEngine.Object,string,object[])
UnityEngine.Logger:Log (UnityEngine.LogType,object)
UnityEngine.Debug:Log (object)
PlatForm:OnCollisionEnter (UnityEngine.Collision) (at Assets/Script/PlatForm.cs:12)
UnityEngine.Physics:SendOnCollisionEnter (UnityEngine.Component,UnityEngine.Collision)
UnityEngine.Physics:ReportContacts (Unity.Collections.NativeArray`1/ReadOnly<UnityEngine.ContactPairHeader>)
UnityEngine.Physics:OnSceneContact (UnityEngine.PhysicsScene,intptr,int)

(Filename: Assets/Script/PlatForm.cs Line: 12)

Success
UnityEngine.Debug:ExtractStackTraceNoAlloc (byte*,int,string)
UnityEngine.StackTraceUtility:ExtractStackTrace ()
UnityEngine.DebugLogHandler:Internal_Log (UnityEngine.LogType,UnityEngine.LogOption,string,UnityEngine.Object)
UnityEngine.DebugLogHandler:LogFormat (UnityEngine.LogType,UnityEngine.Object,string,object[])
UnityEngine.Logger:Log (UnityEngine.LogType,object)
UnityEngine.Debug:Log (object)
PlatForm:OnCollisionEnter (UnityEngine.Collision) (at Assets/Script/PlatForm.cs:15)
UnityEngine.Physics:SendOnCollisionEnter (UnityEngine.Component,UnityEngine.Collision)
UnityEngine.Physics:ReportContacts (Unity.Collections.NativeArray`1/ReadOnly<UnityEngine.ContactPairHeader>)
UnityEngine.Physics:OnSceneContact (UnityEngine.PhysicsScene,intptr,int)

(Filename: Assets/Script/PlatForm.cs Line: 15)

115.8974
UnityEngine.Debug:ExtractStackTraceNoAlloc (byte*,int,string)
UnityEngine.StackTraceUtility:ExtractStackTrace ()
UnityEngine.DebugLogHandler:Internal_Log (UnityEngine.LogType,UnityEngine.LogOption,string,UnityEngine.Object)
UnityEngine.DebugLogHandler:LogFormat (UnityEngine.LogType,UnityEngine.Object,string,object[])
UnityEngine.Logger:Log (UnityEngine.LogType,object)
UnityEngine.Debug:Log (object)
PlatForm:OnCollisionEnter (UnityEngine.Collision) (at Assets/Script/PlatForm.cs:12)
UnityEngine.Physics:SendOnCollisionEnter (UnityEngine.Component,UnityEngine.Collision)
UnityEngine.Physics:ReportContacts (Unity.Collections.NativeArray`1/ReadOnly<UnityEngine.ContactPairHeader>)
UnityEngine.Physics:OnSceneContact (UnityEngine.PhysicsScene,intptr,int)

(Filename: Assets/Script/PlatForm.cs Line: 12)

Boom
UnityEngine.Debug:ExtractStackTraceNoAlloc (byte*,int,string)
UnityEngine.StackTraceUtility:ExtractStackTrace ()
UnityEngine.DebugLogHandler:Internal_Log (UnityEngine.LogType,UnityEngine.LogOption,string,UnityEngine.Object)
UnityEngine.DebugLogHandler:LogFormat (UnityEngine.LogType,UnityEngine.Object,string,object[])
UnityEngine.Logger:Log (UnityEngine.LogType,object)
UnityEngine.Debug:Log (object)
PlatForm:OnCollisionEnter (UnityEngine.Collision) (at Assets/Script/PlatForm.cs:19)
UnityEngine.Physics:SendOnCollisionEnter (UnityEngine.Component,UnityEngine.Collision)
UnityEngine.Physics:ReportContacts (Unity.Collections.NativeArray`1/ReadOnly<UnityEngine.ContactPairHeader>)
UnityEngine.Physics:OnSceneContact (UnityEngine.PhysicsScene,intptr,int)

(Filename: Assets/Script/PlatForm.cs Line: 19)

Unloading 0 Unused Serialized files (Serialized files now loaded: 0)
Loaded scene 'Temp/__Backupscenes/0.backup'
	Deserialize:            3.227 ms
	Integration:            382.844 ms
	Integration of assets:  0.007 ms
	Thread Wait Time:       0.038 ms
	Total Operation Time:   386.116 ms
Unloading 15 unused Assets / (0.5 MB). Loaded Objects now: 8834.
Memory consumption went from 0.84 GB to 0.84 GB.
Total: 33.423200 ms (FindLiveObjects: 0.694300 ms CreateObjectMapping: 1.508100 ms MarkObjects: 31.121000 ms  DeleteObjects: 0.097700 ms)

[Licensing::Client] Successfully resolved entitlement details
Asset Pipeline Refresh (id=4dd997e212353f840a8368c2691280df): Total: 0.031 seconds - Initiated by RefreshV2(AllowForceSynchronousImport)
Asset Pipeline Refresh (id=0c3914d3c6459fd4fad2e740f032ed85): Total: 0.006 seconds - Initiated by RefreshV2(AllowForceSynchronousImport)
Asset Pipeline Refresh (id=ccb403c601d0f754a9fd4cc655b8b934): Total: 0.008 seconds - Initiated by RefreshV2(AllowForceSynchronousImport)
Asset Pipeline Refresh (id=1ff19a1f8c0e9bb40b8699c4ab4e35d7): Total: 0.006 seconds - Initiated by RefreshV2(AllowForceSynchronousImport)
[Licensing::Client] Successfully updated the access token
[Licensing::Module] Successfully updated access token: "as3zY62P"... (expires: 2026-09-14T22:17:32Z)
[Licensing::Client] Successfully resolved entitlement details
Asset Pipeline Refresh (id=e2c4fdd95884610479b6dde1db1aaf28): Total: 0.005 seconds - Initiated by RefreshV2(AllowForceSynchronousImport)
Asset Pipeline Refresh (id=6c0b4c998167fd941ad38735cc4f3016): Total: 0.006 seconds - Initiated by RefreshV2(AllowForceSynchronousImport)
Importing 'GUID: 99c9720ab356a0642a771bea13969a05 - Path: Assets/Scenes/SampleScene.unity' with importer (DefaultImporter)
Imported 'GUID: 99c9720ab356a0642a771bea13969a05' -> (Import Result ID: 'ac491677ffbf67d151bab39446905403') in 0.010 seconds [static dependencies only]. Details - ImportResultOutputID=378ca25c6c95e370f41ed482e616ed68 DependenciesID=5c24cd5b43b80c2c49f8150268be562c StaticDependenciesID=e2f0f0a074db56eb12cb475830db876e 
Asset Pipeline Refresh (id=4b205ccc250a9fa4c8ad35ee51ca4803): Total: 0.184 seconds - Initiated by StopAssetImportingV2(NoUpdateAssetOptions)
Unloading 0 Unused Serialized files (Serialized files now loaded: 0)
Unloading 48 unused Assets / (136.7 KB). Loaded Objects now: 9035.
Memory consumption went from 0.87 GB to 0.87 GB.
Total: 40.485600 ms (FindLiveObjects: 1.485800 ms CreateObjectMapping: 1.668400 ms MarkObjects: 35.910400 ms  DeleteObjects: 1.418000 ms)

GetVirtualKey: Could not map char: z (122) to any virtual key
GetVirtualKey: Could not map char: y (121) to any virtual key
GetVirtualKey: Could not map char: x (120) to any virtual key
GetVirtualKey: Could not map char: c (99) to any virtual key
GetVirtualKey: Could not map char: v (118) to any virtual key
GetVirtualKey: Could not map char: V (86) to any virtual key
GetVirtualKey: Could not map char: d (100) to any virtual key
GetVirtualKey: Could not map char: f (102) to any virtual key
GetVirtualKey: Could not map char: f (102) to any virtual key
GetVirtualKey: Could not map char: a (97) to any virtual key
GetVirtualKey: Could not map char: d (100) to any virtual key
GetVirtualKey: Could not map char: c (99) to any virtual key
GetVirtualKey: Could not map char: r (114) to any virtual key
GetVirtualKey: Could not map char: i (105) to any virtual key
GetVirtualKey: Could not map char: l (108) to any virtual key
GetVirtualKey: Could not map char: f (102) to any virtual key
GetVirtualKey: Could not map char: k (107) to any virtual key
GetVirtualKey: Could not map char: p (112) to any virtual key
GetVirtualKey: Could not map char: p (112) to any virtual key
GetVirtualKey: Could not map char: p (112) to any virtual key
GetVirtualKey: Could not map char: c (99) to any virtual key
GetVirtualKey: Could not map char: r (114) to any virtual key
GetVirtualKey: Could not map char: P (80) to any virtual key
GetVirtualKey: Could not map char: n (110) to any virtual key
GetVirtualKey: Could not map char: n (110) to any virtual key
GetVirtualKey: Could not map char: g (103) to any virtual key
GetVirtualKey: Could not map char: = (61) to any virtual key
GetVirtualKey: Could not map char: f (102) to any virtual key
GetVirtualKey: Could not map char: f (102) to any virtual key
GetVirtualKey: Could not map char: a (97) to any virtual key
GetVirtualKey: Could not map char: a (97) to any virtual key
GetVirtualKey: Could not map char: c (99) to any virtual key
GetVirtualKey: Could not map char: u (117) to any virtual key
GetVirtualKey: Could not map char: n (110) to any virtual key
GetVirtualKey: Could not map char: o (111) to any virtual key
GetVirtualKey: Could not map char: s (115) to any virtual key
GetVirtualKey: Could not map char: s (115) to any virtual key
GetVirtualKey: Could not map char: b (98) to any virtual key
GetVirtualKey: Could not map char: b (98) to any virtual key
GetVirtualKey: Could not map char: x (120) to any virtual key
GetVirtualKey: Could not map char: c (99) to any virtual key
GetVirtualKey: Could not map char: v (118) to any virtual key
GetVirtualKey: Could not map char: d (100) to any virtual key
GetVirtualKey: Could not map char: n (110) to any virtual key
GetVirtualKey: Could not map char: x (120) to any virtual key
GetVirtualKey: Could not map char: c (99) to any virtual key
GetVirtualKey: Could not map char: v (118) to any virtual key
GetVirtualKey: Could not map char: d (100) to any virtual key
GetVirtualKey: Could not map char: n (110) to any virtual key
GetVirtualKey: Could not map char: g (103) to any virtual key
GetVirtualKey: Could not map char: f (102) to any virtual key
GetVirtualKey: Could not map char: f (102) to any virtual key
GetVirtualKey: Could not map char: a (97) to any virtual key
GetVirtualKey: Could not map char: x (120) to any virtual key
GetVirtualKey: Could not map char: c (99) to any virtual key
GetVirtualKey: Could not map char: v (118) to any virtual key
GetVirtualKey: Could not map char: d (100) to any virtual key
GetVirtualKey: Could not map char: n (110) to any virtual key
GetVirtualKey: Could not map char: g (103) to any virtual key
GetVirtualKey: Could not map char: f (102) to any virtual key
GetVirtualKey: Could not map char: f (102) to any virtual key
GetVirtualKey: Could not map char: a (97) to any virtual key
Asset Pipeline Refresh (id=86e4548efa95b184ba6dd4e02927c47e): Total: 0.022 seconds - Initiated by RefreshV2(AllowForceSynchronousImport)
Asset Pipeline Refresh (id=26bb6cc49c443314896833258083a268): Total: 0.006 seconds - Initiated by RefreshV2(AllowForceSynchronousImport)
Importing 'GUID: 5442b403b6d7c5841af84a2098cfa4e4 - Path: Assets/StartMenu.unity' with importer (DefaultImporter)
Imported 'GUID: 5442b403b6d7c5841af84a2098cfa4e4' -> (Import Result ID: 'dabe4fbc42e0fa56c1efe6b0afd15061') in 0.004 seconds [static dependencies only]. Details - ImportResultOutputID=b474c4222c27f1bc85a98d9c1c596db0 DependenciesID=1a66ba0021cba234f03715c2b0552124 StaticDependenciesID=d24aedd869afe406530c5d2a00052761 
Refreshing native plugins compatible for Editor in 2.22 ms, found 4 plugins.
Asset Pipeline Refresh (id=04e4f9e31207d6548ae13522f27e6c03): Total: 0.133 seconds - Initiated by StopAssetImportingV2(NoUpdateAssetOptions)
Opening scene 'Assets/Scenes/SampleScene.unity'
Unloading 1 Unused Serialized files (Serialized files now loaded: 0)
Loaded scene 'Assets/Scenes/SampleScene.unity'
	Deserialize:            7.525 ms
	Integration:            276.963 ms
	Integration of assets:  0.204 ms
	Thread Wait Time:       0.038 ms
	Total Operation Time:   284.729 ms
Unloading 184 unused Assets / (0.8 MB). Loaded Objects now: 8950.
Memory consumption went from 0.88 GB to 0.88 GB.
Total: 40.256900 ms (FindLiveObjects: 0.631500 ms CreateObjectMapping: 1.737900 ms MarkObjects: 36.899000 ms  DeleteObjects: 0.986300 ms)

Asset Pipeline Refresh (id=947ee95cbe63b7842a0107eeac900d55): Total: 0.019 seconds - Initiated by RefreshV2(AllowForceSynchronousImport)
Importing 'GUID: d3e3cc4308614aa4cab832f60d971ec1 - Path: Assets/Material/isometric-stylized-rocket-cartoony-illustration-vector.jpg' with importer (TextureImporter)
Imported 'GUID: d3e3cc4308614aa4cab832f60d971ec1' -> (Import Result ID: '2d7db233c925a1e9e136ab24e94aee69') in 0.054 seconds [static and dynamic dependencies]. Details - ImportResultOutputID=6512bd1fa3ab4b8ec7880b0ac6c29b28 DependenciesID=5b0655a111f872329910aa3c32a101e5 StaticDependenciesID=f5da7ee59a509555c97ae7111a564aab 
Refreshing native plugins compatible for Editor in 2.28 ms, found 4 plugins.
Asset Pipeline Refresh (id=4fd03c27747c6e147a97b6641dcb154e): Total: 0.193 seconds - Initiated by RefreshV2(NoUpdateAssetOptions)
Opening scene 'Assets/StartMenu.unity'
Unloading 0 Unused Serialized files (Serialized files now loaded: 0)
Loaded scene 'Assets/StartMenu.unity'
	Deserialize:            1.633 ms
	Integration:            241.472 ms
	Integration of assets:  0.004 ms
	Thread Wait Time:       0.032 ms
	Total Operation Time:   243.140 ms
Unloading 36 unused Assets / (5.3 MB). Loaded Objects now: 8885.
Memory consumption went from 0.85 GB to 0.85 GB.
Total: 38.736800 ms (FindLiveObjects: 0.780700 ms CreateObjectMapping: 1.917200 ms MarkObjects: 35.125600 ms  DeleteObjects: 0.911000 ms)

[Worker0] Imported GUID: d3e3cc4308614aa4cab832f60d971ec1 - Path: Assets/Material/isometric-stylized-rocket-cartoony-illustration-vector.jpg - Importer: PreviewImporter -> (ImportResultId: '629a002980c8d00da6eac3babc865ec4') in 0.1574856 seconds
Asset Pipeline Refresh (id=03f2b7f401c7d3f488a3af969eb6e5fc): Total: 0.134 seconds - Initiated by StopAssetImportingV2(NoUpdateAssetOptions)
Asset Pipeline Refresh (id=7a0cd952c367af7428445b8a5fc942f2): Total: 0.018 seconds - Initiated by RefreshV2(ForceSynchronousImport)
Asset Pipeline Refresh (id=e87b15d01f52ebc4989b120a95924f76): Total: 0.006 seconds - Initiated by RefreshV2(AllowForceSynchronousImport)
Asset Pipeline Refresh (id=456f034886ed84148a999fb61a316d7c): Total: 0.005 seconds - Initiated by RefreshV2(AllowForceSynchronousImport)
Asset Pipeline Refresh (id=b66e7f4f127ac834f8fdf916cb17c77a): Total: 0.012 seconds - Initiated by RefreshV2(AllowForceSynchronousImport)
[Worker0] Imported GUID: 9ad42031d5b307d44ae748aba074047b - Path: Assets/Script/ScoreManager.cs - Importer: ScriptedImporter/UnityEditor.QuickSearchModule:UnityEditor.Search:ASIAI0B -> (ImportResultId: '577f6b0cbe04070682c15e9bc860ebe1') in 0.1249637 seconds
[Worker1] Imported GUID: 99c9720ab356a0642a771bea13969a05 - Path: Assets/Scenes/SampleScene.unity - Importer: ScriptedImporter/UnityEditor.QuickSearchModule:UnityEditor.Search:ASIAI0B -> (ImportResultId: '18399079579f284591ce1ae8c5baae4b') in 0.1494808 seconds
[Worker0] Imported GUID: 5442b403b6d7c5841af84a2098cfa4e4 - Path: Assets/StartMenu.unity - Importer: ScriptedImporter/UnityEditor.QuickSearchModule:UnityEditor.Search:ASIAI0B -> (ImportResultId: 'd3218f0467c5ccd6feed3851bd82c474') in 0.0295996 seconds
[Worker1] Imported GUID: 4604fd450118bfd4bba2eb387984f7b7 - Path: Assets/Prefab/Coin.prefab - Importer: ScriptedImporter/UnityEditor.QuickSearchModule:UnityEditor.Search:ASIAI0B -> (ImportResultId: 'ce722113783fd8cd9ddc0b45f0377675') in 0.1518255 seconds
[ScriptCompilation] Requested script compilation because: AssetDatabase observed changes in script compilation related files
[Licensing::Client] Successfully resolved entitlement details
Refreshing native plugins compatible for Editor in 2.19 ms, found 4 plugins.

Asset Pipeline Refresh (id=f9c682b08e25d394e9b689a94b12bd39): Total: 0.662 seconds - Initiated by StopAssetImportingV2(NoUpdateAssetOptions)
	(Values over 0.05ms)
	Summary:
		Imports: total=0 (actual=0, local cache=0, cache server=0)
		Asset DB Process Time: managed=0 ms, native=170 ms
		Asset DB Callback time: managed=485 ms, native=4 ms
		Scripting: domain reloads=0, domain reload time=0 ms, compile time=1 ms, other=0 ms
		Project Asset Count: scripts=1374, non-scripts=2362
		Asset File Changes: new=1, changed=1, moved=0, deleted=0
		Scan Filter Count: 3
	ApplyChangesToAssetFolders: 0.190ms
	Scan: 12.505ms
	Collect global state as custom dependencies: 0.508ms
	OnSourceAssetsModified: 0.108ms
	ProcessAssetsWithTransientArtifactChanges: 0.923ms
	CategorizeAssets: 17.974ms
	CompileScripts: 1.105ms
	ImportOutOfDateAssets: 59.311ms (12.064ms without children)
		ReloadNativeAssets: 0.050ms
		UnloadImportedAssets: 0.221ms
		EnsureUptoDateAssetsAreRegisteredWithGuidPM: 0.778ms
		ImportSchedulerStart: 46.190ms
	PostProcessAllAssets: 482.245ms
		XRBuildSystem.XRAssetImported 0.699ms
		PostProcessCallbackCreateDeferredMaterials 0.520ms
		VersionControlSettings.HiddenFilePostprocess 0.053ms
		MonoPostProcessAllAssets: 480.658ms
			SyncVS.PostprocessSyncProject 479.405ms
			AssetChangedListener.OnPostprocessAllAssets 0.329ms
			ShaderGraphAssetPostProcessor.OnPostprocessAllAssets 0.156ms
			RenderPipelineGlobalSettingsPostprocessor.OnPostprocessAllAssets 0.118ms
			AssetPostprocessor.OnPostprocessAllAssets 0.105ms
	PostAssetChangesProfiler: 8.032ms
	GatherAllCurrentPrimaryImportResultRevisions: 0.256ms
	PersistCurrentRevisions: 0.224ms
	Untracked: 78.480ms

[Worker0] Imported GUID: 4847fff48a1af31479c9bf18c97af65d - Path: Assets/Script/MenuManager.cs - Importer: PreviewImporter -> (ImportResultId: 'e2851ab9a29cab4a3aaa5de807b34bff') in 0.012449 seconds
info: Microsoft.AspNetCore.Hosting.Diagnostics[1]
      Request starting HTTP/2 POST http://ilpp/UnityILPP.PostProcessing/Ping - application/grpc -
info: Microsoft.AspNetCore.Routing.EndpointMiddleware[0]
      Executing endpoint 'gRPC - /UnityILPP.PostProcessing/Ping'
info: Microsoft.AspNetCore.Routing.EndpointMiddleware[1]
      Executed endpoint 'gRPC - /UnityILPP.PostProcessing/Ping'
info: Microsoft.AspNetCore.Hosting.Diagnostics[2]
      Request finished HTTP/2 POST http://ilpp/UnityILPP.PostProcessing/Ping - 200 - application/grpc 1.2312ms
Starting: C:\Program Files\Unity\Hub\Editor\6000.5.9f1\Editor\Data\Tools\BuildPipeline\bee_backend.exe --ipc --defer-dag-verification --dagfile="Library/Bee/1900b0aE.dag" --continue-on-failure --profile="Library/Bee/backend1.traceevents" ScriptAssemblies
WorkingDir: C:/Users/golfa/Rocket
info: Microsoft.AspNetCore.Hosting.Diagnostics[1]
      Request starting HTTP/2 POST http://ilpp/UnityILPP.PostProcessing/ConfigurePostProcessors - application/grpc -
info: Microsoft.AspNetCore.Routing.EndpointMiddleware[0]
      Executing endpoint 'gRPC - /UnityILPP.PostProcessing/ConfigurePostProcessors'
info: Unity.ILPP.Runner.PostProcessingAssemblyLoadContext[0]
      Current configuration matches the requested one, skipping
info: Microsoft.AspNetCore.Routing.EndpointMiddleware[1]
      Executed endpoint 'gRPC - /UnityILPP.PostProcessing/ConfigurePostProcessors'
info: Microsoft.AspNetCore.Hosting.Diagnostics[2]
      Request finished HTTP/2 POST http://ilpp/UnityILPP.PostProcessing/ConfigurePostProcessors - 200 - application/grpc 1.2695ms
[Worker0] Imported GUID: 4847fff48a1af31479c9bf18c97af65d - Path: Assets/Script/MenuManager.cs - Importer: ScriptedImporter/UnityEditor.QuickSearchModule:UnityEditor.Search:ASIAI0B -> (ImportResultId: '9a7f7e080f2784198fd038ed67647f9c') in 0.0211688 seconds
Starting: C:\Program Files\Unity\Hub\Editor\6000.5.9f1\Editor\Data\netcorerun\netcorerun.exe "C:\Program Files\Unity\Hub\Editor\6000.5.9f1\Editor\Data\Tools\BuildPipeline\ScriptCompilationBuildProgram.exe" "Library/Bee/1900b0aE.dag.json" "Library/Bee/1900b0aE-inputdata.json" "Library\Bee\buildprogram0.traceevents"
WorkingDir: C:/Users/golfa/Rocket
ExitCode: 4 Duration: 0s315ms
Rebuilding DAG because FileSignature timestamp changed: Library/Bee/1900b0aE-inputdata.json
[714/927    0s] ILPP-Configuration Library/ilpp-configuration.nevergeneratedoutput
*** Tundra requires additional run (0.27 seconds), 1 items updated, 709 evaluated
ExitCode: 0 Duration: 1s798ms
Starting: C:\Program Files\Unity\Hub\Editor\6000.5.9f1\Editor\Data\Tools\BuildPipeline\bee_backend.exe --ipc --defer-dag-verification --dagfile="Library/Bee/1900b0aE.dag" --continue-on-failure --dagfilejson="Library\Bee\1900b0aE.dag.json" --profile="Library/Bee/backend2.traceevents" ScriptAssemblies
WorkingDir: C:/Users/golfa/Rocket
info: Microsoft.AspNetCore.Hosting.Diagnostics[1]
      Request starting HTTP/2 POST http://ilpp/UnityILPP.PostProcessing/ConfigurePostProcessors - application/grpc -
info: Microsoft.AspNetCore.Routing.EndpointMiddleware[0]
      Executing endpoint 'gRPC - /UnityILPP.PostProcessing/ConfigurePostProcessors'
info: Unity.ILPP.Runner.PostProcessingAssemblyLoadContext[0]
      Current configuration matches the requested one, skipping
info: Microsoft.AspNetCore.Routing.EndpointMiddleware[1]
      Executed endpoint 'gRPC - /UnityILPP.PostProcessing/ConfigurePostProcessors'
info: Microsoft.AspNetCore.Hosting.Diagnostics[2]
      Request finished HTTP/2 POST http://ilpp/UnityILPP.PostProcessing/ConfigurePostProcessors - 200 - application/grpc 1.2680ms
info: Microsoft.AspNetCore.Hosting.Diagnostics[1]
      Request starting HTTP/2 POST http://ilpp/UnityILPP.PostProcessing/PostProcessAssembly - application/grpc -
info: Microsoft.AspNetCore.Routing.EndpointMiddleware[0]
      Executing endpoint 'gRPC - /UnityILPP.PostProcessing/PostProcessAssembly'
info: Unity.ILPP.Runner.PostProcessingPipeline[0]
      Processing assembly Library/Bee/artifacts/1900b0aE.dag/Assembly-CSharp.dll, with 141 defines and 339 references
info: Unity.ILPP.Runner.PostProcessingPipeline[0]
      processors: Unity.Jobs.CodeGen.JobsILPostProcessor, zzzUnity.Burst.CodeGen.BurstILPostProcessor
info: Unity.ILPP.Runner.PostProcessingPipeline[0]
      running Unity.Jobs.CodeGen.JobsILPostProcessor
info: Unity.ILPP.Runner.PostProcessingPipeline[0]
      running zzzUnity.Burst.CodeGen.BurstILPostProcessor
info: Microsoft.AspNetCore.Routing.EndpointMiddleware[1]
      Executed endpoint 'gRPC - /UnityILPP.PostProcessing/PostProcessAssembly'
info: Microsoft.AspNetCore.Hosting.Diagnostics[2]
      Request finished HTTP/2 POST http://ilpp/UnityILPP.PostProcessing/PostProcessAssembly - 200 - application/grpc 19.0796ms
ExitCode: 0 Duration: 2s884ms
Finished compiling graph: 930 nodes, 17422 flattened edges (14720 ToBuild, 142 ToUse), maximum node priority 955
[516/927    0s] WriteText Library/Bee/artifacts/1900b0aE.dag/Assembly-CSharp.rsp
[730/927    0s] ILPP-Configuration Library/ilpp-configuration.nevergeneratedoutput
[923/927    2s] Csc Library/Bee/artifacts/1900b0aE.dag/Assembly-CSharp.dll (+2 others)
[924/927    0s] ILPostProcess Library/Bee/artifacts/1900b0aE.dag/post-processed/Assembly-CSharp.dll (+pdb)
Processing assembly Library/Bee/artifacts/1900b0aE.dag/Assembly-CSharp.dll, with 141 defines and 339 references

processors: Unity.Jobs.CodeGen.JobsILPostProcessor, zzzUnity.Burst.CodeGen.BurstILPostProcessor

running Unity.Jobs.CodeGen.JobsILPostProcessor

running zzzUnity.Burst.CodeGen.BurstILPostProcessor
[925/927    0s] CopyFiles Library/ScriptAssemblies/Assembly-CSharp.dll
[926/927    0s] CopyFiles Library/ScriptAssemblies/Assembly-CSharp.pdb
*** Tundra build success (2.85 seconds), 6 items updated, 927 evaluated
Reloading assemblies after finishing script compilation.
Reloading assemblies after forced synchronous recompile.
Total cache size 64119356
Begin MonoManager ReloadAssembly
Total cache size after purge 64119356, took 00:00:00.2175409
Refreshing native plugins compatible for Editor in 4.83 ms, found 4 plugins.
Native extension for WindowsStandalone target not found
Native extension for WebGL target not found
[MODES] ModeService[none].Initialize
[MODES] ModeService[none].LoadModes
ScheduleIndexationOnStartup MainProcess:True IndexOnStartup:True
Mono: successfully reloaded assembly
- Finished resetting the current domain, in  3.258 seconds
Domain Reload Profiling: 5885ms
	BeginReloadAssembly (1696ms)
		DisableScriptedObjects (318ms)
		CreateAndSetChildDomain (990ms)
	RebuildCommonClasses (25ms)
	RebuildNativeTypeToScriptingClass (32ms)
	initialDomainReloadingComplete (108ms)
	LoadAllAssembliesAndSetupDomain (763ms)
		LoadAssemblies (294ms)
		AnalyzeDomain (453ms)
			TypeCache.Refresh (23ms)
			BuildScriptInfoCaches (371ms)
			ResolveRequiredComponents (46ms)
	FinalizeReload (3260ms)
		SetupLoadedEditorAssemblies (0ms)
			InitializePlatformSupportModulesInManaged (6ms)
			BeforeProcessingInitializeOnLoad (350ms)
			ProcessInitializeOnLoadAttributes (664ms)
			ProcessInitializeOnLoadMethodAttributes (242ms)
			AfterProcessingInitializeOnLoad (8ms)
		AwakeInstancesAfterBackupRestoration (1073ms)
Refreshing native plugins compatible for Editor in 2.25 ms, found 4 plugins.

Asset Pipeline Refresh (id=689f60ef172dc764b96dfe009c2159d3): Total: 6.357 seconds - Initiated by StopAssetImportingV2(ForceSynchronousImport | ForceDomainReload)
	(Values over 0.05ms)
	Summary:
		Imports: total=0 (actual=0, local cache=0, cache server=0)
		Asset DB Process Time: managed=0 ms, native=3501 ms
		Asset DB Callback time: managed=98 ms, native=8 ms
		Scripting: domain reloads=1, domain reload time=2746 ms, compile time=2 ms, other=0 ms
		Project Asset Count: scripts=1374, non-scripts=2362
		Asset File Changes: new=0, changed=0, moved=0, deleted=0
		Scan Filter Count: 0
	InvokePackagesCallback: 2.756ms
	ApplyChangesToAssetFolders: 0.447ms
	Collect global state as custom dependencies: 7.089ms
	ProcessAssetsWithTransientArtifactChanges: 12.670ms
	CategorizeAssets: 83.794ms
	CompileScripts: 2.428ms
	ImportOutOfDateAssets: 3332.332ms (3283.858ms without children)
		CollectScriptTypesHashes: 1.395ms
		ReloadNativeAssets: 1.393ms
		UnloadImportedAssets: 0.497ms
		EnsureUptoDateAssetsAreRegisteredWithGuidPM: 0.960ms
		ImportSchedulerStart: 45.561ms
	PostProcessAllAssets: 100.098ms
		XRBuildSystem.XRAssetImported 0.525ms
		PostProcessCallbackCreateDeferredMaterials 0.326ms
		MonoPostProcessAllAssets: 98.383ms
			UniversalRenderPipelineGlobalSettingsPostprocessor.OnPostprocessAllAssets 17.135ms
			BuilderAssetPostprocessor.OnPostprocessAllAssets 11.449ms
			AssetChangedListener.OnPostprocessAllAssets 9.760ms
			AssetPostprocessor.OnPostprocessAllAssets 7.010ms
			SyncVS.PostprocessSyncProject 6.852ms
			SpeedTree9Postprocessor.OnPostprocessAllAssets 3.730ms
			WindowAssetPostprocessingWatcher.OnPostprocessAllAssets 3.589ms
			ShaderGraphAssetPostProcessor.OnPostprocessAllAssets 3.170ms
			RetainedModeAssetPostprocessor.OnPostprocessAllAssets 2.232ms
			EditModeScopePostprocessor.OnPostprocessAllAssets 1.696ms
			MaterialPostprocessor.OnPostprocessAllAssets 1.538ms
			ProjectSettingsPostprocessor.OnPostprocessAllAssets 1.272ms
			RenderPipelineGlobalSettingsPostprocessor.OnPostprocessAllAssets 1.180ms
			ArtifactBrowserPostProcessor.OnPostprocessAllAssets 0.987ms
			TMPro_TexturePostProcessor.OnPostprocessAllAssets 0.982ms
			UVCSAssetPostprocessor.OnPostprocessAllAssets 0.887ms
			AudioMixerPostprocessor.OnPostprocessAllAssets 0.626ms
			ShaderReflectionAssetPostProcessor.OnPostprocessAllAssets 0.617ms
			TextAssetPostProcessor.OnPostprocessAllAssets 0.609ms
			InputActionAssetPostprocessor.OnPostprocessAllAssets 0.541ms
			PostProcessor.OnPostprocessAllAssets 0.484ms
			SampleDependencyImporterPostProcessor.OnPostprocessAllAssets 0.466ms
			InputActionJsonNameModifierAssetProcessor.OnPostprocessAllAssets 0.442ms
			AssetEvents.OnPostprocessAllAssets 0.436ms
			StyleCatalogPostProcessor.OnPostprocessAllAssets 0.421ms
			ReferencedClipsPostProcessor.OnPostprocessAllAssets 0.419ms
			SpeedTreePostProcessor.OnPostprocessAllAssets 0.349ms
			TerrainToolbarOverlayPostProcessor.OnPostprocessAllAssets 0.294ms
			ConfigAssetsTracker.OnPostprocessAllAssets 0.263ms
			AssetDatabaseCallbacks.OnPostprocessAllAssets 0.239ms
			AssetReloadNotifier.OnPostprocessAllAssets 0.219ms
			SamplePostprocessor.OnPostprocessAllAssets 0.214ms
			ScenarioDriftAssetsTracker.OnPostprocessAllAssets 0.171ms
			AudioContainerPostProcessor.OnPostprocessAllAssets 0.132ms
	PostAssetChangesProfiler: 5.444ms
	GatherAllCurrentPrimaryImportResultRevisions: 0.162ms
	PersistCurrentRevisions: 0.134ms
	GenerateScriptTypeHashes: 3.503ms
	GenerateScriptTypeSerializationHashes: 5.809ms
	Untracked: 2804.112ms

[Licensing::Client] Successfully resolved entitlement details
[Licensing::Client] Successfully resolved entitlement details
[Worker0] Imported GUID: 4847fff48a1af31479c9bf18c97af65d - Path: Assets/Script/MenuManager.cs - Importer: PreviewImporter -> (ImportResultId: '1f5b93dc2ccb046ddb0384cb51afcb2d') in 0.016411 seconds
[ScriptCompilation] Requested script compilation because: AssetDatabase observed changes in script compilation related files
Refreshing native plugins compatible for Editor in 7.39 ms, found 4 plugins.
Asset Pipeline Refresh (id=b3853748403d17649ba9b70e0175fda9): Total: 0.158 seconds - Initiated by RefreshV2(NoUpdateAssetOptions)
info: Microsoft.AspNetCore.Hosting.Diagnostics[1]
      Request starting HTTP/2 POST http://ilpp/UnityILPP.PostProcessing/Ping - application/grpc -
info: Microsoft.AspNetCore.Routing.EndpointMiddleware[0]
      Executing endpoint 'gRPC - /UnityILPP.PostProcessing/Ping'
info: Microsoft.AspNetCore.Routing.EndpointMiddleware[1]
      Executed endpoint 'gRPC - /UnityILPP.PostProcessing/Ping'
info: Microsoft.AspNetCore.Hosting.Diagnostics[2]
      Request finished HTTP/2 POST http://ilpp/UnityILPP.PostProcessing/Ping - 200 - application/grpc 0.4248ms
Starting: C:\Program Files\Unity\Hub\Editor\6000.5.9f1\Editor\Data\Tools\BuildPipeline\bee_backend.exe --ipc --defer-dag-verification --dagfile="Library/Bee/1900b0aE.dag" --continue-on-failure --profile="Library/Bee/backend1.traceevents" ScriptAssemblies
WorkingDir: C:/Users/golfa/Rocket
info: Microsoft.AspNetCore.Hosting.Diagnostics[1]
      Request starting HTTP/2 POST http://ilpp/UnityILPP.PostProcessing/ConfigurePostProcessors - application/grpc -
info: Microsoft.AspNetCore.Routing.EndpointMiddleware[0]
      Executing endpoint 'gRPC - /UnityILPP.PostProcessing/ConfigurePostProcessors'
info: Unity.ILPP.Runner.PostProcessingAssemblyLoadContext[0]
      Current configuration matches the requested one, skipping
info: Microsoft.AspNetCore.Routing.EndpointMiddleware[1]
      Executed endpoint 'gRPC - /UnityILPP.PostProcessing/ConfigurePostProcessors'
info: Microsoft.AspNetCore.Hosting.Diagnostics[2]
      Request finished HTTP/2 POST http://ilpp/UnityILPP.PostProcessing/ConfigurePostProcessors - 200 - application/grpc 1.7442ms
[Worker1] Imported GUID: 4847fff48a1af31479c9bf18c97af65d - Path: Assets/Script/MenuManager.cs - Importer: PreviewImporter -> (ImportResultId: '554c11611a248154645858aee05a111f') in 0.0293731 seconds
info: Microsoft.AspNetCore.Hosting.Diagnostics[1]
      Request starting HTTP/2 POST http://ilpp/UnityILPP.PostProcessing/PostProcessAssembly - application/grpc -
info: Microsoft.AspNetCore.Routing.EndpointMiddleware[0]
      Executing endpoint 'gRPC - /UnityILPP.PostProcessing/PostProcessAssembly'
info: Unity.ILPP.Runner.PostProcessingPipeline[0]
      Processing assembly Library/Bee/artifacts/1900b0aE.dag/Assembly-CSharp.dll, with 141 defines and 339 references
info: Unity.ILPP.Runner.PostProcessingPipeline[0]
      processors: Unity.Jobs.CodeGen.JobsILPostProcessor, zzzUnity.Burst.CodeGen.BurstILPostProcessor
info: Unity.ILPP.Runner.PostProcessingPipeline[0]
      running Unity.Jobs.CodeGen.JobsILPostProcessor
info: Unity.ILPP.Runner.PostProcessingPipeline[0]
      running zzzUnity.Burst.CodeGen.BurstILPostProcessor
info: Microsoft.AspNetCore.Routing.EndpointMiddleware[1]
      Executed endpoint 'gRPC - /UnityILPP.PostProcessing/PostProcessAssembly'
info: Microsoft.AspNetCore.Hosting.Diagnostics[2]
      Request finished HTTP/2 POST http://ilpp/UnityILPP.PostProcessing/PostProcessAssembly - 200 - application/grpc 34.3350ms
ExitCode: 0 Duration: 0s827ms
[730/927    0s] ILPP-Configuration Library/ilpp-configuration.nevergeneratedoutput
[923/927    0s] Csc Library/Bee/artifacts/1900b0aE.dag/Assembly-CSharp.dll (+2 others)
[924/927    0s] ILPostProcess Library/Bee/artifacts/1900b0aE.dag/post-processed/Assembly-CSharp.dll (+pdb)
Processing assembly Library/Bee/artifacts/1900b0aE.dag/Assembly-CSharp.dll, with 141 defines and 339 references

processors: Unity.Jobs.CodeGen.JobsILPostProcessor, zzzUnity.Burst.CodeGen.BurstILPostProcessor

running Unity.Jobs.CodeGen.JobsILPostProcessor

running zzzUnity.Burst.CodeGen.BurstILPostProcessor
[925/927    0s] CopyFiles Library/ScriptAssemblies/Assembly-CSharp.pdb
[926/927    0s] CopyFiles Library/ScriptAssemblies/Assembly-CSharp.dll
*** Tundra build success (0.78 seconds), 5 items updated, 927 evaluated
Reloading assemblies after finishing script compilation.
Reloading assemblies after forced synchronous recompile.
Total cache size 64119356
Total cache size after purge 64119356, took 00:00:00.1440064
Begin MonoManager ReloadAssembly
Refreshing native plugins compatible for Editor in 2.63 ms, found 4 plugins.
Native extension for WindowsStandalone target not found
Native extension for WebGL target not found
[MODES] ModeService[none].Initialize
[MODES] ModeService[none].LoadModes
ScheduleIndexationOnStartup MainProcess:True IndexOnStartup:True
Mono: successfully reloaded assembly
- Finished resetting the current domain, in  3.651 seconds
Domain Reload Profiling: 6191ms
	BeginReloadAssembly (1540ms)
		DisableScriptedObjects (179ms)
		CreateAndSetChildDomain (843ms)
	RebuildCommonClasses (27ms)
	RebuildNativeTypeToScriptingClass (35ms)
	initialDomainReloadingComplete (117ms)
	LoadAllAssembliesAndSetupDomain (820ms)
		LoadAssemblies (292ms)
		AnalyzeDomain (486ms)
			TypeCache.Refresh (18ms)
			BuildScriptInfoCaches (417ms)
			ResolveRequiredComponents (47ms)
	FinalizeReload (3653ms)
		SetupLoadedEditorAssemblies (0ms)
			InitializePlatformSupportModulesInManaged (6ms)
			BeforeProcessingInitializeOnLoad (367ms)
			ProcessInitializeOnLoadAttributes (741ms)
			ProcessInitializeOnLoadMethodAttributes (256ms)
			AfterProcessingInitializeOnLoad (10ms)
		AwakeInstancesAfterBackupRestoration (1180ms)

Asset Pipeline Refresh (id=80b7bc27b7e38364bb33eae490cc95a5): Total: 6.630 seconds - Initiated by StopAssetImportingV2(ForceSynchronousImport | ForceDomainReload)
	(Values over 0.05ms)
	Summary:
		Imports: total=0 (actual=0, local cache=0, cache server=0)
		Asset DB Process Time: managed=0 ms, native=3900 ms
		Asset DB Callback time: managed=55 ms, native=1 ms
		Scripting: domain reloads=1, domain reload time=2669 ms, compile time=2 ms, other=0 ms
		Project Asset Count: scripts=1374, non-scripts=2362
		Asset File Changes: new=0, changed=0, moved=0, deleted=0
		Scan Filter Count: 0
	InvokePackagesCallback: 3.519ms
	ApplyChangesToAssetFolders: 0.555ms
	Collect global state as custom dependencies: 5.195ms
	ProcessAssetsWithTransientArtifactChanges: 12.165ms
	CategorizeAssets: 88.437ms
	CompileScripts: 2.227ms
	ImportOutOfDateAssets: 3725.786ms (3675.883ms without children)
		CollectScriptTypesHashes: 1.592ms
		ReloadNativeAssets: 1.950ms
		UnloadImportedAssets: 0.379ms
		EnsureUptoDateAssetsAreRegisteredWithGuidPM: 1.343ms
		ImportSchedulerStart: 46.164ms
	PostProcessAllAssets: 55.390ms
		MonoPostProcessAllAssets: 55.382ms
			UniversalRenderPipelineGlobalSettingsPostprocessor.OnPostprocessAllAssets 17.924ms
			SyncVS.PostprocessSyncProject 5.853ms
			WindowAssetPostprocessingWatcher.OnPostprocessAllAssets 4.090ms
			SpeedTree9Postprocessor.OnPostprocessAllAssets 3.447ms
			EditModeScopePostprocessor.OnPostprocessAllAssets 1.709ms
			ProjectSettingsPostprocessor.OnPostprocessAllAssets 1.429ms
			RenderPipelineGlobalSettingsPostprocessor.OnPostprocessAllAssets 1.262ms
			ShaderReflectionAssetPostProcessor.OnPostprocessAllAssets 0.625ms
			InputActionAssetPostprocessor.OnPostprocessAllAssets 0.511ms
			ReferencedClipsPostProcessor.OnPostprocessAllAssets 0.439ms
			TerrainToolbarOverlayPostProcessor.OnPostprocessAllAssets 0.434ms
			AssetChangedListener.OnPostprocessAllAssets 0.406ms
			AssetDatabaseCallbacks.OnPostprocessAllAssets 0.251ms
			ShaderGraphAssetPostProcessor.OnPostprocessAllAssets 0.130ms
			AssetPostprocessor.OnPostprocessAllAssets 0.128ms
	GatherAllCurrentPrimaryImportResultRevisions: 0.204ms
	PersistCurrentRevisions: 0.173ms
	GenerateScriptTypeHashes: 4.123ms
	GenerateScriptTypeSerializationHashes: 6.806ms
	Untracked: 2730.578ms

[Licensing::Client] Successfully resolved entitlement details
[Licensing::Client] Successfully resolved entitlement details
Asset Pipeline Refresh (id=dbd417c2393d26d4d9de94a5437f13ff): Total: 0.022 seconds - Initiated by RefreshV2(AllowForceSynchronousImport)
Asset Pipeline Refresh (id=3bfd06d1738b17d44ac4b8794b279679): Total: 0.005 seconds - Initiated by RefreshV2(AllowForceSynchronousImport)
Asset Pipeline Refresh (id=1e99e9b7e77110a4bb88086f32ee2544): Total: 0.009 seconds - Initiated by RefreshV2(AllowForceSynchronousImport)
[ScriptCompilation] Requested script compilation because: AssetDatabase observed changes in script compilation related files
Refreshing native plugins compatible for Editor in 6.03 ms, found 4 plugins.
Asset Pipeline Refresh (id=4445a67769982cb42bc1e857aae64853): Total: 0.182 seconds - Initiated by RefreshV2(NoUpdateAssetOptions)
[Licensing::Client] Successfully resolved entitlement details
info: Microsoft.AspNetCore.Hosting.Diagnostics[1]
      Request starting HTTP/2 POST http://ilpp/UnityILPP.PostProcessing/Ping - application/grpc -
info: Microsoft.AspNetCore.Routing.EndpointMiddleware[0]
      Executing endpoint 'gRPC - /UnityILPP.PostProcessing/Ping'
info: Microsoft.AspNetCore.Routing.EndpointMiddleware[1]
      Executed endpoint 'gRPC - /UnityILPP.PostProcessing/Ping'
info: Microsoft.AspNetCore.Hosting.Diagnostics[2]
      Request finished HTTP/2 POST http://ilpp/UnityILPP.PostProcessing/Ping - 200 - application/grpc 3.2960ms
Starting: C:\Program Files\Unity\Hub\Editor\6000.5.9f1\Editor\Data\Tools\BuildPipeline\bee_backend.exe --ipc --defer-dag-verification --dagfile="Library/Bee/1900b0aE.dag" --continue-on-failure --profile="Library/Bee/backend1.traceevents" ScriptAssemblies
WorkingDir: C:/Users/golfa/Rocket
info: Microsoft.AspNetCore.Hosting.Diagnostics[1]
      Request starting HTTP/2 POST http://ilpp/UnityILPP.PostProcessing/ConfigurePostProcessors - application/grpc -
info: Microsoft.AspNetCore.Routing.EndpointMiddleware[0]
      Executing endpoint 'gRPC - /UnityILPP.PostProcessing/ConfigurePostProcessors'
info: Unity.ILPP.Runner.PostProcessingAssemblyLoadContext[0]
      Current configuration matches the requested one, skipping
info: Microsoft.AspNetCore.Routing.EndpointMiddleware[1]
      Executed endpoint 'gRPC - /UnityILPP.PostProcessing/ConfigurePostProcessors'
info: Microsoft.AspNetCore.Hosting.Diagnostics[2]
      Request finished HTTP/2 POST http://ilpp/UnityILPP.PostProcessing/ConfigurePostProcessors - 200 - application/grpc 1.8662ms
Asset Pipeline Refresh (id=f6a7883a21920dd4ca523d066c5b40c8): Total: 0.015 seconds - Initiated by RefreshV2(NoUpdateAssetOptions)
Asset Pipeline Refresh (id=ee83a9dbe32c5d240929d12e5777a96f): Total: 0.005 seconds - Initiated by RefreshV2(NoUpdateAssetOptions)
Asset Pipeline Refresh (id=de3fd6d2ccf91644aa9f02f424ec5ef0): Total: 0.013 seconds - Initiated by RefreshV2(NoUpdateAssetOptions)
Asset Pipeline Refresh (id=610780c5dc49bee4cbfe31d5fcdc8c7f): Total: 0.014 seconds - Initiated by RefreshV2(NoUpdateAssetOptions)
Asset Pipeline Refresh (id=a1821e177352eee4f913ce9541d0a032): Total: 0.016 seconds - Initiated by RefreshV2(NoUpdateAssetOptions)
Asset Pipeline Refresh (id=38c6c4228c8caa145a756eb7967ec7d2): Total: 0.014 seconds - Initiated by RefreshV2(NoUpdateAssetOptions)
info: Microsoft.AspNetCore.Hosting.Diagnostics[1]
      Request starting HTTP/2 POST http://ilpp/UnityILPP.PostProcessing/PostProcessAssembly - application/grpc -
info: Microsoft.AspNetCore.Routing.EndpointMiddleware[0]
      Executing endpoint 'gRPC - /UnityILPP.PostProcessing/PostProcessAssembly'
info: Unity.ILPP.Runner.PostProcessingPipeline[0]
      Processing assembly Library/Bee/artifacts/1900b0aE.dag/Assembly-CSharp.dll, with 141 defines and 339 references
info: Unity.ILPP.Runner.PostProcessingPipeline[0]
      processors: Unity.Jobs.CodeGen.JobsILPostProcessor, zzzUnity.Burst.CodeGen.BurstILPostProcessor
info: Unity.ILPP.Runner.PostProcessingPipeline[0]
      running Unity.Jobs.CodeGen.JobsILPostProcessor
info: Unity.ILPP.Runner.PostProcessingPipeline[0]
      running zzzUnity.Burst.CodeGen.BurstILPostProcessor
info: Microsoft.AspNetCore.Routing.EndpointMiddleware[1]
      Executed endpoint 'gRPC - /UnityILPP.PostProcessing/PostProcessAssembly'
info: Microsoft.AspNetCore.Hosting.Diagnostics[2]
      Request finished HTTP/2 POST http://ilpp/UnityILPP.PostProcessing/PostProcessAssembly - 200 - application/grpc 22.4213ms
ExitCode: 0 Duration: 0s745ms
[730/927    0s] ILPP-Configuration Library/ilpp-configuration.nevergeneratedoutput
[923/927    0s] Csc Library/Bee/artifacts/1900b0aE.dag/Assembly-CSharp.dll (+2 others)
[             ] Modification date of `Assets\Script\MenuManager.cs` changed while running `Csc Library/Bee/artifacts/1900b0aE.dag/Assembly-CSharp.dll (+2 others)`. Old timestamp: 134338911676453519, new timestamp: 134338911678220911
[924/927    0s] ILPostProcess Library/Bee/artifacts/1900b0aE.dag/post-processed/Assembly-CSharp.dll (+pdb)
Processing assembly Library/Bee/artifacts/1900b0aE.dag/Assembly-CSharp.dll, with 141 defines and 339 references

processors: Unity.Jobs.CodeGen.JobsILPostProcessor, zzzUnity.Burst.CodeGen.BurstILPostProcessor

running Unity.Jobs.CodeGen.JobsILPostProcessor

running zzzUnity.Burst.CodeGen.BurstILPostProcessor
[925/927    0s] CopyFiles Library/ScriptAssemblies/Assembly-CSharp.pdb
[926/927    0s] CopyFiles Library/ScriptAssemblies/Assembly-CSharp.dll
*** Tundra build success (0.70 seconds), 5 items updated, 927 evaluated
Reloading assemblies after finishing script compilation.
Reloading assemblies after forced synchronous recompile.
Total cache size 64119356
Total cache size after purge 64119356, took 00:00:00.2112970
Begin MonoManager ReloadAssembly
Refreshing native plugins compatible for Editor in 2.49 ms, found 4 plugins.
Native extension for WindowsStandalone target not found
Native extension for WebGL target not found
[MODES] ModeService[none].Initialize
[MODES] ModeService[none].LoadModes
ScheduleIndexationOnStartup MainProcess:True IndexOnStartup:True
Mono: successfully reloaded assembly
- Finished resetting the current domain, in  3.964 seconds
Domain Reload Profiling: 6244ms
	BeginReloadAssembly (1405ms)
		DisableScriptedObjects (173ms)
		CreateAndSetChildDomain (781ms)
	RebuildCommonClasses (33ms)
	RebuildNativeTypeToScriptingClass (30ms)
	initialDomainReloadingComplete (97ms)
	LoadAllAssembliesAndSetupDomain (713ms)
		LoadAssemblies (277ms)
		AnalyzeDomain (410ms)
			TypeCache.Refresh (21ms)
			BuildScriptInfoCaches (339ms)
			ResolveRequiredComponents (46ms)
	FinalizeReload (3966ms)
		SetupLoadedEditorAssemblies (0ms)
			InitializePlatformSupportModulesInManaged (4ms)
			BeforeProcessingInitializeOnLoad (361ms)
			ProcessInitializeOnLoadAttributes (709ms)
			ProcessInitializeOnLoadMethodAttributes (260ms)
			AfterProcessingInitializeOnLoad (11ms)
		AwakeInstancesAfterBackupRestoration (1131ms)

Asset Pipeline Refresh (id=b5ebf8ed29dadd84699e9625101a786f): Total: 6.678 seconds - Initiated by StopAssetImportingV2(ForceSynchronousImport | ForceDomainReload)
	(Values over 0.05ms)
	Summary:
		Imports: total=0 (actual=0, local cache=0, cache server=0)
		Asset DB Process Time: managed=0 ms, native=4204 ms
		Asset DB Callback time: managed=55 ms, native=0 ms
		Scripting: domain reloads=1, domain reload time=2414 ms, compile time=2 ms, other=0 ms
		Project Asset Count: scripts=1374, non-scripts=2362
		Asset File Changes: new=0, changed=0, moved=0, deleted=0
		Scan Filter Count: 0
	InvokePackagesCallback: 2.543ms
	ApplyChangesToAssetFolders: 0.552ms
	Collect global state as custom dependencies: 5.082ms
	ProcessAssetsWithTransientArtifactChanges: 11.671ms
	CategorizeAssets: 89.948ms
	CompileScripts: 2.273ms
	ImportOutOfDateAssets: 4040.289ms (3988.018ms without children)
		CollectScriptTypesHashes: 1.701ms
		ReloadNativeAssets: 2.046ms
		UnloadImportedAssets: 0.400ms
		EnsureUptoDateAssetsAreRegisteredWithGuidPM: 1.548ms
		ImportSchedulerStart: 48.222ms
	PostProcessAllAssets: 55.639ms
		MonoPostProcessAllAssets: 55.631ms
			UniversalRenderPipelineGlobalSettingsPostprocessor.OnPostprocessAllAssets 19.492ms
			BuilderAssetPostprocessor.OnPostprocessAllAssets 9.276ms
			AssetChangedListener.OnPostprocessAllAssets 7.631ms
			AssetPostprocessor.OnPostprocessAllAssets 7.157ms
			SyncVS.PostprocessSyncProject 6.426ms
			WindowAssetPostprocessingWatcher.OnPostprocessAllAssets 4.030ms
			ShaderGraphAssetPostProcessor.OnPostprocessAllAssets 2.967ms
			SpeedTree9Postprocessor.OnPostprocessAllAssets 2.291ms
			RetainedModeAssetPostprocessor.OnPostprocessAllAssets 2.188ms
			EditModeScopePostprocessor.OnPostprocessAllAssets 2.104ms
			UVCSAssetPostprocessor.OnPostprocessAllAssets 1.454ms
			RenderPipelineGlobalSettingsPostprocessor.OnPostprocessAllAssets 1.407ms
			ProjectSettingsPostprocessor.OnPostprocessAllAssets 1.232ms
			TMPro_TexturePostProcessor.OnPostprocessAllAssets 1.025ms
			ArtifactBrowserPostProcessor.OnPostprocessAllAssets 1.002ms
			MaterialPostprocessor.OnPostprocessAllAssets 0.883ms
			TextAssetPostProcessor.OnPostprocessAllAssets 0.680ms
			PostProcessor.OnPostprocessAllAssets 0.675ms
			SampleDependencyImporterPostProcessor.OnPostprocessAllAssets 0.630ms
			InputActionAssetPostprocessor.OnPostprocessAllAssets 0.615ms
			ShaderReflectionAssetPostProcessor.OnPostprocessAllAssets 0.574ms
			AudioMixerPostprocessor.OnPostprocessAllAssets 0.550ms
			SpeedTreePostProcessor.OnPostprocessAllAssets 0.529ms
			InputActionJsonNameModifierAssetProcessor.OnPostprocessAllAssets 0.519ms
			ReferencedClipsPostProcessor.OnPostprocessAllAssets 0.476ms
			SamplePostprocessor.OnPostprocessAllAssets 0.466ms
			AssetReloadNotifier.OnPostprocessAllAssets 0.424ms
			ConfigAssetsTracker.OnPostprocessAllAssets 0.302ms
			StyleCatalogPostProcessor.OnPostprocessAllAssets 0.296ms
			AssetEvents.OnPostprocessAllAssets 0.292ms
			AssetDatabaseCallbacks.OnPostprocessAllAssets 0.288ms
			TerrainToolbarOverlayPostProcessor.OnPostprocessAllAssets 0.282ms
			ScenarioDriftAssetsTracker.OnPostprocessAllAssets 0.238ms
			AudioContainerPostProcessor.OnPostprocessAllAssets 0.103ms
	GatherAllCurrentPrimaryImportResultRevisions: 0.324ms
	PersistCurrentRevisions: 0.190ms
	GenerateScriptTypeHashes: 4.265ms
	GenerateScriptTypeSerializationHashes: 7.067ms
	Untracked: 2462.850ms

[Licensing::Client] Successfully resolved entitlement details
[Licensing::Client] Successfully resolved entitlement details
Asset Pipeline Refresh (id=3c723c7731f993e4895e16914ee93527): Total: 0.016 seconds - Initiated by RefreshV2(AllowForceSynchronousImport)
Asset Pipeline Refresh (id=364458b551aae6741a6f9d24837b178c): Total: 0.005 seconds - Initiated by RefreshV2(AllowForceSynchronousImport)
Asset Pipeline Refresh (id=02e9488b877759a42a164f8cc6fff3cd): Total: 0.005 seconds - Initiated by RefreshV2(AllowForceSynchronousImport)
Asset Pipeline Refresh (id=32e6e44385930aa41a5bc3a972174265): Total: 0.006 seconds - Initiated by RefreshV2(AllowForceSynchronousImport)
Importing 'GUID: 61847576b0255914aba66ce4250cd746 - Path: Assets/Script/isometric-stylized-rocket-cartoony-illustration-vector.jpg' with importer (TextureImporter)
Imported 'GUID: 61847576b0255914aba66ce4250cd746' -> (Import Result ID: 'e73a833a4d55f0240fab9bbfed3c6ed5') in 0.075 seconds [static and dynamic dependencies]. Details - ImportResultOutputID=d31fde257baeeccdd8347cc353733717 DependenciesID=c28ad55491337dd82cac40c3561440d1 StaticDependenciesID=61dc91bb5f78f78b3aab576ec5536989 
Refreshing native plugins compatible for Editor in 5.54 ms, found 4 plugins.
Asset Pipeline Refresh (id=69782cd1e32875946ae8ec47925b3428): Total: 0.275 seconds - Initiated by RefreshV2(NoUpdateAssetOptions)
[Worker0] Imported GUID: 61847576b0255914aba66ce4250cd746 - Path: Assets/Script/isometric-stylized-rocket-cartoony-illustration-vector.jpg - Importer: PreviewImporter -> (ImportResultId: '8fc8655b26ad1c449332c43c318ac2c1') in 0.1046849 seconds
Refreshing native plugins compatible for Editor in 2.14 ms, found 4 plugins.
Asset Pipeline Refresh (id=a3c841e3d8ae408459770d7f45017a9f): Total: 0.121 seconds - Initiated by StopAssetImportingV2(NoUpdateAssetOptions)
Asset Pipeline Refresh (id=1ca9fdc436d64174d9357433159eecc3): Total: 0.017 seconds - Initiated by RefreshV2(ForceSynchronousImport)
Asset Pipeline Refresh (id=50294786ffe74e5438c7f1727ec23d4b): Total: 0.006 seconds - Initiated by RefreshV2(AllowForceSynchronousImport)
Reloading assemblies for play mode.
Reloading assemblies after forced synchronous recompile.
[Licensing::Client] Successfully resolved entitlement details
Begin MonoManager ReloadAssembly
Native extension for WindowsStandalone target not found
Native extension for WebGL target not found
ScheduleIndexationOnStartup MainProcess:True IndexOnStartup:True
[MODES] ModeService[none].Initialize
[MODES] ModeService[none].LoadModes
Mono: successfully reloaded assembly
- Finished resetting the current domain, in  3.171 seconds
Domain Reload Profiling: 4873ms
	BeginReloadAssembly (1181ms)
		DisableScriptedObjects (147ms)
		CreateAndSetChildDomain (775ms)
	RebuildCommonClasses (23ms)
	RebuildNativeTypeToScriptingClass (32ms)
	initialDomainReloadingComplete (92ms)
	LoadAllAssembliesAndSetupDomain (371ms)
		LoadAssemblies (276ms)
		AnalyzeDomain (59ms)
			TypeCache.Refresh (12ms)
			ResolveRequiredComponents (41ms)
	FinalizeReload (3173ms)
		SetupLoadedEditorAssemblies (0ms)
			InitializePlatformSupportModulesInManaged (5ms)
			BeforeProcessingInitializeOnLoad (168ms)
			ProcessInitializeOnLoadAttributes (659ms)
			ProcessInitializeOnLoadMethodAttributes (245ms)
			AfterProcessingInitializeOnLoad (8ms)
		AwakeInstancesAfterBackupRestoration (1150ms)

Asset Pipeline Refresh (id=cbf26cfb6c25d484697bda29fd5cdb97): Total: 5.342 seconds - Initiated by StopAssetImportingV2(ForceSynchronousImport | ForceDomainReload)
	(Values over 0.05ms)
	Summary:
		Imports: total=0 (actual=0, local cache=0, cache server=0)
		Asset DB Process Time: managed=0 ms, native=3378 ms
		Asset DB Callback time: managed=53 ms, native=0 ms
		Scripting: domain reloads=1, domain reload time=1907 ms, compile time=2 ms, other=0 ms
		Project Asset Count: scripts=1374, non-scripts=2362
		Asset File Changes: new=0, changed=0, moved=0, deleted=0
		Scan Filter Count: 0
	InvokePackagesCallback: 2.307ms
	ApplyChangesToAssetFolders: 0.448ms
	Collect global state as custom dependencies: 3.790ms
	ProcessAssetsWithTransientArtifactChanges: 0.402ms
	CategorizeAssets: 79.549ms
	CompileScripts: 2.440ms
	ImportOutOfDateAssets: 3241.059ms (3191.936ms without children)
		CollectScriptTypesHashes: 0.842ms
		ReloadNativeAssets: 1.341ms
		UnloadImportedAssets: 0.247ms
		EnsureUptoDateAssetsAreRegisteredWithGuidPM: 0.800ms
		ImportSchedulerStart: 46.682ms
	PostProcessAllAssets: 53.754ms
		MonoPostProcessAllAssets: 53.745ms
			UniversalRenderPipelineGlobalSettingsPostprocessor.OnPostprocessAllAssets 19.231ms
			SyncVS.PostprocessSyncProject 6.098ms
			WindowAssetPostprocessingWatcher.OnPostprocessAllAssets 3.588ms
			SpeedTree9Postprocessor.OnPostprocessAllAssets 3.381ms
			RenderPipelineGlobalSettingsPostprocessor.OnPostprocessAllAssets 1.213ms
			ProjectSettingsPostprocessor.OnPostprocessAllAssets 1.137ms
			ShaderGraphAssetPostProcessor.OnPostprocessAllAssets 0.799ms
			ShaderReflectionAssetPostProcessor.OnPostprocessAllAssets 0.681ms
			EditModeScopePostprocessor.OnPostprocessAllAssets 0.502ms
			InputActionAssetPostprocessor.OnPostprocessAllAssets 0.472ms
			ReferencedClipsPostProcessor.OnPostprocessAllAssets 0.416ms
			AssetChangedListener.OnPostprocessAllAssets 0.374ms
			AssetDatabaseCallbacks.OnPostprocessAllAssets 0.281ms
			TerrainToolbarOverlayPostProcessor.OnPostprocessAllAssets 0.249ms
			RetainedModeAssetPostprocessor.OnPostprocessAllAssets 0.203ms
			StyleCatalogPostProcessor.OnPostprocessAllAssets 0.148ms
			AssetPostprocessor.OnPostprocessAllAssets 0.060ms
	GatherAllCurrentPrimaryImportResultRevisions: 0.228ms
	PersistCurrentRevisions: 0.244ms
	GenerateScriptTypeHashes: 3.603ms
	GenerateScriptTypeSerializationHashes: 5.967ms
	Untracked: 1951.423ms

Loaded scene 'Temp/__Backupscenes/0.backup'
	Deserialize:            6.205 ms
	Integration:            1099.658 ms
	Integration of assets:  0.012 ms
	Thread Wait Time:       0.019 ms
	Total Operation Time:   1105.893 ms
[Licensing::Client] Successfully resolved entitlement details
[Licensing::Client] Successfully resolved entitlement details
Unloading 8 Unused Serialized files (Serialized files now loaded: 0)
UnloadTime: 12.338700 ms
Loaded scene 'Assets/Scenes/SampleScene.unity'
	Deserialize:            49.720 ms
	Integration:            349.548 ms
	Integration of assets:  0.971 ms
	Thread Wait Time:       5.925 ms
	Total Operation Time:   406.165 ms
Unloading 113 unused Assets / (5.4 MB). Loaded Objects now: 9043.
Memory consumption went from 0.87 GB to 0.87 GB.
Total: 42.025800 ms (FindLiveObjects: 1.040600 ms CreateObjectMapping: 2.228800 ms MarkObjects: 37.477200 ms  DeleteObjects: 1.276900 ms)

0.9809996
UnityEngine.Debug:ExtractStackTraceNoAlloc (byte*,int,string)
UnityEngine.StackTraceUtility:ExtractStackTrace ()
UnityEngine.DebugLogHandler:Internal_Log (UnityEngine.LogType,UnityEngine.LogOption,string,UnityEngine.Object)
UnityEngine.DebugLogHandler:LogFormat (UnityEngine.LogType,UnityEngine.Object,string,object[])
UnityEngine.Logger:Log (UnityEngine.LogType,object)
UnityEngine.Debug:Log (object)
PlatForm:OnCollisionEnter (UnityEngine.Collision) (at Assets/Script/PlatForm.cs:12)
UnityEngine.Physics:SendOnCollisionEnter (UnityEngine.Component,UnityEngine.Collision)
UnityEngine.Physics:ReportContacts (Unity.Collections.NativeArray`1/ReadOnly<UnityEngine.ContactPairHeader>)
UnityEngine.Physics:OnSceneContact (UnityEngine.PhysicsScene,intptr,int)

(Filename: Assets/Script/PlatForm.cs Line: 12)

Success
UnityEngine.Debug:ExtractStackTraceNoAlloc (byte*,int,string)
UnityEngine.StackTraceUtility:ExtractStackTrace ()
UnityEngine.DebugLogHandler:Internal_Log (UnityEngine.LogType,UnityEngine.LogOption,string,UnityEngine.Object)
UnityEngine.DebugLogHandler:LogFormat (UnityEngine.LogType,UnityEngine.Object,string,object[])
UnityEngine.Logger:Log (UnityEngine.LogType,object)
UnityEngine.Debug:Log (object)
PlatForm:OnCollisionEnter (UnityEngine.Collision) (at Assets/Script/PlatForm.cs:15)
UnityEngine.Physics:SendOnCollisionEnter (UnityEngine.Component,UnityEngine.Collision)
UnityEngine.Physics:ReportContacts (Unity.Collections.NativeArray`1/ReadOnly<UnityEngine.ContactPairHeader>)
UnityEngine.Physics:OnSceneContact (UnityEngine.PhysicsScene,intptr,int)

(Filename: Assets/Script/PlatForm.cs Line: 15)

Unloading 2 Unused Serialized files (Serialized files now loaded: 0)
Loaded scene 'Temp/__Backupscenes/0.backup'
	Deserialize:            2.767 ms
	Integration:            341.892 ms
	Integration of assets:  0.008 ms
	Thread Wait Time:       0.022 ms
	Total Operation Time:   344.688 ms
Unloading 15 unused Assets / (303.9 KB). Loaded Objects now: 8866.
Memory consumption went from 0.86 GB to 0.86 GB.
Total: 36.919200 ms (FindLiveObjects: 0.721600 ms CreateObjectMapping: 2.113400 ms MarkObjects: 33.786900 ms  DeleteObjects: 0.295300 ms)

[Licensing::Client] Successfully resolved entitlement details
Importing 'GUID: 5442b403b6d7c5841af84a2098cfa4e4 - Path: Assets/StartMenu.unity' with importer (DefaultImporter)
Imported 'GUID: 5442b403b6d7c5841af84a2098cfa4e4' -> (Import Result ID: '303b363aae3c93e228271b5ed3c66fde') in 0.006 seconds [static dependencies only]. Details - ImportResultOutputID=b474c4222c27f1bc85a98d9c1c596db0 DependenciesID=daa58b9f974c31c85d59f455e473c903 StaticDependenciesID=feb66e05abdfb33a5538817d4464c8d5 
Asset Pipeline Refresh (id=687c8b68182f4924ba30413650c4bb5e): Total: 0.166 seconds - Initiated by StopAssetImportingV2(NoUpdateAssetOptions)
Opening scene 'Assets/Scenes/SampleScene.unity'
Unloading 25 Unused Serialized files (Serialized files now loaded: 0)
Loaded scene 'Assets/Scenes/SampleScene.unity'
	Deserialize:            3.972 ms
	Integration:            287.580 ms
	Integration of assets:  0.651 ms
	Thread Wait Time:       0.025 ms
	Total Operation Time:   292.229 ms
Unloading 167 unused Assets / (3.9 MB). Loaded Objects now: 8969.
Memory consumption went from 0.87 GB to 0.87 GB.
Total: 38.406900 ms (FindLiveObjects: 0.685500 ms CreateObjectMapping: 1.946700 ms MarkObjects: 34.941700 ms  DeleteObjects: 0.831300 ms)

Reloading assemblies for play mode.
Reloading assemblies after forced synchronous recompile.
Begin MonoManager ReloadAssembly
Refreshing native plugins compatible for Editor in 2.13 ms, found 4 plugins.
Native extension for WindowsStandalone target not found
Native extension for WebGL target not found
ScheduleIndexationOnStartup MainProcess:True IndexOnStartup:True
[MODES] ModeService[none].Initialize
[MODES] ModeService[none].LoadModes
Mono: successfully reloaded assembly
- Finished resetting the current domain, in  3.285 seconds
Domain Reload Profiling: 5068ms
	BeginReloadAssembly (1251ms)
		DisableScriptedObjects (140ms)
		CreateAndSetChildDomain (826ms)
	RebuildCommonClasses (24ms)
	RebuildNativeTypeToScriptingClass (32ms)
	initialDomainReloadingComplete (99ms)
	LoadAllAssembliesAndSetupDomain (374ms)
		LoadAssemblies (270ms)
		AnalyzeDomain (67ms)
			TypeCache.Refresh (14ms)
			ResolveRequiredComponents (45ms)
	FinalizeReload (3287ms)
		SetupLoadedEditorAssemblies (0ms)
			InitializePlatformSupportModulesInManaged (4ms)
			BeforeProcessingInitializeOnLoad (165ms)
			ProcessInitializeOnLoadAttributes (645ms)
			ProcessInitializeOnLoadMethodAttributes (234ms)
			AfterProcessingInitializeOnLoad (9ms)
		AwakeInstancesAfterBackupRestoration (1157ms)

Asset Pipeline Refresh (id=1046819c3fe24f94f8d2d5a4f48316b8): Total: 5.542 seconds - Initiated by StopAssetImportingV2(ForceSynchronousImport | ForceDomainReload)
	(Values over 0.05ms)
	Summary:
		Imports: total=0 (actual=0, local cache=0, cache server=0)
		Asset DB Process Time: managed=0 ms, native=3522 ms
		Asset DB Callback time: managed=51 ms, native=1 ms
		Scripting: domain reloads=1, domain reload time=1964 ms, compile time=2 ms, other=0 ms
		Project Asset Count: scripts=1374, non-scripts=2362
		Asset File Changes: new=0, changed=0, moved=0, deleted=0
		Scan Filter Count: 0
	InvokePackagesCallback: 3.386ms
	ApplyChangesToAssetFolders: 0.560ms
	Collect global state as custom dependencies: 7.714ms
	ProcessAssetsWithTransientArtifactChanges: 0.493ms
	CategorizeAssets: 85.157ms
	CompileScripts: 2.312ms
	ImportOutOfDateAssets: 3362.262ms (3311.156ms without children)
		CollectScriptTypesHashes: 1.292ms
		ReloadNativeAssets: 2.108ms
		UnloadImportedAssets: 0.535ms
		EnsureUptoDateAssetsAreRegisteredWithGuidPM: 1.541ms
		ImportSchedulerStart: 46.871ms
	PostProcessAllAssets: 51.082ms
		MonoPostProcessAllAssets: 51.074ms
			UniversalRenderPipelineGlobalSettingsPostprocessor.OnPostprocessAllAssets 17.154ms
			AssetChangedListener.OnPostprocessAllAssets 9.778ms
			BuilderAssetPostprocessor.OnPostprocessAllAssets 9.541ms
			AssetPostprocessor.OnPostprocessAllAssets 7.924ms
			SyncVS.PostprocessSyncProject 5.921ms
			UVCSAssetPostprocessor.OnPostprocessAllAssets 4.307ms
			WindowAssetPostprocessingWatcher.OnPostprocessAllAssets 3.925ms
			SpeedTree9Postprocessor.OnPostprocessAllAssets 3.225ms
			ShaderGraphAssetPostProcessor.OnPostprocessAllAssets 3.107ms
			RetainedModeAssetPostprocessor.OnPostprocessAllAssets 2.102ms
			ProjectSettingsPostprocessor.OnPostprocessAllAssets 1.195ms
			RenderPipelineGlobalSettingsPostprocessor.OnPostprocessAllAssets 1.143ms
			ArtifactBrowserPostProcessor.OnPostprocessAllAssets 0.975ms
			TMPro_TexturePostProcessor.OnPostprocessAllAssets 0.880ms
			MaterialPostprocessor.OnPostprocessAllAssets 0.781ms
			ShaderReflectionAssetPostProcessor.OnPostprocessAllAssets 0.664ms
			TextAssetPostProcessor.OnPostprocessAllAssets 0.558ms
			EditModeScopePostprocessor.OnPostprocessAllAssets 0.548ms
			AudioMixerPostprocessor.OnPostprocessAllAssets 0.546ms
			InputActionAssetPostprocessor.OnPostprocessAllAssets 0.523ms
			StyleCatalogPostProcessor.OnPostprocessAllAssets 0.492ms
			SampleDependencyImporterPostProcessor.OnPostprocessAllAssets 0.480ms
			InputActionJsonNameModifierAssetProcessor.OnPostprocessAllAssets 0.450ms
			AssetEvents.OnPostprocessAllAssets 0.424ms
			ReferencedClipsPostProcessor.OnPostprocessAllAssets 0.421ms
			PostProcessor.OnPostprocessAllAssets 0.402ms
			AssetReloadNotifier.OnPostprocessAllAssets 0.284ms
			TerrainToolbarOverlayPostProcessor.OnPostprocessAllAssets 0.270ms
			ScenarioDriftAssetsTracker.OnPostprocessAllAssets 0.268ms
			AssetDatabaseCallbacks.OnPostprocessAllAssets 0.257ms
			SpeedTreePostProcessor.OnPostprocessAllAssets 0.245ms
			ConfigAssetsTracker.OnPostprocessAllAssets 0.239ms
			SamplePostprocessor.OnPostprocessAllAssets 0.238ms
			AudioContainerPostProcessor.OnPostprocessAllAssets 0.120ms
	GatherAllCurrentPrimaryImportResultRevisions: 0.255ms
	UnloadStreamsBegin: 0.117ms
	PersistCurrentRevisions: 0.176ms
	GenerateScriptTypeHashes: 4.205ms
	GenerateScriptTypeSerializationHashes: 6.858ms
	Untracked: 2019.099ms

Loaded scene 'Temp/__Backupscenes/0.backup'
	Deserialize:            4.419 ms
	Integration:            994.248 ms
	Integration of assets:  0.008 ms
	Thread Wait Time:       0.019 ms
	Total Operation Time:   998.694 ms
[Licensing::Client] Successfully resolved entitlement details
[Licensing::Client] Successfully resolved entitlement details
0.9809996
UnityEngine.Debug:ExtractStackTraceNoAlloc (byte*,int,string)
UnityEngine.StackTraceUtility:ExtractStackTrace ()
UnityEngine.DebugLogHandler:Internal_Log (UnityEngine.LogType,UnityEngine.LogOption,string,UnityEngine.Object)
UnityEngine.DebugLogHandler:LogFormat (UnityEngine.LogType,UnityEngine.Object,string,object[])
UnityEngine.Logger:Log (UnityEngine.LogType,object)
UnityEngine.Debug:Log (object)
PlatForm:OnCollisionEnter (UnityEngine.Collision) (at Assets/Script/PlatForm.cs:12)
UnityEngine.Physics:SendOnCollisionEnter (UnityEngine.Component,UnityEngine.Collision)
UnityEngine.Physics:ReportContacts (Unity.Collections.NativeArray`1/ReadOnly<UnityEngine.ContactPairHeader>)
UnityEngine.Physics:OnSceneContact (UnityEngine.PhysicsScene,intptr,int)

(Filename: Assets/Script/PlatForm.cs Line: 12)

Success
UnityEngine.Debug:ExtractStackTraceNoAlloc (byte*,int,string)
UnityEngine.StackTraceUtility:ExtractStackTrace ()
UnityEngine.DebugLogHandler:Internal_Log (UnityEngine.LogType,UnityEngine.LogOption,string,UnityEngine.Object)
UnityEngine.DebugLogHandler:LogFormat (UnityEngine.LogType,UnityEngine.Object,string,object[])
UnityEngine.Logger:Log (UnityEngine.LogType,object)
UnityEngine.Debug:Log (object)
PlatForm:OnCollisionEnter (UnityEngine.Collision) (at Assets/Script/PlatForm.cs:15)
UnityEngine.Physics:SendOnCollisionEnter (UnityEngine.Component,UnityEngine.Collision)
UnityEngine.Physics:ReportContacts (Unity.Collections.NativeArray`1/ReadOnly<UnityEngine.ContactPairHeader>)
UnityEngine.Physics:OnSceneContact (UnityEngine.PhysicsScene,intptr,int)

(Filename: Assets/Script/PlatForm.cs Line: 15)

24.78762
UnityEngine.Debug:ExtractStackTraceNoAlloc (byte*,int,string)
UnityEngine.StackTraceUtility:ExtractStackTrace ()
UnityEngine.DebugLogHandler:Internal_Log (UnityEngine.LogType,UnityEngine.LogOption,string,UnityEngine.Object)
UnityEngine.DebugLogHandler:LogFormat (UnityEngine.LogType,UnityEngine.Object,string,object[])
UnityEngine.Logger:Log (UnityEngine.LogType,object)
UnityEngine.Debug:Log (object)
PlatForm:OnCollisionEnter (UnityEngine.Collision) (at Assets/Script/PlatForm.cs:12)
UnityEngine.Physics:SendOnCollisionEnter (UnityEngine.Component,UnityEngine.Collision)
UnityEngine.Physics:ReportContacts (Unity.Collections.NativeArray`1/ReadOnly<UnityEngine.ContactPairHeader>)
UnityEngine.Physics:OnSceneContact (UnityEngine.PhysicsScene,intptr,int)

(Filename: Assets/Script/PlatForm.cs Line: 12)

Boom
UnityEngine.Debug:ExtractStackTraceNoAlloc (byte*,int,string)
UnityEngine.StackTraceUtility:ExtractStackTrace ()
UnityEngine.DebugLogHandler:Internal_Log (UnityEngine.LogType,UnityEngine.LogOption,string,UnityEngine.Object)
UnityEngine.DebugLogHandler:LogFormat (UnityEngine.LogType,UnityEngine.Object,string,object[])
UnityEngine.Logger:Log (UnityEngine.LogType,object)
UnityEngine.Debug:Log (object)
PlatForm:OnCollisionEnter (UnityEngine.Collision) (at Assets/Script/PlatForm.cs:19)
UnityEngine.Physics:SendOnCollisionEnter (UnityEngine.Component,UnityEngine.Collision)
UnityEngine.Physics:ReportContacts (Unity.Collections.NativeArray`1/ReadOnly<UnityEngine.ContactPairHeader>)
UnityEngine.Physics:OnSceneContact (UnityEngine.PhysicsScene,intptr,int)

(Filename: Assets/Script/PlatForm.cs Line: 19)

Unloading 1 Unused Serialized files (Serialized files now loaded: 0)
Loaded scene 'Temp/__Backupscenes/0.backup'
	Deserialize:            3.571 ms
	Integration:            385.291 ms
	Integration of assets:  0.009 ms
	Thread Wait Time:       0.028 ms
	Total Operation Time:   388.899 ms
Unloading 15 unused Assets / (0.6 MB). Loaded Objects now: 8939.
Memory consumption went from 0.90 GB to 0.90 GB.
Total: 38.350000 ms (FindLiveObjects: 0.564500 ms CreateObjectMapping: 1.567000 ms MarkObjects: 36.085300 ms  DeleteObjects: 0.130300 ms)

Asset Pipeline Refresh (id=e1a55330bbe266e4280d2e82dba21a67): Total: 0.029 seconds - Initiated by RefreshV2(AllowForceSynchronousImport)
Asset Pipeline Refresh (id=fdeb215e8b57e0943b6724938bfb1699): Total: 0.007 seconds - Initiated by RefreshV2(AllowForceSynchronousImport)
[ScriptCompilation] Requested script compilation because: AssetDatabase observed changes in script compilation related files
Refreshing native plugins compatible for Editor in 2.13 ms, found 4 plugins.
Asset Pipeline Refresh (id=9d8fa1d96ba49a1488a83ecf6b9668af): Total: 0.199 seconds - Initiated by RefreshV2(NoUpdateAssetOptions)
[Licensing::Client] Successfully resolved entitlement details
info: Microsoft.AspNetCore.Hosting.Diagnostics[1]
      Request starting HTTP/2 POST http://ilpp/UnityILPP.PostProcessing/Ping - application/grpc -
info: Microsoft.AspNetCore.Routing.EndpointMiddleware[0]
      Executing endpoint 'gRPC - /UnityILPP.PostProcessing/Ping'
info: Microsoft.AspNetCore.Routing.EndpointMiddleware[1]
      Executed endpoint 'gRPC - /UnityILPP.PostProcessing/Ping'
info: Microsoft.AspNetCore.Hosting.Diagnostics[2]
      Request finished HTTP/2 POST http://ilpp/UnityILPP.PostProcessing/Ping - 200 - application/grpc 1.1123ms
Starting: C:\Program Files\Unity\Hub\Editor\6000.5.9f1\Editor\Data\Tools\BuildPipeline\bee_backend.exe --ipc --defer-dag-verification --dagfile="Library/Bee/1900b0aE.dag" --continue-on-failure --profile="Library/Bee/backend1.traceevents" ScriptAssemblies
WorkingDir: C:/Users/golfa/Rocket
info: Microsoft.AspNetCore.Hosting.Diagnostics[1]
      Request starting HTTP/2 POST http://ilpp/UnityILPP.PostProcessing/ConfigurePostProcessors - application/grpc -
info: Microsoft.AspNetCore.Routing.EndpointMiddleware[0]
      Executing endpoint 'gRPC - /UnityILPP.PostProcessing/ConfigurePostProcessors'
info: Unity.ILPP.Runner.PostProcessingAssemblyLoadContext[0]
      Current configuration matches the requested one, skipping
info: Microsoft.AspNetCore.Routing.EndpointMiddleware[1]
      Executed endpoint 'gRPC - /UnityILPP.PostProcessing/ConfigurePostProcessors'
info: Microsoft.AspNetCore.Hosting.Diagnostics[2]
      Request finished HTTP/2 POST http://ilpp/UnityILPP.PostProcessing/ConfigurePostProcessors - 200 - application/grpc 2.2826ms
Asset Pipeline Refresh (id=9309a90dea2527e47b2e1a616e7feedb): Total: 0.017 seconds - Initiated by RefreshV2(NoUpdateAssetOptions)
Asset Pipeline Refresh (id=f3620014ebba93846860652f5b1a8791): Total: 0.005 seconds - Initiated by RefreshV2(NoUpdateAssetOptions)
Asset Pipeline Refresh (id=c46b4f9649c0c65448ddd77fe393affc): Total: 0.010 seconds - Initiated by RefreshV2(NoUpdateAssetOptions)
Asset Pipeline Refresh (id=a211dcbea2d8a304da9542a10be1062f): Total: 0.015 seconds - Initiated by RefreshV2(NoUpdateAssetOptions)
Asset Pipeline Refresh (id=26de71dae013221498e36fc21a01ec60): Total: 0.015 seconds - Initiated by RefreshV2(NoUpdateAssetOptions)
Asset Pipeline Refresh (id=baae9049de0ab2f4599b8b0d4517b401): Total: 0.015 seconds - Initiated by RefreshV2(NoUpdateAssetOptions)
info: Microsoft.AspNetCore.Hosting.Diagnostics[1]
      Request starting HTTP/2 POST http://ilpp/UnityILPP.PostProcessing/PostProcessAssembly - application/grpc -
info: Microsoft.AspNetCore.Routing.EndpointMiddleware[0]
      Executing endpoint 'gRPC - /UnityILPP.PostProcessing/PostProcessAssembly'
info: Unity.ILPP.Runner.PostProcessingPipeline[0]
      Processing assembly Library/Bee/artifacts/1900b0aE.dag/Assembly-CSharp.dll, with 141 defines and 339 references
info: Unity.ILPP.Runner.PostProcessingPipeline[0]
      processors: Unity.Jobs.CodeGen.JobsILPostProcessor, zzzUnity.Burst.CodeGen.BurstILPostProcessor
info: Unity.ILPP.Runner.PostProcessingPipeline[0]
      running Unity.Jobs.CodeGen.JobsILPostProcessor
info: Unity.ILPP.Runner.PostProcessingPipeline[0]
      running zzzUnity.Burst.CodeGen.BurstILPostProcessor
info: Microsoft.AspNetCore.Routing.EndpointMiddleware[1]
      Executed endpoint 'gRPC - /UnityILPP.PostProcessing/PostProcessAssembly'
info: Microsoft.AspNetCore.Hosting.Diagnostics[2]
      Request finished HTTP/2 POST http://ilpp/UnityILPP.PostProcessing/PostProcessAssembly - 200 - application/grpc 30.4625ms
ExitCode: 0 Duration: 0s747ms
[730/927    0s] ILPP-Configuration Library/ilpp-configuration.nevergeneratedoutput
[923/927    0s] Csc Library/Bee/artifacts/1900b0aE.dag/Assembly-CSharp.dll (+2 others)
[924/927    0s] ILPostProcess Library/Bee/artifacts/1900b0aE.dag/post-processed/Assembly-CSharp.dll (+pdb)
Processing assembly Library/Bee/artifacts/1900b0aE.dag/Assembly-CSharp.dll, with 141 defines and 339 references

processors: Unity.Jobs.CodeGen.JobsILPostProcessor, zzzUnity.Burst.CodeGen.BurstILPostProcessor

running Unity.Jobs.CodeGen.JobsILPostProcessor

running zzzUnity.Burst.CodeGen.BurstILPostProcessor
[925/927    0s] CopyFiles Library/ScriptAssemblies/Assembly-CSharp.dll
[926/927    0s] CopyFiles Library/ScriptAssemblies/Assembly-CSharp.pdb
*** Tundra build success (0.70 seconds), 5 items updated, 927 evaluated
Reloading assemblies after finishing script compilation.
Total cache size 64119356
Reloading assemblies after forced synchronous recompile.
Total cache size after purge 64119356, took 00:00:00.1470247
Begin MonoManager ReloadAssembly
GetVirtualKey: Could not map char: z (122) to any virtual key
GetVirtualKey: Could not map char: y (121) to any virtual key
GetVirtualKey: Could not map char: x (120) to any virtual key
GetVirtualKey: Could not map char: c (99) to any virtual key
GetVirtualKey: Could not map char: v (118) to any virtual key
GetVirtualKey: Could not map char: V (86) to any virtual key
GetVirtualKey: Could not map char: d (100) to any virtual key
GetVirtualKey: Could not map char: f (102) to any virtual key
GetVirtualKey: Could not map char: f (102) to any virtual key
GetVirtualKey: Could not map char: a (97) to any virtual key
GetVirtualKey: Could not map char: d (100) to any virtual key
GetVirtualKey: Could not map char: c (99) to any virtual key
GetVirtualKey: Could not map char: r (114) to any virtual key
GetVirtualKey: Could not map char: i (105) to any virtual key
GetVirtualKey: Could not map char: l (108) to any virtual key
GetVirtualKey: Could not map char: f (102) to any virtual key
GetVirtualKey: Could not map char: k (107) to any virtual key
GetVirtualKey: Could not map char: p (112) to any virtual key
GetVirtualKey: Could not map char: p (112) to any virtual key
GetVirtualKey: Could not map char: p (112) to any virtual key
GetVirtualKey: Could not map char: c (99) to any virtual key
GetVirtualKey: Could not map char: r (114) to any virtual key
GetVirtualKey: Could not map char: P (80) to any virtual key
GetVirtualKey: Could not map char: n (110) to any virtual key
GetVirtualKey: Could not map char: n (110) to any virtual key
GetVirtualKey: Could not map char: g (103) to any virtual key
GetVirtualKey: Could not map char: = (61) to any virtual key
GetVirtualKey: Could not map char: f (102) to any virtual key
GetVirtualKey: Could not map char: f (102) to any virtual key
GetVirtualKey: Could not map char: a (97) to any virtual key
GetVirtualKey: Could not map char: a (97) to any virtual key
GetVirtualKey: Could not map char: c (99) to any virtual key
GetVirtualKey: Could not map char: u (117) to any virtual key
GetVirtualKey: Could not map char: n (110) to any virtual key
GetVirtualKey: Could not map char: o (111) to any virtual key
GetVirtualKey: Could not map char: s (115) to any virtual key
GetVirtualKey: Could not map char: s (115) to any virtual key
GetVirtualKey: Could not map char: b (98) to any virtual key
GetVirtualKey: Could not map char: b (98) to any virtual key
Refreshing native plugins compatible for Editor in 2.14 ms, found 4 plugins.
Native extension for WindowsStandalone target not found
Native extension for WebGL target not found
[MODES] ModeService[none].Initialize
[MODES] ModeService[none].LoadModes
GetVirtualKey: Could not map char: z (122) to any virtual key
GetVirtualKey: Could not map char: y (121) to any virtual key
GetVirtualKey: Could not map char: x (120) to any virtual key
GetVirtualKey: Could not map char: c (99) to any virtual key
GetVirtualKey: Could not map char: v (118) to any virtual key
GetVirtualKey: Could not map char: V (86) to any virtual key
GetVirtualKey: Could not map char: d (100) to any virtual key
GetVirtualKey: Could not map char: f (102) to any virtual key
GetVirtualKey: Could not map char: f (102) to any virtual key
GetVirtualKey: Could not map char: a (97) to any virtual key
GetVirtualKey: Could not map char: d (100) to any virtual key
GetVirtualKey: Could not map char: c (99) to any virtual key
GetVirtualKey: Could not map char: r (114) to any virtual key
GetVirtualKey: Could not map char: i (105) to any virtual key
GetVirtualKey: Could not map char: l (108) to any virtual key
GetVirtualKey: Could not map char: f (102) to any virtual key
GetVirtualKey: Could not map char: k (107) to any virtual key
GetVirtualKey: Could not map char: p (112) to any virtual key
GetVirtualKey: Could not map char: p (112) to any virtual key
GetVirtualKey: Could not map char: p (112) to any virtual key
GetVirtualKey: Could not map char: c (99) to any virtual key
GetVirtualKey: Could not map char: r (114) to any virtual key
GetVirtualKey: Could not map char: P (80) to any virtual key
GetVirtualKey: Could not map char: n (110) to any virtual key
GetVirtualKey: Could not map char: n (110) to any virtual key
GetVirtualKey: Could not map char: g (103) to any virtual key
GetVirtualKey: Could not map char: = (61) to any virtual key
GetVirtualKey: Could not map char: f (102) to any virtual key
GetVirtualKey: Could not map char: f (102) to any virtual key
GetVirtualKey: Could not map char: a (97) to any virtual key
GetVirtualKey: Could not map char: a (97) to any virtual key
GetVirtualKey: Could not map char: n (110) to any virtual key
GetVirtualKey: Could not map char: o (111) to any virtual key
GetVirtualKey: Could not map char: s (115) to any virtual key
GetVirtualKey: Could not map char: s (115) to any virtual key
GetVirtualKey: Could not map char: b (98) to any virtual key
GetVirtualKey: Could not map char: b (98) to any virtual key
GetVirtualKey: Could not map char: c (99) to any virtual key
GetVirtualKey: Could not map char: u (117) to any virtual key
ScheduleIndexationOnStartup MainProcess:True IndexOnStartup:True
Mono: successfully reloaded assembly
- Finished resetting the current domain, in  3.560 seconds
Domain Reload Profiling: 6146ms
	BeginReloadAssembly (1618ms)
		DisableScriptedObjects (303ms)
		CreateAndSetChildDomain (902ms)
	RebuildCommonClasses (27ms)
	RebuildNativeTypeToScriptingClass (35ms)
	initialDomainReloadingComplete (117ms)
	LoadAllAssembliesAndSetupDomain (786ms)
		LoadAssemblies (317ms)
		AnalyzeDomain (460ms)
			TypeCache.Refresh (26ms)
			BuildScriptInfoCaches (388ms)
			ResolveRequiredComponents (43ms)
	FinalizeReload (3562ms)
		SetupLoadedEditorAssemblies (0ms)
			InitializePlatformSupportModulesInManaged (4ms)
			BeforeProcessingInitializeOnLoad (349ms)
			ProcessInitializeOnLoadAttributes (686ms)
			ProcessInitializeOnLoadMethodAttributes (285ms)
			AfterProcessingInitializeOnLoad (12ms)
		AwakeInstancesAfterBackupRestoration (1268ms)

Asset Pipeline Refresh (id=6a6a2f77ae43761408900d9ab42d759b): Total: 6.619 seconds - Initiated by StopAssetImportingV2(ForceSynchronousImport | ForceDomainReload)
	(Values over 0.05ms)
	Summary:
		Imports: total=0 (actual=0, local cache=0, cache server=0)
		Asset DB Process Time: managed=0 ms, native=3811 ms
		Asset DB Callback time: managed=60 ms, native=0 ms
		Scripting: domain reloads=1, domain reload time=2743 ms, compile time=2 ms, other=0 ms
		Project Asset Count: scripts=1374, non-scripts=2362
		Asset File Changes: new=0, changed=0, moved=0, deleted=0
		Scan Filter Count: 0
	InvokePackagesCallback: 2.659ms
	ApplyChangesToAssetFolders: 0.531ms
	Collect global state as custom dependencies: 7.878ms
	ProcessAssetsWithTransientArtifactChanges: 11.524ms
	CategorizeAssets: 96.407ms
	CompileScripts: 2.460ms
	ImportOutOfDateAssets: 3635.714ms (3585.325ms without children)
		CollectScriptTypesHashes: 1.704ms
		ReloadNativeAssets: 2.082ms
		UnloadImportedAssets: 0.466ms
		EnsureUptoDateAssetsAreRegisteredWithGuidPM: 1.189ms
		ImportSchedulerStart: 46.604ms
	PostProcessAllAssets: 60.244ms
		MonoPostProcessAllAssets: 60.235ms
			UniversalRenderPipelineGlobalSettingsPostprocessor.OnPostprocessAllAssets 21.126ms
			AssetChangedListener.OnPostprocessAllAssets 9.962ms
			BuilderAssetPostprocessor.OnPostprocessAllAssets 8.985ms
			AssetPostprocessor.OnPostprocessAllAssets 8.326ms
			SyncVS.PostprocessSyncProject 6.088ms
			WindowAssetPostprocessingWatcher.OnPostprocessAllAssets 4.241ms
			SpeedTree9Postprocessor.OnPostprocessAllAssets 3.765ms
			ShaderGraphAssetPostProcessor.OnPostprocessAllAssets 3.659ms
			RetainedModeAssetPostprocessor.OnPostprocessAllAssets 2.290ms
			EditModeScopePostprocessor.OnPostprocessAllAssets 1.976ms
			RenderPipelineGlobalSettingsPostprocessor.OnPostprocessAllAssets 1.503ms
			TMPro_TexturePostProcessor.OnPostprocessAllAssets 1.304ms
			ProjectSettingsPostprocessor.OnPostprocessAllAssets 1.275ms
			ArtifactBrowserPostProcessor.OnPostprocessAllAssets 1.104ms
			UVCSAssetPostprocessor.OnPostprocessAllAssets 1.021ms
			MaterialPostprocessor.OnPostprocessAllAssets 0.974ms
			StyleCatalogPostProcessor.OnPostprocessAllAssets 0.690ms
			ShaderReflectionAssetPostProcessor.OnPostprocessAllAssets 0.653ms
			AudioMixerPostprocessor.OnPostprocessAllAssets 0.649ms
			TextAssetPostProcessor.OnPostprocessAllAssets 0.636ms
			SpeedTreePostProcessor.OnPostprocessAllAssets 0.607ms
			SampleDependencyImporterPostProcessor.OnPostprocessAllAssets 0.556ms
			AssetEvents.OnPostprocessAllAssets 0.540ms
			InputActionAssetPostprocessor.OnPostprocessAllAssets 0.510ms
			InputActionJsonNameModifierAssetProcessor.OnPostprocessAllAssets 0.477ms
			ReferencedClipsPostProcessor.OnPostprocessAllAssets 0.475ms
			PostProcessor.OnPostprocessAllAssets 0.434ms
			TerrainToolbarOverlayPostProcessor.OnPostprocessAllAssets 0.337ms
			AssetDatabaseCallbacks.OnPostprocessAllAssets 0.322ms
			AssetReloadNotifier.OnPostprocessAllAssets 0.301ms
			ScenarioDriftAssetsTracker.OnPostprocessAllAssets 0.262ms
			ConfigAssetsTracker.OnPostprocessAllAssets 0.258ms
			AudioContainerPostProcessor.OnPostprocessAllAssets 0.245ms
			SamplePostprocessor.OnPostprocessAllAssets 0.236ms
	GatherAllCurrentPrimaryImportResultRevisions: 0.197ms
	PersistCurrentRevisions: 0.153ms
	GenerateScriptTypeHashes: 4.261ms
	GenerateScriptTypeSerializationHashes: 6.962ms
	Untracked: 2794.913ms

[Licensing::Client] Successfully resolved entitlement details
[Licensing::Client] Successfully resolved entitlement details
Asset Pipeline Refresh (id=9bca165a976020c4eb34317911b0f833): Total: 0.024 seconds - Initiated by RefreshV2(AllowForceSynchronousImport)
GetVirtualKey: Could not map char: z (122) to any virtual key
GetVirtualKey: Could not map char: y (121) to any virtual key
GetVirtualKey: Could not map char: x (120) to any virtual key
GetVirtualKey: Could not map char: c (99) to any virtual key
GetVirtualKey: Could not map char: v (118) to any virtual key
GetVirtualKey: Could not map char: V (86) to any virtual key
GetVirtualKey: Could not map char: d (100) to any virtual key
GetVirtualKey: Could not map char: f (102) to any virtual key
GetVirtualKey: Could not map char: f (102) to any virtual key
GetVirtualKey: Could not map char: a (97) to any virtual key
GetVirtualKey: Could not map char: d (100) to any virtual key
GetVirtualKey: Could not map char: c (99) to any virtual key
GetVirtualKey: Could not map char: r (114) to any virtual key
GetVirtualKey: Could not map char: i (105) to any virtual key
GetVirtualKey: Could not map char: l (108) to any virtual key
GetVirtualKey: Could not map char: f (102) to any virtual key
GetVirtualKey: Could not map char: k (107) to any virtual key
GetVirtualKey: Could not map char: p (112) to any virtual key
GetVirtualKey: Could not map char: p (112) to any virtual key
GetVirtualKey: Could not map char: p (112) to any virtual key
GetVirtualKey: Could not map char: c (99) to any virtual key
GetVirtualKey: Could not map char: r (114) to any virtual key
GetVirtualKey: Could not map char: P (80) to any virtual key
GetVirtualKey: Could not map char: n (110) to any virtual key
GetVirtualKey: Could not map char: n (110) to any virtual key
GetVirtualKey: Could not map char: g (103) to any virtual key
GetVirtualKey: Could not map char: = (61) to any virtual key
GetVirtualKey: Could not map char: f (102) to any virtual key
GetVirtualKey: Could not map char: f (102) to any virtual key
GetVirtualKey: Could not map char: a (97) to any virtual key
GetVirtualKey: Could not map char: a (97) to any virtual key
GetVirtualKey: Could not map char: c (99) to any virtual key
GetVirtualKey: Could not map char: u (117) to any virtual key
GetVirtualKey: Could not map char: n (110) to any virtual key
GetVirtualKey: Could not map char: o (111) to any virtual key
GetVirtualKey: Could not map char: s (115) to any virtual key
GetVirtualKey: Could not map char: s (115) to any virtual key
GetVirtualKey: Could not map char: b (98) to any virtual key
GetVirtualKey: Could not map char: b (98) to any virtual key
GetVirtualKey: Could not map char: x (120) to any virtual key
GetVirtualKey: Could not map char: c (99) to any virtual key
GetVirtualKey: Could not map char: v (118) to any virtual key
GetVirtualKey: Could not map char: d (100) to any virtual key
GetVirtualKey: Could not map char: n (110) to any virtual key
GetVirtualKey: Could not map char: g (103) to any virtual key
GetVirtualKey: Could not map char: f (102) to any virtual key
GetVirtualKey: Could not map char: f (102) to any virtual key
GetVirtualKey: Could not map char: a (97) to any virtual key
Asset Pipeline Refresh (id=d9ae8427671e55042bbe1c83d8244b7c): Total: 0.009 seconds - Initiated by RefreshV2(AllowForceSynchronousImport)
Reloading assemblies for play mode.
Reloading assemblies after forced synchronous recompile.
[Licensing::Client] Successfully resolved entitlement details
Begin MonoManager ReloadAssembly
Refreshing native plugins compatible for Editor in 6.82 ms, found 4 plugins.
Native extension for WindowsStandalone target not found
Native extension for WebGL target not found
ScheduleIndexationOnStartup MainProcess:True IndexOnStartup:True
[MODES] ModeService[none].Initialize
[MODES] ModeService[none].LoadModes
Mono: successfully reloaded assembly
- Finished resetting the current domain, in  3.373 seconds
Domain Reload Profiling: 5230ms
	BeginReloadAssembly (1328ms)
		DisableScriptedObjects (137ms)
		CreateAndSetChildDomain (879ms)
	RebuildCommonClasses (20ms)
	RebuildNativeTypeToScriptingClass (23ms)
	initialDomainReloadingComplete (105ms)
	LoadAllAssembliesAndSetupDomain (379ms)
		LoadAssemblies (292ms)
		AnalyzeDomain (70ms)
			TypeCache.Refresh (17ms)
			ResolveRequiredComponents (45ms)
	FinalizeReload (3375ms)
		SetupLoadedEditorAssemblies (0ms)
			InitializePlatformSupportModulesInManaged (4ms)
			BeforeProcessingInitializeOnLoad (167ms)
			ProcessInitializeOnLoadAttributes (683ms)
			ProcessInitializeOnLoadMethodAttributes (238ms)
			AfterProcessingInitializeOnLoad (10ms)
		AwakeInstancesAfterBackupRestoration (1223ms)

Asset Pipeline Refresh (id=262b5b8adcd28b24094133b80f04be9f): Total: 5.743 seconds - Initiated by StopAssetImportingV2(ForceSynchronousImport | ForceDomainReload)
	(Values over 0.05ms)
	Summary:
		Imports: total=0 (actual=0, local cache=0, cache server=0)
		Asset DB Process Time: managed=0 ms, native=3612 ms
		Asset DB Callback time: managed=50 ms, native=1 ms
		Scripting: domain reloads=1, domain reload time=2075 ms, compile time=2 ms, other=0 ms
		Project Asset Count: scripts=1374, non-scripts=2362
		Asset File Changes: new=0, changed=0, moved=0, deleted=0
		Scan Filter Count: 0
	InvokePackagesCallback: 3.206ms
	ApplyChangesToAssetFolders: 0.542ms
	Collect global state as custom dependencies: 5.617ms
	ProcessAssetsWithTransientArtifactChanges: 0.533ms
	CategorizeAssets: 86.597ms
	CompileScripts: 2.269ms
	ImportOutOfDateAssets: 3447.363ms (3400.347ms without children)
		CollectScriptTypesHashes: 1.237ms
		ReloadNativeAssets: 1.432ms
		UnloadImportedAssets: 0.348ms
		EnsureUptoDateAssetsAreRegisteredWithGuidPM: 1.491ms
		ImportSchedulerStart: 43.649ms
	PostProcessAllAssets: 50.903ms
		MonoPostProcessAllAssets: 50.895ms
			UniversalRenderPipelineGlobalSettingsPostprocessor.OnPostprocessAllAssets 16.572ms
			AssetChangedListener.OnPostprocessAllAssets 9.962ms
			BuilderAssetPostprocessor.OnPostprocessAllAssets 8.985ms
			AssetPostprocessor.OnPostprocessAllAssets 8.326ms
			SyncVS.PostprocessSyncProject 5.901ms
			ShaderGraphAssetPostProcessor.OnPostprocessAllAssets 3.659ms
			WindowAssetPostprocessingWatcher.OnPostprocessAllAssets 3.654ms
			SpeedTree9Postprocessor.OnPostprocessAllAssets 2.962ms
			RetainedModeAssetPostprocessor.OnPostprocessAllAssets 2.290ms
			RenderPipelineGlobalSettingsPostprocessor.OnPostprocessAllAssets 1.352ms
			TMPro_TexturePostProcessor.OnPostprocessAllAssets 1.304ms
			ProjectSettingsPostprocessor.OnPostprocessAllAssets 1.116ms
			ArtifactBrowserPostProcessor.OnPostprocessAllAssets 1.104ms
			UVCSAssetPostprocessor.OnPostprocessAllAssets 1.021ms
			MaterialPostprocessor.OnPostprocessAllAssets 0.974ms
			StyleCatalogPostProcessor.OnPostprocessAllAssets 0.690ms
			AudioMixerPostprocessor.OnPostprocessAllAssets 0.649ms
			TextAssetPostProcessor.OnPostprocessAllAssets 0.636ms
			SpeedTreePostProcessor.OnPostprocessAllAssets 0.607ms
			ShaderReflectionAssetPostProcessor.OnPostprocessAllAssets 0.590ms
			SampleDependencyImporterPostProcessor.OnPostprocessAllAssets 0.556ms
			EditModeScopePostprocessor.OnPostprocessAllAssets 0.549ms
			AssetEvents.OnPostprocessAllAssets 0.540ms
			InputActionJsonNameModifierAssetProcessor.OnPostprocessAllAssets 0.477ms
			ReferencedClipsPostProcessor.OnPostprocessAllAssets 0.436ms
			PostProcessor.OnPostprocessAllAssets 0.434ms
			InputActionAssetPostprocessor.OnPostprocessAllAssets 0.406ms
			AssetReloadNotifier.OnPostprocessAllAssets 0.301ms
			AssetDatabaseCallbacks.OnPostprocessAllAssets 0.278ms
			ScenarioDriftAssetsTracker.OnPostprocessAllAssets 0.262ms
			ConfigAssetsTracker.OnPostprocessAllAssets 0.258ms
			TerrainToolbarOverlayPostProcessor.OnPostprocessAllAssets 0.254ms
			AudioContainerPostProcessor.OnPostprocessAllAssets 0.245ms
			SamplePostprocessor.OnPostprocessAllAssets 0.236ms
	GatherAllCurrentPrimaryImportResultRevisions: 0.485ms
	PersistCurrentRevisions: 0.158ms
	GenerateScriptTypeHashes: 3.728ms
	GenerateScriptTypeSerializationHashes: 6.064ms
	Untracked: 2137.985ms

Loaded scene 'Temp/__Backupscenes/0.backup'
	Deserialize:            3.969 ms
	Integration:            1038.753 ms
	Integration of assets:  0.006 ms
	Thread Wait Time:       0.029 ms
	Total Operation Time:   1042.757 ms
[Licensing::Client] Successfully resolved entitlement details
[Licensing::Client] Successfully resolved entitlement details
0.9809996
UnityEngine.Debug:ExtractStackTraceNoAlloc (byte*,int,string)
UnityEngine.StackTraceUtility:ExtractStackTrace ()
UnityEngine.DebugLogHandler:Internal_Log (UnityEngine.LogType,UnityEngine.LogOption,string,UnityEngine.Object)
UnityEngine.DebugLogHandler:LogFormat (UnityEngine.LogType,UnityEngine.Object,string,object[])
UnityEngine.Logger:Log (UnityEngine.LogType,object)
UnityEngine.Debug:Log (object)
PlatForm:OnCollisionEnter (UnityEngine.Collision) (at Assets/Script/PlatForm.cs:12)
UnityEngine.Physics:SendOnCollisionEnter (UnityEngine.Component,UnityEngine.Collision)
UnityEngine.Physics:ReportContacts (Unity.Collections.NativeArray`1/ReadOnly<UnityEngine.ContactPairHeader>)
UnityEngine.Physics:OnSceneContact (UnityEngine.PhysicsScene,intptr,int)

(Filename: Assets/Script/PlatForm.cs Line: 12)

Success
UnityEngine.Debug:ExtractStackTraceNoAlloc (byte*,int,string)
UnityEngine.StackTraceUtility:ExtractStackTrace ()
UnityEngine.DebugLogHandler:Internal_Log (UnityEngine.LogType,UnityEngine.LogOption,string,UnityEngine.Object)
UnityEngine.DebugLogHandler:LogFormat (UnityEngine.LogType,UnityEngine.Object,string,object[])
UnityEngine.Logger:Log (UnityEngine.LogType,object)
UnityEngine.Debug:Log (object)
PlatForm:OnCollisionEnter (UnityEngine.Collision) (at Assets/Script/PlatForm.cs:15)
UnityEngine.Physics:SendOnCollisionEnter (UnityEngine.Component,UnityEngine.Collision)
UnityEngine.Physics:ReportContacts (Unity.Collections.NativeArray`1/ReadOnly<UnityEngine.ContactPairHeader>)
UnityEngine.Physics:OnSceneContact (UnityEngine.PhysicsScene,intptr,int)

(Filename: Assets/Script/PlatForm.cs Line: 15)

Unloading 0 Unused Serialized files (Serialized files now loaded: 0)
Loaded scene 'Temp/__Backupscenes/0.backup'
	Deserialize:            4.104 ms
	Integration:            345.392 ms
	Integration of assets:  0.009 ms
	Thread Wait Time:       0.023 ms
	Total Operation Time:   349.528 ms
Unloading 38 unused Assets / (0.8 MB). Loaded Objects now: 8950.
Memory consumption went from 0.89 GB to 0.89 GB.
Total: 41.374500 ms (FindLiveObjects: 0.755100 ms CreateObjectMapping: 2.038400 ms MarkObjects: 37.987200 ms  DeleteObjects: 0.584700 ms)

[Licensing::Client] Successfully resolved entitlement details
Asset Pipeline Refresh (id=b2f9113f12dd13347a67f111f326a954): Total: 0.028 seconds - Initiated by RefreshV2(NoUpdateAssetOptions)
Asset Pipeline Refresh (id=a47f3c33a49ce1b4ea79a5edbbe9a313): Total: 0.007 seconds - Initiated by RefreshV2(AllowForceSynchronousImport)
[ScriptCompilation] Requested script compilation because: AssetDatabase observed changes in script compilation related files
Refreshing native plugins compatible for Editor in 2.11 ms, found 4 plugins.
Asset Pipeline Refresh (id=34fe438f4c123234d90262d9f1dc2fcf): Total: 0.196 seconds - Initiated by RefreshV2(NoUpdateAssetOptions)
[Licensing::Client] Successfully resolved entitlement details
info: Microsoft.AspNetCore.Hosting.Diagnostics[1]
      Request starting HTTP/2 POST http://ilpp/UnityILPP.PostProcessing/Ping - application/grpc -
info: Microsoft.AspNetCore.Routing.EndpointMiddleware[0]
      Executing endpoint 'gRPC - /UnityILPP.PostProcessing/Ping'
info: Microsoft.AspNetCore.Routing.EndpointMiddleware[1]
      Executed endpoint 'gRPC - /UnityILPP.PostProcessing/Ping'
info: Microsoft.AspNetCore.Hosting.Diagnostics[2]
      Request finished HTTP/2 POST http://ilpp/UnityILPP.PostProcessing/Ping - 200 - application/grpc 8.9623ms
Starting: C:\Program Files\Unity\Hub\Editor\6000.5.9f1\Editor\Data\Tools\BuildPipeline\bee_backend.exe --ipc --defer-dag-verification --dagfile="Library/Bee/1900b0aE.dag" --continue-on-failure --profile="Library/Bee/backend1.traceevents" ScriptAssemblies
WorkingDir: C:/Users/golfa/Rocket
info: Microsoft.AspNetCore.Hosting.Diagnostics[1]
      Request starting HTTP/2 POST http://ilpp/UnityILPP.PostProcessing/ConfigurePostProcessors - application/grpc -
info: Microsoft.AspNetCore.Routing.EndpointMiddleware[0]
      Executing endpoint 'gRPC - /UnityILPP.PostProcessing/ConfigurePostProcessors'
info: Unity.ILPP.Runner.PostProcessingAssemblyLoadContext[0]
      Current configuration matches the requested one, skipping
info: Microsoft.AspNetCore.Routing.EndpointMiddleware[1]
      Executed endpoint 'gRPC - /UnityILPP.PostProcessing/ConfigurePostProcessors'
info: Microsoft.AspNetCore.Hosting.Diagnostics[2]
      Request finished HTTP/2 POST http://ilpp/UnityILPP.PostProcessing/ConfigurePostProcessors - 200 - application/grpc 4.2811ms
info: Microsoft.AspNetCore.Hosting.Diagnostics[1]
      Request starting HTTP/2 POST http://ilpp/UnityILPP.PostProcessing/PostProcessAssembly - application/grpc -
info: Microsoft.AspNetCore.Routing.EndpointMiddleware[0]
      Executing endpoint 'gRPC - /UnityILPP.PostProcessing/PostProcessAssembly'
info: Unity.ILPP.Runner.PostProcessingPipeline[0]
      Processing assembly Library/Bee/artifacts/1900b0aE.dag/Assembly-CSharp.dll, with 141 defines and 339 references
info: Unity.ILPP.Runner.PostProcessingPipeline[0]
      processors: Unity.Jobs.CodeGen.JobsILPostProcessor, zzzUnity.Burst.CodeGen.BurstILPostProcessor
info: Unity.ILPP.Runner.PostProcessingPipeline[0]
      running Unity.Jobs.CodeGen.JobsILPostProcessor
info: Unity.ILPP.Runner.PostProcessingPipeline[0]
      running zzzUnity.Burst.CodeGen.BurstILPostProcessor
info: Microsoft.AspNetCore.Routing.EndpointMiddleware[1]
      Executed endpoint 'gRPC - /UnityILPP.PostProcessing/PostProcessAssembly'
info: Microsoft.AspNetCore.Hosting.Diagnostics[2]
      Request finished HTTP/2 POST http://ilpp/UnityILPP.PostProcessing/PostProcessAssembly - 200 - application/grpc 67.8329ms
ExitCode: 0 Duration: 0s920ms
[730/927    0s] ILPP-Configuration Library/ilpp-configuration.nevergeneratedoutput
[923/927    0s] Csc Library/Bee/artifacts/1900b0aE.dag/Assembly-CSharp.dll (+2 others)
[924/927    0s] ILPostProcess Library/Bee/artifacts/1900b0aE.dag/post-processed/Assembly-CSharp.dll (+pdb)
Processing assembly Library/Bee/artifacts/1900b0aE.dag/Assembly-CSharp.dll, with 141 defines and 339 references

processors: Unity.Jobs.CodeGen.JobsILPostProcessor, zzzUnity.Burst.CodeGen.BurstILPostProcessor

running Unity.Jobs.CodeGen.JobsILPostProcessor

running zzzUnity.Burst.CodeGen.BurstILPostProcessor
[925/927    0s] CopyFiles Library/ScriptAssemblies/Assembly-CSharp.pdb
[926/927    0s] CopyFiles Library/ScriptAssemblies/Assembly-CSharp.dll
*** Tundra build success (0.87 seconds), 5 items updated, 927 evaluated
Reloading assemblies after forced synchronous recompile.
Total cache size 64119356
Total cache size after purge 64119356, took 00:00:00.2405066
Begin MonoManager ReloadAssembly
Refreshing native plugins compatible for Editor in 2.38 ms, found 4 plugins.
Native extension for WindowsStandalone target not found
Native extension for WebGL target not found
[MODES] ModeService[none].Initialize
[MODES] ModeService[none].LoadModes
ScheduleIndexationOnStartup MainProcess:True IndexOnStartup:True
Mono: successfully reloaded assembly
- Finished resetting the current domain, in  3.687 seconds
Domain Reload Profiling: 6380ms
	BeginReloadAssembly (1666ms)
		DisableScriptedObjects (142ms)
		CreateAndSetChildDomain (930ms)
	RebuildCommonClasses (24ms)
	RebuildNativeTypeToScriptingClass (34ms)
	initialDomainReloadingComplete (113ms)
	LoadAllAssembliesAndSetupDomain (855ms)
		LoadAssemblies (315ms)
		AnalyzeDomain (508ms)
			TypeCache.Refresh (20ms)
			BuildScriptInfoCaches (431ms)
			ResolveRequiredComponents (53ms)
	FinalizeReload (3689ms)
		SetupLoadedEditorAssemblies (0ms)
			InitializePlatformSupportModulesInManaged (5ms)
			BeforeProcessingInitializeOnLoad (388ms)
			ProcessInitializeOnLoadAttributes (768ms)
			ProcessInitializeOnLoadMethodAttributes (260ms)
			AfterProcessingInitializeOnLoad (8ms)
		AwakeInstancesAfterBackupRestoration (1181ms)

Asset Pipeline Refresh (id=2370f1cc9cfb4e14a9d7adf6433b4433): Total: 7.597 seconds - Initiated by RefreshV2(AllowForceSynchronousImport)
	(Values over 0.05ms)
	Summary:
		Imports: total=0 (actual=0, local cache=0, cache server=0)
		Asset DB Process Time: managed=0 ms, native=3960 ms
		Asset DB Callback time: managed=54 ms, native=5 ms
		Scripting: domain reloads=1, domain reload time=2868 ms, compile time=708 ms, other=0 ms
		Project Asset Count: scripts=1374, non-scripts=2362
		Asset File Changes: new=0, changed=0, moved=0, deleted=0
		Scan Filter Count: 0
	InvokePackagesCallback: 6.554ms
	ApplyChangesToAssetFolders: 0.469ms
	Scan: 29.786ms
	Collect global state as custom dependencies: 6.801ms
	ProcessAssetsWithTransientArtifactChanges: 11.399ms
	CategorizeAssets: 92.174ms
	CompileScripts: 708.231ms
	ImportOutOfDateAssets: 3764.795ms (3712.344ms without children)
		CollectScriptTypesHashes: 2.093ms
		ReloadNativeAssets: 1.777ms
		UnloadImportedAssets: 0.339ms
		EnsureUptoDateAssetsAreRegisteredWithGuidPM: 1.319ms
		ImportSchedulerStart: 48.919ms
	PostProcessAllAssets: 54.997ms
		MonoPostProcessAllAssets: 54.987ms
			UniversalRenderPipelineGlobalSettingsPostprocessor.OnPostprocessAllAssets 19.473ms
			BuilderAssetPostprocessor.OnPostprocessAllAssets 9.502ms
			AssetChangedListener.OnPostprocessAllAssets 9.025ms
			AssetPostprocessor.OnPostprocessAllAssets 8.164ms
			SyncVS.PostprocessSyncProject 5.629ms
			ShaderGraphAssetPostProcessor.OnPostprocessAllAssets 3.708ms
			WindowAssetPostprocessingWatcher.OnPostprocessAllAssets 3.563ms
			SpeedTree9Postprocessor.OnPostprocessAllAssets 3.266ms
			RetainedModeAssetPostprocessor.OnPostprocessAllAssets 2.619ms
			ArtifactBrowserPostProcessor.OnPostprocessAllAssets 2.155ms
			EditModeScopePostprocessor.OnPostprocessAllAssets 1.814ms
			RenderPipelineGlobalSettingsPostprocessor.OnPostprocessAllAssets 1.336ms
			TMPro_TexturePostProcessor.OnPostprocessAllAssets 1.246ms
			ProjectSettingsPostprocessor.OnPostprocessAllAssets 1.235ms
			MaterialPostprocessor.OnPostprocessAllAssets 1.129ms
			UVCSAssetPostprocessor.OnPostprocessAllAssets 1.019ms
			AudioMixerPostprocessor.OnPostprocessAllAssets 0.828ms
			TextAssetPostProcessor.OnPostprocessAllAssets 0.720ms
			PostProcessor.OnPostprocessAllAssets 0.649ms
			StyleCatalogPostProcessor.OnPostprocessAllAssets 0.634ms
			SampleDependencyImporterPostProcessor.OnPostprocessAllAssets 0.581ms
			SpeedTreePostProcessor.OnPostprocessAllAssets 0.551ms
			ShaderReflectionAssetPostProcessor.OnPostprocessAllAssets 0.547ms
			InputActionAssetPostprocessor.OnPostprocessAllAssets 0.526ms
			InputActionJsonNameModifierAssetProcessor.OnPostprocessAllAssets 0.476ms
			AssetEvents.OnPostprocessAllAssets 0.455ms
			ReferencedClipsPostProcessor.OnPostprocessAllAssets 0.432ms
			ScenarioDriftAssetsTracker.OnPostprocessAllAssets 0.343ms
			AssetReloadNotifier.OnPostprocessAllAssets 0.321ms
			TerrainToolbarOverlayPostProcessor.OnPostprocessAllAssets 0.304ms
			SamplePostprocessor.OnPostprocessAllAssets 0.290ms
			AssetDatabaseCallbacks.OnPostprocessAllAssets 0.247ms
			ConfigAssetsTracker.OnPostprocessAllAssets 0.222ms
			AudioContainerPostProcessor.OnPostprocessAllAssets 0.143ms
	GatherAllCurrentPrimaryImportResultRevisions: 0.153ms
	PersistCurrentRevisions: 0.203ms
	GenerateScriptTypeHashes: 3.969ms
	GenerateScriptTypeSerializationHashes: 6.489ms
	Untracked: 2915.455ms

[Licensing::Client] Successfully resolved entitlement details
[Licensing::Client] Successfully resolved entitlement details
[Licensing::Client] Successfully resolved entitlement details
Asset Pipeline Refresh (id=4ae6576b57aaafa43b5b77fc4d664142): Total: 0.022 seconds - Initiated by RefreshV2(AllowForceSynchronousImport)
[ScriptCompilation] Requested script compilation because: AssetDatabase observed changes in script compilation related files
Refreshing native plugins compatible for Editor in 9.70 ms, found 4 plugins.
Asset Pipeline Refresh (id=9c533faf50beb4c40aeed10c5504ffaf): Total: 0.177 seconds - Initiated by RefreshV2(NoUpdateAssetOptions)
[Licensing::Client] Successfully resolved entitlement details
info: Microsoft.AspNetCore.Hosting.Diagnostics[1]
      Request starting HTTP/2 POST http://ilpp/UnityILPP.PostProcessing/Ping - application/grpc -
info: Microsoft.AspNetCore.Routing.EndpointMiddleware[0]
      Executing endpoint 'gRPC - /UnityILPP.PostProcessing/Ping'
info: Microsoft.AspNetCore.Routing.EndpointMiddleware[1]
      Executed endpoint 'gRPC - /UnityILPP.PostProcessing/Ping'
info: Microsoft.AspNetCore.Hosting.Diagnostics[2]
      Request finished HTTP/2 POST http://ilpp/UnityILPP.PostProcessing/Ping - 200 - application/grpc 0.8209ms
Starting: C:\Program Files\Unity\Hub\Editor\6000.5.9f1\Editor\Data\Tools\BuildPipeline\bee_backend.exe --ipc --defer-dag-verification --dagfile="Library/Bee/1900b0aE.dag" --continue-on-failure --profile="Library/Bee/backend1.traceevents" ScriptAssemblies
WorkingDir: C:/Users/golfa/Rocket
info: Microsoft.AspNetCore.Hosting.Diagnostics[1]
      Request starting HTTP/2 POST http://ilpp/UnityILPP.PostProcessing/ConfigurePostProcessors - application/grpc -
info: Microsoft.AspNetCore.Routing.EndpointMiddleware[0]
      Executing endpoint 'gRPC - /UnityILPP.PostProcessing/ConfigurePostProcessors'
info: Unity.ILPP.Runner.PostProcessingAssemblyLoadContext[0]
      Current configuration matches the requested one, skipping
info: Microsoft.AspNetCore.Routing.EndpointMiddleware[1]
      Executed endpoint 'gRPC - /UnityILPP.PostProcessing/ConfigurePostProcessors'
info: Microsoft.AspNetCore.Hosting.Diagnostics[2]
      Request finished HTTP/2 POST http://ilpp/UnityILPP.PostProcessing/ConfigurePostProcessors - 200 - application/grpc 2.4970ms
Asset Pipeline Refresh (id=c464e3a101d725a43a2b17610204ca36): Total: 0.019 seconds - Initiated by RefreshV2(NoUpdateAssetOptions)
Asset Pipeline Refresh (id=0289e7bdf2afe31408e7716d8e84f45a): Total: 0.005 seconds - Initiated by RefreshV2(NoUpdateAssetOptions)
Asset Pipeline Refresh (id=02d669f47f6f61a4ba23e3338f0e665f): Total: 0.009 seconds - Initiated by RefreshV2(NoUpdateAssetOptions)
ExitCode: 3 Duration: 0s597ms
[730/927    0s] ILPP-Configuration Library/ilpp-configuration.nevergeneratedoutput
[923/927    0s] Csc Library/Bee/artifacts/1900b0aE.dag/Assembly-CSharp.dll (+2 others)
##### CommandLine
"C:\Program Files\Unity\Hub\Editor\6000.5.9f1\Editor\Data\DotNetSdk\dotnet.exe" exec "C:/Program Files/Unity/Hub/Editor/6000.5.9f1/Editor/Data/DotNetSdk/sdk/8.0.318/Roslyn/bincore/csc.dll" /nostdlib /noconfig /shared "@Library/Bee/artifacts/1900b0aE.dag/Assembly-CSharp.rsp" "@Library/Bee/artifacts/1900b0aE.dag/Assembly-CSharp.rsp2"
##### Contents of Library\Bee\artifacts\1900b0aE.dag\Assembly-CSharp.rsp
-target:library
-out:"Library/Bee/artifacts/1900b0aE.dag/Assembly-CSharp.dll"
-refout:"Library/Bee/artifacts/1900b0aE.dag/Assembly-CSharp.ref.dll"
-define:UNITY_6000_5_9
-define:UNITY_6000_5
-define:UNITY_6000
-define:UNITY_5_3_OR_NEWER
-define:UNITY_5_4_OR_NEWER
-define:UNITY_5_5_OR_NEWER
-define:UNITY_5_6_OR_NEWER
-define:UNITY_2017_1_OR_NEWER
-define:UNITY_2017_2_OR_NEWER
-define:UNITY_2017_3_OR_NEWER
-define:UNITY_2017_4_OR_NEWER
-define:UNITY_2018_1_OR_NEWER
-define:UNITY_2018_2_OR_NEWER
-define:UNITY_2018_3_OR_NEWER
-define:UNITY_2018_4_OR_NEWER
-define:UNITY_2019_1_OR_NEWER
-define:UNITY_2019_2_OR_NEWER
-define:UNITY_2019_3_OR_NEWER
-define:UNITY_2019_4_OR_NEWER
-define:UNITY_2020_1_OR_NEWER
-define:UNITY_2020_2_OR_NEWER
-define:UNITY_2020_3_OR_NEWER
-define:UNITY_2021_1_OR_NEWER
-define:UNITY_2021_2_OR_NEWER
-define:UNITY_2021_3_OR_NEWER
-define:UNITY_2022_1_OR_NEWER
-define:UNITY_2022_2_OR_NEWER
-define:UNITY_2022_3_OR_NEWER
-define:UNITY_2023_1_OR_NEWER
-define:UNITY_2023_2_OR_NEWER
-define:UNITY_2023_3_OR_NEWER
-define:UNITY_6000_0_OR_NEWER
-define:UNITY_6000_1_OR_NEWER
-define:UNITY_6000_2_OR_NEWER
-define:UNITY_6000_3_OR_NEWER
-define:UNITY_6000_4_OR_NEWER
-define:UNITY_6000_5_OR_NEWER
-define:PLATFORM_ARCH_64
-define:UNITY_64
-define:UNITY_INCLUDE_TESTS
-define:ENABLE_AR
-define:ENABLE_AUDIO
-define:ENABLE_AUDIO_SCRIPTABLE_PIPELINE
-define:ENABLE_CACHING
-define:ENABLE_CLOTH
-define:ENABLE_EVENT_QUEUE
-define:ENABLE_MICROPHONE
-define:ENABLE_MULTIPLE_DISPLAYS
-define:ENABLE_PHYSICS
-define:ENABLE_TEXTURE_STREAMING
-define:ENABLE_VIRTUALTEXTURING
-define:ENABLE_LZMA
-define:ENABLE_UNITYEVENTS
-define:ENABLE_VR
-define:ENABLE_WEBCAM
-define:ENABLE_UNITYWEBREQUEST
-define:ENABLE_WWW
-define:ENABLE_CLOUD_SERVICES
-define:ENABLE_CLOUD_SERVICES_ADS
-define:ENABLE_CLOUD_SERVICES_USE_WEBREQUEST
-define:ENABLE_UNITY_CONSENT
-define:ENABLE_UNITY_CLOUD_IDENTIFIERS
-define:ENABLE_CLOUD_SERVICES_CRASH_REPORTING
-define:ENABLE_CLOUD_SERVICES_NATIVE_CRASH_REPORTING
-define:ENABLE_CLOUD_SERVICES_PURCHASING
-define:ENABLE_CLOUD_SERVICES_ANALYTICS
-define:ENABLE_CLOUD_SERVICES_BUILD
-define:ENABLE_EDITOR_GAME_SERVICES
-define:ENABLE_UNITY_GAME_SERVICES_ANALYTICS_SUPPORT
-define:ENABLE_CLOUD_LICENSE
-define:ENABLE_EDITOR_HUB_LICENSE
-define:ENABLE_WEBSOCKET_CLIENT
-define:ENABLE_GENERATE_NATIVE_PLUGINS_FOR_ASSEMBLIES_API
-define:ENABLE_DIRECTOR_AUDIO
-define:ENABLE_DIRECTOR_TEXTURE
-define:ENABLE_MANAGED_JOBS
-define:ENABLE_MANAGED_TRANSFORM_JOBS
-define:ENABLE_MANAGED_ANIMATION_JOBS
-define:ENABLE_MANAGED_AUDIO_JOBS
-define:ENABLE_MANAGED_UNITYTLS
-define:INCLUDE_DYNAMIC_GI
-define:ENABLE_SCRIPTING_GC_WBARRIERS
-define:PLATFORM_SUPPORTS_MONO
-define:RENDER_SOFTWARE_CURSOR
-define:ENABLE_MARSHALLING_TESTS
-define:ENABLE_VIDEO
-define:ENABLE_NAVIGATION_OFFMESHLINK_TO_NAVMESHLINK
-define:ENABLE_ACCELERATOR_CLIENT_DEBUGGING
-define:ENABLE_ACCESSIBILITY_SCREEN_READER
-define:TEXTCORE_1_0_OR_NEWER
-define:EDITOR_ONLY_NAVMESH_BUILDER_DEPRECATED
-define:PLATFORM_STANDALONE_WIN
-define:PLATFORM_STANDALONE
-define:UNITY_STANDALONE_WIN
-define:UNITY_STANDALONE
-define:ENABLE_RUNTIME_GI
-define:ENABLE_MOVIES
-define:ENABLE_NETWORK
-define:ENABLE_NVIDIA
-define:ENABLE_AMD
-define:ENABLE_CRUNCH_TEXTURE_COMPRESSION
-define:ENABLE_CLOUD_SERVICES_ENGINE_DIAGNOSTICS
-define:ENABLE_OUT_OF_PROCESS_CRASH_HANDLER
-define:ENABLE_CLUSTER_SYNC
-define:ENABLE_CLUSTERINPUT
-define:PLATFORM_UPDATES_TIME_OUTSIDE_OF_PLAYER_LOOP
-define:GFXDEVICE_WAITFOREVENT_MESSAGEPUMP
-define:PLATFORM_USES_EXPLICIT_MEMORY_MANAGER_INITIALIZER
-define:PLATFORM_SUPPORTS_WAIT_FOR_PRESENTATION
-define:PLATFORM_SUPPORTS_SPLIT_GRAPHICS_JOBS
-define:PLATFORM_USES_VULKAN_OLD_SWAPCHAIN
-define:USE_READ_ASYNC_MANAGED_API
-define:ENABLE_MONO
-define:NET_STANDARD_2_0
-define:NET_STANDARD
-define:NET_STANDARD_2_1
-define:NETSTANDARD
-define:NETSTANDARD2_1
-define:ENABLE_PROFILER
-define:DEBUG
-define:TRACE
-define:UNITY_ASSERTIONS
-define:UNITY_EDITOR
-define:UNITY_EDITOR_64
-define:UNITY_EDITOR_WIN
-define:ENABLE_UNITY_COLLECTIONS_CHECKS
-define:ENABLE_BURST_AOT
-define:UNITY_TEAM_LICENSE
-define:ENABLE_CUSTOM_RENDER_TEXTURE
-define:ENABLE_DIRECTOR
-define:ENABLE_LOCALIZATION
-define:ENABLE_SPRITES
-define:ENABLE_TERRAIN
-define:ENABLE_TILEMAP
-define:ENABLE_TIMELINE
-define:ENABLE_INPUT_SYSTEM
-define:TEXTCORE_FONT_ENGINE_1_5_OR_NEWER
-define:TEXTCORE_TEXT_ENGINE_1_5_OR_NEWER
-define:TEXTCORE_FONT_ENGINE_1_6_OR_NEWER
-define:CSHARP_7_OR_LATER
-define:CSHARP_7_3_OR_NEWER
-r:"C:/Program Files/Unity/Hub/Editor/6000.5.9f1/Editor/Data/BCLExtensions/TargetingPacks/netstandard2.1/ref/Microsoft.Bcl.AsyncInterfaces.dll"
-r:"C:/Program Files/Unity/Hub/Editor/6000.5.9f1/Editor/Data/BCLExtensions/TargetingPacks/netstandard2.1/ref/Microsoft.Extensions.DependencyInjection.Abstractions.dll"
-r:"C:/Program Files/Unity/Hub/Editor/6000.5.9f1/Editor/Data/BCLExtensions/TargetingPacks/netstandard2.1/ref/Microsoft.Extensions.Logging.Abstractions.dll"
-r:"C:/Program Files/Unity/Hub/Editor/6000.5.9f1/Editor/Data/BCLExtensions/TargetingPacks/netstandard2.1/ref/System.Collections.Immutable.dll"
-r:"C:/Program Files/Unity/Hub/Editor/6000.5.9f1/Editor/Data/BCLExtensions/TargetingPacks/netstandard2.1/ref/System.Diagnostics.DiagnosticSource.dll"
-r:"C:/Program Files/Unity/Hub/Editor/6000.5.9f1/Editor/Data/BCLExtensions/TargetingPacks/netstandard2.1/ref/System.IO.Hashing.dll"
-r:"C:/Program Files/Unity/Hub/Editor/6000.5.9f1/Editor/Data/BCLExtensions/TargetingPacks/netstandard2.1/ref/System.Reflection.Metadata.dll"
-r:"C:/Program Files/Unity/Hub/Editor/6000.5.9f1/Editor/Data/BCLExtensions/TargetingPacks/netstandard2.1/ref/System.Runtime.CompilerServices.Unsafe.dll"
-r:"C:/Program Files/Unity/Hub/Editor/6000.5.9f1/Editor/Data/BCLExtensions/TargetingPacks/netstandard2.1/ref/System.Text.Encodings.Web.dll"
-r:"C:/Program Files/Unity/Hub/Editor/6000.5.9f1/Editor/Data/BCLExtensions/TargetingPacks/netstandard2.1/ref/System.Text.Json.dll"
-r:"C:/Program Files/Unity/Hub/Editor/6000.5.9f1/Editor/Data/Managed/UnityEngine/Unity.Scripting.dll"
-r:"C:/Program Files/Unity/Hub/Editor/6000.5.9f1/Editor/Data/Managed/UnityEngine/UnityEditor.AIModule.dll"
-r:"C:/Program Files/Unity/Hub/Editor/6000.5.9f1/Editor/Data/Managed/UnityEngine/UnityEditor.AccessibilityModule.dll"
-r:"C:/Program Files/Unity/Hub/Editor/6000.5.9f1/Editor/Data/Managed/UnityEngine/UnityEditor.AdaptivePerformanceModule.dll"
-r:"C:/Program Files/Unity/Hub/Editor/6000.5.9f1/Editor/Data/Managed/UnityEngine/UnityEditor.AssetComplianceModule.dll"
-r:"C:/Program Files/Unity/Hub/Editor/6000.5.9f1/Editor/Data/Managed/UnityEngine/UnityEditor.BuildProfileModule.dll"
-r:"C:/Program Files/Unity/Hub/Editor/6000.5.9f1/Editor/Data/Managed/UnityEngine/UnityEditor.ClothModule.dll"
-r:"C:/Program Files/Unity/Hub/Editor/6000.5.9f1/Editor/Data/Managed/UnityEngine/UnityEditor.ContentLoadModule.dll"
-r:"C:/Program Files/Unity/Hub/Editor/6000.5.9f1/Editor/Data/Managed/UnityEngine/UnityEditor.CoreBusinessMetricsModule.dll"
-r:"C:/Program Files/Unity/Hub/Editor/6000.5.9f1/Editor/Data/Managed/UnityEngine/UnityEditor.CoreModule.dll"
-r:"C:/Program Files/Unity/Hub/Editor/6000.5.9f1/Editor/Data/Managed/UnityEngine/UnityEditor.DeviceSimulatorModule.dll"
-r:"C:/Program Files/Unity/Hub/Editor/6000.5.9f1/Editor/Data/Managed/UnityEngine/UnityEditor.DiagnosticsModule.dll"
-r:"C:/Program Files/Unity/Hub/Editor/6000.5.9f1/Editor/Data/Managed/UnityEngine/UnityEditor.EditorToolbarModule.dll"
-r:"C:/Program Files/Unity/Hub/Editor/6000.5.9f1/Editor/Data/Managed/UnityEngine/UnityEditor.EmbreeModule.dll"
-r:"C:/Program Files/Unity/Hub/Editor/6000.5.9f1/Editor/Data/Managed/UnityEngine/UnityEditor.GIModule.dll"
-r:"C:/Program Files/Unity/Hub/Editor/6000.5.9f1/Editor/Data/Managed/UnityEngine/UnityEditor.GenericRemoteModule.dll"
-r:"C:/Program Files/Unity/Hub/Editor/6000.5.9f1/Editor/Data/Managed/UnityEngine/UnityEditor.GraphToolkitModule.dll"
-r:"C:/Program Files/Unity/Hub/Editor/6000.5.9f1/Editor/Data/Managed/UnityEngine/UnityEditor.GraphViewModule.dll"
-r:"C:/Program Files/Unity/Hub/Editor/6000.5.9f1/Editor/Data/Managed/UnityEngine/UnityEditor.GraphicsStateCollectionSerializerModule.dll"
-r:"C:/Program Files/Unity/Hub/Editor/6000.5.9f1/Editor/Data/Managed/UnityEngine/UnityEditor.GridAndSnapModule.dll"
-r:"C:/Program Files/Unity/Hub/Editor/6000.5.9f1/Editor/Data/Managed/UnityEngine/UnityEditor.GridModule.dll"
-r:"C:/Program Files/Unity/Hub/Editor/6000.5.9f1/Editor/Data/Managed/UnityEngine/UnityEditor.HierarchyModule.dll"
-r:"C:/Program Files/Unity/Hub/Editor/6000.5.9f1/Editor/Data/Managed/UnityEngine/UnityEditor.LightingModule.dll"
-r:"C:/Program Files/Unity/Hub/Editor/6000.5.9f1/Editor/Data/Managed/UnityEngine/UnityEditor.MathematicsModule.dll"
-r:"C:/Program Files/Unity/Hub/Editor/6000.5.9f1/Editor/Data/Managed/UnityEngine/UnityEditor.MediaModule.dll"
-r:"C:/Program Files/Unity/Hub/Editor/6000.5.9f1/Editor/Data/Managed/UnityEngine/UnityEditor.MultiplayerModule.dll"
-r:"C:/Program Files/Unity/Hub/Editor/6000.5.9f1/Editor/Data/Managed/UnityEngine/UnityEditor.Physics2DModule.dll"
-r:"C:/Program Files/Unity/Hub/Editor/6000.5.9f1/Editor/Data/Managed/UnityEngine/UnityEditor.PhysicsCore2DModule.dll"
-r:"C:/Program Files/Unity/Hub/Editor/6000.5.9f1/Editor/Data/Managed/UnityEngine/UnityEditor.PhysicsModule.dll"
-r:"C:/Program Files/Unity/Hub/Editor/6000.5.9f1/Editor/Data/Managed/UnityEngine/UnityEditor.PlayModeModule.dll"
-r:"C:/Program Files/Unity/Hub/Editor/6000.5.9f1/Editor/Data/Managed/UnityEngine/UnityEditor.PresetsUIModule.dll"
-r:"C:/Program Files/Unity/Hub/Editor/6000.5.9f1/Editor/Data/Managed/UnityEngine/UnityEditor.ProjectAuditorModule.dll"
-r:"C:/Program Files/Unity/Hub/Editor/6000.5.9f1/Editor/Data/Managed/UnityEngine/UnityEditor.PropertiesModule.dll"
-r:"C:/Program Files/Unity/Hub/Editor/6000.5.9f1/Editor/Data/Managed/UnityEngine/UnityEditor.QuickInstallModule.dll"
-r:"C:/Program Files/Unity/Hub/Editor/6000.5.9f1/Editor/Data/Managed/UnityEngine/UnityEditor.QuickSearchModule.dll"
-r:"C:/Program Files/Unity/Hub/Editor/6000.5.9f1/Editor/Data/Managed/UnityEngine/UnityEditor.SafeModeModule.dll"
-r:"C:/Program Files/Unity/Hub/Editor/6000.5.9f1/Editor/Data/Managed/UnityEngine/UnityEditor.SceneTemplateModule.dll"
-r:"C:/Program Files/Unity/Hub/Editor/6000.5.9f1/Editor/Data/Managed/UnityEngine/UnityEditor.SceneViewModule.dll"
-r:"C:/Program Files/Unity/Hub/Editor/6000.5.9f1/Editor/Data/Managed/UnityEngine/UnityEditor.ShaderBuildSettingsModule.dll"
-r:"C:/Program Files/Unity/Hub/Editor/6000.5.9f1/Editor/Data/Managed/UnityEngine/UnityEditor.ShaderCompilationModule.dll"
-r:"C:/Program Files/Unity/Hub/Editor/6000.5.9f1/Editor/Data/Managed/UnityEngine/UnityEditor.ShaderFoundryModule.dll"
-r:"C:/Program Files/Unity/Hub/Editor/6000.5.9f1/Editor/Data/Managed/UnityEngine/UnityEditor.SketchUpModule.dll"
-r:"C:/Program Files/Unity/Hub/Editor/6000.5.9f1/Editor/Data/Managed/UnityEngine/UnityEditor.SpriteMaskModule.dll"
-r:"C:/Program Files/Unity/Hub/Editor/6000.5.9f1/Editor/Data/Managed/UnityEngine/UnityEditor.SpriteShapeModule.dll"
-r:"C:/Program Files/Unity/Hub/Editor/6000.5.9f1/Editor/Data/Managed/UnityEngine/UnityEditor.SubstanceModule.dll"
-r:"C:/Program Files/Unity/Hub/Editor/6000.5.9f1/Editor/Data/Managed/UnityEngine/UnityEditor.TerrainModule.dll"
-r:"C:/Program Files/Unity/Hub/Editor/6000.5.9f1/Editor/Data/Managed/UnityEngine/UnityEditor.TextCoreFontEngineModule.dll"
-r:"C:/Program Files/Unity/Hub/Editor/6000.5.9f1/Editor/Data/Managed/UnityEngine/UnityEditor.TextCoreTextEngineModule.dll"
-r:"C:/Program Files/Unity/Hub/Editor/6000.5.9f1/Editor/Data/Managed/UnityEngine/UnityEditor.TextRenderingModule.dll"
-r:"C:/Program Files/Unity/Hub/Editor/6000.5.9f1/Editor/Data/Managed/UnityEngine/UnityEditor.TilemapModule.dll"
-r:"C:/Program Files/Unity/Hub/Editor/6000.5.9f1/Editor/Data/Managed/UnityEngine/UnityEditor.TreeModule.dll"
-r:"C:/Program Files/Unity/Hub/Editor/6000.5.9f1/Editor/Data/Managed/UnityEngine/UnityEditor.U2DModule.dll"
-r:"C:/Program Files/Unity/Hub/Editor/6000.5.9f1/Editor/Data/Managed/UnityEngine/UnityEditor.UIAutomationModule.dll"
-r:"C:/Program Files/Unity/Hub/Editor/6000.5.9f1/Editor/Data/Managed/UnityEngine/UnityEditor.UIBuilderModule.dll"
-r:"C:/Program Files/Unity/Hub/Editor/6000.5.9f1/Editor/Data/Managed/UnityEngine/UnityEditor.UIElementsModule.dll"
-r:"C:/Program Files/Unity/Hub/Editor/6000.5.9f1/Editor/Data/Managed/UnityEngine/UnityEditor.UIElementsSamplesModule.dll"
-r:"C:/Program Files/Unity/Hub/Editor/6000.5.9f1/Editor/Data/Managed/UnityEngine/UnityEditor.UIToolkitAuthoringModule.dll"
-r:"C:/Program Files/Unity/Hub/Editor/6000.5.9f1/Editor/Data/Managed/UnityEngine/UnityEditor.UmbraModule.dll"
-r:"C:/Program Files/Unity/Hub/Editor/6000.5.9f1/Editor/Data/Managed/UnityEngine/UnityEditor.UnityConnectModule.dll"
-r:"C:/Program Files/Unity/Hub/Editor/6000.5.9f1/Editor/Data/Managed/UnityEngine/UnityEditor.VFXModule.dll"
-r:"C:/Program Files/Unity/Hub/Editor/6000.5.9f1/Editor/Data/Managed/UnityEngine/UnityEditor.VectorGraphicsModule.dll"
-r:"C:/Program Files/Unity/Hub/Editor/6000.5.9f1/Editor/Data/Managed/UnityEngine/UnityEditor.VideoModule.dll"
-r:"C:/Program Files/Unity/Hub/Editor/6000.5.9f1/Editor/Data/Managed/UnityEngine/UnityEditor.XRModule.dll"
-r:"C:/Program Files/Unity/Hub/Editor/6000.5.9f1/Editor/Data/Managed/UnityEngine/UnityEditor.dll"
-r:"C:/Program Files/Unity/Hub/Editor/6000.5.9f1/Editor/Data/Managed/UnityEngine/UnityEngine.AIModule.dll"
-r:"C:/Program Files/Unity/Hub/Editor/6000.5.9f1/Editor/Data/Managed/UnityEngine/UnityEngine.ARModule.dll"
-r:"C:/Program Files/Unity/Hub/Editor/6000.5.9f1/Editor/Data/Managed/UnityEngine/UnityEngine.AccessibilityModule.dll"
-r:"C:/Program Files/Unity/Hub/Editor/6000.5.9f1/Editor/Data/Managed/UnityEngine/UnityEngine.AdaptivePerformanceModule.dll"
-r:"C:/Program Files/Unity/Hub/Editor/6000.5.9f1/Editor/Data/Managed/UnityEngine/UnityEngine.AndroidJNIModule.dll"
-r:"C:/Program Files/Unity/Hub/Editor/6000.5.9f1/Editor/Data/Managed/UnityEngine/UnityEngine.AnimationModule.dll"
-r:"C:/Program Files/Unity/Hub/Editor/6000.5.9f1/Editor/Data/Managed/UnityEngine/UnityEngine.AssetBundleModule.dll"
-r:"C:/Program Files/Unity/Hub/Editor/6000.5.9f1/Editor/Data/Managed/UnityEngine/UnityEngine.AudioModule.dll"
-r:"C:/Program Files/Unity/Hub/Editor/6000.5.9f1/Editor/Data/Managed/UnityEngine/UnityEngine.ClothModule.dll"
-r:"C:/Program Files/Unity/Hub/Editor/6000.5.9f1/Editor/Data/Managed/UnityEngine/UnityEngine.ClusterInputModule.dll"
-r:"C:/Program Files/Unity/Hub/Editor/6000.5.9f1/Editor/Data/Managed/UnityEngine/UnityEngine.ClusterRendererModule.dll"
-r:"C:/Program Files/Unity/Hub/Editor/6000.5.9f1/Editor/Data/Managed/UnityEngine/UnityEngine.ContentLoadModule.dll"
-r:"C:/Program Files/Unity/Hub/Editor/6000.5.9f1/Editor/Data/Managed/UnityEngine/UnityEngine.CoreModule.dll"
-r:"C:/Program Files/Unity/Hub/Editor/6000.5.9f1/Editor/Data/Managed/UnityEngine/UnityEngine.CrashReportingModule.dll"
-r:"C:/Program Files/Unity/Hub/Editor/6000.5.9f1/Editor/Data/Managed/UnityEngine/UnityEngine.DSPGraphModule.dll"
-r:"C:/Program Files/Unity/Hub/Editor/6000.5.9f1/Editor/Data/Managed/UnityEngine/UnityEngine.DirectorModule.dll"
-r:"C:/Program Files/Unity/Hub/Editor/6000.5.9f1/Editor/Data/Managed/UnityEngine/UnityEngine.GIModule.dll"
-r:"C:/Program Files/Unity/Hub/Editor/6000.5.9f1/Editor/Data/Managed/UnityEngine/UnityEngine.GameCenterModule.dll"
-r:"C:/Program Files/Unity/Hub/Editor/6000.5.9f1/Editor/Data/Managed/UnityEngine/UnityEngine.GraphicsStateCollectionSerializerModule.dll"
-r:"C:/Program Files/Unity/Hub/Editor/6000.5.9f1/Editor/Data/Managed/UnityEngine/UnityEngine.GridModule.dll"
-r:"C:/Program Files/Unity/Hub/Editor/6000.5.9f1/Editor/Data/Managed/UnityEngine/UnityEngine.HierarchyCoreModule.dll"
-r:"C:/Program Files/Unity/Hub/Editor/6000.5.9f1/Editor/Data/Managed/UnityEngine/UnityEngine.HotReloadModule.dll"
-r:"C:/Program Files/Unity/Hub/Editor/6000.5.9f1/Editor/Data/Managed/UnityEngine/UnityEngine.IMGUIModule.dll"
-r:"C:/Program Files/Unity/Hub/Editor/6000.5.9f1/Editor/Data/Managed/UnityEngine/UnityEngine.IdentifiersModule.dll"
-r:"C:/Program Files/Unity/Hub/Editor/6000.5.9f1/Editor/Data/Managed/UnityEngine/UnityEngine.ImageConversionModule.dll"
-r:"C:/Program Files/Unity/Hub/Editor/6000.5.9f1/Editor/Data/Managed/UnityEngine/UnityEngine.InputForUIModule.dll"
-r:"C:/Program Files/Unity/Hub/Editor/6000.5.9f1/Editor/Data/Managed/UnityEngine/UnityEngine.InputLegacyModule.dll"
-r:"C:/Program Files/Unity/Hub/Editor/6000.5.9f1/Editor/Data/Managed/UnityEngine/UnityEngine.InputModule.dll"
-r:"C:/Program Files/Unity/Hub/Editor/6000.5.9f1/Editor/Data/Managed/UnityEngine/UnityEngine.InsightsModule.dll"
-r:"C:/Program Files/Unity/Hub/Editor/6000.5.9f1/Editor/Data/Managed/UnityEngine/UnityEngine.JSONSerializeModule.dll"
-r:"C:/Program Files/Unity/Hub/Editor/6000.5.9f1/Editor/Data/Managed/UnityEngine/UnityEngine.LocalizationModule.dll"
-r:"C:/Program Files/Unity/Hub/Editor/6000.5.9f1/Editor/Data/Managed/UnityEngine/UnityEngine.MarshallingModule.dll"
-r:"C:/Program Files/Unity/Hub/Editor/6000.5.9f1/Editor/Data/Managed/UnityEngine/UnityEngine.MathematicsModule.dll"
-r:"C:/Program Files/Unity/Hub/Editor/6000.5.9f1/Editor/Data/Managed/UnityEngine/UnityEngine.MultiplayerModule.dll"
-r:"C:/Program Files/Unity/Hub/Editor/6000.5.9f1/Editor/Data/Managed/UnityEngine/UnityEngine.ParticleSystemModule.dll"
-r:"C:/Program Files/Unity/Hub/Editor/6000.5.9f1/Editor/Data/Managed/UnityEngine/UnityEngine.PerformanceReportingModule.dll"
-r:"C:/Program Files/Unity/Hub/Editor/6000.5.9f1/Editor/Data/Managed/UnityEngine/UnityEngine.Physics2DModule.dll"
-r:"C:/Program Files/Unity/Hub/Editor/6000.5.9f1/Editor/Data/Managed/UnityEngine/UnityEngine.PhysicsBackendPhysXModule.dll"
-r:"C:/Program Files/Unity/Hub/Editor/6000.5.9f1/Editor/Data/Managed/UnityEngine/UnityEngine.PhysicsCore2DModule.dll"
-r:"C:/Program Files/Unity/Hub/Editor/6000.5.9f1/Editor/Data/Managed/UnityEngine/UnityEngine.PhysicsModule.dll"
-r:"C:/Program Files/Unity/Hub/Editor/6000.5.9f1/Editor/Data/Managed/UnityEngine/UnityEngine.PropertiesModule.dll"
-r:"C:/Program Files/Unity/Hub/Editor/6000.5.9f1/Editor/Data/Managed/UnityEngine/UnityEngine.RenderAs2DModule.dll"
-r:"C:/Program Files/Unity/Hub/Editor/6000.5.9f1/Editor/Data/Managed/UnityEngine/UnityEngine.RuntimeInitializeOnLoadManagerInitializerModule.dll"
-r:"C:/Program Files/Unity/Hub/Editor/6000.5.9f1/Editor/Data/Managed/UnityEngine/UnityEngine.ScreenCaptureModule.dll"
-r:"C:/Program Files/Unity/Hub/Editor/6000.5.9f1/Editor/Data/Managed/UnityEngine/UnityEngine.ScriptingModule.dll"
-r:"C:/Program Files/Unity/Hub/Editor/6000.5.9f1/Editor/Data/Managed/UnityEngine/UnityEngine.ShaderVariantAnalyticsModule.dll"
-r:"C:/Program Files/Unity/Hub/Editor/6000.5.9f1/Editor/Data/Managed/UnityEngine/UnityEngine.SharedInternalsModule.dll"
-r:"C:/Program Files/Unity/Hub/Editor/6000.5.9f1/Editor/Data/Managed/UnityEngine/UnityEngine.SpriteMaskModule.dll"
-r:"C:/Program Files/Unity/Hub/Editor/6000.5.9f1/Editor/Data/Managed/UnityEngine/UnityEngine.SpriteShapeModule.dll"
-r:"C:/Program Files/Unity/Hub/Editor/6000.5.9f1/Editor/Data/Managed/UnityEngine/UnityEngine.StreamingModule.dll"
-r:"C:/Program Files/Unity/Hub/Editor/6000.5.9f1/Editor/Data/Managed/UnityEngine/UnityEngine.SubstanceModule.dll"
-r:"C:/Program Files/Unity/Hub/Editor/6000.5.9f1/Editor/Data/Managed/UnityEngine/UnityEngine.SubsystemsModule.dll"
-r:"C:/Program Files/Unity/Hub/Editor/6000.5.9f1/Editor/Data/Managed/UnityEngine/UnityEngine.TLSModule.dll"
-r:"C:/Program Files/Unity/Hub/Editor/6000.5.9f1/Editor/Data/Managed/UnityEngine/UnityEngine.TerrainModule.dll"
-r:"C:/Program Files/Unity/Hub/Editor/6000.5.9f1/Editor/Data/Managed/UnityEngine/UnityEngine.TerrainPhysicsModule.dll"
-r:"C:/Program Files/Unity/Hub/Editor/6000.5.9f1/Editor/Data/Managed/UnityEngine/UnityEngine.TextCoreFontEngineModule.dll"
-r:"C:/Program Files/Unity/Hub/Editor/6000.5.9f1/Editor/Data/Managed/UnityEngine/UnityEngine.TextCoreTextEngineModule.dll"
-r:"C:/Program Files/Unity/Hub/Editor/6000.5.9f1/Editor/Data/Managed/UnityEngine/UnityEngine.TextRenderingModule.dll"
-r:"C:/Program Files/Unity/Hub/Editor/6000.5.9f1/Editor/Data/Managed/UnityEngine/UnityEngine.TilemapModule.dll"
-r:"C:/Program Files/Unity/Hub/Editor/6000.5.9f1/Editor/Data/Managed/UnityEngine/UnityEngine.U2DRuntimeModule.dll"
-r:"C:/Program Files/Unity/Hub/Editor/6000.5.9f1/Editor/Data/Managed/UnityEngine/UnityEngine.UIElementsModule.dll"
-r:"C:/Program Files/Unity/Hub/Editor/6000.5.9f1/Editor/Data/Managed/UnityEngine/UnityEngine.UIModule.dll"
-r:"C:/Program Files/Unity/Hub/Editor/6000.5.9f1/Editor/Data/Managed/UnityEngine/UnityEngine.UmbraModule.dll"
-r:"C:/Program Files/Unity/Hub/Editor/6000.5.9f1/Editor/Data/Managed/UnityEngine/UnityEngine.UnityAnalyticsCommonModule.dll"
-r:"C:/Program Files/Unity/Hub/Editor/6000.5.9f1/Editor/Data/Managed/UnityEngine/UnityEngine.UnityAnalyticsModule.dll"
-r:"C:/Program Files/Unity/Hub/Editor/6000.5.9f1/Editor/Data/Managed/UnityEngine/UnityEngine.UnityConnectModule.dll"
-r:"C:/Program Files/Unity/Hub/Editor/6000.5.9f1/Editor/Data/Managed/UnityEngine/UnityEngine.UnityConsentModule.dll"
-r:"C:/Program Files/Unity/Hub/Editor/6000.5.9f1/Editor/Data/Managed/UnityEngine/UnityEngine.UnityCurlModule.dll"
-r:"C:/Program Files/Unity/Hub/Editor/6000.5.9f1/Editor/Data/Managed/UnityEngine/UnityEngine.UnityWebRequestAssetBundleModule.dll"
-r:"C:/Program Files/Unity/Hub/Editor/6000.5.9f1/Editor/Data/Managed/UnityEngine/UnityEngine.UnityWebRequestAudioModule.dll"
-r:"C:/Program Files/Unity/Hub/Editor/6000.5.9f1/Editor/Data/Managed/UnityEngine/UnityEngine.UnityWebRequestModule.dll"
-r:"C:/Program Files/Unity/Hub/Editor/6000.5.9f1/Editor/Data/Managed/UnityEngine/UnityEngine.UnityWebRequestTextureModule.dll"
-r:"C:/Program Files/Unity/Hub/Editor/6000.5.9f1/Editor/Data/Managed/UnityEngine/UnityEngine.UnityWebRequestWWWModule.dll"
-r:"C:/Program Files/Unity/Hub/Editor/6000.5.9f1/Editor/Data/Managed/UnityEngine/UnityEngine.VFXModule.dll"
-r:"C:/Program Files/Unity/Hub/Editor/6000.5.9f1/Editor/Data/Managed/UnityEngine/UnityEngine.VectorGraphicsModule.dll"
-r:"C:/Program Files/Unity/Hub/Editor/6000.5.9f1/Editor/Data/Managed/UnityEngine/UnityEngine.VehiclesModule.dll"
-r:"C:/Program Files/Unity/Hub/Editor/6000.5.9f1/Editor/Data/Managed/UnityEngine/UnityEngine.VideoModule.dll"
-r:"C:/Program Files/Unity/Hub/Editor/6000.5.9f1/Editor/Data/Managed/UnityEngine/UnityEngine.VirtualTexturingModule.dll"
-r:"C:/Program Files/Unity/Hub/Editor/6000.5.9f1/Editor/Data/Managed/UnityEngine/UnityEngine.WindModule.dll"
-r:"C:/Program Files/Unity/Hub/Editor/6000.5.9f1/Editor/Data/Managed/UnityEngine/UnityEngine.XRModule.dll"
-r:"C:/Program Files/Unity/Hub/Editor/6000.5.9f1/Editor/Data/Managed/UnityEngine/UnityEngine.dll"
-r:"C:/Program Files/Unity/Hub/Editor/6000.5.9f1/Editor/Data/NetStandard/Extensions/2.0.0/System.Runtime.InteropServices.WindowsRuntime.dll"
-r:"C:/Program Files/Unity/Hub/Editor/6000.5.9f1/Editor/Data/NetStandard/compat/2.1.0/shims/netfx/System.ComponentModel.Composition.dll"
-r:"C:/Program Files/Unity/Hub/Editor/6000.5.9f1/Editor/Data/NetStandard/compat/2.1.0/shims/netfx/System.Core.dll"
-r:"C:/Program Files/Unity/Hub/Editor/6000.5.9f1/Editor/Data/NetStandard/compat/2.1.0/shims/netfx/System.Data.dll"
-r:"C:/Program Files/Unity/Hub/Editor/6000.5.9f1/Editor/Data/NetStandard/compat/2.1.0/shims/netfx/System.Drawing.dll"
-r:"C:/Program Files/Unity/Hub/Editor/6000.5.9f1/Editor/Data/NetStandard/compat/2.1.0/shims/netfx/System.IO.Compression.FileSystem.dll"
-r:"C:/Program Files/Unity/Hub/Editor/6000.5.9f1/Editor/Data/NetStandard/compat/2.1.0/shims/netfx/System.Net.dll"
-r:"C:/Program Files/Unity/Hub/Editor/6000.5.9f1/Editor/Data/NetStandard/compat/2.1.0/shims/netfx/System.Numerics.dll"
-r:"C:/Program Files/Unity/Hub/Editor/6000.5.9f1/Editor/Data/NetStandard/compat/2.1.0/shims/netfx/System.Runtime.Serialization.dll"
-r:"C:/Program Files/Unity/Hub/Editor/6000.5.9f1/Editor/Data/NetStandard/compat/2.1.0/shims/netfx/System.ServiceModel.Web.dll"
-r:"C:/Program Files/Unity/Hub/Editor/6000.5.9f1/Editor/Data/NetStandard/compat/2.1.0/shims/netfx/System.Transactions.dll"
-r:"C:/Program Files/Unity/Hub/Editor/6000.5.9f1/Editor/Data/NetStandard/compat/2.1.0/shims/netfx/System.Web.dll"
-r:"C:/Program Files/Unity/Hub/Editor/6000.5.9f1/Editor/Data/NetStandard/compat/2.1.0/shims/netfx/System.Windows.dll"
-r:"C:/Program Files/Unity/Hub/Editor/6000.5.9f1/Editor/Data/NetStandard/compat/2.1.0/shims/netfx/System.Xml.Linq.dll"
-r:"C:/Program Files/Unity/Hub/Editor/6000.5.9f1/Editor/Data/NetStandard/compat/2.1.0/shims/netfx/System.Xml.Serialization.dll"
-r:"C:/Program Files/Unity/Hub/Editor/6000.5.9f1/Editor/Data/NetStandard/compat/2.1.0/shims/netfx/System.Xml.dll"
-r:"C:/Program Files/Unity/Hub/Editor/6000.5.9f1/Editor/Data/NetStandard/compat/2.1.0/shims/netfx/System.dll"
-r:"C:/Program Files/Unity/Hub/Editor/6000.5.9f1/Editor/Data/NetStandard/compat/2.1.0/shims/netfx/mscorlib.dll"
-r:"C:/Program Files/Unity/Hub/Editor/6000.5.9f1/Editor/Data/NetStandard/compat/2.1.0/shims/netstandard/Microsoft.Win32.Primitives.dll"
-r:"C:/Program Files/Unity/Hub/Editor/6000.5.9f1/Editor/Data/NetStandard/compat/2.1.0/shims/netstandard/System.AppContext.dll"
-r:"C:/Program Files/Unity/Hub/Editor/6000.5.9f1/Editor/Data/NetStandard/compat/2.1.0/shims/netstandard/System.Buffers.dll"
-r:"C:/Program Files/Unity/Hub/Editor/6000.5.9f1/Editor/Data/NetStandard/compat/2.1.0/shims/netstandard/System.Collections.Concurrent.dll"
-r:"C:/Program Files/Unity/Hub/Editor/6000.5.9f1/Editor/Data/NetStandard/compat/2.1.0/shims/netstandard/System.Collections.NonGeneric.dll"
-r:"C:/Program Files/Unity/Hub/Editor/6000.5.9f1/Editor/Data/NetStandard/compat/2.1.0/shims/netstandard/System.Collections.Specialized.dll"
-r:"C:/Program Files/Unity/Hub/Editor/6000.5.9f1/Editor/Data/NetStandard/compat/2.1.0/shims/netstandard/System.Collections.dll"
-r:"C:/Program Files/Unity/Hub/Editor/6000.5.9f1/Editor/Data/NetStandard/compat/2.1.0/shims/netstandard/System.ComponentModel.EventBasedAsync.dll"
-r:"C:/Program Files/Unity/Hub/Editor/6000.5.9f1/Editor/Data/NetStandard/compat/2.1.0/shims/netstandard/System.ComponentModel.Primitives.dll"
-r:"C:/Program Files/Unity/Hub/Editor/6000.5.9f1/Editor/Data/NetStandard/compat/2.1.0/shims/netstandard/System.ComponentModel.TypeConverter.dll"
-r:"C:/Program Files/Unity/Hub/Editor/6000.5.9f1/Editor/Data/NetStandard/compat/2.1.0/shims/netstandard/System.ComponentModel.dll"
-r:"C:/Program Files/Unity/Hub/Editor/6000.5.9f1/Editor/Data/NetStandard/compat/2.1.0/shims/netstandard/System.Console.dll"
-r:"C:/Program Files/Unity/Hub/Editor/6000.5.9f1/Editor/Data/NetStandard/compat/2.1.0/shims/netstandard/System.Data.Common.dll"
-r:"C:/Program Files/Unity/Hub/Editor/6000.5.9f1/Editor/Data/NetStandard/compat/2.1.0/shims/netstandard/System.Diagnostics.Contracts.dll"
-r:"C:/Program Files/Unity/Hub/Editor/6000.5.9f1/Editor/Data/NetStandard/compat/2.1.0/shims/netstandard/System.Diagnostics.Debug.dll"
-r:"C:/Program Files/Unity/Hub/Editor/6000.5.9f1/Editor/Data/NetStandard/compat/2.1.0/shims/netstandard/System.Diagnostics.FileVersionInfo.dll"
-r:"C:/Program Files/Unity/Hub/Editor/6000.5.9f1/Editor/Data/NetStandard/compat/2.1.0/shims/netstandard/System.Diagnostics.Process.dll"
-r:"C:/Program Files/Unity/Hub/Editor/6000.5.9f1/Editor/Data/NetStandard/compat/2.1.0/shims/netstandard/System.Diagnostics.StackTrace.dll"
-r:"C:/Program Files/Unity/Hub/Editor/6000.5.9f1/Editor/Data/NetStandard/compat/2.1.0/shims/netstandard/System.Diagnostics.TextWriterTraceListener.dll"
-r:"C:/Program Files/Unity/Hub/Editor/6000.5.9f1/Editor/Data/NetStandard/compat/2.1.0/shims/netstandard/System.Diagnostics.Tools.dll"
-r:"C:/Program Files/Unity/Hub/Editor/6000.5.9f1/Editor/Data/NetStandard/compat/2.1.0/shims/netstandard/System.Diagnostics.TraceSource.dll"
-r:"C:/Program Files/Unity/Hub/Editor/6000.5.9f1/Editor/Data/NetStandard/compat/2.1.0/shims/netstandard/System.Diagnostics.Tracing.dll"
-r:"C:/Program Files/Unity/Hub/Editor/6000.5.9f1/Editor/Data/NetStandard/compat/2.1.0/shims/netstandard/System.Drawing.Primitives.dll"
-r:"C:/Program Files/Unity/Hub/Editor/6000.5.9f1/Editor/Data/NetStandard/compat/2.1.0/shims/netstandard/System.Dynamic.Runtime.dll"
-r:"C:/Program Files/Unity/Hub/Editor/6000.5.9f1/Editor/Data/NetStandard/compat/2.1.0/shims/netstandard/System.Globalization.Calendars.dll"
-r:"C:/Program Files/Unity/Hub/Editor/6000.5.9f1/Editor/Data/NetStandard/compat/2.1.0/shims/netstandard/System.Globalization.Extensions.dll"
-r:"C:/Program Files/Unity/Hub/Editor/6000.5.9f1/Editor/Data/NetStandard/compat/2.1.0/shims/netstandard/System.Globalization.dll"
-r:"C:/Program Files/Unity/Hub/Editor/6000.5.9f1/Editor/Data/NetStandard/compat/2.1.0/shims/netstandard/System.IO.Compression.ZipFile.dll"
-r:"C:/Program Files/Unity/Hub/Editor/6000.5.9f1/Editor/Data/NetStandard/compat/2.1.0/shims/netstandard/System.IO.Compression.dll"
-r:"C:/Program Files/Unity/Hub/Editor/6000.5.9f1/Editor/Data/NetStandard/compat/2.1.0/shims/netstandard/System.IO.FileSystem.DriveInfo.dll"
-r:"C:/Program Files/Unity/Hub/Editor/6000.5.9f1/Editor/Data/NetStandard/compat/2.1.0/shims/netstandard/System.IO.FileSystem.Primitives.dll"
-r:"C:/Program Files/Unity/Hub/Editor/6000.5.9f1/Editor/Data/NetStandard/compat/2.1.0/shims/netstandard/System.IO.FileSystem.Watcher.dll"
-r:"C:/Program Files/Unity/Hub/Editor/6000.5.9f1/Editor/Data/NetStandard/compat/2.1.0/shims/netstandard/System.IO.FileSystem.dll"
-r:"C:/Program Files/Unity/Hub/Editor/6000.5.9f1/Editor/Data/NetStandard/compat/2.1.0/shims/netstandard/System.IO.IsolatedStorage.dll"
-r:"C:/Program Files/Unity/Hub/Editor/6000.5.9f1/Editor/Data/NetStandard/compat/2.1.0/shims/netstandard/System.IO.MemoryMappedFiles.dll"
-r:"C:/Program Files/Unity/Hub/Editor/6000.5.9f1/Editor/Data/NetStandard/compat/2.1.0/shims/netstandard/System.IO.Pipes.dll"
-r:"C:/Program Files/Unity/Hub/Editor/6000.5.9f1/Editor/Data/NetStandard/compat/2.1.0/shims/netstandard/System.IO.UnmanagedMemoryStream.dll"
-r:"C:/Program Files/Unity/Hub/Editor/6000.5.9f1/Editor/Data/NetStandard/compat/2.1.0/shims/netstandard/System.IO.dll"
-r:"C:/Program Files/Unity/Hub/Editor/6000.5.9f1/Editor/Data/NetStandard/compat/2.1.0/shims/netstandard/System.Linq.Expressions.dll"
-r:"C:/Program Files/Unity/Hub/Editor/6000.5.9f1/Editor/Data/NetStandard/compat/2.1.0/shims/netstandard/System.Linq.Parallel.dll"
-r:"C:/Program Files/Unity/Hub/Editor/6000.5.9f1/Editor/Data/NetStandard/compat/2.1.0/shims/netstandard/System.Linq.Queryable.dll"
-r:"C:/Program Files/Unity/Hub/Editor/6000.5.9f1/Editor/Data/NetStandard/compat/2.1.0/shims/netstandard/System.Linq.dll"
-r:"C:/Program Files/Unity/Hub/Editor/6000.5.9f1/Editor/Data/NetStandard/compat/2.1.0/shims/netstandard/System.Memory.dll"
-r:"C:/Program Files/Unity/Hub/Editor/6000.5.9f1/Editor/Data/NetStandard/compat/2.1.0/shims/netstandard/System.Net.Http.dll"
-r:"C:/Program Files/Unity/Hub/Editor/6000.5.9f1/Editor/Data/NetStandard/compat/2.1.0/shims/netstandard/System.Net.NameResolution.dll"
-r:"C:/Program Files/Unity/Hub/Editor/6000.5.9f1/Editor/Data/NetStandard/compat/2.1.0/shims/netstandard/System.Net.NetworkInformation.dll"
-r:"C:/Program Files/Unity/Hub/Editor/6000.5.9f1/Editor/Data/NetStandard/compat/2.1.0/shims/netstandard/System.Net.Ping.dll"
-r:"C:/Program Files/Unity/Hub/Editor/6000.5.9f1/Editor/Data/NetStandard/compat/2.1.0/shims/netstandard/System.Net.Primitives.dll"
-r:"C:/Program Files/Unity/Hub/Editor/6000.5.9f1/Editor/Data/NetStandard/compat/2.1.0/shims/netstandard/System.Net.Requests.dll"
-r:"C:/Program Files/Unity/Hub/Editor/6000.5.9f1/Editor/Data/NetStandard/compat/2.1.0/shims/netstandard/System.Net.Security.dll"
-r:"C:/Program Files/Unity/Hub/Editor/6000.5.9f1/Editor/Data/NetStandard/compat/2.1.0/shims/netstandard/System.Net.Sockets.dll"
-r:"C:/Program Files/Unity/Hub/Editor/6000.5.9f1/Editor/Data/NetStandard/compat/2.1.0/shims/netstandard/System.Net.WebHeaderCollection.dll"
-r:"C:/Program Files/Unity/Hub/Editor/6000.5.9f1/Editor/Data/NetStandard/compat/2.1.0/shims/netstandard/System.Net.WebSockets.Client.dll"
-r:"C:/Program Files/Unity/Hub/Editor/6000.5.9f1/Editor/Data/NetStandard/compat/2.1.0/shims/netstandard/System.Net.WebSockets.dll"
-r:"C:/Program Files/Unity/Hub/Editor/6000.5.9f1/Editor/Data/NetStandard/compat/2.1.0/shims/netstandard/System.Numerics.Vectors.dll"
-r:"C:/Program Files/Unity/Hub/Editor/6000.5.9f1/Editor/Data/NetStandard/compat/2.1.0/shims/netstandard/System.ObjectModel.dll"
-r:"C:/Program Files/Unity/Hub/Editor/6000.5.9f1/Editor/Data/NetStandard/compat/2.1.0/shims/netstandard/System.Reflection.DispatchProxy.dll"
-r:"C:/Program Files/Unity/Hub/Editor/6000.5.9f1/Editor/Data/NetStandard/compat/2.1.0/shims/netstandard/System.Reflection.Emit.ILGeneration.dll"
-r:"C:/Program Files/Unity/Hub/Editor/6000.5.9f1/Editor/Data/NetStandard/compat/2.1.0/shims/netstandard/System.Reflection.Emit.Lightweight.dll"
-r:"C:/Program Files/Unity/Hub/Editor/6000.5.9f1/Editor/Data/NetStandard/compat/2.1.0/shims/netstandard/System.Reflection.Emit.dll"
-r:"C:/Program Files/Unity/Hub/Editor/6000.5.9f1/Editor/Data/NetStandard/compat/2.1.0/shims/netstandard/System.Reflection.Extensions.dll"
-r:"C:/Program Files/Unity/Hub/Editor/6000.5.9f1/Editor/Data/NetStandard/compat/2.1.0/shims/netstandard/System.Reflection.Primitives.dll"
-r:"C:/Program Files/Unity/Hub/Editor/6000.5.9f1/Editor/Data/NetStandard/compat/2.1.0/shims/netstandard/System.Reflection.dll"
-r:"C:/Program Files/Unity/Hub/Editor/6000.5.9f1/Editor/Data/NetStandard/compat/2.1.0/shims/netstandard/System.Resources.Reader.dll"
-r:"C:/Program Files/Unity/Hub/Editor/6000.5.9f1/Editor/Data/NetStandard/compat/2.1.0/shims/netstandard/System.Resources.ResourceManager.dll"
-r:"C:/Program Files/Unity/Hub/Editor/6000.5.9f1/Editor/Data/NetStandard/compat/2.1.0/shims/netstandard/System.Resources.Writer.dll"
-r:"C:/Program Files/Unity/Hub/Editor/6000.5.9f1/Editor/Data/NetStandard/compat/2.1.0/shims/netstandard/System.Runtime.CompilerServices.VisualC.dll"
-r:"C:/Program Files/Unity/Hub/Editor/6000.5.9f1/Editor/Data/NetStandard/compat/2.1.0/shims/netstandard/System.Runtime.Extensions.dll"
-r:"C:/Program Files/Unity/Hub/Editor/6000.5.9f1/Editor/Data/NetStandard/compat/2.1.0/shims/netstandard/System.Runtime.Handles.dll"
-r:"C:/Program Files/Unity/Hub/Editor/6000.5.9f1/Editor/Data/NetStandard/compat/2.1.0/shims/netstandard/System.Runtime.InteropServices.RuntimeInformation.dll"
-r:"C:/Program Files/Unity/Hub/Editor/6000.5.9f1/Editor/Data/NetStandard/compat/2.1.0/shims/netstandard/System.Runtime.InteropServices.dll"
-r:"C:/Program Files/Unity/Hub/Editor/6000.5.9f1/Editor/Data/NetStandard/compat/2.1.0/shims/netstandard/System.Runtime.Numerics.dll"
-r:"C:/Program Files/Unity/Hub/Editor/6000.5.9f1/Editor/Data/NetStandard/compat/2.1.0/shims/netstandard/System.Runtime.Serialization.Formatters.dll"
-r:"C:/Program Files/Unity/Hub/Editor/6000.5.9f1/Editor/Data/NetStandard/compat/2.1.0/shims/netstandard/System.Runtime.Serialization.Json.dll"
-r:"C:/Program Files/Unity/Hub/Editor/6000.5.9f1/Editor/Data/NetStandard/compat/2.1.0/shims/netstandard/System.Runtime.Serialization.Primitives.dll"
-r:"C:/Program Files/Unity/Hub/Editor/6000.5.9f1/Editor/Data/NetStandard/compat/2.1.0/shims/netstandard/System.Runtime.Serialization.Xml.dll"
-r:"C:/Program Files/Unity/Hub/Editor/6000.5.9f1/Editor/Data/NetStandard/compat/2.1.0/shims/netstandard/System.Runtime.dll"
-r:"C:/Program Files/Unity/Hub/Editor/6000.5.9f1/Editor/Data/NetStandard/compat/2.1.0/shims/netstandard/System.Security.Claims.dll"
-r:"C:/Program Files/Unity/Hub/Editor/6000.5.9f1/Editor/Data/NetStandard/compat/2.1.0/shims/netstandard/System.Security.Cryptography.Algorithms.dll"
-r:"C:/Program Files/Unity/Hub/Editor/6000.5.9f1/Editor/Data/NetStandard/compat/2.1.0/shims/netstandard/System.Security.Cryptography.Csp.dll"
-r:"C:/Program Files/Unity/Hub/Editor/6000.5.9f1/Editor/Data/NetStandard/compat/2.1.0/shims/netstandard/System.Security.Cryptography.Encoding.dll"
-r:"C:/Program Files/Unity/Hub/Editor/6000.5.9f1/Editor/Data/NetStandard/compat/2.1.0/shims/netstandard/System.Security.Cryptography.Primitives.dll"
-r:"C:/Program Files/Unity/Hub/Editor/6000.5.9f1/Editor/Data/NetStandard/compat/2.1.0/shims/netstandard/System.Security.Cryptography.X509Certificates.dll"
-r:"C:/Program Files/Unity/Hub/Editor/6000.5.9f1/Editor/Data/NetStandard/compat/2.1.0/shims/netstandard/System.Security.Principal.dll"
-r:"C:/Program Files/Unity/Hub/Editor/6000.5.9f1/Editor/Data/NetStandard/compat/2.1.0/shims/netstandard/System.Security.SecureString.dll"
-r:"C:/Program Files/Unity/Hub/Editor/6000.5.9f1/Editor/Data/NetStandard/compat/2.1.0/shims/netstandard/System.Text.Encoding.Extensions.dll"
-r:"C:/Program Files/Unity/Hub/Editor/6000.5.9f1/Editor/Data/NetStandard/compat/2.1.0/shims/netstandard/System.Text.Encoding.dll"
-r:"C:/Program Files/Unity/Hub/Editor/6000.5.9f1/Editor/Data/NetStandard/compat/2.1.0/shims/netstandard/System.Text.RegularExpressions.dll"
-r:"C:/Program Files/Unity/Hub/Editor/6000.5.9f1/Editor/Data/NetStandard/compat/2.1.0/shims/netstandard/System.Threading.Overlapped.dll"
-r:"C:/Program Files/Unity/Hub/Editor/6000.5.9f1/Editor/Data/NetStandard/compat/2.1.0/shims/netstandard/System.Threading.Tasks.Extensions.dll"
-r:"C:/Program Files/Unity/Hub/Editor/6000.5.9f1/Editor/Data/NetStandard/compat/2.1.0/shims/netstandard/System.Threading.Tasks.Parallel.dll"
-r:"C:/Program Files/Unity/Hub/Editor/6000.5.9f1/Editor/Data/NetStandard/compat/2.1.0/shims/netstandard/System.Threading.Tasks.dll"
-r:"C:/Program Files/Unity/Hub/Editor/6000.5.9f1/Editor/Data/NetStandard/compat/2.1.0/shims/netstandard/System.Threading.Thread.dll"
-r:"C:/Program Files/Unity/Hub/Editor/6000.5.9f1/Editor/Data/NetStandard/compat/2.1.0/shims/netstandard/System.Threading.ThreadPool.dll"
-r:"C:/Program Files/Unity/Hub/Editor/6000.5.9f1/Editor/Data/NetStandard/compat/2.1.0/shims/netstandard/System.Threading.Timer.dll"
-r:"C:/Program Files/Unity/Hub/Editor/6000.5.9f1/Editor/Data/NetStandard/compat/2.1.0/shims/netstandard/System.Threading.dll"
-r:"C:/Program Files/Unity/Hub/Editor/6000.5.9f1/Editor/Data/NetStandard/compat/2.1.0/shims/netstandard/System.ValueTuple.dll"
-r:"C:/Program Files/Unity/Hub/Editor/6000.5.9f1/Editor/Data/NetStandard/compat/2.1.0/shims/netstandard/System.Xml.ReaderWriter.dll"
-r:"C:/Program Files/Unity/Hub/Editor/6000.5.9f1/Editor/Data/NetStandard/compat/2.1.0/shims/netstandard/System.Xml.XDocument.dll"
-r:"C:/Program Files/Unity/Hub/Editor/6000.5.9f1/Editor/Data/NetStandard/compat/2.1.0/shims/netstandard/System.Xml.XPath.XDocument.dll"
-r:"C:/Program Files/Unity/Hub/Editor/6000.5.9f1/Editor/Data/NetStandard/compat/2.1.0/shims/netstandard/System.Xml.XPath.dll"
-r:"C:/Program Files/Unity/Hub/Editor/6000.5.9f1/Editor/Data/NetStandard/compat/2.1.0/shims/netstandard/System.Xml.XmlDocument.dll"
-r:"C:/Program Files/Unity/Hub/Editor/6000.5.9f1/Editor/Data/NetStandard/compat/2.1.0/shims/netstandard/System.Xml.XmlSerializer.dll"
-r:"C:/Program Files/Unity/Hub/Editor/6000.5.9f1/Editor/Data/NetStandard/ref/2.1.0/netstandard.dll"
-r:"Library/PackageCache/com.unity.collections@ec2c217e4cb2/Unity.Collections.LowLevel.ILSupport/Unity.Collections.LowLevel.ILSupport.dll"
-r:"Library/PackageCache/com.unity.ext.nunit@44f7d31723bd/net472/unity-custom/nunit.framework.dll"
-r:"Library/PackageCache/com.unity.nuget.mono-cecil@ecb9724e46ff/Mono.Cecil.dll"
-r:"Library/PackageCache/com.unity.visualscripting@4edfcc09512f/Runtime/VisualScripting.Flow/Dependencies/NCalc/Unity.VisualScripting.Antlr3.Runtime.dll"
-r:"Library/Bee/artifacts/1900b0aE.dag/Unity.AI.Navigation.Editor.ConversionSystem.ref.dll"
-r:"Library/Bee/artifacts/1900b0aE.dag/Unity.AI.Navigation.Editor.ref.dll"
-r:"Library/Bee/artifacts/1900b0aE.dag/Unity.AI.Navigation.ref.dll"
-r:"Library/Bee/artifacts/1900b0aE.dag/Unity.AI.Navigation.Updater.ref.dll"
-r:"Library/Bee/artifacts/1900b0aE.dag/Unity.Burst.Editor.ref.dll"
-r:"Library/Bee/artifacts/1900b0aE.dag/Unity.Burst.ref.dll"
-r:"Library/Bee/artifacts/1900b0aE.dag/Unity.Collections.Editor.ref.dll"
-r:"Library/Bee/artifacts/1900b0aE.dag/Unity.Collections.ref.dll"
-r:"Library/Bee/artifacts/1900b0aE.dag/Unity.InputSystem.ForUI.Editor.ref.dll"
-r:"Library/Bee/artifacts/1900b0aE.dag/Unity.InputSystem.ForUI.ref.dll"
-r:"Library/Bee/artifacts/1900b0aE.dag/Unity.InputSystem.ref.dll"
-r:"Library/Bee/artifacts/1900b0aE.dag/Unity.InternalAPIEditorBridge.ShaderGraph.Editor.ref.dll"
-r:"Library/Bee/artifacts/1900b0aE.dag/Unity.InternalAPIEngineBridge.004.ref.dll"
-r:"Library/Bee/artifacts/1900b0aE.dag/Unity.InternalAPIEngineBridge.RenderPipelines.Core.Editor.ref.dll"
-r:"Library/Bee/artifacts/1900b0aE.dag/Unity.InternalAPIEngineBridge.RenderPipelines.Core.Runtime.Shared.ref.dll"
-r:"Library/Bee/artifacts/1900b0aE.dag/Unity.Mathematics.ref.dll"
-r:"Library/Bee/artifacts/1900b0aE.dag/Unity.Multiplayer.Center.Common.ref.dll"
-r:"Library/Bee/artifacts/1900b0aE.dag/Unity.Multiplayer.Center.Editor.ref.dll"
-r:"Library/Bee/artifacts/1900b0aE.dag/Unity.PathTracing.Editor.ref.dll"
-r:"Library/Bee/artifacts/1900b0aE.dag/Unity.PathTracing.Runtime.ref.dll"
-r:"Library/Bee/artifacts/1900b0aE.dag/Unity.PlasticSCM.Editor.Assistant.ref.dll"
-r:"Library/Bee/artifacts/1900b0aE.dag/Unity.PlasticSCM.Editor.ref.dll"
-r:"Library/Bee/artifacts/1900b0aE.dag/Unity.Rendering.LightTransport.Editor.ref.dll"
-r:"Library/Bee/artifacts/1900b0aE.dag/Unity.RenderPipeline.Universal.ShaderLibrary.ref.dll"
-r:"Library/Bee/artifacts/1900b0aE.dag/Unity.RenderPipelines.Core.Editor.ref.dll"
-r:"Library/Bee/artifacts/1900b0aE.dag/Unity.RenderPipelines.Core.Editor.Shared.ref.dll"
-r:"Library/Bee/artifacts/1900b0aE.dag/Unity.RenderPipelines.Core.Runtime.ref.dll"
-r:"Library/Bee/artifacts/1900b0aE.dag/Unity.RenderPipelines.Core.Runtime.Shared.ref.dll"
-r:"Library/Bee/artifacts/1900b0aE.dag/Unity.RenderPipelines.Core.ShaderLibrary.ref.dll"
-r:"Library/Bee/artifacts/1900b0aE.dag/Unity.RenderPipelines.GPUDriven.Runtime.ref.dll"
-r:"Library/Bee/artifacts/1900b0aE.dag/Unity.RenderPipelines.ShaderGraph.ShaderGraphLibrary.ref.dll"
-r:"Library/Bee/artifacts/1900b0aE.dag/Unity.RenderPipelines.Universal.2D.Editor.Overrides.ref.dll"
-r:"Library/Bee/artifacts/1900b0aE.dag/Unity.RenderPipelines.Universal.2D.Runtime.ref.dll"
-r:"Library/Bee/artifacts/1900b0aE.dag/Unity.RenderPipelines.Universal.Config.Runtime.ref.dll"
-r:"Library/Bee/artifacts/1900b0aE.dag/Unity.RenderPipelines.Universal.Editor.ref.dll"
-r:"Library/Bee/artifacts/1900b0aE.dag/Unity.RenderPipelines.Universal.Runtime.ref.dll"
-r:"Library/Bee/artifacts/1900b0aE.dag/Unity.RenderPipelines.Universal.Shaders.ref.dll"
-r:"Library/Bee/artifacts/1900b0aE.dag/Unity.Rider.Editor.ref.dll"
-r:"Library/Bee/artifacts/1900b0aE.dag/Unity.Searcher.Editor.ref.dll"
-r:"Library/Bee/artifacts/1900b0aE.dag/Unity.ShaderGraph.Editor.ref.dll"
-r:"Library/Bee/artifacts/1900b0aE.dag/Unity.SurfaceCache.Runtime.ref.dll"
-r:"Library/Bee/artifacts/1900b0aE.dag/Unity.TextMeshPro.Editor.ref.dll"
-r:"Library/Bee/artifacts/1900b0aE.dag/Unity.TextMeshPro.ref.dll"
-r:"Library/Bee/artifacts/1900b0aE.dag/Unity.Timeline.Editor.ref.dll"
-r:"Library/Bee/artifacts/1900b0aE.dag/Unity.Timeline.ref.dll"
-r:"Library/Bee/artifacts/1900b0aE.dag/Unity.UnifiedRayTracing.Runtime.ref.dll"
-r:"Library/Bee/artifacts/1900b0aE.dag/Unity.VisualScripting.Core.Editor.ref.dll"
-r:"Library/Bee/artifacts/1900b0aE.dag/Unity.VisualScripting.Core.ref.dll"
-r:"Library/Bee/artifacts/1900b0aE.dag/Unity.VisualScripting.Flow.Editor.ref.dll"
-r:"Library/Bee/artifacts/1900b0aE.dag/Unity.VisualScripting.Flow.ref.dll"
-r:"Library/Bee/artifacts/1900b0aE.dag/Unity.VisualScripting.SettingsProvider.Editor.ref.dll"
-r:"Library/Bee/artifacts/1900b0aE.dag/Unity.VisualScripting.Shared.Editor.ref.dll"
-r:"Library/Bee/artifacts/1900b0aE.dag/Unity.VisualScripting.State.Editor.ref.dll"
-r:"Library/Bee/artifacts/1900b0aE.dag/Unity.VisualScripting.State.ref.dll"
-r:"Library/Bee/artifacts/1900b0aE.dag/Unity.VisualStudio.Editor.ref.dll"
-r:"Library/Bee/artifacts/1900b0aE.dag/UnityEditor.UI.Analytics.ref.dll"
-r:"Library/Bee/artifacts/1900b0aE.dag/UnityEditor.UI.ref.dll"
-r:"Library/Bee/artifacts/1900b0aE.dag/UnityEngine.UI.ref.dll"
-analyzer:"C:/Program Files/Unity/Hub/Editor/6000.5.9f1/Editor/Data/BCLExtensions/TargetingPacks/netstandard2.1/analyzers/dotnet/roslyn4.0/cs/Microsoft.Extensions.Logging.Generators.dll"
-analyzer:"C:/Program Files/Unity/Hub/Editor/6000.5.9f1/Editor/Data/BCLExtensions/TargetingPacks/netstandard2.1/analyzers/dotnet/roslyn4.0/cs/System.Text.Json.SourceGeneration.dll"
-analyzer:"C:/Program Files/Unity/Hub/Editor/6000.5.9f1/Editor/Data/Tools/BuildPipeline/Unity.Analyzers.Common/Unity.Analyzers.Common.dll"
-analyzer:"C:/Program Files/Unity/Hub/Editor/6000.5.9f1/Editor/Data/Tools/BuildPipeline/Unity.Analyzers.LongLiving/Unity.Analyzers.LongLiving.dll"
-analyzer:"C:/Program Files/Unity/Hub/Editor/6000.5.9f1/Editor/Data/Tools/BuildPipeline/Unity.SourceGenerators/Unity.Properties.SourceGenerator.dll"
-analyzer:"C:/Program Files/Unity/Hub/Editor/6000.5.9f1/Editor/Data/Tools/BuildPipeline/Unity.SourceGenerators/Unity.SourceGenerators.dll"
-analyzer:"C:/Program Files/Unity/Hub/Editor/6000.5.9f1/Editor/Data/Tools/BuildPipeline/Unity.SourceGenerators/Unity.UIToolkit.SourceGenerator.dll"
"Assets/Script/Camerafollow.cs"
"Assets/Script/Coin.cs"
"Assets/Script/CoinSpawner.cs"
"Assets/Script/FuelBar.cs"
"Assets/Script/MenuManager.cs"
"Assets/Script/PlatForm.cs"
"Assets/Script/PlayerController.cs"
"Assets/Script/ScoreManager.cs"
-langversion:9.0
/deterministic
/optimize+
/debug:portable
/nologo
/RuntimeMetadataVersion:v4.0.30319
/nowarn:0169
/nowarn:0649
/nowarn:0282
/nowarn:1701
/nowarn:1702
/utf8output
/preferreduilang:en-US
/additionalfile:"Library/Bee/artifacts/1900b0aE.dag/Assembly-CSharp.UnityAdditionalFile.txt"
##### Custom Environment Variables
DOTNET_HOST_PATH=C:\Program Files\Unity\Hub\Editor\6000.5.9f1\Editor\Data\DotNetSdk\dotnet.exe
DOTNET_MULTILEVEL_LOOKUP=0
##### ExitCode
1
##### Output
Assets\Script\PlatForm.cs(30,2): error CS1513: } expected
*** Tundra build failed (0.55 seconds), 2 items updated, 927 evaluated
[Worker1] Imported GUID: f4e3c7115132136478b063318cad7719 - Path: Assets/Script/PlatForm.cs - Importer: PreviewImporter -> (ImportResultId: '00000000000000000000000000000000') in 0.1601256 seconds
[Worker1] Import Error Code:(4)
Message: Build asset version error: assets/script/platform.cs in SourceAssetDB has modification time of '2026-09-14T20:38:36.2675117Z' while content on disk has modification time of '2026-09-14T20:38:36.7732726Z'
## Script Compilation Error for: Csc Library/Bee/artifacts/1900b0aE.dag/Assembly-CSharp.dll (+2 others)
## CmdLine: "C:\Program Files\Unity\Hub\Editor\6000.5.9f1\Editor\Data\DotNetSdk\dotnet.exe" exec "C:/Program Files/Unity/Hub/Editor/6000.5.9f1/Editor/Data/DotNetSdk/sdk/8.0.318/Roslyn/bincore/csc.dll" /nostdlib /noconfig /shared "@Library/Bee/artifacts/1900b0aE.dag/Assembly-CSharp.rsp" "@Library/Bee/artifacts/1900b0aE.dag/Assembly-CSharp.rsp2"
## Output:
Assets\Script\PlatForm.cs(30,2): error CS1513: } expected

[Worker0] Imported GUID: f4e3c7115132136478b063318cad7719 - Path: Assets/Script/PlatForm.cs - Importer: PreviewImporter -> (ImportResultId: '576d78793ee053a6b67de25113da27bf') in 0.0646647 seconds
Assets\Script\PlatForm.cs(30,2): error CS1513: } expected
Total cache size 64119356
Total cache size after purge 64119356, took 00:00:00.2382354
[ScriptCompilation] Requested script compilation because: AssetDatabase observed changes in script compilation related files
Refreshing native plugins compatible for Editor in 2.66 ms, found 4 plugins.
Asset Pipeline Refresh (id=a9d58774c9afff445b89c9904b34960d): Total: 0.137 seconds - Initiated by RefreshV2(NoUpdateAssetOptions)
Asset Pipeline Refresh (id=4dd3142302075d244880a11af0afddca): Total: 0.016 seconds - Initiated by RefreshV2(NoUpdateAssetOptions)
info: Microsoft.AspNetCore.Hosting.Diagnostics[1]
      Request starting HTTP/2 POST http://ilpp/UnityILPP.PostProcessing/Ping - application/grpc -
info: Microsoft.AspNetCore.Routing.EndpointMiddleware[0]
      Executing endpoint 'gRPC - /UnityILPP.PostProcessing/Ping'
info: Microsoft.AspNetCore.Routing.EndpointMiddleware[1]
      Executed endpoint 'gRPC - /UnityILPP.PostProcessing/Ping'
info: Microsoft.AspNetCore.Hosting.Diagnostics[2]
      Request finished HTTP/2 POST http://ilpp/UnityILPP.PostProcessing/Ping - 200 - application/grpc 0.1855ms
Starting: C:\Program Files\Unity\Hub\Editor\6000.5.9f1\Editor\Data\Tools\BuildPipeline\bee_backend.exe --ipc --defer-dag-verification --dagfile="Library/Bee/1900b0aE.dag" --continue-on-failure --profile="Library/Bee/backend1.traceevents" ScriptAssemblies
WorkingDir: C:/Users/golfa/Rocket
Asset Pipeline Refresh (id=d7d0f8ee5592f4a4894a193ef62b7ace): Total: 0.015 seconds - Initiated by RefreshV2(NoUpdateAssetOptions)
info: Microsoft.AspNetCore.Hosting.Diagnostics[1]
      Request starting HTTP/2 POST http://ilpp/UnityILPP.PostProcessing/ConfigurePostProcessors - application/grpc -
info: Microsoft.AspNetCore.Routing.EndpointMiddleware[0]
      Executing endpoint 'gRPC - /UnityILPP.PostProcessing/ConfigurePostProcessors'
info: Unity.ILPP.Runner.PostProcessingAssemblyLoadContext[0]
      Current configuration matches the requested one, skipping
info: Microsoft.AspNetCore.Routing.EndpointMiddleware[1]
      Executed endpoint 'gRPC - /UnityILPP.PostProcessing/ConfigurePostProcessors'
info: Microsoft.AspNetCore.Hosting.Diagnostics[2]
      Request finished HTTP/2 POST http://ilpp/UnityILPP.PostProcessing/ConfigurePostProcessors - 200 - application/grpc 2.1777ms
Asset Pipeline Refresh (id=d0db4725ed8e94941abd60bda01fdda5): Total: 0.004 seconds - Initiated by RefreshV2(NoUpdateAssetOptions)
Asset Pipeline Refresh (id=c256ce8e84d874846a5509075053401a): Total: 0.014 seconds - Initiated by RefreshV2(NoUpdateAssetOptions)
Asset Pipeline Refresh (id=bb7a863fcc13ac1449d5804e2f3df2e8): Total: 0.030 seconds - Initiated by RefreshV2(NoUpdateAssetOptions)
[Worker0] Imported GUID: f4e3c7115132136478b063318cad7719 - Path: Assets/Script/PlatForm.cs - Importer: PreviewImporter -> (ImportResultId: 'ace5c74ff59e8d3f40e21c809b8ff251') in 0.0683285 seconds
Asset Pipeline Refresh (id=f6c063a1ddc853340a5b6b7715f35456): Total: 0.022 seconds - Initiated by RefreshV2(NoUpdateAssetOptions)
info: Microsoft.AspNetCore.Hosting.Diagnostics[1]
      Request starting HTTP/2 POST http://ilpp/UnityILPP.PostProcessing/PostProcessAssembly - application/grpc -
info: Microsoft.AspNetCore.Routing.EndpointMiddleware[0]
      Executing endpoint 'gRPC - /UnityILPP.PostProcessing/PostProcessAssembly'
info: Unity.ILPP.Runner.PostProcessingPipeline[0]
      Processing assembly Library/Bee/artifacts/1900b0aE.dag/Assembly-CSharp.dll, with 141 defines and 339 references
info: Unity.ILPP.Runner.PostProcessingPipeline[0]
      processors: Unity.Jobs.CodeGen.JobsILPostProcessor, zzzUnity.Burst.CodeGen.BurstILPostProcessor
info: Unity.ILPP.Runner.PostProcessingPipeline[0]
      running Unity.Jobs.CodeGen.JobsILPostProcessor
info: Unity.ILPP.Runner.PostProcessingPipeline[0]
      running zzzUnity.Burst.CodeGen.BurstILPostProcessor
info: Microsoft.AspNetCore.Routing.EndpointMiddleware[1]
      Executed endpoint 'gRPC - /UnityILPP.PostProcessing/PostProcessAssembly'
info: Microsoft.AspNetCore.Hosting.Diagnostics[2]
      Request finished HTTP/2 POST http://ilpp/UnityILPP.PostProcessing/PostProcessAssembly - 200 - application/grpc 28.3600ms
ExitCode: 0 Duration: 1s599ms
[730/927    0s] ILPP-Configuration Library/ilpp-configuration.nevergeneratedoutput
[923/927    1s] Csc Library/Bee/artifacts/1900b0aE.dag/Assembly-CSharp.dll (+2 others)
[             ] Modification date of `Assets\Script\PlatForm.cs` changed while running `Csc Library/Bee/artifacts/1900b0aE.dag/Assembly-CSharp.dll (+2 others)`. Old timestamp: 134338919272564445, new timestamp: 134338919277256235
[924/927    0s] ILPostProcess Library/Bee/artifacts/1900b0aE.dag/post-processed/Assembly-CSharp.dll (+pdb)
Processing assembly Library/Bee/artifacts/1900b0aE.dag/Assembly-CSharp.dll, with 141 defines and 339 references

processors: Unity.Jobs.CodeGen.JobsILPostProcessor, zzzUnity.Burst.CodeGen.BurstILPostProcessor

running Unity.Jobs.CodeGen.JobsILPostProcessor

running zzzUnity.Burst.CodeGen.BurstILPostProcessor
[925/927    0s] CopyFiles Library/ScriptAssemblies/Assembly-CSharp.dll
[926/927    0s] CopyFiles Library/ScriptAssemblies/Assembly-CSharp.pdb
*** Tundra build success (1.57 seconds), 5 items updated, 927 evaluated
Reloading assemblies after forced synchronous recompile.
Total cache size 64119356
Total cache size after purge 64119356, took 00:00:00.1385515
Begin MonoManager ReloadAssembly
Native extension for WindowsStandalone target not found
Native extension for WebGL target not found
[MODES] ModeService[none].Initialize
[MODES] ModeService[none].LoadModes
ScheduleIndexationOnStartup MainProcess:True IndexOnStartup:True
Mono: successfully reloaded assembly
- Finished resetting the current domain, in  3.611 seconds
Domain Reload Profiling: 5911ms
	BeginReloadAssembly (1413ms)
		DisableScriptedObjects (230ms)
		CreateAndSetChildDomain (739ms)
	RebuildCommonClasses (22ms)
	RebuildNativeTypeToScriptingClass (26ms)
	initialDomainReloadingComplete (99ms)
	LoadAllAssembliesAndSetupDomain (738ms)
		LoadAssemblies (281ms)
		AnalyzeDomain (435ms)
			TypeCache.Refresh (23ms)
			BuildScriptInfoCaches (362ms)
			ResolveRequiredComponents (46ms)
	FinalizeReload (3613ms)
		SetupLoadedEditorAssemblies (0ms)
			InitializePlatformSupportModulesInManaged (4ms)
			BeforeProcessingInitializeOnLoad (364ms)
			ProcessInitializeOnLoadAttributes (702ms)
			ProcessInitializeOnLoadMethodAttributes (288ms)
			AfterProcessingInitializeOnLoad (11ms)
		AwakeInstancesAfterBackupRestoration (1286ms)

Asset Pipeline Refresh (id=e88a8dc7a0f7bd94397ecec90331440b): Total: 6.670 seconds - Initiated by RefreshV2(AllowForceSynchronousImport)
	(Values over 0.05ms)
	Summary:
		Imports: total=0 (actual=0, local cache=0, cache server=0)
		Asset DB Process Time: managed=0 ms, native=3865 ms
		Asset DB Callback time: managed=52 ms, native=1 ms
		Scripting: domain reloads=1, domain reload time=2444 ms, compile time=306 ms, other=0 ms
		Project Asset Count: scripts=1374, non-scripts=2362
		Asset File Changes: new=0, changed=0, moved=0, deleted=0
		Scan Filter Count: 0
	InvokePackagesCallback: 3.193ms
	ApplyChangesToAssetFolders: 0.610ms
	Scan: 6.565ms
	Collect global state as custom dependencies: 4.653ms
	OnSourceAssetsModified: 0.062ms
	ProcessAssetsWithTransientArtifactChanges: 11.120ms
	CategorizeAssets: 88.456ms
	CompileScripts: 306.461ms
	ImportOutOfDateAssets: 3682.654ms (3635.397ms without children)
		CollectScriptTypesHashes: 1.546ms
		ReloadNativeAssets: 2.052ms
		UnloadImportedAssets: 0.331ms
		EnsureUptoDateAssetsAreRegisteredWithGuidPM: 1.236ms
		ImportSchedulerStart: 43.587ms
	PostProcessAllAssets: 52.726ms
		MonoPostProcessAllAssets: 52.718ms
			UniversalRenderPipelineGlobalSettingsPostprocessor.OnPostprocessAllAssets 19.476ms
			SyncVS.PostprocessSyncProject 4.414ms
			SpeedTree9Postprocessor.OnPostprocessAllAssets 3.607ms
			WindowAssetPostprocessingWatcher.OnPostprocessAllAssets 3.394ms
			EditModeScopePostprocessor.OnPostprocessAllAssets 1.639ms
			RenderPipelineGlobalSettingsPostprocessor.OnPostprocessAllAssets 1.188ms
			ProjectSettingsPostprocessor.OnPostprocessAllAssets 1.088ms
			AssetChangedListener.OnPostprocessAllAssets 0.602ms
			ShaderReflectionAssetPostProcessor.OnPostprocessAllAssets 0.594ms
			ReferencedClipsPostProcessor.OnPostprocessAllAssets 0.449ms
			InputActionAssetPostprocessor.OnPostprocessAllAssets 0.428ms
			AssetDatabaseCallbacks.OnPostprocessAllAssets 0.320ms
			TerrainToolbarOverlayPostProcessor.OnPostprocessAllAssets 0.262ms
			ShaderGraphAssetPostProcessor.OnPostprocessAllAssets 0.158ms
			AssetPostprocessor.OnPostprocessAllAssets 0.152ms
	GatherAllCurrentPrimaryImportResultRevisions: 0.457ms
	PersistCurrentRevisions: 0.157ms
	GenerateScriptTypeHashes: 4.182ms
	GenerateScriptTypeSerializationHashes: 6.940ms
	Untracked: 2507.454ms

[Licensing::Client] Successfully resolved entitlement details
[Licensing::Client] Successfully resolved entitlement details
Asset Pipeline Refresh (id=f6c6a2e60b7f8524797b1bb8bac7ed82): Total: 0.016 seconds - Initiated by RefreshV2(AllowForceSynchronousImport)
Reloading assemblies for play mode.
Reloading assemblies after forced synchronous recompile.
Begin MonoManager ReloadAssembly
Refreshing native plugins compatible for Editor in 2.27 ms, found 4 plugins.
Native extension for WindowsStandalone target not found
Native extension for WebGL target not found
ScheduleIndexationOnStartup MainProcess:True IndexOnStartup:True
[MODES] ModeService[none].Initialize
[MODES] ModeService[none].LoadModes
Mono: successfully reloaded assembly
- Finished resetting the current domain, in  3.450 seconds
Domain Reload Profiling: 5158ms
	BeginReloadAssembly (1222ms)
		DisableScriptedObjects (142ms)
		CreateAndSetChildDomain (771ms)
	RebuildCommonClasses (24ms)
	RebuildNativeTypeToScriptingClass (31ms)
	initialDomainReloadingComplete (107ms)
	LoadAllAssembliesAndSetupDomain (322ms)
		LoadAssemblies (246ms)
		AnalyzeDomain (60ms)
			TypeCache.Refresh (12ms)
			ResolveRequiredComponents (42ms)
	FinalizeReload (3452ms)
		SetupLoadedEditorAssemblies (0ms)
			InitializePlatformSupportModulesInManaged (4ms)
			BeforeProcessingInitializeOnLoad (164ms)
			ProcessInitializeOnLoadAttributes (689ms)
			ProcessInitializeOnLoadMethodAttributes (261ms)
			AfterProcessingInitializeOnLoad (10ms)
		AwakeInstancesAfterBackupRestoration (1198ms)

Asset Pipeline Refresh (id=73c3797e9ccc2a043b3a18a30c7a57de): Total: 5.507 seconds - Initiated by StopAssetImportingV2(ForceSynchronousImport | ForceDomainReload)
	(Values over 0.05ms)
	Summary:
		Imports: total=0 (actual=0, local cache=0, cache server=0)
		Asset DB Process Time: managed=0 ms, native=3675 ms
		Asset DB Callback time: managed=55 ms, native=0 ms
		Scripting: domain reloads=1, domain reload time=1774 ms, compile time=2 ms, other=0 ms
		Project Asset Count: scripts=1374, non-scripts=2362
		Asset File Changes: new=0, changed=0, moved=0, deleted=0
		Scan Filter Count: 0
	InvokePackagesCallback: 2.523ms
	ApplyChangesToAssetFolders: 0.612ms
	Collect global state as custom dependencies: 4.336ms
	ProcessAssetsWithTransientArtifactChanges: 0.488ms
	CategorizeAssets: 90.245ms
	CompileScripts: 2.409ms
	ImportOutOfDateAssets: 3521.621ms (3474.878ms without children)
		CollectScriptTypesHashes: 1.288ms
		ReloadNativeAssets: 2.230ms
		UnloadImportedAssets: 0.365ms
		EnsureUptoDateAssetsAreRegisteredWithGuidPM: 1.347ms
		ImportSchedulerStart: 42.744ms
	PostProcessAllAssets: 55.315ms
		MonoPostProcessAllAssets: 55.307ms
			UniversalRenderPipelineGlobalSettingsPostprocessor.OnPostprocessAllAssets 20.151ms
			SyncVS.PostprocessSyncProject 6.225ms
			WindowAssetPostprocessingWatcher.OnPostprocessAllAssets 3.692ms
			SpeedTree9Postprocessor.OnPostprocessAllAssets 3.426ms
			RenderPipelineGlobalSettingsPostprocessor.OnPostprocessAllAssets 1.392ms
			ProjectSettingsPostprocessor.OnPostprocessAllAssets 1.293ms
			ShaderReflectionAssetPostProcessor.OnPostprocessAllAssets 0.721ms
			AssetChangedListener.OnPostprocessAllAssets 0.602ms
			EditModeScopePostprocessor.OnPostprocessAllAssets 0.528ms
			InputActionAssetPostprocessor.OnPostprocessAllAssets 0.512ms
			ReferencedClipsPostProcessor.OnPostprocessAllAssets 0.439ms
			AssetDatabaseCallbacks.OnPostprocessAllAssets 0.269ms
			TerrainToolbarOverlayPostProcessor.OnPostprocessAllAssets 0.263ms
			ShaderGraphAssetPostProcessor.OnPostprocessAllAssets 0.158ms
			AssetPostprocessor.OnPostprocessAllAssets 0.152ms
	GatherAllCurrentPrimaryImportResultRevisions: 0.250ms
	PersistCurrentRevisions: 0.172ms
	GenerateScriptTypeHashes: 4.618ms
	GenerateScriptTypeSerializationHashes: 7.592ms
	Untracked: 1821.937ms

Loaded scene 'Temp/__Backupscenes/0.backup'
	Deserialize:            4.807 ms
	Integration:            981.527 ms
	Integration of assets:  0.010 ms
	Thread Wait Time:       0.013 ms
	Total Operation Time:   986.358 ms
Asset Pipeline Refresh (id=8ee81914a2ad80f4ea0c4be05775650a): Total: 0.017 seconds - Initiated by RefreshV2(NoUpdateAssetOptions)
Asset Pipeline Refresh (id=e445af991a862e448a961d607425eac3): Total: 0.005 seconds - Initiated by RefreshV2(NoUpdateAssetOptions)
[Licensing::Client] Successfully resolved entitlement details
[Licensing::Client] Successfully resolved entitlement details
0.9809996
UnityEngine.Debug:ExtractStackTraceNoAlloc (byte*,int,string)
UnityEngine.StackTraceUtility:ExtractStackTrace ()
UnityEngine.DebugLogHandler:Internal_Log (UnityEngine.LogType,UnityEngine.LogOption,string,UnityEngine.Object)
UnityEngine.DebugLogHandler:LogFormat (UnityEngine.LogType,UnityEngine.Object,string,object[])
UnityEngine.Logger:Log (UnityEngine.LogType,object)
UnityEngine.Debug:Log (object)
PlatForm:OnCollisionEnter (UnityEngine.Collision) (at Assets/Script/PlatForm.cs:13)
UnityEngine.Physics:SendOnCollisionEnter (UnityEngine.Component,UnityEngine.Collision)
UnityEngine.Physics:ReportContacts (Unity.Collections.NativeArray`1/ReadOnly<UnityEngine.ContactPairHeader>)
UnityEngine.Physics:OnSceneContact (UnityEngine.PhysicsScene,intptr,int)

(Filename: Assets/Script/PlatForm.cs Line: 13)

Success
UnityEngine.Debug:ExtractStackTraceNoAlloc (byte*,int,string)
UnityEngine.StackTraceUtility:ExtractStackTrace ()
UnityEngine.DebugLogHandler:Internal_Log (UnityEngine.LogType,UnityEngine.LogOption,string,UnityEngine.Object)
UnityEngine.DebugLogHandler:LogFormat (UnityEngine.LogType,UnityEngine.Object,string,object[])
UnityEngine.Logger:Log (UnityEngine.LogType,object)
UnityEngine.Debug:Log (object)
PlatForm:OnCollisionEnter (UnityEngine.Collision) (at Assets/Script/PlatForm.cs:19)
UnityEngine.Physics:SendOnCollisionEnter (UnityEngine.Component,UnityEngine.Collision)
UnityEngine.Physics:ReportContacts (Unity.Collections.NativeArray`1/ReadOnly<UnityEngine.ContactPairHeader>)
UnityEngine.Physics:OnSceneContact (UnityEngine.PhysicsScene,intptr,int)

(Filename: Assets/Script/PlatForm.cs Line: 19)

4.483426
UnityEngine.Debug:ExtractStackTraceNoAlloc (byte*,int,string)
UnityEngine.StackTraceUtility:ExtractStackTrace ()
UnityEngine.DebugLogHandler:Internal_Log (UnityEngine.LogType,UnityEngine.LogOption,string,UnityEngine.Object)
UnityEngine.DebugLogHandler:LogFormat (UnityEngine.LogType,UnityEngine.Object,string,object[])
UnityEngine.Logger:Log (UnityEngine.LogType,object)
UnityEngine.Debug:Log (object)
PlatForm:OnCollisionEnter (UnityEngine.Collision) (at Assets/Script/PlatForm.cs:13)
UnityEngine.Physics:SendOnCollisionEnter (UnityEngine.Component,UnityEngine.Collision)
UnityEngine.Physics:ReportContacts (Unity.Collections.NativeArray`1/ReadOnly<UnityEngine.ContactPairHeader>)
UnityEngine.Physics:OnSceneContact (UnityEngine.PhysicsScene,intptr,int)

(Filename: Assets/Script/PlatForm.cs Line: 13)

Success
UnityEngine.Debug:ExtractStackTraceNoAlloc (byte*,int,string)
UnityEngine.StackTraceUtility:ExtractStackTrace ()
UnityEngine.DebugLogHandler:Internal_Log (UnityEngine.LogType,UnityEngine.LogOption,string,UnityEngine.Object)
UnityEngine.DebugLogHandler:LogFormat (UnityEngine.LogType,UnityEngine.Object,string,object[])
UnityEngine.Logger:Log (UnityEngine.LogType,object)
UnityEngine.Debug:Log (object)
PlatForm:OnCollisionEnter (UnityEngine.Collision) (at Assets/Script/PlatForm.cs:19)
UnityEngine.Physics:SendOnCollisionEnter (UnityEngine.Component,UnityEngine.Collision)
UnityEngine.Physics:ReportContacts (Unity.Collections.NativeArray`1/ReadOnly<UnityEngine.ContactPairHeader>)
UnityEngine.Physics:OnSceneContact (UnityEngine.PhysicsScene,intptr,int)

(Filename: Assets/Script/PlatForm.cs Line: 19)

Asset Pipeline Refresh (id=523969135bc979e4b93019e659ba7de3): Total: 0.005 seconds - Initiated by RefreshV2(NoUpdateAssetOptions)
41.17845
UnityEngine.Debug:ExtractStackTraceNoAlloc (byte*,int,string)
UnityEngine.StackTraceUtility:ExtractStackTrace ()
UnityEngine.DebugLogHandler:Internal_Log (UnityEngine.LogType,UnityEngine.LogOption,string,UnityEngine.Object)
UnityEngine.DebugLogHandler:LogFormat (UnityEngine.LogType,UnityEngine.Object,string,object[])
UnityEngine.Logger:Log (UnityEngine.LogType,object)
UnityEngine.Debug:Log (object)
PlatForm:OnCollisionEnter (UnityEngine.Collision) (at Assets/Script/PlatForm.cs:13)
UnityEngine.Physics:SendOnCollisionEnter (UnityEngine.Component,UnityEngine.Collision)
UnityEngine.Physics:ReportContacts (Unity.Collections.NativeArray`1/ReadOnly<UnityEngine.ContactPairHeader>)
UnityEngine.Physics:OnSceneContact (UnityEngine.PhysicsScene,intptr,int)

(Filename: Assets/Script/PlatForm.cs Line: 13)

Boom
UnityEngine.Debug:ExtractStackTraceNoAlloc (byte*,int,string)
UnityEngine.StackTraceUtility:ExtractStackTrace ()
UnityEngine.DebugLogHandler:Internal_Log (UnityEngine.LogType,UnityEngine.LogOption,string,UnityEngine.Object)
UnityEngine.DebugLogHandler:LogFormat (UnityEngine.LogType,UnityEngine.Object,string,object[])
UnityEngine.Logger:Log (UnityEngine.LogType,object)
UnityEngine.Debug:Log (object)
PlatForm:OnCollisionEnter (UnityEngine.Collision) (at Assets/Script/PlatForm.cs:25)
UnityEngine.Physics:SendOnCollisionEnter (UnityEngine.Component,UnityEngine.Collision)
UnityEngine.Physics:ReportContacts (Unity.Collections.NativeArray`1/ReadOnly<UnityEngine.ContactPairHeader>)
UnityEngine.Physics:OnSceneContact (UnityEngine.PhysicsScene,intptr,int)

(Filename: Assets/Script/PlatForm.cs Line: 25)

Unloading 0 Unused Serialized files (Serialized files now loaded: 0)
Loaded scene 'Temp/__Backupscenes/0.backup'
	Deserialize:            4.365 ms
	Integration:            355.685 ms
	Integration of assets:  0.012 ms
	Thread Wait Time:       0.021 ms
	Total Operation Time:   360.084 ms
Unloading 33 unused Assets / (195.8 KB). Loaded Objects now: 8930.
Memory consumption went from 0.91 GB to 0.91 GB.
Total: 35.997600 ms (FindLiveObjects: 0.637600 ms CreateObjectMapping: 1.554200 ms MarkObjects: 33.610100 ms  DeleteObjects: 0.193400 ms)

[Licensing::Client] Successfully resolved entitlement details
[ScriptCompilation] Requested script compilation because: AssetDatabase observed changes in script compilation related files
Refreshing native plugins compatible for Editor in 2.53 ms, found 4 plugins.
Asset Pipeline Refresh (id=7afd2ac70e6288a49b4754c995987ccc): Total: 0.221 seconds - Initiated by RefreshV2(NoUpdateAssetOptions)
info: Microsoft.AspNetCore.Hosting.Diagnostics[1]
      Request starting HTTP/2 POST http://ilpp/UnityILPP.PostProcessing/Ping - application/grpc -
info: Microsoft.AspNetCore.Routing.EndpointMiddleware[0]
      Executing endpoint 'gRPC - /UnityILPP.PostProcessing/Ping'
info: Microsoft.AspNetCore.Routing.EndpointMiddleware[1]
      Executed endpoint 'gRPC - /UnityILPP.PostProcessing/Ping'
info: Microsoft.AspNetCore.Hosting.Diagnostics[2]
      Request finished HTTP/2 POST http://ilpp/UnityILPP.PostProcessing/Ping - 200 - application/grpc 0.9557ms
Starting: C:\Program Files\Unity\Hub\Editor\6000.5.9f1\Editor\Data\Tools\BuildPipeline\bee_backend.exe --ipc --defer-dag-verification --dagfile="Library/Bee/1900b0aE.dag" --continue-on-failure --profile="Library/Bee/backend1.traceevents" ScriptAssemblies
WorkingDir: C:/Users/golfa/Rocket
info: Microsoft.AspNetCore.Hosting.Diagnostics[1]
      Request starting HTTP/2 POST http://ilpp/UnityILPP.PostProcessing/ConfigurePostProcessors - application/grpc -
info: Microsoft.AspNetCore.Routing.EndpointMiddleware[0]
      Executing endpoint 'gRPC - /UnityILPP.PostProcessing/ConfigurePostProcessors'
info: Unity.ILPP.Runner.PostProcessingAssemblyLoadContext[0]
      Current configuration matches the requested one, skipping
info: Microsoft.AspNetCore.Routing.EndpointMiddleware[1]
      Executed endpoint 'gRPC - /UnityILPP.PostProcessing/ConfigurePostProcessors'
info: Microsoft.AspNetCore.Hosting.Diagnostics[2]
      Request finished HTTP/2 POST http://ilpp/UnityILPP.PostProcessing/ConfigurePostProcessors - 200 - application/grpc 2.1991ms
Asset Pipeline Refresh (id=8d79a1ece44323c4f870e20e98bc7bfe): Total: 0.015 seconds - Initiated by RefreshV2(NoUpdateAssetOptions)
Asset Pipeline Refresh (id=01fa7fb3680098f4a9b84e288633416e): Total: 0.006 seconds - Initiated by RefreshV2(NoUpdateAssetOptions)
ExitCode: 3 Duration: 0s691ms
[730/927    0s] ILPP-Configuration Library/ilpp-configuration.nevergeneratedoutput
[923/927    0s] Csc Library/Bee/artifacts/1900b0aE.dag/Assembly-CSharp.dll (+2 others)
##### CommandLine
"C:\Program Files\Unity\Hub\Editor\6000.5.9f1\Editor\Data\DotNetSdk\dotnet.exe" exec "C:/Program Files/Unity/Hub/Editor/6000.5.9f1/Editor/Data/DotNetSdk/sdk/8.0.318/Roslyn/bincore/csc.dll" /nostdlib /noconfig /shared "@Library/Bee/artifacts/1900b0aE.dag/Assembly-CSharp.rsp" "@Library/Bee/artifacts/1900b0aE.dag/Assembly-CSharp.rsp2"
##### Contents of Library\Bee\artifacts\1900b0aE.dag\Assembly-CSharp.rsp
-target:library
-out:"Library/Bee/artifacts/1900b0aE.dag/Assembly-CSharp.dll"
-refout:"Library/Bee/artifacts/1900b0aE.dag/Assembly-CSharp.ref.dll"
-define:UNITY_6000_5_9
-define:UNITY_6000_5
-define:UNITY_6000
-define:UNITY_5_3_OR_NEWER
-define:UNITY_5_4_OR_NEWER
-define:UNITY_5_5_OR_NEWER
-define:UNITY_5_6_OR_NEWER
-define:UNITY_2017_1_OR_NEWER
-define:UNITY_2017_2_OR_NEWER
-define:UNITY_2017_3_OR_NEWER
-define:UNITY_2017_4_OR_NEWER
-define:UNITY_2018_1_OR_NEWER
-define:UNITY_2018_2_OR_NEWER
-define:UNITY_2018_3_OR_NEWER
-define:UNITY_2018_4_OR_NEWER
-define:UNITY_2019_1_OR_NEWER
-define:UNITY_2019_2_OR_NEWER
-define:UNITY_2019_3_OR_NEWER
-define:UNITY_2019_4_OR_NEWER
-define:UNITY_2020_1_OR_NEWER
-define:UNITY_2020_2_OR_NEWER
-define:UNITY_2020_3_OR_NEWER
-define:UNITY_2021_1_OR_NEWER
-define:UNITY_2021_2_OR_NEWER
-define:UNITY_2021_3_OR_NEWER
-define:UNITY_2022_1_OR_NEWER
-define:UNITY_2022_2_OR_NEWER
-define:UNITY_2022_3_OR_NEWER
-define:UNITY_2023_1_OR_NEWER
-define:UNITY_2023_2_OR_NEWER
-define:UNITY_2023_3_OR_NEWER
-define:UNITY_6000_0_OR_NEWER
-define:UNITY_6000_1_OR_NEWER
-define:UNITY_6000_2_OR_NEWER
-define:UNITY_6000_3_OR_NEWER
-define:UNITY_6000_4_OR_NEWER
-define:UNITY_6000_5_OR_NEWER
-define:PLATFORM_ARCH_64
-define:UNITY_64
-define:UNITY_INCLUDE_TESTS
-define:ENABLE_AR
-define:ENABLE_AUDIO
-define:ENABLE_AUDIO_SCRIPTABLE_PIPELINE
-define:ENABLE_CACHING
-define:ENABLE_CLOTH
-define:ENABLE_EVENT_QUEUE
-define:ENABLE_MICROPHONE
-define:ENABLE_MULTIPLE_DISPLAYS
-define:ENABLE_PHYSICS
-define:ENABLE_TEXTURE_STREAMING
-define:ENABLE_VIRTUALTEXTURING
-define:ENABLE_LZMA
-define:ENABLE_UNITYEVENTS
-define:ENABLE_VR
-define:ENABLE_WEBCAM
-define:ENABLE_UNITYWEBREQUEST
-define:ENABLE_WWW
-define:ENABLE_CLOUD_SERVICES
-define:ENABLE_CLOUD_SERVICES_ADS
-define:ENABLE_CLOUD_SERVICES_USE_WEBREQUEST
-define:ENABLE_UNITY_CONSENT
-define:ENABLE_UNITY_CLOUD_IDENTIFIERS
-define:ENABLE_CLOUD_SERVICES_CRASH_REPORTING
-define:ENABLE_CLOUD_SERVICES_NATIVE_CRASH_REPORTING
-define:ENABLE_CLOUD_SERVICES_PURCHASING
-define:ENABLE_CLOUD_SERVICES_ANALYTICS
-define:ENABLE_CLOUD_SERVICES_BUILD
-define:ENABLE_EDITOR_GAME_SERVICES
-define:ENABLE_UNITY_GAME_SERVICES_ANALYTICS_SUPPORT
-define:ENABLE_CLOUD_LICENSE
-define:ENABLE_EDITOR_HUB_LICENSE
-define:ENABLE_WEBSOCKET_CLIENT
-define:ENABLE_GENERATE_NATIVE_PLUGINS_FOR_ASSEMBLIES_API
-define:ENABLE_DIRECTOR_AUDIO
-define:ENABLE_DIRECTOR_TEXTURE
-define:ENABLE_MANAGED_JOBS
-define:ENABLE_MANAGED_TRANSFORM_JOBS
-define:ENABLE_MANAGED_ANIMATION_JOBS
-define:ENABLE_MANAGED_AUDIO_JOBS
-define:ENABLE_MANAGED_UNITYTLS
-define:INCLUDE_DYNAMIC_GI
-define:ENABLE_SCRIPTING_GC_WBARRIERS
-define:PLATFORM_SUPPORTS_MONO
-define:RENDER_SOFTWARE_CURSOR
-define:ENABLE_MARSHALLING_TESTS
-define:ENABLE_VIDEO
-define:ENABLE_NAVIGATION_OFFMESHLINK_TO_NAVMESHLINK
-define:ENABLE_ACCELERATOR_CLIENT_DEBUGGING
-define:ENABLE_ACCESSIBILITY_SCREEN_READER
-define:TEXTCORE_1_0_OR_NEWER
-define:EDITOR_ONLY_NAVMESH_BUILDER_DEPRECATED
-define:PLATFORM_STANDALONE_WIN
-define:PLATFORM_STANDALONE
-define:UNITY_STANDALONE_WIN
-define:UNITY_STANDALONE
-define:ENABLE_RUNTIME_GI
-define:ENABLE_MOVIES
-define:ENABLE_NETWORK
-define:ENABLE_NVIDIA
-define:ENABLE_AMD
-define:ENABLE_CRUNCH_TEXTURE_COMPRESSION
-define:ENABLE_CLOUD_SERVICES_ENGINE_DIAGNOSTICS
-define:ENABLE_OUT_OF_PROCESS_CRASH_HANDLER
-define:ENABLE_CLUSTER_SYNC
-define:ENABLE_CLUSTERINPUT
-define:PLATFORM_UPDATES_TIME_OUTSIDE_OF_PLAYER_LOOP
-define:GFXDEVICE_WAITFOREVENT_MESSAGEPUMP
-define:PLATFORM_USES_EXPLICIT_MEMORY_MANAGER_INITIALIZER
-define:PLATFORM_SUPPORTS_WAIT_FOR_PRESENTATION
-define:PLATFORM_SUPPORTS_SPLIT_GRAPHICS_JOBS
-define:PLATFORM_USES_VULKAN_OLD_SWAPCHAIN
-define:USE_READ_ASYNC_MANAGED_API
-define:ENABLE_MONO
-define:NET_STANDARD_2_0
-define:NET_STANDARD
-define:NET_STANDARD_2_1
-define:NETSTANDARD
-define:NETSTANDARD2_1
-define:ENABLE_PROFILER
-define:DEBUG
-define:TRACE
-define:UNITY_ASSERTIONS
-define:UNITY_EDITOR
-define:UNITY_EDITOR_64
-define:UNITY_EDITOR_WIN
-define:ENABLE_UNITY_COLLECTIONS_CHECKS
-define:ENABLE_BURST_AOT
-define:UNITY_TEAM_LICENSE
-define:ENABLE_CUSTOM_RENDER_TEXTURE
-define:ENABLE_DIRECTOR
-define:ENABLE_LOCALIZATION
-define:ENABLE_SPRITES
-define:ENABLE_TERRAIN
-define:ENABLE_TILEMAP
-define:ENABLE_TIMELINE
-define:ENABLE_INPUT_SYSTEM
-define:TEXTCORE_FONT_ENGINE_1_5_OR_NEWER
-define:TEXTCORE_TEXT_ENGINE_1_5_OR_NEWER
-define:TEXTCORE_FONT_ENGINE_1_6_OR_NEWER
-define:CSHARP_7_OR_LATER
-define:CSHARP_7_3_OR_NEWER
-r:"C:/Program Files/Unity/Hub/Editor/6000.5.9f1/Editor/Data/BCLExtensions/TargetingPacks/netstandard2.1/ref/Microsoft.Bcl.AsyncInterfaces.dll"
-r:"C:/Program Files/Unity/Hub/Editor/6000.5.9f1/Editor/Data/BCLExtensions/TargetingPacks/netstandard2.1/ref/Microsoft.Extensions.DependencyInjection.Abstractions.dll"
-r:"C:/Program Files/Unity/Hub/Editor/6000.5.9f1/Editor/Data/BCLExtensions/TargetingPacks/netstandard2.1/ref/Microsoft.Extensions.Logging.Abstractions.dll"
-r:"C:/Program Files/Unity/Hub/Editor/6000.5.9f1/Editor/Data/BCLExtensions/TargetingPacks/netstandard2.1/ref/System.Collections.Immutable.dll"
-r:"C:/Program Files/Unity/Hub/Editor/6000.5.9f1/Editor/Data/BCLExtensions/TargetingPacks/netstandard2.1/ref/System.Diagnostics.DiagnosticSource.dll"
-r:"C:/Program Files/Unity/Hub/Editor/6000.5.9f1/Editor/Data/BCLExtensions/TargetingPacks/netstandard2.1/ref/System.IO.Hashing.dll"
-r:"C:/Program Files/Unity/Hub/Editor/6000.5.9f1/Editor/Data/BCLExtensions/TargetingPacks/netstandard2.1/ref/System.Reflection.Metadata.dll"
-r:"C:/Program Files/Unity/Hub/Editor/6000.5.9f1/Editor/Data/BCLExtensions/TargetingPacks/netstandard2.1/ref/System.Runtime.CompilerServices.Unsafe.dll"
-r:"C:/Program Files/Unity/Hub/Editor/6000.5.9f1/Editor/Data/BCLExtensions/TargetingPacks/netstandard2.1/ref/System.Text.Encodings.Web.dll"
-r:"C:/Program Files/Unity/Hub/Editor/6000.5.9f1/Editor/Data/BCLExtensions/TargetingPacks/netstandard2.1/ref/System.Text.Json.dll"
-r:"C:/Program Files/Unity/Hub/Editor/6000.5.9f1/Editor/Data/Managed/UnityEngine/Unity.Scripting.dll"
-r:"C:/Program Files/Unity/Hub/Editor/6000.5.9f1/Editor/Data/Managed/UnityEngine/UnityEditor.AIModule.dll"
-r:"C:/Program Files/Unity/Hub/Editor/6000.5.9f1/Editor/Data/Managed/UnityEngine/UnityEditor.AccessibilityModule.dll"
-r:"C:/Program Files/Unity/Hub/Editor/6000.5.9f1/Editor/Data/Managed/UnityEngine/UnityEditor.AdaptivePerformanceModule.dll"
-r:"C:/Program Files/Unity/Hub/Editor/6000.5.9f1/Editor/Data/Managed/UnityEngine/UnityEditor.AssetComplianceModule.dll"
-r:"C:/Program Files/Unity/Hub/Editor/6000.5.9f1/Editor/Data/Managed/UnityEngine/UnityEditor.BuildProfileModule.dll"
-r:"C:/Program Files/Unity/Hub/Editor/6000.5.9f1/Editor/Data/Managed/UnityEngine/UnityEditor.ClothModule.dll"
-r:"C:/Program Files/Unity/Hub/Editor/6000.5.9f1/Editor/Data/Managed/UnityEngine/UnityEditor.ContentLoadModule.dll"
-r:"C:/Program Files/Unity/Hub/Editor/6000.5.9f1/Editor/Data/Managed/UnityEngine/UnityEditor.CoreBusinessMetricsModule.dll"
-r:"C:/Program Files/Unity/Hub/Editor/6000.5.9f1/Editor/Data/Managed/UnityEngine/UnityEditor.CoreModule.dll"
-r:"C:/Program Files/Unity/Hub/Editor/6000.5.9f1/Editor/Data/Managed/UnityEngine/UnityEditor.DeviceSimulatorModule.dll"
-r:"C:/Program Files/Unity/Hub/Editor/6000.5.9f1/Editor/Data/Managed/UnityEngine/UnityEditor.DiagnosticsModule.dll"
-r:"C:/Program Files/Unity/Hub/Editor/6000.5.9f1/Editor/Data/Managed/UnityEngine/UnityEditor.EditorToolbarModule.dll"
-r:"C:/Program Files/Unity/Hub/Editor/6000.5.9f1/Editor/Data/Managed/UnityEngine/UnityEditor.EmbreeModule.dll"
-r:"C:/Program Files/Unity/Hub/Editor/6000.5.9f1/Editor/Data/Managed/UnityEngine/UnityEditor.GIModule.dll"
-r:"C:/Program Files/Unity/Hub/Editor/6000.5.9f1/Editor/Data/Managed/UnityEngine/UnityEditor.GenericRemoteModule.dll"
-r:"C:/Program Files/Unity/Hub/Editor/6000.5.9f1/Editor/Data/Managed/UnityEngine/UnityEditor.GraphToolkitModule.dll"
-r:"C:/Program Files/Unity/Hub/Editor/6000.5.9f1/Editor/Data/Managed/UnityEngine/UnityEditor.GraphViewModule.dll"
-r:"C:/Program Files/Unity/Hub/Editor/6000.5.9f1/Editor/Data/Managed/UnityEngine/UnityEditor.GraphicsStateCollectionSerializerModule.dll"
-r:"C:/Program Files/Unity/Hub/Editor/6000.5.9f1/Editor/Data/Managed/UnityEngine/UnityEditor.GridAndSnapModule.dll"
-r:"C:/Program Files/Unity/Hub/Editor/6000.5.9f1/Editor/Data/Managed/UnityEngine/UnityEditor.GridModule.dll"
-r:"C:/Program Files/Unity/Hub/Editor/6000.5.9f1/Editor/Data/Managed/UnityEngine/UnityEditor.HierarchyModule.dll"
-r:"C:/Program Files/Unity/Hub/Editor/6000.5.9f1/Editor/Data/Managed/UnityEngine/UnityEditor.LightingModule.dll"
-r:"C:/Program Files/Unity/Hub/Editor/6000.5.9f1/Editor/Data/Managed/UnityEngine/UnityEditor.MathematicsModule.dll"
-r:"C:/Program Files/Unity/Hub/Editor/6000.5.9f1/Editor/Data/Managed/UnityEngine/UnityEditor.MediaModule.dll"
-r:"C:/Program Files/Unity/Hub/Editor/6000.5.9f1/Editor/Data/Managed/UnityEngine/UnityEditor.MultiplayerModule.dll"
-r:"C:/Program Files/Unity/Hub/Editor/6000.5.9f1/Editor/Data/Managed/UnityEngine/UnityEditor.Physics2DModule.dll"
-r:"C:/Program Files/Unity/Hub/Editor/6000.5.9f1/Editor/Data/Managed/UnityEngine/UnityEditor.PhysicsCore2DModule.dll"
-r:"C:/Program Files/Unity/Hub/Editor/6000.5.9f1/Editor/Data/Managed/UnityEngine/UnityEditor.PhysicsModule.dll"
-r:"C:/Program Files/Unity/Hub/Editor/6000.5.9f1/Editor/Data/Managed/UnityEngine/UnityEditor.PlayModeModule.dll"
-r:"C:/Program Files/Unity/Hub/Editor/6000.5.9f1/Editor/Data/Managed/UnityEngine/UnityEditor.PresetsUIModule.dll"
-r:"C:/Program Files/Unity/Hub/Editor/6000.5.9f1/Editor/Data/Managed/UnityEngine/UnityEditor.ProjectAuditorModule.dll"
-r:"C:/Program Files/Unity/Hub/Editor/6000.5.9f1/Editor/Data/Managed/UnityEngine/UnityEditor.PropertiesModule.dll"
-r:"C:/Program Files/Unity/Hub/Editor/6000.5.9f1/Editor/Data/Managed/UnityEngine/UnityEditor.QuickInstallModule.dll"
-r:"C:/Program Files/Unity/Hub/Editor/6000.5.9f1/Editor/Data/Managed/UnityEngine/UnityEditor.QuickSearchModule.dll"
-r:"C:/Program Files/Unity/Hub/Editor/6000.5.9f1/Editor/Data/Managed/UnityEngine/UnityEditor.SafeModeModule.dll"
-r:"C:/Program Files/Unity/Hub/Editor/6000.5.9f1/Editor/Data/Managed/UnityEngine/UnityEditor.SceneTemplateModule.dll"
-r:"C:/Program Files/Unity/Hub/Editor/6000.5.9f1/Editor/Data/Managed/UnityEngine/UnityEditor.SceneViewModule.dll"
-r:"C:/Program Files/Unity/Hub/Editor/6000.5.9f1/Editor/Data/Managed/UnityEngine/UnityEditor.ShaderBuildSettingsModule.dll"
-r:"C:/Program Files/Unity/Hub/Editor/6000.5.9f1/Editor/Data/Managed/UnityEngine/UnityEditor.ShaderCompilationModule.dll"
-r:"C:/Program Files/Unity/Hub/Editor/6000.5.9f1/Editor/Data/Managed/UnityEngine/UnityEditor.ShaderFoundryModule.dll"
-r:"C:/Program Files/Unity/Hub/Editor/6000.5.9f1/Editor/Data/Managed/UnityEngine/UnityEditor.SketchUpModule.dll"
-r:"C:/Program Files/Unity/Hub/Editor/6000.5.9f1/Editor/Data/Managed/UnityEngine/UnityEditor.SpriteMaskModule.dll"
-r:"C:/Program Files/Unity/Hub/Editor/6000.5.9f1/Editor/Data/Managed/UnityEngine/UnityEditor.SpriteShapeModule.dll"
-r:"C:/Program Files/Unity/Hub/Editor/6000.5.9f1/Editor/Data/Managed/UnityEngine/UnityEditor.SubstanceModule.dll"
-r:"C:/Program Files/Unity/Hub/Editor/6000.5.9f1/Editor/Data/Managed/UnityEngine/UnityEditor.TerrainModule.dll"
-r:"C:/Program Files/Unity/Hub/Editor/6000.5.9f1/Editor/Data/Managed/UnityEngine/UnityEditor.TextCoreFontEngineModule.dll"
-r:"C:/Program Files/Unity/Hub/Editor/6000.5.9f1/Editor/Data/Managed/UnityEngine/UnityEditor.TextCoreTextEngineModule.dll"
-r:"C:/Program Files/Unity/Hub/Editor/6000.5.9f1/Editor/Data/Managed/UnityEngine/UnityEditor.TextRenderingModule.dll"
-r:"C:/Program Files/Unity/Hub/Editor/6000.5.9f1/Editor/Data/Managed/UnityEngine/UnityEditor.TilemapModule.dll"
-r:"C:/Program Files/Unity/Hub/Editor/6000.5.9f1/Editor/Data/Managed/UnityEngine/UnityEditor.TreeModule.dll"
-r:"C:/Program Files/Unity/Hub/Editor/6000.5.9f1/Editor/Data/Managed/UnityEngine/UnityEditor.U2DModule.dll"
-r:"C:/Program Files/Unity/Hub/Editor/6000.5.9f1/Editor/Data/Managed/UnityEngine/UnityEditor.UIAutomationModule.dll"
-r:"C:/Program Files/Unity/Hub/Editor/6000.5.9f1/Editor/Data/Managed/UnityEngine/UnityEditor.UIBuilderModule.dll"
-r:"C:/Program Files/Unity/Hub/Editor/6000.5.9f1/Editor/Data/Managed/UnityEngine/UnityEditor.UIElementsModule.dll"
-r:"C:/Program Files/Unity/Hub/Editor/6000.5.9f1/Editor/Data/Managed/UnityEngine/UnityEditor.UIElementsSamplesModule.dll"
-r:"C:/Program Files/Unity/Hub/Editor/6000.5.9f1/Editor/Data/Managed/UnityEngine/UnityEditor.UIToolkitAuthoringModule.dll"
-r:"C:/Program Files/Unity/Hub/Editor/6000.5.9f1/Editor/Data/Managed/UnityEngine/UnityEditor.UmbraModule.dll"
-r:"C:/Program Files/Unity/Hub/Editor/6000.5.9f1/Editor/Data/Managed/UnityEngine/UnityEditor.UnityConnectModule.dll"
-r:"C:/Program Files/Unity/Hub/Editor/6000.5.9f1/Editor/Data/Managed/UnityEngine/UnityEditor.VFXModule.dll"
-r:"C:/Program Files/Unity/Hub/Editor/6000.5.9f1/Editor/Data/Managed/UnityEngine/UnityEditor.VectorGraphicsModule.dll"
-r:"C:/Program Files/Unity/Hub/Editor/6000.5.9f1/Editor/Data/Managed/UnityEngine/UnityEditor.VideoModule.dll"
-r:"C:/Program Files/Unity/Hub/Editor/6000.5.9f1/Editor/Data/Managed/UnityEngine/UnityEditor.XRModule.dll"
-r:"C:/Program Files/Unity/Hub/Editor/6000.5.9f1/Editor/Data/Managed/UnityEngine/UnityEditor.dll"
-r:"C:/Program Files/Unity/Hub/Editor/6000.5.9f1/Editor/Data/Managed/UnityEngine/UnityEngine.AIModule.dll"
-r:"C:/Program Files/Unity/Hub/Editor/6000.5.9f1/Editor/Data/Managed/UnityEngine/UnityEngine.ARModule.dll"
-r:"C:/Program Files/Unity/Hub/Editor/6000.5.9f1/Editor/Data/Managed/UnityEngine/UnityEngine.AccessibilityModule.dll"
-r:"C:/Program Files/Unity/Hub/Editor/6000.5.9f1/Editor/Data/Managed/UnityEngine/UnityEngine.AdaptivePerformanceModule.dll"
-r:"C:/Program Files/Unity/Hub/Editor/6000.5.9f1/Editor/Data/Managed/UnityEngine/UnityEngine.AndroidJNIModule.dll"
-r:"C:/Program Files/Unity/Hub/Editor/6000.5.9f1/Editor/Data/Managed/UnityEngine/UnityEngine.AnimationModule.dll"
-r:"C:/Program Files/Unity/Hub/Editor/6000.5.9f1/Editor/Data/Managed/UnityEngine/UnityEngine.AssetBundleModule.dll"
-r:"C:/Program Files/Unity/Hub/Editor/6000.5.9f1/Editor/Data/Managed/UnityEngine/UnityEngine.AudioModule.dll"
-r:"C:/Program Files/Unity/Hub/Editor/6000.5.9f1/Editor/Data/Managed/UnityEngine/UnityEngine.ClothModule.dll"
-r:"C:/Program Files/Unity/Hub/Editor/6000.5.9f1/Editor/Data/Managed/UnityEngine/UnityEngine.ClusterInputModule.dll"
-r:"C:/Program Files/Unity/Hub/Editor/6000.5.9f1/Editor/Data/Managed/UnityEngine/UnityEngine.ClusterRendererModule.dll"
-r:"C:/Program Files/Unity/Hub/Editor/6000.5.9f1/Editor/Data/Managed/UnityEngine/UnityEngine.ContentLoadModule.dll"
-r:"C:/Program Files/Unity/Hub/Editor/6000.5.9f1/Editor/Data/Managed/UnityEngine/UnityEngine.CoreModule.dll"
-r:"C:/Program Files/Unity/Hub/Editor/6000.5.9f1/Editor/Data/Managed/UnityEngine/UnityEngine.CrashReportingModule.dll"
-r:"C:/Program Files/Unity/Hub/Editor/6000.5.9f1/Editor/Data/Managed/UnityEngine/UnityEngine.DSPGraphModule.dll"
-r:"C:/Program Files/Unity/Hub/Editor/6000.5.9f1/Editor/Data/Managed/UnityEngine/UnityEngine.DirectorModule.dll"
-r:"C:/Program Files/Unity/Hub/Editor/6000.5.9f1/Editor/Data/Managed/UnityEngine/UnityEngine.GIModule.dll"
-r:"C:/Program Files/Unity/Hub/Editor/6000.5.9f1/Editor/Data/Managed/UnityEngine/UnityEngine.GameCenterModule.dll"
-r:"C:/Program Files/Unity/Hub/Editor/6000.5.9f1/Editor/Data/Managed/UnityEngine/UnityEngine.GraphicsStateCollectionSerializerModule.dll"
-r:"C:/Program Files/Unity/Hub/Editor/6000.5.9f1/Editor/Data/Managed/UnityEngine/UnityEngine.GridModule.dll"
-r:"C:/Program Files/Unity/Hub/Editor/6000.5.9f1/Editor/Data/Managed/UnityEngine/UnityEngine.HierarchyCoreModule.dll"
-r:"C:/Program Files/Unity/Hub/Editor/6000.5.9f1/Editor/Data/Managed/UnityEngine/UnityEngine.HotReloadModule.dll"
-r:"C:/Program Files/Unity/Hub/Editor/6000.5.9f1/Editor/Data/Managed/UnityEngine/UnityEngine.IMGUIModule.dll"
-r:"C:/Program Files/Unity/Hub/Editor/6000.5.9f1/Editor/Data/Managed/UnityEngine/UnityEngine.IdentifiersModule.dll"
-r:"C:/Program Files/Unity/Hub/Editor/6000.5.9f1/Editor/Data/Managed/UnityEngine/UnityEngine.ImageConversionModule.dll"
-r:"C:/Program Files/Unity/Hub/Editor/6000.5.9f1/Editor/Data/Managed/UnityEngine/UnityEngine.InputForUIModule.dll"
-r:"C:/Program Files/Unity/Hub/Editor/6000.5.9f1/Editor/Data/Managed/UnityEngine/UnityEngine.InputLegacyModule.dll"
-r:"C:/Program Files/Unity/Hub/Editor/6000.5.9f1/Editor/Data/Managed/UnityEngine/UnityEngine.InputModule.dll"
-r:"C:/Program Files/Unity/Hub/Editor/6000.5.9f1/Editor/Data/Managed/UnityEngine/UnityEngine.InsightsModule.dll"
-r:"C:/Program Files/Unity/Hub/Editor/6000.5.9f1/Editor/Data/Managed/UnityEngine/UnityEngine.JSONSerializeModule.dll"
-r:"C:/Program Files/Unity/Hub/Editor/6000.5.9f1/Editor/Data/Managed/UnityEngine/UnityEngine.LocalizationModule.dll"
-r:"C:/Program Files/Unity/Hub/Editor/6000.5.9f1/Editor/Data/Managed/UnityEngine/UnityEngine.MarshallingModule.dll"
-r:"C:/Program Files/Unity/Hub/Editor/6000.5.9f1/Editor/Data/Managed/UnityEngine/UnityEngine.MathematicsModule.dll"
-r:"C:/Program Files/Unity/Hub/Editor/6000.5.9f1/Editor/Data/Managed/UnityEngine/UnityEngine.MultiplayerModule.dll"
-r:"C:/Program Files/Unity/Hub/Editor/6000.5.9f1/Editor/Data/Managed/UnityEngine/UnityEngine.ParticleSystemModule.dll"
-r:"C:/Program Files/Unity/Hub/Editor/6000.5.9f1/Editor/Data/Managed/UnityEngine/UnityEngine.PerformanceReportingModule.dll"
-r:"C:/Program Files/Unity/Hub/Editor/6000.5.9f1/Editor/Data/Managed/UnityEngine/UnityEngine.Physics2DModule.dll"
-r:"C:/Program Files/Unity/Hub/Editor/6000.5.9f1/Editor/Data/Managed/UnityEngine/UnityEngine.PhysicsBackendPhysXModule.dll"
-r:"C:/Program Files/Unity/Hub/Editor/6000.5.9f1/Editor/Data/Managed/UnityEngine/UnityEngine.PhysicsCore2DModule.dll"
-r:"C:/Program Files/Unity/Hub/Editor/6000.5.9f1/Editor/Data/Managed/UnityEngine/UnityEngine.PhysicsModule.dll"
-r:"C:/Program Files/Unity/Hub/Editor/6000.5.9f1/Editor/Data/Managed/UnityEngine/UnityEngine.PropertiesModule.dll"
-r:"C:/Program Files/Unity/Hub/Editor/6000.5.9f1/Editor/Data/Managed/UnityEngine/UnityEngine.RenderAs2DModule.dll"
-r:"C:/Program Files/Unity/Hub/Editor/6000.5.9f1/Editor/Data/Managed/UnityEngine/UnityEngine.RuntimeInitializeOnLoadManagerInitializerModule.dll"
-r:"C:/Program Files/Unity/Hub/Editor/6000.5.9f1/Editor/Data/Managed/UnityEngine/UnityEngine.ScreenCaptureModule.dll"
-r:"C:/Program Files/Unity/Hub/Editor/6000.5.9f1/Editor/Data/Managed/UnityEngine/UnityEngine.ScriptingModule.dll"
-r:"C:/Program Files/Unity/Hub/Editor/6000.5.9f1/Editor/Data/Managed/UnityEngine/UnityEngine.ShaderVariantAnalyticsModule.dll"
-r:"C:/Program Files/Unity/Hub/Editor/6000.5.9f1/Editor/Data/Managed/UnityEngine/UnityEngine.SharedInternalsModule.dll"
-r:"C:/Program Files/Unity/Hub/Editor/6000.5.9f1/Editor/Data/Managed/UnityEngine/UnityEngine.SpriteMaskModule.dll"
-r:"C:/Program Files/Unity/Hub/Editor/6000.5.9f1/Editor/Data/Managed/UnityEngine/UnityEngine.SpriteShapeModule.dll"
-r:"C:/Program Files/Unity/Hub/Editor/6000.5.9f1/Editor/Data/Managed/UnityEngine/UnityEngine.StreamingModule.dll"
-r:"C:/Program Files/Unity/Hub/Editor/6000.5.9f1/Editor/Data/Managed/UnityEngine/UnityEngine.SubstanceModule.dll"
-r:"C:/Program Files/Unity/Hub/Editor/6000.5.9f1/Editor/Data/Managed/UnityEngine/UnityEngine.SubsystemsModule.dll"
-r:"C:/Program Files/Unity/Hub/Editor/6000.5.9f1/Editor/Data/Managed/UnityEngine/UnityEngine.TLSModule.dll"
-r:"C:/Program Files/Unity/Hub/Editor/6000.5.9f1/Editor/Data/Managed/UnityEngine/UnityEngine.TerrainModule.dll"
-r:"C:/Program Files/Unity/Hub/Editor/6000.5.9f1/Editor/Data/Managed/UnityEngine/UnityEngine.TerrainPhysicsModule.dll"
-r:"C:/Program Files/Unity/Hub/Editor/6000.5.9f1/Editor/Data/Managed/UnityEngine/UnityEngine.TextCoreFontEngineModule.dll"
-r:"C:/Program Files/Unity/Hub/Editor/6000.5.9f1/Editor/Data/Managed/UnityEngine/UnityEngine.TextCoreTextEngineModule.dll"
-r:"C:/Program Files/Unity/Hub/Editor/6000.5.9f1/Editor/Data/Managed/UnityEngine/UnityEngine.TextRenderingModule.dll"
-r:"C:/Program Files/Unity/Hub/Editor/6000.5.9f1/Editor/Data/Managed/UnityEngine/UnityEngine.TilemapModule.dll"
-r:"C:/Program Files/Unity/Hub/Editor/6000.5.9f1/Editor/Data/Managed/UnityEngine/UnityEngine.U2DRuntimeModule.dll"
-r:"C:/Program Files/Unity/Hub/Editor/6000.5.9f1/Editor/Data/Managed/UnityEngine/UnityEngine.UIElementsModule.dll"
-r:"C:/Program Files/Unity/Hub/Editor/6000.5.9f1/Editor/Data/Managed/UnityEngine/UnityEngine.UIModule.dll"
-r:"C:/Program Files/Unity/Hub/Editor/6000.5.9f1/Editor/Data/Managed/UnityEngine/UnityEngine.UmbraModule.dll"
-r:"C:/Program Files/Unity/Hub/Editor/6000.5.9f1/Editor/Data/Managed/UnityEngine/UnityEngine.UnityAnalyticsCommonModule.dll"
-r:"C:/Program Files/Unity/Hub/Editor/6000.5.9f1/Editor/Data/Managed/UnityEngine/UnityEngine.UnityAnalyticsModule.dll"
-r:"C:/Program Files/Unity/Hub/Editor/6000.5.9f1/Editor/Data/Managed/UnityEngine/UnityEngine.UnityConnectModule.dll"
-r:"C:/Program Files/Unity/Hub/Editor/6000.5.9f1/Editor/Data/Managed/UnityEngine/UnityEngine.UnityConsentModule.dll"
-r:"C:/Program Files/Unity/Hub/Editor/6000.5.9f1/Editor/Data/Managed/UnityEngine/UnityEngine.UnityCurlModule.dll"
-r:"C:/Program Files/Unity/Hub/Editor/6000.5.9f1/Editor/Data/Managed/UnityEngine/UnityEngine.UnityWebRequestAssetBundleModule.dll"
-r:"C:/Program Files/Unity/Hub/Editor/6000.5.9f1/Editor/Data/Managed/UnityEngine/UnityEngine.UnityWebRequestAudioModule.dll"
-r:"C:/Program Files/Unity/Hub/Editor/6000.5.9f1/Editor/Data/Managed/UnityEngine/UnityEngine.UnityWebRequestModule.dll"
-r:"C:/Program Files/Unity/Hub/Editor/6000.5.9f1/Editor/Data/Managed/UnityEngine/UnityEngine.UnityWebRequestTextureModule.dll"
-r:"C:/Program Files/Unity/Hub/Editor/6000.5.9f1/Editor/Data/Managed/UnityEngine/UnityEngine.UnityWebRequestWWWModule.dll"
-r:"C:/Program Files/Unity/Hub/Editor/6000.5.9f1/Editor/Data/Managed/UnityEngine/UnityEngine.VFXModule.dll"
-r:"C:/Program Files/Unity/Hub/Editor/6000.5.9f1/Editor/Data/Managed/UnityEngine/UnityEngine.VectorGraphicsModule.dll"
-r:"C:/Program Files/Unity/Hub/Editor/6000.5.9f1/Editor/Data/Managed/UnityEngine/UnityEngine.VehiclesModule.dll"
-r:"C:/Program Files/Unity/Hub/Editor/6000.5.9f1/Editor/Data/Managed/UnityEngine/UnityEngine.VideoModule.dll"
-r:"C:/Program Files/Unity/Hub/Editor/6000.5.9f1/Editor/Data/Managed/UnityEngine/UnityEngine.VirtualTexturingModule.dll"
-r:"C:/Program Files/Unity/Hub/Editor/6000.5.9f1/Editor/Data/Managed/UnityEngine/UnityEngine.WindModule.dll"
-r:"C:/Program Files/Unity/Hub/Editor/6000.5.9f1/Editor/Data/Managed/UnityEngine/UnityEngine.XRModule.dll"
-r:"C:/Program Files/Unity/Hub/Editor/6000.5.9f1/Editor/Data/Managed/UnityEngine/UnityEngine.dll"
-r:"C:/Program Files/Unity/Hub/Editor/6000.5.9f1/Editor/Data/NetStandard/Extensions/2.0.0/System.Runtime.InteropServices.WindowsRuntime.dll"
-r:"C:/Program Files/Unity/Hub/Editor/6000.5.9f1/Editor/Data/NetStandard/compat/2.1.0/shims/netfx/System.ComponentModel.Composition.dll"
-r:"C:/Program Files/Unity/Hub/Editor/6000.5.9f1/Editor/Data/NetStandard/compat/2.1.0/shims/netfx/System.Core.dll"
-r:"C:/Program Files/Unity/Hub/Editor/6000.5.9f1/Editor/Data/NetStandard/compat/2.1.0/shims/netfx/System.Data.dll"
-r:"C:/Program Files/Unity/Hub/Editor/6000.5.9f1/Editor/Data/NetStandard/compat/2.1.0/shims/netfx/System.Drawing.dll"
-r:"C:/Program Files/Unity/Hub/Editor/6000.5.9f1/Editor/Data/NetStandard/compat/2.1.0/shims/netfx/System.IO.Compression.FileSystem.dll"
-r:"C:/Program Files/Unity/Hub/Editor/6000.5.9f1/Editor/Data/NetStandard/compat/2.1.0/shims/netfx/System.Net.dll"
-r:"C:/Program Files/Unity/Hub/Editor/6000.5.9f1/Editor/Data/NetStandard/compat/2.1.0/shims/netfx/System.Numerics.dll"
-r:"C:/Program Files/Unity/Hub/Editor/6000.5.9f1/Editor/Data/NetStandard/compat/2.1.0/shims/netfx/System.Runtime.Serialization.dll"
-r:"C:/Program Files/Unity/Hub/Editor/6000.5.9f1/Editor/Data/NetStandard/compat/2.1.0/shims/netfx/System.ServiceModel.Web.dll"
-r:"C:/Program Files/Unity/Hub/Editor/6000.5.9f1/Editor/Data/NetStandard/compat/2.1.0/shims/netfx/System.Transactions.dll"
-r:"C:/Program Files/Unity/Hub/Editor/6000.5.9f1/Editor/Data/NetStandard/compat/2.1.0/shims/netfx/System.Web.dll"
-r:"C:/Program Files/Unity/Hub/Editor/6000.5.9f1/Editor/Data/NetStandard/compat/2.1.0/shims/netfx/System.Windows.dll"
-r:"C:/Program Files/Unity/Hub/Editor/6000.5.9f1/Editor/Data/NetStandard/compat/2.1.0/shims/netfx/System.Xml.Linq.dll"
-r:"C:/Program Files/Unity/Hub/Editor/6000.5.9f1/Editor/Data/NetStandard/compat/2.1.0/shims/netfx/System.Xml.Serialization.dll"
-r:"C:/Program Files/Unity/Hub/Editor/6000.5.9f1/Editor/Data/NetStandard/compat/2.1.0/shims/netfx/System.Xml.dll"
-r:"C:/Program Files/Unity/Hub/Editor/6000.5.9f1/Editor/Data/NetStandard/compat/2.1.0/shims/netfx/System.dll"
-r:"C:/Program Files/Unity/Hub/Editor/6000.5.9f1/Editor/Data/NetStandard/compat/2.1.0/shims/netfx/mscorlib.dll"
-r:"C:/Program Files/Unity/Hub/Editor/6000.5.9f1/Editor/Data/NetStandard/compat/2.1.0/shims/netstandard/Microsoft.Win32.Primitives.dll"
-r:"C:/Program Files/Unity/Hub/Editor/6000.5.9f1/Editor/Data/NetStandard/compat/2.1.0/shims/netstandard/System.AppContext.dll"
-r:"C:/Program Files/Unity/Hub/Editor/6000.5.9f1/Editor/Data/NetStandard/compat/2.1.0/shims/netstandard/System.Buffers.dll"
-r:"C:/Program Files/Unity/Hub/Editor/6000.5.9f1/Editor/Data/NetStandard/compat/2.1.0/shims/netstandard/System.Collections.Concurrent.dll"
-r:"C:/Program Files/Unity/Hub/Editor/6000.5.9f1/Editor/Data/NetStandard/compat/2.1.0/shims/netstandard/System.Collections.NonGeneric.dll"
-r:"C:/Program Files/Unity/Hub/Editor/6000.5.9f1/Editor/Data/NetStandard/compat/2.1.0/shims/netstandard/System.Collections.Specialized.dll"
-r:"C:/Program Files/Unity/Hub/Editor/6000.5.9f1/Editor/Data/NetStandard/compat/2.1.0/shims/netstandard/System.Collections.dll"
-r:"C:/Program Files/Unity/Hub/Editor/6000.5.9f1/Editor/Data/NetStandard/compat/2.1.0/shims/netstandard/System.ComponentModel.EventBasedAsync.dll"
-r:"C:/Program Files/Unity/Hub/Editor/6000.5.9f1/Editor/Data/NetStandard/compat/2.1.0/shims/netstandard/System.ComponentModel.Primitives.dll"
-r:"C:/Program Files/Unity/Hub/Editor/6000.5.9f1/Editor/Data/NetStandard/compat/2.1.0/shims/netstandard/System.ComponentModel.TypeConverter.dll"
-r:"C:/Program Files/Unity/Hub/Editor/6000.5.9f1/Editor/Data/NetStandard/compat/2.1.0/shims/netstandard/System.ComponentModel.dll"
-r:"C:/Program Files/Unity/Hub/Editor/6000.5.9f1/Editor/Data/NetStandard/compat/2.1.0/shims/netstandard/System.Console.dll"
-r:"C:/Program Files/Unity/Hub/Editor/6000.5.9f1/Editor/Data/NetStandard/compat/2.1.0/shims/netstandard/System.Data.Common.dll"
-r:"C:/Program Files/Unity/Hub/Editor/6000.5.9f1/Editor/Data/NetStandard/compat/2.1.0/shims/netstandard/System.Diagnostics.Contracts.dll"
-r:"C:/Program Files/Unity/Hub/Editor/6000.5.9f1/Editor/Data/NetStandard/compat/2.1.0/shims/netstandard/System.Diagnostics.Debug.dll"
-r:"C:/Program Files/Unity/Hub/Editor/6000.5.9f1/Editor/Data/NetStandard/compat/2.1.0/shims/netstandard/System.Diagnostics.FileVersionInfo.dll"
-r:"C:/Program Files/Unity/Hub/Editor/6000.5.9f1/Editor/Data/NetStandard/compat/2.1.0/shims/netstandard/System.Diagnostics.Process.dll"
-r:"C:/Program Files/Unity/Hub/Editor/6000.5.9f1/Editor/Data/NetStandard/compat/2.1.0/shims/netstandard/System.Diagnostics.StackTrace.dll"
-r:"C:/Program Files/Unity/Hub/Editor/6000.5.9f1/Editor/Data/NetStandard/compat/2.1.0/shims/netstandard/System.Diagnostics.TextWriterTraceListener.dll"
-r:"C:/Program Files/Unity/Hub/Editor/6000.5.9f1/Editor/Data/NetStandard/compat/2.1.0/shims/netstandard/System.Diagnostics.Tools.dll"
-r:"C:/Program Files/Unity/Hub/Editor/6000.5.9f1/Editor/Data/NetStandard/compat/2.1.0/shims/netstandard/System.Diagnostics.TraceSource.dll"
-r:"C:/Program Files/Unity/Hub/Editor/6000.5.9f1/Editor/Data/NetStandard/compat/2.1.0/shims/netstandard/System.Diagnostics.Tracing.dll"
-r:"C:/Program Files/Unity/Hub/Editor/6000.5.9f1/Editor/Data/NetStandard/compat/2.1.0/shims/netstandard/System.Drawing.Primitives.dll"
-r:"C:/Program Files/Unity/Hub/Editor/6000.5.9f1/Editor/Data/NetStandard/compat/2.1.0/shims/netstandard/System.Dynamic.Runtime.dll"
-r:"C:/Program Files/Unity/Hub/Editor/6000.5.9f1/Editor/Data/NetStandard/compat/2.1.0/shims/netstandard/System.Globalization.Calendars.dll"
-r:"C:/Program Files/Unity/Hub/Editor/6000.5.9f1/Editor/Data/NetStandard/compat/2.1.0/shims/netstandard/System.Globalization.Extensions.dll"
-r:"C:/Program Files/Unity/Hub/Editor/6000.5.9f1/Editor/Data/NetStandard/compat/2.1.0/shims/netstandard/System.Globalization.dll"
-r:"C:/Program Files/Unity/Hub/Editor/6000.5.9f1/Editor/Data/NetStandard/compat/2.1.0/shims/netstandard/System.IO.Compression.ZipFile.dll"
-r:"C:/Program Files/Unity/Hub/Editor/6000.5.9f1/Editor/Data/NetStandard/compat/2.1.0/shims/netstandard/System.IO.Compression.dll"
-r:"C:/Program Files/Unity/Hub/Editor/6000.5.9f1/Editor/Data/NetStandard/compat/2.1.0/shims/netstandard/System.IO.FileSystem.DriveInfo.dll"
-r:"C:/Program Files/Unity/Hub/Editor/6000.5.9f1/Editor/Data/NetStandard/compat/2.1.0/shims/netstandard/System.IO.FileSystem.Primitives.dll"
-r:"C:/Program Files/Unity/Hub/Editor/6000.5.9f1/Editor/Data/NetStandard/compat/2.1.0/shims/netstandard/System.IO.FileSystem.Watcher.dll"
-r:"C:/Program Files/Unity/Hub/Editor/6000.5.9f1/Editor/Data/NetStandard/compat/2.1.0/shims/netstandard/System.IO.FileSystem.dll"
-r:"C:/Program Files/Unity/Hub/Editor/6000.5.9f1/Editor/Data/NetStandard/compat/2.1.0/shims/netstandard/System.IO.IsolatedStorage.dll"
-r:"C:/Program Files/Unity/Hub/Editor/6000.5.9f1/Editor/Data/NetStandard/compat/2.1.0/shims/netstandard/System.IO.MemoryMappedFiles.dll"
-r:"C:/Program Files/Unity/Hub/Editor/6000.5.9f1/Editor/Data/NetStandard/compat/2.1.0/shims/netstandard/System.IO.Pipes.dll"
-r:"C:/Program Files/Unity/Hub/Editor/6000.5.9f1/Editor/Data/NetStandard/compat/2.1.0/shims/netstandard/System.IO.UnmanagedMemoryStream.dll"
-r:"C:/Program Files/Unity/Hub/Editor/6000.5.9f1/Editor/Data/NetStandard/compat/2.1.0/shims/netstandard/System.IO.dll"
-r:"C:/Program Files/Unity/Hub/Editor/6000.5.9f1/Editor/Data/NetStandard/compat/2.1.0/shims/netstandard/System.Linq.Expressions.dll"
-r:"C:/Program Files/Unity/Hub/Editor/6000.5.9f1/Editor/Data/NetStandard/compat/2.1.0/shims/netstandard/System.Linq.Parallel.dll"
-r:"C:/Program Files/Unity/Hub/Editor/6000.5.9f1/Editor/Data/NetStandard/compat/2.1.0/shims/netstandard/System.Linq.Queryable.dll"
-r:"C:/Program Files/Unity/Hub/Editor/6000.5.9f1/Editor/Data/NetStandard/compat/2.1.0/shims/netstandard/System.Linq.dll"
-r:"C:/Program Files/Unity/Hub/Editor/6000.5.9f1/Editor/Data/NetStandard/compat/2.1.0/shims/netstandard/System.Memory.dll"
-r:"C:/Program Files/Unity/Hub/Editor/6000.5.9f1/Editor/Data/NetStandard/compat/2.1.0/shims/netstandard/System.Net.Http.dll"
-r:"C:/Program Files/Unity/Hub/Editor/6000.5.9f1/Editor/Data/NetStandard/compat/2.1.0/shims/netstandard/System.Net.NameResolution.dll"
-r:"C:/Program Files/Unity/Hub/Editor/6000.5.9f1/Editor/Data/NetStandard/compat/2.1.0/shims/netstandard/System.Net.NetworkInformation.dll"
-r:"C:/Program Files/Unity/Hub/Editor/6000.5.9f1/Editor/Data/NetStandard/compat/2.1.0/shims/netstandard/System.Net.Ping.dll"
-r:"C:/Program Files/Unity/Hub/Editor/6000.5.9f1/Editor/Data/NetStandard/compat/2.1.0/shims/netstandard/System.Net.Primitives.dll"
-r:"C:/Program Files/Unity/Hub/Editor/6000.5.9f1/Editor/Data/NetStandard/compat/2.1.0/shims/netstandard/System.Net.Requests.dll"
-r:"C:/Program Files/Unity/Hub/Editor/6000.5.9f1/Editor/Data/NetStandard/compat/2.1.0/shims/netstandard/System.Net.Security.dll"
-r:"C:/Program Files/Unity/Hub/Editor/6000.5.9f1/Editor/Data/NetStandard/compat/2.1.0/shims/netstandard/System.Net.Sockets.dll"
-r:"C:/Program Files/Unity/Hub/Editor/6000.5.9f1/Editor/Data/NetStandard/compat/2.1.0/shims/netstandard/System.Net.WebHeaderCollection.dll"
-r:"C:/Program Files/Unity/Hub/Editor/6000.5.9f1/Editor/Data/NetStandard/compat/2.1.0/shims/netstandard/System.Net.WebSockets.Client.dll"
-r:"C:/Program Files/Unity/Hub/Editor/6000.5.9f1/Editor/Data/NetStandard/compat/2.1.0/shims/netstandard/System.Net.WebSockets.dll"
-r:"C:/Program Files/Unity/Hub/Editor/6000.5.9f1/Editor/Data/NetStandard/compat/2.1.0/shims/netstandard/System.Numerics.Vectors.dll"
-r:"C:/Program Files/Unity/Hub/Editor/6000.5.9f1/Editor/Data/NetStandard/compat/2.1.0/shims/netstandard/System.ObjectModel.dll"
-r:"C:/Program Files/Unity/Hub/Editor/6000.5.9f1/Editor/Data/NetStandard/compat/2.1.0/shims/netstandard/System.Reflection.DispatchProxy.dll"
-r:"C:/Program Files/Unity/Hub/Editor/6000.5.9f1/Editor/Data/NetStandard/compat/2.1.0/shims/netstandard/System.Reflection.Emit.ILGeneration.dll"
-r:"C:/Program Files/Unity/Hub/Editor/6000.5.9f1/Editor/Data/NetStandard/compat/2.1.0/shims/netstandard/System.Reflection.Emit.Lightweight.dll"
-r:"C:/Program Files/Unity/Hub/Editor/6000.5.9f1/Editor/Data/NetStandard/compat/2.1.0/shims/netstandard/System.Reflection.Emit.dll"
-r:"C:/Program Files/Unity/Hub/Editor/6000.5.9f1/Editor/Data/NetStandard/compat/2.1.0/shims/netstandard/System.Reflection.Extensions.dll"
-r:"C:/Program Files/Unity/Hub/Editor/6000.5.9f1/Editor/Data/NetStandard/compat/2.1.0/shims/netstandard/System.Reflection.Primitives.dll"
-r:"C:/Program Files/Unity/Hub/Editor/6000.5.9f1/Editor/Data/NetStandard/compat/2.1.0/shims/netstandard/System.Reflection.dll"
-r:"C:/Program Files/Unity/Hub/Editor/6000.5.9f1/Editor/Data/NetStandard/compat/2.1.0/shims/netstandard/System.Resources.Reader.dll"
-r:"C:/Program Files/Unity/Hub/Editor/6000.5.9f1/Editor/Data/NetStandard/compat/2.1.0/shims/netstandard/System.Resources.ResourceManager.dll"
-r:"C:/Program Files/Unity/Hub/Editor/6000.5.9f1/Editor/Data/NetStandard/compat/2.1.0/shims/netstandard/System.Resources.Writer.dll"
-r:"C:/Program Files/Unity/Hub/Editor/6000.5.9f1/Editor/Data/NetStandard/compat/2.1.0/shims/netstandard/System.Runtime.CompilerServices.VisualC.dll"
-r:"C:/Program Files/Unity/Hub/Editor/6000.5.9f1/Editor/Data/NetStandard/compat/2.1.0/shims/netstandard/System.Runtime.Extensions.dll"
-r:"C:/Program Files/Unity/Hub/Editor/6000.5.9f1/Editor/Data/NetStandard/compat/2.1.0/shims/netstandard/System.Runtime.Handles.dll"
-r:"C:/Program Files/Unity/Hub/Editor/6000.5.9f1/Editor/Data/NetStandard/compat/2.1.0/shims/netstandard/System.Runtime.InteropServices.RuntimeInformation.dll"
-r:"C:/Program Files/Unity/Hub/Editor/6000.5.9f1/Editor/Data/NetStandard/compat/2.1.0/shims/netstandard/System.Runtime.InteropServices.dll"
-r:"C:/Program Files/Unity/Hub/Editor/6000.5.9f1/Editor/Data/NetStandard/compat/2.1.0/shims/netstandard/System.Runtime.Numerics.dll"
-r:"C:/Program Files/Unity/Hub/Editor/6000.5.9f1/Editor/Data/NetStandard/compat/2.1.0/shims/netstandard/System.Runtime.Serialization.Formatters.dll"
-r:"C:/Program Files/Unity/Hub/Editor/6000.5.9f1/Editor/Data/NetStandard/compat/2.1.0/shims/netstandard/System.Runtime.Serialization.Json.dll"
-r:"C:/Program Files/Unity/Hub/Editor/6000.5.9f1/Editor/Data/NetStandard/compat/2.1.0/shims/netstandard/System.Runtime.Serialization.Primitives.dll"
-r:"C:/Program Files/Unity/Hub/Editor/6000.5.9f1/Editor/Data/NetStandard/compat/2.1.0/shims/netstandard/System.Runtime.Serialization.Xml.dll"
-r:"C:/Program Files/Unity/Hub/Editor/6000.5.9f1/Editor/Data/NetStandard/compat/2.1.0/shims/netstandard/System.Runtime.dll"
-r:"C:/Program Files/Unity/Hub/Editor/6000.5.9f1/Editor/Data/NetStandard/compat/2.1.0/shims/netstandard/System.Security.Claims.dll"
-r:"C:/Program Files/Unity/Hub/Editor/6000.5.9f1/Editor/Data/NetStandard/compat/2.1.0/shims/netstandard/System.Security.Cryptography.Algorithms.dll"
-r:"C:/Program Files/Unity/Hub/Editor/6000.5.9f1/Editor/Data/NetStandard/compat/2.1.0/shims/netstandard/System.Security.Cryptography.Csp.dll"
-r:"C:/Program Files/Unity/Hub/Editor/6000.5.9f1/Editor/Data/NetStandard/compat/2.1.0/shims/netstandard/System.Security.Cryptography.Encoding.dll"
-r:"C:/Program Files/Unity/Hub/Editor/6000.5.9f1/Editor/Data/NetStandard/compat/2.1.0/shims/netstandard/System.Security.Cryptography.Primitives.dll"
-r:"C:/Program Files/Unity/Hub/Editor/6000.5.9f1/Editor/Data/NetStandard/compat/2.1.0/shims/netstandard/System.Security.Cryptography.X509Certificates.dll"
-r:"C:/Program Files/Unity/Hub/Editor/6000.5.9f1/Editor/Data/NetStandard/compat/2.1.0/shims/netstandard/System.Security.Principal.dll"
-r:"C:/Program Files/Unity/Hub/Editor/6000.5.9f1/Editor/Data/NetStandard/compat/2.1.0/shims/netstandard/System.Security.SecureString.dll"
-r:"C:/Program Files/Unity/Hub/Editor/6000.5.9f1/Editor/Data/NetStandard/compat/2.1.0/shims/netstandard/System.Text.Encoding.Extensions.dll"
-r:"C:/Program Files/Unity/Hub/Editor/6000.5.9f1/Editor/Data/NetStandard/compat/2.1.0/shims/netstandard/System.Text.Encoding.dll"
-r:"C:/Program Files/Unity/Hub/Editor/6000.5.9f1/Editor/Data/NetStandard/compat/2.1.0/shims/netstandard/System.Text.RegularExpressions.dll"
-r:"C:/Program Files/Unity/Hub/Editor/6000.5.9f1/Editor/Data/NetStandard/compat/2.1.0/shims/netstandard/System.Threading.Overlapped.dll"
-r:"C:/Program Files/Unity/Hub/Editor/6000.5.9f1/Editor/Data/NetStandard/compat/2.1.0/shims/netstandard/System.Threading.Tasks.Extensions.dll"
-r:"C:/Program Files/Unity/Hub/Editor/6000.5.9f1/Editor/Data/NetStandard/compat/2.1.0/shims/netstandard/System.Threading.Tasks.Parallel.dll"
-r:"C:/Program Files/Unity/Hub/Editor/6000.5.9f1/Editor/Data/NetStandard/compat/2.1.0/shims/netstandard/System.Threading.Tasks.dll"
-r:"C:/Program Files/Unity/Hub/Editor/6000.5.9f1/Editor/Data/NetStandard/compat/2.1.0/shims/netstandard/System.Threading.Thread.dll"
-r:"C:/Program Files/Unity/Hub/Editor/6000.5.9f1/Editor/Data/NetStandard/compat/2.1.0/shims/netstandard/System.Threading.ThreadPool.dll"
-r:"C:/Program Files/Unity/Hub/Editor/6000.5.9f1/Editor/Data/NetStandard/compat/2.1.0/shims/netstandard/System.Threading.Timer.dll"
-r:"C:/Program Files/Unity/Hub/Editor/6000.5.9f1/Editor/Data/NetStandard/compat/2.1.0/shims/netstandard/System.Threading.dll"
-r:"C:/Program Files/Unity/Hub/Editor/6000.5.9f1/Editor/Data/NetStandard/compat/2.1.0/shims/netstandard/System.ValueTuple.dll"
-r:"C:/Program Files/Unity/Hub/Editor/6000.5.9f1/Editor/Data/NetStandard/compat/2.1.0/shims/netstandard/System.Xml.ReaderWriter.dll"
-r:"C:/Program Files/Unity/Hub/Editor/6000.5.9f1/Editor/Data/NetStandard/compat/2.1.0/shims/netstandard/System.Xml.XDocument.dll"
-r:"C:/Program Files/Unity/Hub/Editor/6000.5.9f1/Editor/Data/NetStandard/compat/2.1.0/shims/netstandard/System.Xml.XPath.XDocument.dll"
-r:"C:/Program Files/Unity/Hub/Editor/6000.5.9f1/Editor/Data/NetStandard/compat/2.1.0/shims/netstandard/System.Xml.XPath.dll"
-r:"C:/Program Files/Unity/Hub/Editor/6000.5.9f1/Editor/Data/NetStandard/compat/2.1.0/shims/netstandard/System.Xml.XmlDocument.dll"
-r:"C:/Program Files/Unity/Hub/Editor/6000.5.9f1/Editor/Data/NetStandard/compat/2.1.0/shims/netstandard/System.Xml.XmlSerializer.dll"
-r:"C:/Program Files/Unity/Hub/Editor/6000.5.9f1/Editor/Data/NetStandard/ref/2.1.0/netstandard.dll"
-r:"Library/PackageCache/com.unity.collections@ec2c217e4cb2/Unity.Collections.LowLevel.ILSupport/Unity.Collections.LowLevel.ILSupport.dll"
-r:"Library/PackageCache/com.unity.ext.nunit@44f7d31723bd/net472/unity-custom/nunit.framework.dll"
-r:"Library/PackageCache/com.unity.nuget.mono-cecil@ecb9724e46ff/Mono.Cecil.dll"
-r:"Library/PackageCache/com.unity.visualscripting@4edfcc09512f/Runtime/VisualScripting.Flow/Dependencies/NCalc/Unity.VisualScripting.Antlr3.Runtime.dll"
-r:"Library/Bee/artifacts/1900b0aE.dag/Unity.AI.Navigation.Editor.ConversionSystem.ref.dll"
-r:"Library/Bee/artifacts/1900b0aE.dag/Unity.AI.Navigation.Editor.ref.dll"
-r:"Library/Bee/artifacts/1900b0aE.dag/Unity.AI.Navigation.ref.dll"
-r:"Library/Bee/artifacts/1900b0aE.dag/Unity.AI.Navigation.Updater.ref.dll"
-r:"Library/Bee/artifacts/1900b0aE.dag/Unity.Burst.Editor.ref.dll"
-r:"Library/Bee/artifacts/1900b0aE.dag/Unity.Burst.ref.dll"
-r:"Library/Bee/artifacts/1900b0aE.dag/Unity.Collections.Editor.ref.dll"
-r:"Library/Bee/artifacts/1900b0aE.dag/Unity.Collections.ref.dll"
-r:"Library/Bee/artifacts/1900b0aE.dag/Unity.InputSystem.ForUI.Editor.ref.dll"
-r:"Library/Bee/artifacts/1900b0aE.dag/Unity.InputSystem.ForUI.ref.dll"
-r:"Library/Bee/artifacts/1900b0aE.dag/Unity.InputSystem.ref.dll"
-r:"Library/Bee/artifacts/1900b0aE.dag/Unity.InternalAPIEditorBridge.ShaderGraph.Editor.ref.dll"
-r:"Library/Bee/artifacts/1900b0aE.dag/Unity.InternalAPIEngineBridge.004.ref.dll"
-r:"Library/Bee/artifacts/1900b0aE.dag/Unity.InternalAPIEngineBridge.RenderPipelines.Core.Editor.ref.dll"
-r:"Library/Bee/artifacts/1900b0aE.dag/Unity.InternalAPIEngineBridge.RenderPipelines.Core.Runtime.Shared.ref.dll"
-r:"Library/Bee/artifacts/1900b0aE.dag/Unity.Mathematics.ref.dll"
-r:"Library/Bee/artifacts/1900b0aE.dag/Unity.Multiplayer.Center.Common.ref.dll"
-r:"Library/Bee/artifacts/1900b0aE.dag/Unity.Multiplayer.Center.Editor.ref.dll"
-r:"Library/Bee/artifacts/1900b0aE.dag/Unity.PathTracing.Editor.ref.dll"
-r:"Library/Bee/artifacts/1900b0aE.dag/Unity.PathTracing.Runtime.ref.dll"
-r:"Library/Bee/artifacts/1900b0aE.dag/Unity.PlasticSCM.Editor.Assistant.ref.dll"
-r:"Library/Bee/artifacts/1900b0aE.dag/Unity.PlasticSCM.Editor.ref.dll"
-r:"Library/Bee/artifacts/1900b0aE.dag/Unity.Rendering.LightTransport.Editor.ref.dll"
-r:"Library/Bee/artifacts/1900b0aE.dag/Unity.RenderPipeline.Universal.ShaderLibrary.ref.dll"
-r:"Library/Bee/artifacts/1900b0aE.dag/Unity.RenderPipelines.Core.Editor.ref.dll"
-r:"Library/Bee/artifacts/1900b0aE.dag/Unity.RenderPipelines.Core.Editor.Shared.ref.dll"
-r:"Library/Bee/artifacts/1900b0aE.dag/Unity.RenderPipelines.Core.Runtime.ref.dll"
-r:"Library/Bee/artifacts/1900b0aE.dag/Unity.RenderPipelines.Core.Runtime.Shared.ref.dll"
-r:"Library/Bee/artifacts/1900b0aE.dag/Unity.RenderPipelines.Core.ShaderLibrary.ref.dll"
-r:"Library/Bee/artifacts/1900b0aE.dag/Unity.RenderPipelines.GPUDriven.Runtime.ref.dll"
-r:"Library/Bee/artifacts/1900b0aE.dag/Unity.RenderPipelines.ShaderGraph.ShaderGraphLibrary.ref.dll"
-r:"Library/Bee/artifacts/1900b0aE.dag/Unity.RenderPipelines.Universal.2D.Editor.Overrides.ref.dll"
-r:"Library/Bee/artifacts/1900b0aE.dag/Unity.RenderPipelines.Universal.2D.Runtime.ref.dll"
-r:"Library/Bee/artifacts/1900b0aE.dag/Unity.RenderPipelines.Universal.Config.Runtime.ref.dll"
-r:"Library/Bee/artifacts/1900b0aE.dag/Unity.RenderPipelines.Universal.Editor.ref.dll"
-r:"Library/Bee/artifacts/1900b0aE.dag/Unity.RenderPipelines.Universal.Runtime.ref.dll"
-r:"Library/Bee/artifacts/1900b0aE.dag/Unity.RenderPipelines.Universal.Shaders.ref.dll"
-r:"Library/Bee/artifacts/1900b0aE.dag/Unity.Rider.Editor.ref.dll"
-r:"Library/Bee/artifacts/1900b0aE.dag/Unity.Searcher.Editor.ref.dll"
-r:"Library/Bee/artifacts/1900b0aE.dag/Unity.ShaderGraph.Editor.ref.dll"
-r:"Library/Bee/artifacts/1900b0aE.dag/Unity.SurfaceCache.Runtime.ref.dll"
-r:"Library/Bee/artifacts/1900b0aE.dag/Unity.TextMeshPro.Editor.ref.dll"
-r:"Library/Bee/artifacts/1900b0aE.dag/Unity.TextMeshPro.ref.dll"
-r:"Library/Bee/artifacts/1900b0aE.dag/Unity.Timeline.Editor.ref.dll"
-r:"Library/Bee/artifacts/1900b0aE.dag/Unity.Timeline.ref.dll"
-r:"Library/Bee/artifacts/1900b0aE.dag/Unity.UnifiedRayTracing.Runtime.ref.dll"
-r:"Library/Bee/artifacts/1900b0aE.dag/Unity.VisualScripting.Core.Editor.ref.dll"
-r:"Library/Bee/artifacts/1900b0aE.dag/Unity.VisualScripting.Core.ref.dll"
-r:"Library/Bee/artifacts/1900b0aE.dag/Unity.VisualScripting.Flow.Editor.ref.dll"
-r:"Library/Bee/artifacts/1900b0aE.dag/Unity.VisualScripting.Flow.ref.dll"
-r:"Library/Bee/artifacts/1900b0aE.dag/Unity.VisualScripting.SettingsProvider.Editor.ref.dll"
-r:"Library/Bee/artifacts/1900b0aE.dag/Unity.VisualScripting.Shared.Editor.ref.dll"
-r:"Library/Bee/artifacts/1900b0aE.dag/Unity.VisualScripting.State.Editor.ref.dll"
-r:"Library/Bee/artifacts/1900b0aE.dag/Unity.VisualScripting.State.ref.dll"
-r:"Library/Bee/artifacts/1900b0aE.dag/Unity.VisualStudio.Editor.ref.dll"
-r:"Library/Bee/artifacts/1900b0aE.dag/UnityEditor.UI.Analytics.ref.dll"
-r:"Library/Bee/artifacts/1900b0aE.dag/UnityEditor.UI.ref.dll"
-r:"Library/Bee/artifacts/1900b0aE.dag/UnityEngine.UI.ref.dll"
-analyzer:"C:/Program Files/Unity/Hub/Editor/6000.5.9f1/Editor/Data/BCLExtensions/TargetingPacks/netstandard2.1/analyzers/dotnet/roslyn4.0/cs/Microsoft.Extensions.Logging.Generators.dll"
-analyzer:"C:/Program Files/Unity/Hub/Editor/6000.5.9f1/Editor/Data/BCLExtensions/TargetingPacks/netstandard2.1/analyzers/dotnet/roslyn4.0/cs/System.Text.Json.SourceGeneration.dll"
-analyzer:"C:/Program Files/Unity/Hub/Editor/6000.5.9f1/Editor/Data/Tools/BuildPipeline/Unity.Analyzers.Common/Unity.Analyzers.Common.dll"
-analyzer:"C:/Program Files/Unity/Hub/Editor/6000.5.9f1/Editor/Data/Tools/BuildPipeline/Unity.Analyzers.LongLiving/Unity.Analyzers.LongLiving.dll"
-analyzer:"C:/Program Files/Unity/Hub/Editor/6000.5.9f1/Editor/Data/Tools/BuildPipeline/Unity.SourceGenerators/Unity.Properties.SourceGenerator.dll"
-analyzer:"C:/Program Files/Unity/Hub/Editor/6000.5.9f1/Editor/Data/Tools/BuildPipeline/Unity.SourceGenerators/Unity.SourceGenerators.dll"
-analyzer:"C:/Program Files/Unity/Hub/Editor/6000.5.9f1/Editor/Data/Tools/BuildPipeline/Unity.SourceGenerators/Unity.UIToolkit.SourceGenerator.dll"
"Assets/Script/Camerafollow.cs"
"Assets/Script/Coin.cs"
"Assets/Script/CoinSpawner.cs"
"Assets/Script/FuelBar.cs"
"Assets/Script/MenuManager.cs"
"Assets/Script/PlatForm.cs"
"Assets/Script/PlayerController.cs"
"Assets/Script/ScoreManager.cs"
-langversion:9.0
/deterministic
/optimize+
/debug:portable
/nologo
/RuntimeMetadataVersion:v4.0.30319
/nowarn:0169
/nowarn:0649
/nowarn:0282
/nowarn:1701
/nowarn:1702
/utf8output
/preferreduilang:en-US
/additionalfile:"Library/Bee/artifacts/1900b0aE.dag/Assembly-CSharp.UnityAdditionalFile.txt"
##### Custom Environment Variables
DOTNET_HOST_PATH=C:\Program Files\Unity\Hub\Editor\6000.5.9f1\Editor\Data\DotNetSdk\dotnet.exe
DOTNET_MULTILEVEL_LOOKUP=0
##### ExitCode
1
##### Output
Assets\Script\PlatForm.cs(15,35): error CS1061: 'ScoreManager' does not contain a definition for 'ShowSpeed' and no accessible extension method 'ShowSpeed' accepting a first argument of type 'ScoreManager' could be found (are you missing a using directive or an assembly reference?)
*** Tundra build failed (0.64 seconds), 2 items updated, 927 evaluated
## Script Compilation Error for: Csc Library/Bee/artifacts/1900b0aE.dag/Assembly-CSharp.dll (+2 others)
## CmdLine: "C:\Program Files\Unity\Hub\Editor\6000.5.9f1\Editor\Data\DotNetSdk\dotnet.exe" exec "C:/Program Files/Unity/Hub/Editor/6000.5.9f1/Editor/Data/DotNetSdk/sdk/8.0.318/Roslyn/bincore/csc.dll" /nostdlib /noconfig /shared "@Library/Bee/artifacts/1900b0aE.dag/Assembly-CSharp.rsp" "@Library/Bee/artifacts/1900b0aE.dag/Assembly-CSharp.rsp2"
## Output:
Assets\Script\PlatForm.cs(15,35): error CS1061: 'ScoreManager' does not contain a definition for 'ShowSpeed' and no accessible extension method 'ShowSpeed' accepting a first argument of type 'ScoreManager' could be found (are you missing a using directive or an assembly reference?)

Assets\Script\PlatForm.cs(15,35): error CS1061: 'ScoreManager' does not contain a definition for 'ShowSpeed' and no accessible extension method 'ShowSpeed' accepting a first argument of type 'ScoreManager' could be found (are you missing a using directive or an assembly reference?)
Total cache size 64119356
Total cache size after purge 64119356, took 00:00:00.1677187
Asset Pipeline Refresh (id=89d229e0927f81142b8143fcfeabe4bf): Total: 0.008 seconds - Initiated by RefreshV2(AllowForceSynchronousImport)
All compiler errors have to be fixed before you can enter playmode!
UnityEngine.Debug:ExtractStackTraceNoAlloc (byte*,int,string)
UnityEngine.StackTraceUtility:ExtractStackTrace ()
UnityEngine.DebugLogHandler:Internal_Log (UnityEngine.LogType,UnityEngine.LogOption,string,UnityEngine.Object)
UnityEngine.DebugLogHandler:LogFormat (UnityEngine.LogType,UnityEngine.Object,string,object[])
UnityEngine.Logger:Log (UnityEngine.LogType,object)
UnityEngine.Debug:LogError (object)
UnityEditor.SceneView:ShowNotification (string)
UnityEditor.SceneView:ShowCompileErrorNotification ()

[ScriptCompilation] Requested script compilation because: AssetDatabase observed changes in script compilation related files
Refreshing native plugins compatible for Editor in 2.89 ms, found 4 plugins.
Asset Pipeline Refresh (id=71b14652070e58f4796e0c78c2ac8648): Total: 0.137 seconds - Initiated by RefreshV2(NoUpdateAssetOptions)
Asset Pipeline Refresh (id=0c972ea9036dc494092b7f67eb47b350): Total: 0.019 seconds - Initiated by RefreshV2(NoUpdateAssetOptions)
[Licensing::Client] Successfully resolved entitlement details
info: Microsoft.AspNetCore.Hosting.Diagnostics[1]
      Request starting HTTP/2 POST http://ilpp/UnityILPP.PostProcessing/Ping - application/grpc -
info: Microsoft.AspNetCore.Routing.EndpointMiddleware[0]
      Executing endpoint 'gRPC - /UnityILPP.PostProcessing/Ping'
info: Microsoft.AspNetCore.Routing.EndpointMiddleware[1]
      Executed endpoint 'gRPC - /UnityILPP.PostProcessing/Ping'
info: Microsoft.AspNetCore.Hosting.Diagnostics[2]
      Request finished HTTP/2 POST http://ilpp/UnityILPP.PostProcessing/Ping - 200 - application/grpc 0.1552ms
Starting: C:\Program Files\Unity\Hub\Editor\6000.5.9f1\Editor\Data\Tools\BuildPipeline\bee_backend.exe --ipc --defer-dag-verification --dagfile="Library/Bee/1900b0aE.dag" --continue-on-failure --profile="Library/Bee/backend1.traceevents" ScriptAssemblies
WorkingDir: C:/Users/golfa/Rocket
info: Microsoft.AspNetCore.Hosting.Diagnostics[1]
      Request starting HTTP/2 POST http://ilpp/UnityILPP.PostProcessing/ConfigurePostProcessors - application/grpc -
info: Microsoft.AspNetCore.Routing.EndpointMiddleware[0]
      Executing endpoint 'gRPC - /UnityILPP.PostProcessing/ConfigurePostProcessors'
info: Unity.ILPP.Runner.PostProcessingAssemblyLoadContext[0]
      Current configuration matches the requested one, skipping
info: Microsoft.AspNetCore.Routing.EndpointMiddleware[1]
      Executed endpoint 'gRPC - /UnityILPP.PostProcessing/ConfigurePostProcessors'
info: Microsoft.AspNetCore.Hosting.Diagnostics[2]
      Request finished HTTP/2 POST http://ilpp/UnityILPP.PostProcessing/ConfigurePostProcessors - 200 - application/grpc 2.7108ms
info: Microsoft.AspNetCore.Hosting.Diagnostics[1]
      Request starting HTTP/2 POST http://ilpp/UnityILPP.PostProcessing/PostProcessAssembly - application/grpc -
info: Microsoft.AspNetCore.Routing.EndpointMiddleware[0]
      Executing endpoint 'gRPC - /UnityILPP.PostProcessing/PostProcessAssembly'
info: Unity.ILPP.Runner.PostProcessingPipeline[0]
      Processing assembly Library/Bee/artifacts/1900b0aE.dag/Assembly-CSharp.dll, with 141 defines and 339 references
info: Unity.ILPP.Runner.PostProcessingPipeline[0]
      processors: Unity.Jobs.CodeGen.JobsILPostProcessor, zzzUnity.Burst.CodeGen.BurstILPostProcessor
info: Unity.ILPP.Runner.PostProcessingPipeline[0]
      running Unity.Jobs.CodeGen.JobsILPostProcessor
info: Unity.ILPP.Runner.PostProcessingPipeline[0]
      running zzzUnity.Burst.CodeGen.BurstILPostProcessor
info: Microsoft.AspNetCore.Routing.EndpointMiddleware[1]
      Executed endpoint 'gRPC - /UnityILPP.PostProcessing/PostProcessAssembly'
info: Microsoft.AspNetCore.Hosting.Diagnostics[2]
      Request finished HTTP/2 POST http://ilpp/UnityILPP.PostProcessing/PostProcessAssembly - 200 - application/grpc 20.2357ms
[ScriptCompilation] Requested script compilation because: AssetDatabase observed changes in script compilation related files
ExitCode: 0 Duration: 0s667ms
[730/927    0s] ILPP-Configuration Library/ilpp-configuration.nevergeneratedoutput
[923/927    0s] Csc Library/Bee/artifacts/1900b0aE.dag/Assembly-CSharp.dll (+2 others)
[924/927    0s] ILPostProcess Library/Bee/artifacts/1900b0aE.dag/post-processed/Assembly-CSharp.dll (+pdb)
Processing assembly Library/Bee/artifacts/1900b0aE.dag/Assembly-CSharp.dll, with 141 defines and 339 references

processors: Unity.Jobs.CodeGen.JobsILPostProcessor, zzzUnity.Burst.CodeGen.BurstILPostProcessor

running Unity.Jobs.CodeGen.JobsILPostProcessor

running zzzUnity.Burst.CodeGen.BurstILPostProcessor
[925/927    0s] CopyFiles Library/ScriptAssemblies/Assembly-CSharp.pdb
[926/927    0s] CopyFiles Library/ScriptAssemblies/Assembly-CSharp.dll
*** Tundra build success (0.62 seconds), 5 items updated, 927 evaluated
Refreshing native plugins compatible for Editor in 3.26 ms, found 4 plugins.
Asset Pipeline Refresh (id=04f9158c39010944d9f187fe42eab9cf): Total: 0.123 seconds - Initiated by RefreshV2(NoUpdateAssetOptions)
Total cache size 64119356
Total cache size after purge 64119356, took 00:00:00.1845424
info: Microsoft.AspNetCore.Hosting.Diagnostics[1]
      Request starting HTTP/2 POST http://ilpp/UnityILPP.PostProcessing/Ping - application/grpc -
info: Microsoft.AspNetCore.Routing.EndpointMiddleware[0]
      Executing endpoint 'gRPC - /UnityILPP.PostProcessing/Ping'
info: Microsoft.AspNetCore.Routing.EndpointMiddleware[1]
      Executed endpoint 'gRPC - /UnityILPP.PostProcessing/Ping'
info: Microsoft.AspNetCore.Hosting.Diagnostics[2]
      Request finished HTTP/2 POST http://ilpp/UnityILPP.PostProcessing/Ping - 200 - application/grpc 0.1510ms
Starting: C:\Program Files\Unity\Hub\Editor\6000.5.9f1\Editor\Data\Tools\BuildPipeline\bee_backend.exe --ipc --defer-dag-verification --dagfile="Library/Bee/1900b0aE.dag" --continue-on-failure --profile="Library/Bee/backend1.traceevents" ScriptAssemblies
WorkingDir: C:/Users/golfa/Rocket
info: Microsoft.AspNetCore.Hosting.Diagnostics[1]
      Request starting HTTP/2 POST http://ilpp/UnityILPP.PostProcessing/ConfigurePostProcessors - application/grpc -
info: Microsoft.AspNetCore.Routing.EndpointMiddleware[0]
      Executing endpoint 'gRPC - /UnityILPP.PostProcessing/ConfigurePostProcessors'
info: Unity.ILPP.Runner.PostProcessingAssemblyLoadContext[0]
      Current configuration matches the requested one, skipping
info: Microsoft.AspNetCore.Routing.EndpointMiddleware[1]
      Executed endpoint 'gRPC - /UnityILPP.PostProcessing/ConfigurePostProcessors'
info: Microsoft.AspNetCore.Hosting.Diagnostics[2]
      Request finished HTTP/2 POST http://ilpp/UnityILPP.PostProcessing/ConfigurePostProcessors - 200 - application/grpc 0.9569ms
Asset Pipeline Refresh (id=0da37687f6b90be4e8e37c9ca446cc26): Total: 0.017 seconds - Initiated by RefreshV2(NoUpdateAssetOptions)
info: Microsoft.AspNetCore.Hosting.Diagnostics[1]
      Request starting HTTP/2 POST http://ilpp/UnityILPP.PostProcessing/PostProcessAssembly - application/grpc -
info: Microsoft.AspNetCore.Routing.EndpointMiddleware[0]
      Executing endpoint 'gRPC - /UnityILPP.PostProcessing/PostProcessAssembly'
info: Unity.ILPP.Runner.PostProcessingPipeline[0]
      Processing assembly Library/Bee/artifacts/1900b0aE.dag/Assembly-CSharp.dll, with 141 defines and 339 references
info: Unity.ILPP.Runner.PostProcessingPipeline[0]
      processors: Unity.Jobs.CodeGen.JobsILPostProcessor, zzzUnity.Burst.CodeGen.BurstILPostProcessor
info: Unity.ILPP.Runner.PostProcessingPipeline[0]
      running Unity.Jobs.CodeGen.JobsILPostProcessor
info: Unity.ILPP.Runner.PostProcessingPipeline[0]
      running zzzUnity.Burst.CodeGen.BurstILPostProcessor
info: Microsoft.AspNetCore.Routing.EndpointMiddleware[1]
      Executed endpoint 'gRPC - /UnityILPP.PostProcessing/PostProcessAssembly'
info: Microsoft.AspNetCore.Hosting.Diagnostics[2]
      Request finished HTTP/2 POST http://ilpp/UnityILPP.PostProcessing/PostProcessAssembly - 200 - application/grpc 32.8690ms
ExitCode: 0 Duration: 0s607ms
[730/927    0s] ILPP-Configuration Library/ilpp-configuration.nevergeneratedoutput
[923/927    0s] Csc Library/Bee/artifacts/1900b0aE.dag/Assembly-CSharp.dll (+2 others)
[924/927    0s] ILPostProcess Library/Bee/artifacts/1900b0aE.dag/post-processed/Assembly-CSharp.dll (+pdb)
Processing assembly Library/Bee/artifacts/1900b0aE.dag/Assembly-CSharp.dll, with 141 defines and 339 references

processors: Unity.Jobs.CodeGen.JobsILPostProcessor, zzzUnity.Burst.CodeGen.BurstILPostProcessor

running Unity.Jobs.CodeGen.JobsILPostProcessor

running zzzUnity.Burst.CodeGen.BurstILPostProcessor
[925/927    0s] CopyFiles Library/ScriptAssemblies/Assembly-CSharp.pdb
[926/927    0s] CopyFiles Library/ScriptAssemblies/Assembly-CSharp.dll
*** Tundra build success (0.57 seconds), 5 items updated, 927 evaluated
Total cache size 64119356
Total cache size after purge 64119356, took 00:00:00.1024340
Reloading assemblies after finishing script compilation.
Reloading assemblies after forced synchronous recompile.
Begin MonoManager ReloadAssembly
Refreshing native plugins compatible for Editor in 2.03 ms, found 4 plugins.
Native extension for WindowsStandalone target not found
Native extension for WebGL target not found
[MODES] ModeService[none].Initialize
[MODES] ModeService[none].LoadModes
GetVirtualKey: Could not map char: z (122) to any virtual key
GetVirtualKey: Could not map char: y (121) to any virtual key
GetVirtualKey: Could not map char: x (120) to any virtual key
GetVirtualKey: Could not map char: c (99) to any virtual key
GetVirtualKey: Could not map char: v (118) to any virtual key
GetVirtualKey: Could not map char: V (86) to any virtual key
GetVirtualKey: Could not map char: d (100) to any virtual key
GetVirtualKey: Could not map char: f (102) to any virtual key
GetVirtualKey: Could not map char: f (102) to any virtual key
GetVirtualKey: Could not map char: a (97) to any virtual key
GetVirtualKey: Could not map char: d (100) to any virtual key
GetVirtualKey: Could not map char: c (99) to any virtual key
GetVirtualKey: Could not map char: r (114) to any virtual key
GetVirtualKey: Could not map char: i (105) to any virtual key
GetVirtualKey: Could not map char: l (108) to any virtual key
GetVirtualKey: Could not map char: f (102) to any virtual key
GetVirtualKey: Could not map char: k (107) to any virtual key
GetVirtualKey: Could not map char: p (112) to any virtual key
GetVirtualKey: Could not map char: p (112) to any virtual key
GetVirtualKey: Could not map char: p (112) to any virtual key
GetVirtualKey: Could not map char: c (99) to any virtual key
GetVirtualKey: Could not map char: r (114) to any virtual key
GetVirtualKey: Could not map char: P (80) to any virtual key
GetVirtualKey: Could not map char: n (110) to any virtual key
GetVirtualKey: Could not map char: n (110) to any virtual key
GetVirtualKey: Could not map char: g (103) to any virtual key
GetVirtualKey: Could not map char: = (61) to any virtual key
GetVirtualKey: Could not map char: f (102) to any virtual key
GetVirtualKey: Could not map char: f (102) to any virtual key
GetVirtualKey: Could not map char: a (97) to any virtual key
GetVirtualKey: Could not map char: a (97) to any virtual key
GetVirtualKey: Could not map char: n (110) to any virtual key
GetVirtualKey: Could not map char: o (111) to any virtual key
GetVirtualKey: Could not map char: s (115) to any virtual key
GetVirtualKey: Could not map char: s (115) to any virtual key
GetVirtualKey: Could not map char: b (98) to any virtual key
GetVirtualKey: Could not map char: b (98) to any virtual key
GetVirtualKey: Could not map char: c (99) to any virtual key
GetVirtualKey: Could not map char: u (117) to any virtual key
ScheduleIndexationOnStartup MainProcess:True IndexOnStartup:True
Mono: successfully reloaded assembly
- Finished resetting the current domain, in  3.467 seconds
Domain Reload Profiling: 5791ms
	BeginReloadAssembly (1479ms)
		DisableScriptedObjects (287ms)
		CreateAndSetChildDomain (784ms)
	RebuildCommonClasses (25ms)
	RebuildNativeTypeToScriptingClass (35ms)
	initialDomainReloadingComplete (99ms)
	LoadAllAssembliesAndSetupDomain (685ms)
		LoadAssemblies (274ms)
		AnalyzeDomain (383ms)
			TypeCache.Refresh (21ms)
			BuildScriptInfoCaches (321ms)
			ResolveRequiredComponents (38ms)
	FinalizeReload (3469ms)
		SetupLoadedEditorAssemblies (0ms)
			InitializePlatformSupportModulesInManaged (5ms)
			BeforeProcessingInitializeOnLoad (376ms)
			ProcessInitializeOnLoadAttributes (730ms)
			ProcessInitializeOnLoadMethodAttributes (252ms)
			AfterProcessingInitializeOnLoad (9ms)
		AwakeInstancesAfterBackupRestoration (1133ms)

Asset Pipeline Refresh (id=69894e07d3c553d45a1a27f706511df4): Total: 6.208 seconds - Initiated by StopAssetImportingV2(ForceSynchronousImport | ForceDomainReload)
	(Values over 0.05ms)
	Summary:
		Imports: total=0 (actual=0, local cache=0, cache server=0)
		Asset DB Process Time: managed=0 ms, native=3687 ms
		Asset DB Callback time: managed=57 ms, native=0 ms
		Scripting: domain reloads=1, domain reload time=2460 ms, compile time=2 ms, other=0 ms
		Project Asset Count: scripts=1374, non-scripts=2362
		Asset File Changes: new=0, changed=0, moved=0, deleted=0
		Scan Filter Count: 0
	InvokePackagesCallback: 2.305ms
	ApplyChangesToAssetFolders: 0.558ms
	Collect global state as custom dependencies: 7.047ms
	ProcessAssetsWithTransientArtifactChanges: 11.641ms
	CategorizeAssets: 73.738ms
	CompileScripts: 1.756ms
	ImportOutOfDateAssets: 3537.077ms (3489.771ms without children)
		CollectScriptTypesHashes: 1.902ms
		ReloadNativeAssets: 1.990ms
		UnloadImportedAssets: 0.439ms
		EnsureUptoDateAssetsAreRegisteredWithGuidPM: 1.235ms
		ImportSchedulerStart: 43.580ms
	PostProcessAllAssets: 57.546ms
		MonoPostProcessAllAssets: 57.537ms
			UniversalRenderPipelineGlobalSettingsPostprocessor.OnPostprocessAllAssets 19.861ms
			SyncVS.PostprocessSyncProject 5.867ms
			WindowAssetPostprocessingWatcher.OnPostprocessAllAssets 4.117ms
			SpeedTree9Postprocessor.OnPostprocessAllAssets 3.253ms
			EditModeScopePostprocessor.OnPostprocessAllAssets 1.750ms
			RenderPipelineGlobalSettingsPostprocessor.OnPostprocessAllAssets 1.375ms
			ProjectSettingsPostprocessor.OnPostprocessAllAssets 1.147ms
			ShaderReflectionAssetPostProcessor.OnPostprocessAllAssets 0.608ms
			InputActionAssetPostprocessor.OnPostprocessAllAssets 0.515ms
			ReferencedClipsPostProcessor.OnPostprocessAllAssets 0.485ms
			AssetDatabaseCallbacks.OnPostprocessAllAssets 0.277ms
			TerrainToolbarOverlayPostProcessor.OnPostprocessAllAssets 0.267ms
			AssetChangedListener.OnPostprocessAllAssets 0.157ms
			ShaderGraphAssetPostProcessor.OnPostprocessAllAssets 0.129ms
			AssetPostprocessor.OnPostprocessAllAssets 0.126ms
	GatherAllCurrentPrimaryImportResultRevisions: 0.313ms
	PersistCurrentRevisions: 0.173ms
	GenerateScriptTypeHashes: 4.018ms
	GenerateScriptTypeSerializationHashes: 6.601ms
	Untracked: 2509.906ms

[Licensing::Client] Successfully resolved entitlement details
[Licensing::Client] Successfully resolved entitlement details
Asset Pipeline Refresh (id=13b51366a5f05b14782a57b3ec3a63ad): Total: 0.031 seconds - Initiated by RefreshV2(AllowForceSynchronousImport)
GetVirtualKey: Could not map char: z (122) to any virtual key
GetVirtualKey: Could not map char: y (121) to any virtual key
GetVirtualKey: Could not map char: x (120) to any virtual key
GetVirtualKey: Could not map char: c (99) to any virtual key
GetVirtualKey: Could not map char: v (118) to any virtual key
GetVirtualKey: Could not map char: V (86) to any virtual key
GetVirtualKey: Could not map char: d (100) to any virtual key
GetVirtualKey: Could not map char: f (102) to any virtual key
GetVirtualKey: Could not map char: f (102) to any virtual key
GetVirtualKey: Could not map char: a (97) to any virtual key
GetVirtualKey: Could not map char: d (100) to any virtual key
GetVirtualKey: Could not map char: c (99) to any virtual key
GetVirtualKey: Could not map char: r (114) to any virtual key
GetVirtualKey: Could not map char: i (105) to any virtual key
GetVirtualKey: Could not map char: l (108) to any virtual key
GetVirtualKey: Could not map char: f (102) to any virtual key
GetVirtualKey: Could not map char: k (107) to any virtual key
GetVirtualKey: Could not map char: p (112) to any virtual key
GetVirtualKey: Could not map char: p (112) to any virtual key
GetVirtualKey: Could not map char: p (112) to any virtual key
GetVirtualKey: Could not map char: c (99) to any virtual key
GetVirtualKey: Could not map char: r (114) to any virtual key
GetVirtualKey: Could not map char: P (80) to any virtual key
GetVirtualKey: Could not map char: n (110) to any virtual key
GetVirtualKey: Could not map char: n (110) to any virtual key
GetVirtualKey: Could not map char: g (103) to any virtual key
GetVirtualKey: Could not map char: = (61) to any virtual key
GetVirtualKey: Could not map char: f (102) to any virtual key
GetVirtualKey: Could not map char: f (102) to any virtual key
GetVirtualKey: Could not map char: a (97) to any virtual key
GetVirtualKey: Could not map char: a (97) to any virtual key
GetVirtualKey: Could not map char: c (99) to any virtual key
GetVirtualKey: Could not map char: u (117) to any virtual key
GetVirtualKey: Could not map char: n (110) to any virtual key
GetVirtualKey: Could not map char: o (111) to any virtual key
GetVirtualKey: Could not map char: s (115) to any virtual key
GetVirtualKey: Could not map char: s (115) to any virtual key
GetVirtualKey: Could not map char: b (98) to any virtual key
GetVirtualKey: Could not map char: b (98) to any virtual key
Asset Pipeline Refresh (id=e2aa0bd0f7d934548a3a18b0fe5d9848): Total: 0.008 seconds - Initiated by RefreshV2(AllowForceSynchronousImport)
Asset Pipeline Refresh (id=48bca12364f11114baa04b9d631ce8ba): Total: 0.007 seconds - Initiated by RefreshV2(AllowForceSynchronousImport)
GetVirtualKey: Could not map char: x (120) to any virtual key
GetVirtualKey: Could not map char: c (99) to any virtual key
GetVirtualKey: Could not map char: v (118) to any virtual key
GetVirtualKey: Could not map char: d (100) to any virtual key
GetVirtualKey: Could not map char: n (110) to any virtual key
GetVirtualKey: Could not map char: g (103) to any virtual key
GetVirtualKey: Could not map char: f (102) to any virtual key
GetVirtualKey: Could not map char: f (102) to any virtual key
GetVirtualKey: Could not map char: a (97) to any virtual key
[ScriptCompilation] Requested script compilation because: AssetDatabase observed changes in script compilation related files
Refreshing native plugins compatible for Editor in 8.34 ms, found 4 plugins.
Asset Pipeline Refresh (id=81b105089e9996946b3951fcb880b97b): Total: 0.181 seconds - Initiated by RefreshV2(NoUpdateAssetOptions)
[Licensing::Client] Successfully resolved entitlement details
info: Microsoft.AspNetCore.Hosting.Diagnostics[1]
      Request starting HTTP/2 POST http://ilpp/UnityILPP.PostProcessing/Ping - application/grpc -
info: Microsoft.AspNetCore.Routing.EndpointMiddleware[0]
      Executing endpoint 'gRPC - /UnityILPP.PostProcessing/Ping'
info: Microsoft.AspNetCore.Routing.EndpointMiddleware[1]
      Executed endpoint 'gRPC - /UnityILPP.PostProcessing/Ping'
info: Microsoft.AspNetCore.Hosting.Diagnostics[2]
      Request finished HTTP/2 POST http://ilpp/UnityILPP.PostProcessing/Ping - 200 - application/grpc 1.0267ms
Starting: C:\Program Files\Unity\Hub\Editor\6000.5.9f1\Editor\Data\Tools\BuildPipeline\bee_backend.exe --ipc --defer-dag-verification --dagfile="Library/Bee/1900b0aE.dag" --continue-on-failure --profile="Library/Bee/backend1.traceevents" ScriptAssemblies
WorkingDir: C:/Users/golfa/Rocket
info: Microsoft.AspNetCore.Hosting.Diagnostics[1]
      Request starting HTTP/2 POST http://ilpp/UnityILPP.PostProcessing/ConfigurePostProcessors - application/grpc -
info: Microsoft.AspNetCore.Routing.EndpointMiddleware[0]
      Executing endpoint 'gRPC - /UnityILPP.PostProcessing/ConfigurePostProcessors'
info: Unity.ILPP.Runner.PostProcessingAssemblyLoadContext[0]
      Current configuration matches the requested one, skipping
info: Microsoft.AspNetCore.Routing.EndpointMiddleware[1]
      Executed endpoint 'gRPC - /UnityILPP.PostProcessing/ConfigurePostProcessors'
info: Microsoft.AspNetCore.Hosting.Diagnostics[2]
      Request finished HTTP/2 POST http://ilpp/UnityILPP.PostProcessing/ConfigurePostProcessors - 200 - application/grpc 1.5320ms
Asset Pipeline Refresh (id=e3810eeb1e4a5714d910d6be7265b64c): Total: 0.017 seconds - Initiated by RefreshV2(NoUpdateAssetOptions)
Asset Pipeline Refresh (id=cb83f98d749068847be8fc7c94bbad35): Total: 0.005 seconds - Initiated by RefreshV2(NoUpdateAssetOptions)
Asset Pipeline Refresh (id=d5a0c7f515cced24c8a6315c50057f7a): Total: 0.019 seconds - Initiated by RefreshV2(NoUpdateAssetOptions)
info: Microsoft.AspNetCore.Hosting.Diagnostics[1]
      Request starting HTTP/2 POST http://ilpp/UnityILPP.PostProcessing/PostProcessAssembly - application/grpc -
info: Microsoft.AspNetCore.Routing.EndpointMiddleware[0]
      Executing endpoint 'gRPC - /UnityILPP.PostProcessing/PostProcessAssembly'
info: Unity.ILPP.Runner.PostProcessingPipeline[0]
      Processing assembly Library/Bee/artifacts/1900b0aE.dag/Assembly-CSharp.dll, with 141 defines and 339 references
info: Unity.ILPP.Runner.PostProcessingPipeline[0]
      processors: Unity.Jobs.CodeGen.JobsILPostProcessor, zzzUnity.Burst.CodeGen.BurstILPostProcessor
info: Unity.ILPP.Runner.PostProcessingPipeline[0]
      running Unity.Jobs.CodeGen.JobsILPostProcessor
info: Unity.ILPP.Runner.PostProcessingPipeline[0]
      running zzzUnity.Burst.CodeGen.BurstILPostProcessor
info: Microsoft.AspNetCore.Routing.EndpointMiddleware[1]
      Executed endpoint 'gRPC - /UnityILPP.PostProcessing/PostProcessAssembly'
info: Microsoft.AspNetCore.Hosting.Diagnostics[2]
      Request finished HTTP/2 POST http://ilpp/UnityILPP.PostProcessing/PostProcessAssembly - 200 - application/grpc 23.5761ms
ExitCode: 0 Duration: 0s824ms
[730/927    0s] ILPP-Configuration Library/ilpp-configuration.nevergeneratedoutput
[923/927    0s] Csc Library/Bee/artifacts/1900b0aE.dag/Assembly-CSharp.dll (+2 others)
[924/927    0s] ILPostProcess Library/Bee/artifacts/1900b0aE.dag/post-processed/Assembly-CSharp.dll (+pdb)
Processing assembly Library/Bee/artifacts/1900b0aE.dag/Assembly-CSharp.dll, with 141 defines and 339 references

processors: Unity.Jobs.CodeGen.JobsILPostProcessor, zzzUnity.Burst.CodeGen.BurstILPostProcessor

running Unity.Jobs.CodeGen.JobsILPostProcessor

running zzzUnity.Burst.CodeGen.BurstILPostProcessor
[925/927    0s] CopyFiles Library/ScriptAssemblies/Assembly-CSharp.pdb
[926/927    0s] CopyFiles Library/ScriptAssemblies/Assembly-CSharp.dll
*** Tundra build success (0.78 seconds), 5 items updated, 927 evaluated
Reloading assemblies after finishing script compilation.
Reloading assemblies after forced synchronous recompile.
Total cache size 64119356
Total cache size after purge 64119356, took 00:00:00.3263421
Begin MonoManager ReloadAssembly
Refreshing native plugins compatible for Editor in 6.13 ms, found 4 plugins.
Native extension for WindowsStandalone target not found
Native extension for WebGL target not found
[MODES] ModeService[none].Initialize
[MODES] ModeService[none].LoadModes
GetVirtualKey: Could not map char: z (122) to any virtual key
GetVirtualKey: Could not map char: y (121) to any virtual key
GetVirtualKey: Could not map char: x (120) to any virtual key
GetVirtualKey: Could not map char: c (99) to any virtual key
GetVirtualKey: Could not map char: v (118) to any virtual key
GetVirtualKey: Could not map char: V (86) to any virtual key
GetVirtualKey: Could not map char: d (100) to any virtual key
GetVirtualKey: Could not map char: f (102) to any virtual key
GetVirtualKey: Could not map char: f (102) to any virtual key
GetVirtualKey: Could not map char: a (97) to any virtual key
GetVirtualKey: Could not map char: d (100) to any virtual key
GetVirtualKey: Could not map char: c (99) to any virtual key
GetVirtualKey: Could not map char: r (114) to any virtual key
GetVirtualKey: Could not map char: i (105) to any virtual key
GetVirtualKey: Could not map char: l (108) to any virtual key
GetVirtualKey: Could not map char: f (102) to any virtual key
GetVirtualKey: Could not map char: k (107) to any virtual key
GetVirtualKey: Could not map char: p (112) to any virtual key
GetVirtualKey: Could not map char: p (112) to any virtual key
GetVirtualKey: Could not map char: p (112) to any virtual key
GetVirtualKey: Could not map char: c (99) to any virtual key
GetVirtualKey: Could not map char: r (114) to any virtual key
GetVirtualKey: Could not map char: P (80) to any virtual key
GetVirtualKey: Could not map char: n (110) to any virtual key
GetVirtualKey: Could not map char: n (110) to any virtual key
GetVirtualKey: Could not map char: g (103) to any virtual key
GetVirtualKey: Could not map char: = (61) to any virtual key
GetVirtualKey: Could not map char: f (102) to any virtual key
GetVirtualKey: Could not map char: f (102) to any virtual key
GetVirtualKey: Could not map char: a (97) to any virtual key
GetVirtualKey: Could not map char: a (97) to any virtual key
GetVirtualKey: Could not map char: n (110) to any virtual key
GetVirtualKey: Could not map char: o (111) to any virtual key
GetVirtualKey: Could not map char: s (115) to any virtual key
GetVirtualKey: Could not map char: s (115) to any virtual key
GetVirtualKey: Could not map char: b (98) to any virtual key
GetVirtualKey: Could not map char: b (98) to any virtual key
GetVirtualKey: Could not map char: c (99) to any virtual key
GetVirtualKey: Could not map char: u (117) to any virtual key
ScheduleIndexationOnStartup MainProcess:True IndexOnStartup:True
Mono: successfully reloaded assembly
- Finished resetting the current domain, in  3.676 seconds
Domain Reload Profiling: 6235ms
	BeginReloadAssembly (1684ms)
		DisableScriptedObjects (329ms)
		CreateAndSetChildDomain (900ms)
	RebuildCommonClasses (24ms)
	RebuildNativeTypeToScriptingClass (34ms)
	initialDomainReloadingComplete (110ms)
	LoadAllAssembliesAndSetupDomain (705ms)
		LoadAssemblies (289ms)
		AnalyzeDomain (398ms)
			TypeCache.Refresh (18ms)
			BuildScriptInfoCaches (329ms)
			ResolveRequiredComponents (48ms)
	FinalizeReload (3679ms)
		SetupLoadedEditorAssemblies (0ms)
			InitializePlatformSupportModulesInManaged (5ms)
			BeforeProcessingInitializeOnLoad (347ms)
			ProcessInitializeOnLoadAttributes (710ms)
			ProcessInitializeOnLoadMethodAttributes (273ms)
			AfterProcessingInitializeOnLoad (10ms)
		AwakeInstancesAfterBackupRestoration (1281ms)

Asset Pipeline Refresh (id=d7bfc4b88a637374f8da1595db1680d1): Total: 6.702 seconds - Initiated by StopAssetImportingV2(ForceSynchronousImport | ForceDomainReload)
	(Values over 0.05ms)
	Summary:
		Imports: total=0 (actual=0, local cache=0, cache server=0)
		Asset DB Process Time: managed=0 ms, native=3918 ms
		Asset DB Callback time: managed=56 ms, native=1 ms
		Scripting: domain reloads=1, domain reload time=2719 ms, compile time=6 ms, other=0 ms
		Project Asset Count: scripts=1374, non-scripts=2362
		Asset File Changes: new=0, changed=0, moved=0, deleted=0
		Scan Filter Count: 0
	InvokePackagesCallback: 3.031ms
	ApplyChangesToAssetFolders: 0.546ms
	Collect global state as custom dependencies: 5.478ms
	ProcessAssetsWithTransientArtifactChanges: 9.805ms
	CategorizeAssets: 91.177ms
	CompileScripts: 5.877ms
	ImportOutOfDateAssets: 3753.599ms (3705.313ms without children)
		CollectScriptTypesHashes: 1.777ms
		ReloadNativeAssets: 2.175ms
		UnloadImportedAssets: 0.379ms
		EnsureUptoDateAssetsAreRegisteredWithGuidPM: 1.236ms
		ImportSchedulerStart: 44.438ms
	PostProcessAllAssets: 56.897ms
		MonoPostProcessAllAssets: 56.889ms
			UniversalRenderPipelineGlobalSettingsPostprocessor.OnPostprocessAllAssets 20.154ms
			AssetPostprocessor.OnPostprocessAllAssets 9.424ms
			AssetChangedListener.OnPostprocessAllAssets 9.017ms
			BuilderAssetPostprocessor.OnPostprocessAllAssets 8.865ms
			SyncVS.PostprocessSyncProject 6.101ms
			WindowAssetPostprocessingWatcher.OnPostprocessAllAssets 3.967ms
			SpeedTree9Postprocessor.OnPostprocessAllAssets 3.392ms
			ShaderGraphAssetPostProcessor.OnPostprocessAllAssets 3.033ms
			RetainedModeAssetPostprocessor.OnPostprocessAllAssets 1.931ms
			EditModeScopePostprocessor.OnPostprocessAllAssets 1.821ms
			RenderPipelineGlobalSettingsPostprocessor.OnPostprocessAllAssets 1.613ms
			ProjectSettingsPostprocessor.OnPostprocessAllAssets 1.262ms
			TMPro_TexturePostProcessor.OnPostprocessAllAssets 1.163ms
			ArtifactBrowserPostProcessor.OnPostprocessAllAssets 1.087ms
			UVCSAssetPostprocessor.OnPostprocessAllAssets 1.019ms
			TextAssetPostProcessor.OnPostprocessAllAssets 0.963ms
			MaterialPostprocessor.OnPostprocessAllAssets 0.826ms
			ShaderReflectionAssetPostProcessor.OnPostprocessAllAssets 0.670ms
			InputActionJsonNameModifierAssetProcessor.OnPostprocessAllAssets 0.665ms
			SampleDependencyImporterPostProcessor.OnPostprocessAllAssets 0.645ms
			AudioMixerPostprocessor.OnPostprocessAllAssets 0.606ms
			InputActionAssetPostprocessor.OnPostprocessAllAssets 0.508ms
			PostProcessor.OnPostprocessAllAssets 0.477ms
			ReferencedClipsPostProcessor.OnPostprocessAllAssets 0.434ms
			AssetEvents.OnPostprocessAllAssets 0.431ms
			StyleCatalogPostProcessor.OnPostprocessAllAssets 0.369ms
			SpeedTreePostProcessor.OnPostprocessAllAssets 0.353ms
			TerrainToolbarOverlayPostProcessor.OnPostprocessAllAssets 0.319ms
			SamplePostprocessor.OnPostprocessAllAssets 0.290ms
			ScenarioDriftAssetsTracker.OnPostprocessAllAssets 0.260ms
			AssetDatabaseCallbacks.OnPostprocessAllAssets 0.258ms
			AssetReloadNotifier.OnPostprocessAllAssets 0.258ms
			ConfigAssetsTracker.OnPostprocessAllAssets 0.239ms
			AudioContainerPostProcessor.OnPostprocessAllAssets 0.139ms
	GatherAllCurrentPrimaryImportResultRevisions: 0.262ms
	PersistCurrentRevisions: 0.166ms
	GenerateScriptTypeHashes: 4.440ms
	GenerateScriptTypeSerializationHashes: 7.255ms
	Untracked: 2768.885ms

[Licensing::Client] Successfully resolved entitlement details
[Licensing::Client] Successfully resolved entitlement details
Asset Pipeline Refresh (id=f72e671019833a04484c9eaf88830c99): Total: 0.022 seconds - Initiated by RefreshV2(AllowForceSynchronousImport)
Reloading assemblies for play mode.
Reloading assemblies after forced synchronous recompile.
[Licensing::Client] Successfully resolved entitlement details
Begin MonoManager ReloadAssembly
GetVirtualKey: Could not map char: z (122) to any virtual key
GetVirtualKey: Could not map char: y (121) to any virtual key
GetVirtualKey: Could not map char: x (120) to any virtual key
GetVirtualKey: Could not map char: c (99) to any virtual key
GetVirtualKey: Could not map char: v (118) to any virtual key
GetVirtualKey: Could not map char: V (86) to any virtual key
GetVirtualKey: Could not map char: d (100) to any virtual key
GetVirtualKey: Could not map char: f (102) to any virtual key
GetVirtualKey: Could not map char: f (102) to any virtual key
GetVirtualKey: Could not map char: a (97) to any virtual key
GetVirtualKey: Could not map char: d (100) to any virtual key
GetVirtualKey: Could not map char: c (99) to any virtual key
GetVirtualKey: Could not map char: r (114) to any virtual key
GetVirtualKey: Could not map char: i (105) to any virtual key
GetVirtualKey: Could not map char: l (108) to any virtual key
GetVirtualKey: Could not map char: f (102) to any virtual key
GetVirtualKey: Could not map char: k (107) to any virtual key
GetVirtualKey: Could not map char: p (112) to any virtual key
GetVirtualKey: Could not map char: p (112) to any virtual key
GetVirtualKey: Could not map char: p (112) to any virtual key
GetVirtualKey: Could not map char: c (99) to any virtual key
GetVirtualKey: Could not map char: r (114) to any virtual key
GetVirtualKey: Could not map char: P (80) to any virtual key
GetVirtualKey: Could not map char: n (110) to any virtual key
GetVirtualKey: Could not map char: n (110) to any virtual key
GetVirtualKey: Could not map char: g (103) to any virtual key
GetVirtualKey: Could not map char: = (61) to any virtual key
GetVirtualKey: Could not map char: f (102) to any virtual key
GetVirtualKey: Could not map char: f (102) to any virtual key
GetVirtualKey: Could not map char: a (97) to any virtual key
GetVirtualKey: Could not map char: a (97) to any virtual key
GetVirtualKey: Could not map char: c (99) to any virtual key
GetVirtualKey: Could not map char: u (117) to any virtual key
GetVirtualKey: Could not map char: n (110) to any virtual key
GetVirtualKey: Could not map char: o (111) to any virtual key
GetVirtualKey: Could not map char: s (115) to any virtual key
GetVirtualKey: Could not map char: s (115) to any virtual key
GetVirtualKey: Could not map char: b (98) to any virtual key
GetVirtualKey: Could not map char: b (98) to any virtual key
Refreshing native plugins compatible for Editor in 7.36 ms, found 4 plugins.
Native extension for WindowsStandalone target not found
Native extension for WebGL target not found
ScheduleIndexationOnStartup MainProcess:True IndexOnStartup:True
[MODES] ModeService[none].Initialize
[MODES] ModeService[none].LoadModes
Mono: successfully reloaded assembly
- Finished resetting the current domain, in  3.282 seconds
Domain Reload Profiling: 5158ms
	BeginReloadAssembly (1333ms)
		DisableScriptedObjects (148ms)
		CreateAndSetChildDomain (862ms)
	RebuildCommonClasses (26ms)
	RebuildNativeTypeToScriptingClass (33ms)
	initialDomainReloadingComplete (105ms)
	LoadAllAssembliesAndSetupDomain (377ms)
		LoadAssemblies (303ms)
		AnalyzeDomain (66ms)
			TypeCache.Refresh (15ms)
			ResolveRequiredComponents (43ms)
	FinalizeReload (3283ms)
		SetupLoadedEditorAssemblies (0ms)
			InitializePlatformSupportModulesInManaged (3ms)
			BeforeProcessingInitializeOnLoad (148ms)
			ProcessInitializeOnLoadAttributes (690ms)
			ProcessInitializeOnLoadMethodAttributes (253ms)
			AfterProcessingInitializeOnLoad (8ms)
		AwakeInstancesAfterBackupRestoration (1174ms)

Asset Pipeline Refresh (id=886ca7826de5e684a99cffd134878196): Total: 5.654 seconds - Initiated by StopAssetImportingV2(ForceSynchronousImport | ForceDomainReload)
	(Values over 0.05ms)
	Summary:
		Imports: total=0 (actual=0, local cache=0, cache server=0)
		Asset DB Process Time: managed=0 ms, native=3512 ms
		Asset DB Callback time: managed=53 ms, native=1 ms
		Scripting: domain reloads=1, domain reload time=2084 ms, compile time=2 ms, other=0 ms
		Project Asset Count: scripts=1374, non-scripts=2362
		Asset File Changes: new=0, changed=0, moved=0, deleted=0
		Scan Filter Count: 0
	InvokePackagesCallback: 3.065ms
	ApplyChangesToAssetFolders: 0.634ms
	Collect global state as custom dependencies: 4.960ms
	ProcessAssetsWithTransientArtifactChanges: 0.589ms
	CategorizeAssets: 78.507ms
	CompileScripts: 2.189ms
	ImportOutOfDateAssets: 3362.137ms (3311.030ms without children)
		CollectScriptTypesHashes: 0.887ms
		ReloadNativeAssets: 1.994ms
		UnloadImportedAssets: 0.356ms
		EnsureUptoDateAssetsAreRegisteredWithGuidPM: 1.310ms
		ImportSchedulerStart: 47.373ms
	PostProcessAllAssets: 53.562ms
		MonoPostProcessAllAssets: 53.553ms
			UniversalRenderPipelineGlobalSettingsPostprocessor.OnPostprocessAllAssets 16.962ms
			AssetPostprocessor.OnPostprocessAllAssets 9.424ms
			AssetChangedListener.OnPostprocessAllAssets 9.017ms
			BuilderAssetPostprocessor.OnPostprocessAllAssets 8.865ms
			SyncVS.PostprocessSyncProject 6.306ms
			SpeedTree9Postprocessor.OnPostprocessAllAssets 3.630ms
			ShaderGraphAssetPostProcessor.OnPostprocessAllAssets 3.033ms
			WindowAssetPostprocessingWatcher.OnPostprocessAllAssets 2.916ms
			RetainedModeAssetPostprocessor.OnPostprocessAllAssets 1.931ms
			ProjectSettingsPostprocessor.OnPostprocessAllAssets 1.442ms
			RenderPipelineGlobalSettingsPostprocessor.OnPostprocessAllAssets 1.244ms
			TMPro_TexturePostProcessor.OnPostprocessAllAssets 1.163ms
			ArtifactBrowserPostProcessor.OnPostprocessAllAssets 1.087ms
			UVCSAssetPostprocessor.OnPostprocessAllAssets 1.019ms
			TextAssetPostProcessor.OnPostprocessAllAssets 0.963ms
			MaterialPostprocessor.OnPostprocessAllAssets 0.826ms
			ShaderReflectionAssetPostProcessor.OnPostprocessAllAssets 0.746ms
			InputActionJsonNameModifierAssetProcessor.OnPostprocessAllAssets 0.665ms
			SampleDependencyImporterPostProcessor.OnPostprocessAllAssets 0.645ms
			AudioMixerPostprocessor.OnPostprocessAllAssets 0.606ms
			InputActionAssetPostprocessor.OnPostprocessAllAssets 0.560ms
			PostProcessor.OnPostprocessAllAssets 0.477ms
			EditModeScopePostprocessor.OnPostprocessAllAssets 0.473ms
			AssetEvents.OnPostprocessAllAssets 0.431ms
			StyleCatalogPostProcessor.OnPostprocessAllAssets 0.369ms
			ReferencedClipsPostProcessor.OnPostprocessAllAssets 0.356ms
			SpeedTreePostProcessor.OnPostprocessAllAssets 0.353ms
			TerrainToolbarOverlayPostProcessor.OnPostprocessAllAssets 0.293ms
			SamplePostprocessor.OnPostprocessAllAssets 0.290ms
			ScenarioDriftAssetsTracker.OnPostprocessAllAssets 0.260ms
			AssetReloadNotifier.OnPostprocessAllAssets 0.258ms
			ConfigAssetsTracker.OnPostprocessAllAssets 0.239ms
			AssetDatabaseCallbacks.OnPostprocessAllAssets 0.215ms
			AudioContainerPostProcessor.OnPostprocessAllAssets 0.139ms
	GatherAllCurrentPrimaryImportResultRevisions: 0.491ms
	UnloadStreamsBegin: 0.059ms
	PersistCurrentRevisions: 0.223ms
	GenerateScriptTypeHashes: 4.059ms
	GenerateScriptTypeSerializationHashes: 6.677ms
	Untracked: 2140.962ms

Loaded scene 'Temp/__Backupscenes/0.backup'
	Deserialize:            7.151 ms
	Integration:            1063.024 ms
	Integration of assets:  0.015 ms
	Thread Wait Time:       0.018 ms
	Total Operation Time:   1070.208 ms
[Licensing::Client] Successfully resolved entitlement details
[Licensing::Client] Successfully resolved entitlement details
0.9809996
UnityEngine.Debug:ExtractStackTraceNoAlloc (byte*,int,string)
UnityEngine.StackTraceUtility:ExtractStackTrace ()
UnityEngine.DebugLogHandler:Internal_Log (UnityEngine.LogType,UnityEngine.LogOption,string,UnityEngine.Object)
UnityEngine.DebugLogHandler:LogFormat (UnityEngine.LogType,UnityEngine.Object,string,object[])
UnityEngine.Logger:Log (UnityEngine.LogType,object)
UnityEngine.Debug:Log (object)
PlatForm:OnCollisionEnter (UnityEngine.Collision) (at Assets/Script/PlatForm.cs:12)
UnityEngine.Physics:SendOnCollisionEnter (UnityEngine.Component,UnityEngine.Collision)
UnityEngine.Physics:ReportContacts (Unity.Collections.NativeArray`1/ReadOnly<UnityEngine.ContactPairHeader>)
UnityEngine.Physics:OnSceneContact (UnityEngine.PhysicsScene,intptr,int)

(Filename: Assets/Script/PlatForm.cs Line: 12)

Success
UnityEngine.Debug:ExtractStackTraceNoAlloc (byte*,int,string)
UnityEngine.StackTraceUtility:ExtractStackTrace ()
UnityEngine.DebugLogHandler:Internal_Log (UnityEngine.LogType,UnityEngine.LogOption,string,UnityEngine.Object)
UnityEngine.DebugLogHandler:LogFormat (UnityEngine.LogType,UnityEngine.Object,string,object[])
UnityEngine.Logger:Log (UnityEngine.LogType,object)
UnityEngine.Debug:Log (object)
PlatForm:OnCollisionEnter (UnityEngine.Collision) (at Assets/Script/PlatForm.cs:15)
UnityEngine.Physics:SendOnCollisionEnter (UnityEngine.Component,UnityEngine.Collision)
UnityEngine.Physics:ReportContacts (Unity.Collections.NativeArray`1/ReadOnly<UnityEngine.ContactPairHeader>)
UnityEngine.Physics:OnSceneContact (UnityEngine.PhysicsScene,intptr,int)

(Filename: Assets/Script/PlatForm.cs Line: 15)

2.001229
UnityEngine.Debug:ExtractStackTraceNoAlloc (byte*,int,string)
UnityEngine.StackTraceUtility:ExtractStackTrace ()
UnityEngine.DebugLogHandler:Internal_Log (UnityEngine.LogType,UnityEngine.LogOption,string,UnityEngine.Object)
UnityEngine.DebugLogHandler:LogFormat (UnityEngine.LogType,UnityEngine.Object,string,object[])
UnityEngine.Logger:Log (UnityEngine.LogType,object)
UnityEngine.Debug:Log (object)
PlatForm:OnCollisionEnter (UnityEngine.Collision) (at Assets/Script/PlatForm.cs:12)
UnityEngine.Physics:SendOnCollisionEnter (UnityEngine.Component,UnityEngine.Collision)
UnityEngine.Physics:ReportContacts (Unity.Collections.NativeArray`1/ReadOnly<UnityEngine.ContactPairHeader>)
UnityEngine.Physics:OnSceneContact (UnityEngine.PhysicsScene,intptr,int)

(Filename: Assets/Script/PlatForm.cs Line: 12)

Success
UnityEngine.Debug:ExtractStackTraceNoAlloc (byte*,int,string)
UnityEngine.StackTraceUtility:ExtractStackTrace ()
UnityEngine.DebugLogHandler:Internal_Log (UnityEngine.LogType,UnityEngine.LogOption,string,UnityEngine.Object)
UnityEngine.DebugLogHandler:LogFormat (UnityEngine.LogType,UnityEngine.Object,string,object[])
UnityEngine.Logger:Log (UnityEngine.LogType,object)
UnityEngine.Debug:Log (object)
PlatForm:OnCollisionEnter (UnityEngine.Collision) (at Assets/Script/PlatForm.cs:15)
UnityEngine.Physics:SendOnCollisionEnter (UnityEngine.Component,UnityEngine.Collision)
UnityEngine.Physics:ReportContacts (Unity.Collections.NativeArray`1/ReadOnly<UnityEngine.ContactPairHeader>)
UnityEngine.Physics:OnSceneContact (UnityEngine.PhysicsScene,intptr,int)

(Filename: Assets/Script/PlatForm.cs Line: 15)

45.52646
UnityEngine.Debug:ExtractStackTraceNoAlloc (byte*,int,string)
UnityEngine.StackTraceUtility:ExtractStackTrace ()
UnityEngine.DebugLogHandler:Internal_Log (UnityEngine.LogType,UnityEngine.LogOption,string,UnityEngine.Object)
UnityEngine.DebugLogHandler:LogFormat (UnityEngine.LogType,UnityEngine.Object,string,object[])
UnityEngine.Logger:Log (UnityEngine.LogType,object)
UnityEngine.Debug:Log (object)
PlatForm:OnCollisionEnter (UnityEngine.Collision) (at Assets/Script/PlatForm.cs:12)
UnityEngine.Physics:SendOnCollisionEnter (UnityEngine.Component,UnityEngine.Collision)
UnityEngine.Physics:ReportContacts (Unity.Collections.NativeArray`1/ReadOnly<UnityEngine.ContactPairHeader>)
UnityEngine.Physics:OnSceneContact (UnityEngine.PhysicsScene,intptr,int)

(Filename: Assets/Script/PlatForm.cs Line: 12)

Boom
UnityEngine.Debug:ExtractStackTraceNoAlloc (byte*,int,string)
UnityEngine.StackTraceUtility:ExtractStackTrace ()
UnityEngine.DebugLogHandler:Internal_Log (UnityEngine.LogType,UnityEngine.LogOption,string,UnityEngine.Object)
UnityEngine.DebugLogHandler:LogFormat (UnityEngine.LogType,UnityEngine.Object,string,object[])
UnityEngine.Logger:Log (UnityEngine.LogType,object)
UnityEngine.Debug:Log (object)
PlatForm:OnCollisionEnter (UnityEngine.Collision) (at Assets/Script/PlatForm.cs:19)
UnityEngine.Physics:SendOnCollisionEnter (UnityEngine.Component,UnityEngine.Collision)
UnityEngine.Physics:ReportContacts (Unity.Collections.NativeArray`1/ReadOnly<UnityEngine.ContactPairHeader>)
UnityEngine.Physics:OnSceneContact (UnityEngine.PhysicsScene,intptr,int)

(Filename: Assets/Script/PlatForm.cs Line: 19)

Asset Pipeline Refresh (id=d4e4af0a65cae334980079baa3dccde1): Total: 0.017 seconds - Initiated by RefreshV2(NoUpdateAssetOptions)
Unloading 0 Unused Serialized files (Serialized files now loaded: 0)
Loaded scene 'Temp/__Backupscenes/0.backup'
	Deserialize:            3.227 ms
	Integration:            341.984 ms
	Integration of assets:  0.010 ms
	Thread Wait Time:       0.024 ms
	Total Operation Time:   345.245 ms
Unloading 16 unused Assets / (471.1 KB). Loaded Objects now: 8945.
Memory consumption went from 0.94 GB to 0.94 GB.
Total: 46.451900 ms (FindLiveObjects: 1.222000 ms CreateObjectMapping: 1.897600 ms MarkObjects: 42.655400 ms  DeleteObjects: 0.667100 ms)

[Licensing::Client] Successfully resolved entitlement details
[ScriptCompilation] Requested script compilation because: AssetDatabase observed changes in script compilation related files
Refreshing native plugins compatible for Editor in 2.45 ms, found 4 plugins.
Asset Pipeline Refresh (id=1b4ca084fc5a16441942dc63f8d5b73b): Total: 0.209 seconds - Initiated by RefreshV2(NoUpdateAssetOptions)
[Licensing::Client] Successfully resolved entitlement details
info: Microsoft.AspNetCore.Hosting.Diagnostics[1]
      Request starting HTTP/2 POST http://ilpp/UnityILPP.PostProcessing/Ping - application/grpc -
info: Microsoft.AspNetCore.Routing.EndpointMiddleware[0]
      Executing endpoint 'gRPC - /UnityILPP.PostProcessing/Ping'
info: Microsoft.AspNetCore.Routing.EndpointMiddleware[1]
      Executed endpoint 'gRPC - /UnityILPP.PostProcessing/Ping'
info: Microsoft.AspNetCore.Hosting.Diagnostics[2]
      Request finished HTTP/2 POST http://ilpp/UnityILPP.PostProcessing/Ping - 200 - application/grpc 1.2752ms
Starting: C:\Program Files\Unity\Hub\Editor\6000.5.9f1\Editor\Data\Tools\BuildPipeline\bee_backend.exe --ipc --defer-dag-verification --dagfile="Library/Bee/1900b0aE.dag" --continue-on-failure --profile="Library/Bee/backend1.traceevents" ScriptAssemblies
WorkingDir: C:/Users/golfa/Rocket
info: Microsoft.AspNetCore.Hosting.Diagnostics[1]
      Request starting HTTP/2 POST http://ilpp/UnityILPP.PostProcessing/ConfigurePostProcessors - application/grpc -
info: Microsoft.AspNetCore.Routing.EndpointMiddleware[0]
      Executing endpoint 'gRPC - /UnityILPP.PostProcessing/ConfigurePostProcessors'
info: Unity.ILPP.Runner.PostProcessingAssemblyLoadContext[0]
      Current configuration matches the requested one, skipping
info: Microsoft.AspNetCore.Routing.EndpointMiddleware[1]
      Executed endpoint 'gRPC - /UnityILPP.PostProcessing/ConfigurePostProcessors'
info: Microsoft.AspNetCore.Hosting.Diagnostics[2]
      Request finished HTTP/2 POST http://ilpp/UnityILPP.PostProcessing/ConfigurePostProcessors - 200 - application/grpc 2.0755ms
Asset Pipeline Refresh (id=1c9b5f7834beab04d8ce7de108e7cdcc): Total: 0.016 seconds - Initiated by RefreshV2(NoUpdateAssetOptions)
Asset Pipeline Refresh (id=85195af6455ed7448b658f11713ee535): Total: 0.005 seconds - Initiated by RefreshV2(NoUpdateAssetOptions)
Asset Pipeline Refresh (id=37bfe025f25d2324899cc0d83e0cae0e): Total: 0.010 seconds - Initiated by RefreshV2(NoUpdateAssetOptions)
Asset Pipeline Refresh (id=a50bf62f00729dd4d824bb50531bfccb): Total: 0.017 seconds - Initiated by RefreshV2(NoUpdateAssetOptions)
info: Microsoft.AspNetCore.Hosting.Diagnostics[1]
      Request starting HTTP/2 POST http://ilpp/UnityILPP.PostProcessing/PostProcessAssembly - application/grpc -
info: Microsoft.AspNetCore.Routing.EndpointMiddleware[0]
      Executing endpoint 'gRPC - /UnityILPP.PostProcessing/PostProcessAssembly'
info: Unity.ILPP.Runner.PostProcessingPipeline[0]
      Processing assembly Library/Bee/artifacts/1900b0aE.dag/Assembly-CSharp.dll, with 141 defines and 339 references
info: Unity.ILPP.Runner.PostProcessingPipeline[0]
      processors: Unity.Jobs.CodeGen.JobsILPostProcessor, zzzUnity.Burst.CodeGen.BurstILPostProcessor
info: Unity.ILPP.Runner.PostProcessingPipeline[0]
      running Unity.Jobs.CodeGen.JobsILPostProcessor
info: Unity.ILPP.Runner.PostProcessingPipeline[0]
      running zzzUnity.Burst.CodeGen.BurstILPostProcessor
info: Microsoft.AspNetCore.Routing.EndpointMiddleware[1]
      Executed endpoint 'gRPC - /UnityILPP.PostProcessing/PostProcessAssembly'
info: Microsoft.AspNetCore.Hosting.Diagnostics[2]
      Request finished HTTP/2 POST http://ilpp/UnityILPP.PostProcessing/PostProcessAssembly - 200 - application/grpc 26.6668ms
ExitCode: 0 Duration: 0s781ms
[730/927    0s] ILPP-Configuration Library/ilpp-configuration.nevergeneratedoutput
[923/927    0s] Csc Library/Bee/artifacts/1900b0aE.dag/Assembly-CSharp.dll (+2 others)
[924/927    0s] ILPostProcess Library/Bee/artifacts/1900b0aE.dag/post-processed/Assembly-CSharp.dll (+pdb)
Processing assembly Library/Bee/artifacts/1900b0aE.dag/Assembly-CSharp.dll, with 141 defines and 339 references

processors: Unity.Jobs.CodeGen.JobsILPostProcessor, zzzUnity.Burst.CodeGen.BurstILPostProcessor

running Unity.Jobs.CodeGen.JobsILPostProcessor

running zzzUnity.Burst.CodeGen.BurstILPostProcessor
[925/927    0s] CopyFiles Library/ScriptAssemblies/Assembly-CSharp.dll
[926/927    0s] CopyFiles Library/ScriptAssemblies/Assembly-CSharp.pdb
*** Tundra build success (0.74 seconds), 5 items updated, 927 evaluated
Reloading assemblies after finishing script compilation.
Reloading assemblies after forced synchronous recompile.
Total cache size 64119356
Total cache size after purge 64119356, took 00:00:00.1448174
Begin MonoManager ReloadAssembly
GetVirtualKey: Could not map char: z (122) to any virtual key
GetVirtualKey: Could not map char: y (121) to any virtual key
GetVirtualKey: Could not map char: x (120) to any virtual key
GetVirtualKey: Could not map char: c (99) to any virtual key
GetVirtualKey: Could not map char: v (118) to any virtual key
GetVirtualKey: Could not map char: V (86) to any virtual key
GetVirtualKey: Could not map char: d (100) to any virtual key
GetVirtualKey: Could not map char: f (102) to any virtual key
GetVirtualKey: Could not map char: f (102) to any virtual key
GetVirtualKey: Could not map char: a (97) to any virtual key
GetVirtualKey: Could not map char: d (100) to any virtual key
GetVirtualKey: Could not map char: c (99) to any virtual key
GetVirtualKey: Could not map char: r (114) to any virtual key
GetVirtualKey: Could not map char: i (105) to any virtual key
GetVirtualKey: Could not map char: l (108) to any virtual key
GetVirtualKey: Could not map char: f (102) to any virtual key
GetVirtualKey: Could not map char: k (107) to any virtual key
GetVirtualKey: Could not map char: p (112) to any virtual key
GetVirtualKey: Could not map char: p (112) to any virtual key
GetVirtualKey: Could not map char: p (112) to any virtual key
GetVirtualKey: Could not map char: c (99) to any virtual key
GetVirtualKey: Could not map char: r (114) to any virtual key
GetVirtualKey: Could not map char: P (80) to any virtual key
GetVirtualKey: Could not map char: n (110) to any virtual key
GetVirtualKey: Could not map char: n (110) to any virtual key
GetVirtualKey: Could not map char: g (103) to any virtual key
GetVirtualKey: Could not map char: = (61) to any virtual key
GetVirtualKey: Could not map char: f (102) to any virtual key
GetVirtualKey: Could not map char: f (102) to any virtual key
GetVirtualKey: Could not map char: a (97) to any virtual key
GetVirtualKey: Could not map char: a (97) to any virtual key
GetVirtualKey: Could not map char: n (110) to any virtual key
GetVirtualKey: Could not map char: o (111) to any virtual key
GetVirtualKey: Could not map char: s (115) to any virtual key
GetVirtualKey: Could not map char: s (115) to any virtual key
GetVirtualKey: Could not map char: b (98) to any virtual key
GetVirtualKey: Could not map char: b (98) to any virtual key
GetVirtualKey: Could not map char: c (99) to any virtual key
GetVirtualKey: Could not map char: u (117) to any virtual key
Refreshing native plugins compatible for Editor in 2.37 ms, found 4 plugins.
Native extension for WindowsStandalone target not found
Native extension for WebGL target not found
[MODES] ModeService[none].Initialize
[MODES] ModeService[none].LoadModes
GetVirtualKey: Could not map char: z (122) to any virtual key
GetVirtualKey: Could not map char: y (121) to any virtual key
GetVirtualKey: Could not map char: x (120) to any virtual key
GetVirtualKey: Could not map char: c (99) to any virtual key
GetVirtualKey: Could not map char: v (118) to any virtual key
GetVirtualKey: Could not map char: V (86) to any virtual key
GetVirtualKey: Could not map char: d (100) to any virtual key
GetVirtualKey: Could not map char: f (102) to any virtual key
GetVirtualKey: Could not map char: f (102) to any virtual key
GetVirtualKey: Could not map char: a (97) to any virtual key
GetVirtualKey: Could not map char: d (100) to any virtual key
GetVirtualKey: Could not map char: c (99) to any virtual key
GetVirtualKey: Could not map char: r (114) to any virtual key
GetVirtualKey: Could not map char: i (105) to any virtual key
GetVirtualKey: Could not map char: l (108) to any virtual key
GetVirtualKey: Could not map char: f (102) to any virtual key
GetVirtualKey: Could not map char: k (107) to any virtual key
GetVirtualKey: Could not map char: p (112) to any virtual key
GetVirtualKey: Could not map char: p (112) to any virtual key
GetVirtualKey: Could not map char: p (112) to any virtual key
GetVirtualKey: Could not map char: c (99) to any virtual key
GetVirtualKey: Could not map char: r (114) to any virtual key
GetVirtualKey: Could not map char: P (80) to any virtual key
GetVirtualKey: Could not map char: n (110) to any virtual key
GetVirtualKey: Could not map char: n (110) to any virtual key
GetVirtualKey: Could not map char: g (103) to any virtual key
GetVirtualKey: Could not map char: = (61) to any virtual key
GetVirtualKey: Could not map char: f (102) to any virtual key
GetVirtualKey: Could not map char: f (102) to any virtual key
GetVirtualKey: Could not map char: a (97) to any virtual key
GetVirtualKey: Could not map char: a (97) to any virtual key
GetVirtualKey: Could not map char: n (110) to any virtual key
GetVirtualKey: Could not map char: o (111) to any virtual key
GetVirtualKey: Could not map char: s (115) to any virtual key
GetVirtualKey: Could not map char: s (115) to any virtual key
GetVirtualKey: Could not map char: b (98) to any virtual key
GetVirtualKey: Could not map char: b (98) to any virtual key
GetVirtualKey: Could not map char: c (99) to any virtual key
GetVirtualKey: Could not map char: u (117) to any virtual key
ScheduleIndexationOnStartup MainProcess:True IndexOnStartup:True
Mono: successfully reloaded assembly
- Finished resetting the current domain, in  3.355 seconds
Domain Reload Profiling: 5735ms
	BeginReloadAssembly (1546ms)
		DisableScriptedObjects (133ms)
		CreateAndSetChildDomain (838ms)
	RebuildCommonClasses (28ms)
	RebuildNativeTypeToScriptingClass (34ms)
	initialDomainReloadingComplete (104ms)
	LoadAllAssembliesAndSetupDomain (667ms)
		LoadAssemblies (325ms)
		AnalyzeDomain (384ms)
			TypeCache.Refresh (26ms)
			BuildScriptInfoCaches (311ms)
			ResolveRequiredComponents (43ms)
	FinalizeReload (3357ms)
		SetupLoadedEditorAssemblies (0ms)
			InitializePlatformSupportModulesInManaged (4ms)
			BeforeProcessingInitializeOnLoad (336ms)
			ProcessInitializeOnLoadAttributes (688ms)
			ProcessInitializeOnLoadMethodAttributes (254ms)
			AfterProcessingInitializeOnLoad (10ms)
		AwakeInstancesAfterBackupRestoration (1142ms)

Asset Pipeline Refresh (id=b201a7ff2d80d0a40af2a7b824b0e65c): Total: 6.120 seconds - Initiated by StopAssetImportingV2(ForceSynchronousImport | ForceDomainReload)
	(Values over 0.05ms)
	Summary:
		Imports: total=0 (actual=0, local cache=0, cache server=0)
		Asset DB Process Time: managed=0 ms, native=3564 ms
		Asset DB Callback time: managed=53 ms, native=1 ms
		Scripting: domain reloads=1, domain reload time=2497 ms, compile time=2 ms, other=0 ms
		Project Asset Count: scripts=1374, non-scripts=2362
		Asset File Changes: new=0, changed=0, moved=0, deleted=0
		Scan Filter Count: 0
	InvokePackagesCallback: 2.926ms
	ApplyChangesToAssetFolders: 0.455ms
	Collect global state as custom dependencies: 6.954ms
	ProcessAssetsWithTransientArtifactChanges: 8.302ms
	CategorizeAssets: 68.984ms
	CompileScripts: 2.139ms
	ImportOutOfDateAssets: 3428.899ms (3377.603ms without children)
		CollectScriptTypesHashes: 1.762ms
		ReloadNativeAssets: 2.022ms
		UnloadImportedAssets: 0.399ms
		EnsureUptoDateAssetsAreRegisteredWithGuidPM: 1.239ms
		ImportSchedulerStart: 47.589ms
	PostProcessAllAssets: 53.815ms
		MonoPostProcessAllAssets: 53.804ms
			UniversalRenderPipelineGlobalSettingsPostprocessor.OnPostprocessAllAssets 19.213ms
			AssetChangedListener.OnPostprocessAllAssets 10.783ms
			AssetPostprocessor.OnPostprocessAllAssets 10.355ms
			BuilderAssetPostprocessor.OnPostprocessAllAssets 9.361ms
			SyncVS.PostprocessSyncProject 5.791ms
			ShaderGraphAssetPostProcessor.OnPostprocessAllAssets 3.520ms
			SpeedTree9Postprocessor.OnPostprocessAllAssets 3.318ms
			WindowAssetPostprocessingWatcher.OnPostprocessAllAssets 3.240ms
			RetainedModeAssetPostprocessor.OnPostprocessAllAssets 2.380ms
			EditModeScopePostprocessor.OnPostprocessAllAssets 1.902ms
			ProjectSettingsPostprocessor.OnPostprocessAllAssets 1.471ms
			RenderPipelineGlobalSettingsPostprocessor.OnPostprocessAllAssets 1.300ms
			UVCSAssetPostprocessor.OnPostprocessAllAssets 1.207ms
			TMPro_TexturePostProcessor.OnPostprocessAllAssets 1.140ms
			ArtifactBrowserPostProcessor.OnPostprocessAllAssets 1.026ms
			MaterialPostprocessor.OnPostprocessAllAssets 0.876ms
			AudioMixerPostprocessor.OnPostprocessAllAssets 0.819ms
			AssetEvents.OnPostprocessAllAssets 0.704ms
			TextAssetPostProcessor.OnPostprocessAllAssets 0.667ms
			ShaderReflectionAssetPostProcessor.OnPostprocessAllAssets 0.643ms
			SampleDependencyImporterPostProcessor.OnPostprocessAllAssets 0.616ms
			StyleCatalogPostProcessor.OnPostprocessAllAssets 0.615ms
			SpeedTreePostProcessor.OnPostprocessAllAssets 0.593ms
			ReferencedClipsPostProcessor.OnPostprocessAllAssets 0.496ms
			InputActionAssetPostprocessor.OnPostprocessAllAssets 0.492ms
			PostProcessor.OnPostprocessAllAssets 0.476ms
			InputActionJsonNameModifierAssetProcessor.OnPostprocessAllAssets 0.420ms
			SamplePostprocessor.OnPostprocessAllAssets 0.307ms
			AssetReloadNotifier.OnPostprocessAllAssets 0.299ms
			AssetDatabaseCallbacks.OnPostprocessAllAssets 0.297ms
			ScenarioDriftAssetsTracker.OnPostprocessAllAssets 0.284ms
			ConfigAssetsTracker.OnPostprocessAllAssets 0.266ms
			TerrainToolbarOverlayPostProcessor.OnPostprocessAllAssets 0.257ms
			AudioContainerPostProcessor.OnPostprocessAllAssets 0.136ms
	GatherAllCurrentPrimaryImportResultRevisions: 0.196ms
	PersistCurrentRevisions: 0.183ms
	GenerateScriptTypeHashes: 3.815ms
	GenerateScriptTypeSerializationHashes: 6.353ms
	Untracked: 2540.576ms

[Licensing::Client] Successfully resolved entitlement details
[Licensing::Client] Successfully resolved entitlement details
Asset Pipeline Refresh (id=7d2cbda9f0a2a7c4c81974d65419c1e0): Total: 0.016 seconds - Initiated by RefreshV2(AllowForceSynchronousImport)
Reloading assemblies for play mode.
Reloading assemblies after forced synchronous recompile.
Begin MonoManager ReloadAssembly
GetVirtualKey: Could not map char: z (122) to any virtual key
GetVirtualKey: Could not map char: y (121) to any virtual key
GetVirtualKey: Could not map char: x (120) to any virtual key
GetVirtualKey: Could not map char: c (99) to any virtual key
GetVirtualKey: Could not map char: v (118) to any virtual key
GetVirtualKey: Could not map char: V (86) to any virtual key
GetVirtualKey: Could not map char: d (100) to any virtual key
GetVirtualKey: Could not map char: f (102) to any virtual key
GetVirtualKey: Could not map char: f (102) to any virtual key
GetVirtualKey: Could not map char: a (97) to any virtual key
GetVirtualKey: Could not map char: d (100) to any virtual key
GetVirtualKey: Could not map char: c (99) to any virtual key
GetVirtualKey: Could not map char: r (114) to any virtual key
GetVirtualKey: Could not map char: i (105) to any virtual key
GetVirtualKey: Could not map char: l (108) to any virtual key
GetVirtualKey: Could not map char: f (102) to any virtual key
GetVirtualKey: Could not map char: k (107) to any virtual key
GetVirtualKey: Could not map char: p (112) to any virtual key
GetVirtualKey: Could not map char: p (112) to any virtual key
GetVirtualKey: Could not map char: p (112) to any virtual key
GetVirtualKey: Could not map char: c (99) to any virtual key
GetVirtualKey: Could not map char: r (114) to any virtual key
GetVirtualKey: Could not map char: P (80) to any virtual key
GetVirtualKey: Could not map char: n (110) to any virtual key
GetVirtualKey: Could not map char: n (110) to any virtual key
GetVirtualKey: Could not map char: g (103) to any virtual key
GetVirtualKey: Could not map char: = (61) to any virtual key
GetVirtualKey: Could not map char: f (102) to any virtual key
GetVirtualKey: Could not map char: f (102) to any virtual key
GetVirtualKey: Could not map char: a (97) to any virtual key
GetVirtualKey: Could not map char: a (97) to any virtual key
GetVirtualKey: Could not map char: c (99) to any virtual key
GetVirtualKey: Could not map char: u (117) to any virtual key
GetVirtualKey: Could not map char: n (110) to any virtual key
GetVirtualKey: Could not map char: o (111) to any virtual key
GetVirtualKey: Could not map char: s (115) to any virtual key
GetVirtualKey: Could not map char: s (115) to any virtual key
GetVirtualKey: Could not map char: b (98) to any virtual key
GetVirtualKey: Could not map char: b (98) to any virtual key
Native extension for WindowsStandalone target not found
Native extension for WebGL target not found
ScheduleIndexationOnStartup MainProcess:True IndexOnStartup:True
[MODES] ModeService[none].Initialize
[MODES] ModeService[none].LoadModes
Mono: successfully reloaded assembly
- Finished resetting the current domain, in  3.326 seconds
Domain Reload Profiling: 4997ms
	BeginReloadAssembly (1173ms)
		DisableScriptedObjects (159ms)
		CreateAndSetChildDomain (746ms)
	RebuildCommonClasses (25ms)
	RebuildNativeTypeToScriptingClass (33ms)
	initialDomainReloadingComplete (99ms)
	LoadAllAssembliesAndSetupDomain (339ms)
		LoadAssemblies (218ms)
		AnalyzeDomain (71ms)
			TypeCache.Refresh (15ms)
			ResolveRequiredComponents (46ms)
	FinalizeReload (3328ms)
		SetupLoadedEditorAssemblies (0ms)
			InitializePlatformSupportModulesInManaged (4ms)
			BeforeProcessingInitializeOnLoad (174ms)
			ProcessInitializeOnLoadAttributes (665ms)
			ProcessInitializeOnLoadMethodAttributes (250ms)
			AfterProcessingInitializeOnLoad (10ms)
		AwakeInstancesAfterBackupRestoration (1210ms)

Asset Pipeline Refresh (id=f42890daa387f3b40ba03b88d73d2d93): Total: 5.343 seconds - Initiated by StopAssetImportingV2(ForceSynchronousImport | ForceDomainReload)
	(Values over 0.05ms)
	Summary:
		Imports: total=0 (actual=0, local cache=0, cache server=0)
		Asset DB Process Time: managed=0 ms, native=3537 ms
		Asset DB Callback time: managed=56 ms, native=0 ms
		Scripting: domain reloads=1, domain reload time=1745 ms, compile time=2 ms, other=0 ms
		Project Asset Count: scripts=1374, non-scripts=2362
		Asset File Changes: new=0, changed=0, moved=0, deleted=0
		Scan Filter Count: 0
	InvokePackagesCallback: 2.142ms
	ApplyChangesToAssetFolders: 0.491ms
	Collect global state as custom dependencies: 4.911ms
	ProcessAssetsWithTransientArtifactChanges: 0.403ms
	CategorizeAssets: 83.490ms
	CompileScripts: 2.375ms
	ImportOutOfDateAssets: 3394.964ms (3349.847ms without children)
		CollectScriptTypesHashes: 0.973ms
		ReloadNativeAssets: 1.741ms
		UnloadImportedAssets: 0.360ms
		EnsureUptoDateAssetsAreRegisteredWithGuidPM: 0.867ms
		ImportSchedulerStart: 42.099ms
	PostProcessAllAssets: 56.995ms
		MonoPostProcessAllAssets: 56.987ms
			UniversalRenderPipelineGlobalSettingsPostprocessor.OnPostprocessAllAssets 20.525ms
			AssetChangedListener.OnPostprocessAllAssets 10.783ms
			AssetPostprocessor.OnPostprocessAllAssets 10.355ms
			BuilderAssetPostprocessor.OnPostprocessAllAssets 9.361ms
			SyncVS.PostprocessSyncProject 5.241ms
			WindowAssetPostprocessingWatcher.OnPostprocessAllAssets 3.838ms
			SpeedTree9Postprocessor.OnPostprocessAllAssets 3.696ms
			ShaderGraphAssetPostProcessor.OnPostprocessAllAssets 3.520ms
			RetainedModeAssetPostprocessor.OnPostprocessAllAssets 2.380ms
			RenderPipelineGlobalSettingsPostprocessor.OnPostprocessAllAssets 1.264ms
			UVCSAssetPostprocessor.OnPostprocessAllAssets 1.207ms
			TMPro_TexturePostProcessor.OnPostprocessAllAssets 1.140ms
			ProjectSettingsPostprocessor.OnPostprocessAllAssets 1.031ms
			ArtifactBrowserPostProcessor.OnPostprocessAllAssets 1.026ms
			MaterialPostprocessor.OnPostprocessAllAssets 0.876ms
			AudioMixerPostprocessor.OnPostprocessAllAssets 0.819ms
			ShaderReflectionAssetPostProcessor.OnPostprocessAllAssets 0.789ms
			AssetEvents.OnPostprocessAllAssets 0.704ms
			TextAssetPostProcessor.OnPostprocessAllAssets 0.667ms
			SampleDependencyImporterPostProcessor.OnPostprocessAllAssets 0.616ms
			StyleCatalogPostProcessor.OnPostprocessAllAssets 0.615ms
			SpeedTreePostProcessor.OnPostprocessAllAssets 0.593ms
			EditModeScopePostprocessor.OnPostprocessAllAssets 0.529ms
			PostProcessor.OnPostprocessAllAssets 0.476ms
			InputActionAssetPostprocessor.OnPostprocessAllAssets 0.440ms
			ReferencedClipsPostProcessor.OnPostprocessAllAssets 0.434ms
			InputActionJsonNameModifierAssetProcessor.OnPostprocessAllAssets 0.420ms
			SamplePostprocessor.OnPostprocessAllAssets 0.307ms
			AssetReloadNotifier.OnPostprocessAllAssets 0.299ms
			ScenarioDriftAssetsTracker.OnPostprocessAllAssets 0.284ms
			TerrainToolbarOverlayPostProcessor.OnPostprocessAllAssets 0.270ms
			AssetDatabaseCallbacks.OnPostprocessAllAssets 0.269ms
			ConfigAssetsTracker.OnPostprocessAllAssets 0.266ms
			AudioContainerPostProcessor.OnPostprocessAllAssets 0.136ms
	GatherAllCurrentPrimaryImportResultRevisions: 0.272ms
	PersistCurrentRevisions: 0.166ms
	GenerateScriptTypeHashes: 4.139ms
	GenerateScriptTypeSerializationHashes: 6.743ms
	Untracked: 1789.944ms

Loaded scene 'Temp/__Backupscenes/0.backup'
	Deserialize:            5.152 ms
	Integration:            910.366 ms
	Integration of assets:  0.010 ms
	Thread Wait Time:       0.036 ms
	Total Operation Time:   915.564 ms
[Licensing::Client] Successfully resolved entitlement details
[Licensing::Client] Successfully resolved entitlement details
0.9809996
UnityEngine.Debug:ExtractStackTraceNoAlloc (byte*,int,string)
UnityEngine.StackTraceUtility:ExtractStackTrace ()
UnityEngine.DebugLogHandler:Internal_Log (UnityEngine.LogType,UnityEngine.LogOption,string,UnityEngine.Object)
UnityEngine.DebugLogHandler:LogFormat (UnityEngine.LogType,UnityEngine.Object,string,object[])
UnityEngine.Logger:Log (UnityEngine.LogType,object)
UnityEngine.Debug:Log (object)
PlatForm:OnCollisionEnter (UnityEngine.Collision) (at Assets/Script/PlatForm.cs:12)
UnityEngine.Physics:SendOnCollisionEnter (UnityEngine.Component,UnityEngine.Collision)
UnityEngine.Physics:ReportContacts (Unity.Collections.NativeArray`1/ReadOnly<UnityEngine.ContactPairHeader>)
UnityEngine.Physics:OnSceneContact (UnityEngine.PhysicsScene,intptr,int)

(Filename: Assets/Script/PlatForm.cs Line: 12)

Success
UnityEngine.Debug:ExtractStackTraceNoAlloc (byte*,int,string)
UnityEngine.StackTraceUtility:ExtractStackTrace ()
UnityEngine.DebugLogHandler:Internal_Log (UnityEngine.LogType,UnityEngine.LogOption,string,UnityEngine.Object)
UnityEngine.DebugLogHandler:LogFormat (UnityEngine.LogType,UnityEngine.Object,string,object[])
UnityEngine.Logger:Log (UnityEngine.LogType,object)
UnityEngine.Debug:Log (object)
PlatForm:OnCollisionEnter (UnityEngine.Collision) (at Assets/Script/PlatForm.cs:15)
UnityEngine.Physics:SendOnCollisionEnter (UnityEngine.Component,UnityEngine.Collision)
UnityEngine.Physics:ReportContacts (Unity.Collections.NativeArray`1/ReadOnly<UnityEngine.ContactPairHeader>)
UnityEngine.Physics:OnSceneContact (UnityEngine.PhysicsScene,intptr,int)

(Filename: Assets/Script/PlatForm.cs Line: 15)

19.86823
UnityEngine.Debug:ExtractStackTraceNoAlloc (byte*,int,string)
UnityEngine.StackTraceUtility:ExtractStackTrace ()
UnityEngine.DebugLogHandler:Internal_Log (UnityEngine.LogType,UnityEngine.LogOption,string,UnityEngine.Object)
UnityEngine.DebugLogHandler:LogFormat (UnityEngine.LogType,UnityEngine.Object,string,object[])
UnityEngine.Logger:Log (UnityEngine.LogType,object)
UnityEngine.Debug:Log (object)
PlatForm:OnCollisionEnter (UnityEngine.Collision) (at Assets/Script/PlatForm.cs:12)
UnityEngine.Physics:SendOnCollisionEnter (UnityEngine.Component,UnityEngine.Collision)
UnityEngine.Physics:ReportContacts (Unity.Collections.NativeArray`1/ReadOnly<UnityEngine.ContactPairHeader>)
UnityEngine.Physics:OnSceneContact (UnityEngine.PhysicsScene,intptr,int)

(Filename: Assets/Script/PlatForm.cs Line: 12)

Boom
UnityEngine.Debug:ExtractStackTraceNoAlloc (byte*,int,string)
UnityEngine.StackTraceUtility:ExtractStackTrace ()
UnityEngine.DebugLogHandler:Internal_Log (UnityEngine.LogType,UnityEngine.LogOption,string,UnityEngine.Object)
UnityEngine.DebugLogHandler:LogFormat (UnityEngine.LogType,UnityEngine.Object,string,object[])
UnityEngine.Logger:Log (UnityEngine.LogType,object)
UnityEngine.Debug:Log (object)
PlatForm:OnCollisionEnter (UnityEngine.Collision) (at Assets/Script/PlatForm.cs:19)
UnityEngine.Physics:SendOnCollisionEnter (UnityEngine.Component,UnityEngine.Collision)
UnityEngine.Physics:ReportContacts (Unity.Collections.NativeArray`1/ReadOnly<UnityEngine.ContactPairHeader>)
UnityEngine.Physics:OnSceneContact (UnityEngine.PhysicsScene,intptr,int)

(Filename: Assets/Script/PlatForm.cs Line: 19)

Unloading 0 Unused Serialized files (Serialized files now loaded: 0)
Loaded scene 'Temp/__Backupscenes/0.backup'
	Deserialize:            3.243 ms
	Integration:            252.300 ms
	Integration of assets:  0.005 ms
	Thread Wait Time:       0.039 ms
	Total Operation Time:   255.587 ms
Unloading 14 unused Assets / (171.1 KB). Loaded Objects now: 8949.
Memory consumption went from 0.95 GB to 0.95 GB.
Total: 34.735200 ms (FindLiveObjects: 0.562800 ms CreateObjectMapping: 1.349700 ms MarkObjects: 32.734200 ms  DeleteObjects: 0.086400 ms)

[Licensing::Client] Successfully resolved entitlement details
Reloading assemblies for play mode.
Reloading assemblies after forced synchronous recompile.
Begin MonoManager ReloadAssembly
GetVirtualKey: Could not map char: z (122) to any virtual key
GetVirtualKey: Could not map char: y (121) to any virtual key
GetVirtualKey: Could not map char: x (120) to any virtual key
GetVirtualKey: Could not map char: c (99) to any virtual key
GetVirtualKey: Could not map char: v (118) to any virtual key
GetVirtualKey: Could not map char: V (86) to any virtual key
GetVirtualKey: Could not map char: d (100) to any virtual key
GetVirtualKey: Could not map char: f (102) to any virtual key
GetVirtualKey: Could not map char: f (102) to any virtual key
GetVirtualKey: Could not map char: a (97) to any virtual key
GetVirtualKey: Could not map char: d (100) to any virtual key
GetVirtualKey: Could not map char: c (99) to any virtual key
GetVirtualKey: Could not map char: r (114) to any virtual key
GetVirtualKey: Could not map char: i (105) to any virtual key
GetVirtualKey: Could not map char: l (108) to any virtual key
GetVirtualKey: Could not map char: f (102) to any virtual key
GetVirtualKey: Could not map char: k (107) to any virtual key
GetVirtualKey: Could not map char: p (112) to any virtual key
GetVirtualKey: Could not map char: p (112) to any virtual key
GetVirtualKey: Could not map char: p (112) to any virtual key
GetVirtualKey: Could not map char: c (99) to any virtual key
GetVirtualKey: Could not map char: r (114) to any virtual key
GetVirtualKey: Could not map char: P (80) to any virtual key
GetVirtualKey: Could not map char: n (110) to any virtual key
GetVirtualKey: Could not map char: n (110) to any virtual key
GetVirtualKey: Could not map char: g (103) to any virtual key
GetVirtualKey: Could not map char: = (61) to any virtual key
GetVirtualKey: Could not map char: f (102) to any virtual key
GetVirtualKey: Could not map char: f (102) to any virtual key
GetVirtualKey: Could not map char: a (97) to any virtual key
GetVirtualKey: Could not map char: a (97) to any virtual key
GetVirtualKey: Could not map char: n (110) to any virtual key
GetVirtualKey: Could not map char: o (111) to any virtual key
GetVirtualKey: Could not map char: s (115) to any virtual key
GetVirtualKey: Could not map char: s (115) to any virtual key
GetVirtualKey: Could not map char: b (98) to any virtual key
GetVirtualKey: Could not map char: b (98) to any virtual key
GetVirtualKey: Could not map char: c (99) to any virtual key
GetVirtualKey: Could not map char: u (117) to any virtual key
Refreshing native plugins compatible for Editor in 2.11 ms, found 4 plugins.
Native extension for WindowsStandalone target not found
Native extension for WebGL target not found
ScheduleIndexationOnStartup MainProcess:True IndexOnStartup:True
[MODES] ModeService[none].Initialize
[MODES] ModeService[none].LoadModes
Mono: successfully reloaded assembly
- Finished resetting the current domain, in  3.216 seconds
Domain Reload Profiling: 4840ms
	BeginReloadAssembly (1153ms)
		DisableScriptedObjects (141ms)
		CreateAndSetChildDomain (704ms)
	RebuildCommonClasses (24ms)
	RebuildNativeTypeToScriptingClass (32ms)
	initialDomainReloadingComplete (90ms)
	LoadAllAssembliesAndSetupDomain (324ms)
		LoadAssemblies (212ms)
		AnalyzeDomain (65ms)
			TypeCache.Refresh (13ms)
			ResolveRequiredComponents (44ms)
	FinalizeReload (3218ms)
		SetupLoadedEditorAssemblies (0ms)
			InitializePlatformSupportModulesInManaged (5ms)
			BeforeProcessingInitializeOnLoad (144ms)
			ProcessInitializeOnLoadAttributes (630ms)
			ProcessInitializeOnLoadMethodAttributes (232ms)
			AfterProcessingInitializeOnLoad (8ms)
		AwakeInstancesAfterBackupRestoration (1131ms)

Asset Pipeline Refresh (id=ee8961699b602174f9c840d3108d1110): Total: 5.169 seconds - Initiated by StopAssetImportingV2(ForceSynchronousImport | ForceDomainReload)
	(Values over 0.05ms)
	Summary:
		Imports: total=0 (actual=0, local cache=0, cache server=0)
		Asset DB Process Time: managed=0 ms, native=3436 ms
		Asset DB Callback time: managed=54 ms, native=0 ms
		Scripting: domain reloads=1, domain reload time=1675 ms, compile time=2 ms, other=0 ms
		Project Asset Count: scripts=1374, non-scripts=2362
		Asset File Changes: new=0, changed=0, moved=0, deleted=0
		Scan Filter Count: 0
	InvokePackagesCallback: 2.480ms
	ApplyChangesToAssetFolders: 0.502ms
	Collect global state as custom dependencies: 4.883ms
	ProcessAssetsWithTransientArtifactChanges: 0.499ms
	CategorizeAssets: 84.479ms
	CompileScripts: 2.132ms
	ImportOutOfDateAssets: 3288.592ms (3238.938ms without children)
		CollectScriptTypesHashes: 0.875ms
		ReloadNativeAssets: 2.051ms
		UnloadImportedAssets: 0.433ms
		EnsureUptoDateAssetsAreRegisteredWithGuidPM: 1.274ms
		ImportSchedulerStart: 45.861ms
	PostProcessAllAssets: 54.765ms
		MonoPostProcessAllAssets: 54.756ms
			UniversalRenderPipelineGlobalSettingsPostprocessor.OnPostprocessAllAssets 19.487ms
			AssetChangedListener.OnPostprocessAllAssets 10.783ms
			AssetPostprocessor.OnPostprocessAllAssets 10.355ms
			BuilderAssetPostprocessor.OnPostprocessAllAssets 9.361ms
			SyncVS.PostprocessSyncProject 5.228ms
			WindowAssetPostprocessingWatcher.OnPostprocessAllAssets 3.668ms
			SpeedTree9Postprocessor.OnPostprocessAllAssets 3.568ms
			ShaderGraphAssetPostProcessor.OnPostprocessAllAssets 3.520ms
			RetainedModeAssetPostprocessor.OnPostprocessAllAssets 2.380ms
			ProjectSettingsPostprocessor.OnPostprocessAllAssets 1.372ms
			RenderPipelineGlobalSettingsPostprocessor.OnPostprocessAllAssets 1.316ms
			UVCSAssetPostprocessor.OnPostprocessAllAssets 1.207ms
			TMPro_TexturePostProcessor.OnPostprocessAllAssets 1.140ms
			ArtifactBrowserPostProcessor.OnPostprocessAllAssets 1.026ms
			MaterialPostprocessor.OnPostprocessAllAssets 0.876ms
			AudioMixerPostprocessor.OnPostprocessAllAssets 0.819ms
			InputActionAssetPostprocessor.OnPostprocessAllAssets 0.809ms
			AssetEvents.OnPostprocessAllAssets 0.704ms
			ShaderReflectionAssetPostProcessor.OnPostprocessAllAssets 0.667ms
			TextAssetPostProcessor.OnPostprocessAllAssets 0.667ms
			SampleDependencyImporterPostProcessor.OnPostprocessAllAssets 0.616ms
			StyleCatalogPostProcessor.OnPostprocessAllAssets 0.615ms
			SpeedTreePostProcessor.OnPostprocessAllAssets 0.593ms
			EditModeScopePostprocessor.OnPostprocessAllAssets 0.486ms
			PostProcessor.OnPostprocessAllAssets 0.476ms
			InputActionJsonNameModifierAssetProcessor.OnPostprocessAllAssets 0.420ms
			ReferencedClipsPostProcessor.OnPostprocessAllAssets 0.398ms
			SamplePostprocessor.OnPostprocessAllAssets 0.307ms
			AssetReloadNotifier.OnPostprocessAllAssets 0.299ms
			ScenarioDriftAssetsTracker.OnPostprocessAllAssets 0.284ms
			AssetDatabaseCallbacks.OnPostprocessAllAssets 0.270ms
			TerrainToolbarOverlayPostProcessor.OnPostprocessAllAssets 0.268ms
			ConfigAssetsTracker.OnPostprocessAllAssets 0.266ms
			AudioContainerPostProcessor.OnPostprocessAllAssets 0.136ms
	GatherAllCurrentPrimaryImportResultRevisions: 0.377ms
	PersistCurrentRevisions: 0.229ms
	GenerateScriptTypeHashes: 4.158ms
	GenerateScriptTypeSerializationHashes: 6.884ms
	Untracked: 1721.696ms

Loaded scene 'Temp/__Backupscenes/0.backup'
	Deserialize:            3.578 ms
	Integration:            963.468 ms
	Integration of assets:  0.009 ms
	Thread Wait Time:       0.022 ms
	Total Operation Time:   967.076 ms
[Licensing::Client] Successfully resolved entitlement details
[Licensing::Client] Successfully resolved entitlement details
0.9809996
UnityEngine.Debug:ExtractStackTraceNoAlloc (byte*,int,string)
UnityEngine.StackTraceUtility:ExtractStackTrace ()
UnityEngine.DebugLogHandler:Internal_Log (UnityEngine.LogType,UnityEngine.LogOption,string,UnityEngine.Object)
UnityEngine.DebugLogHandler:LogFormat (UnityEngine.LogType,UnityEngine.Object,string,object[])
UnityEngine.Logger:Log (UnityEngine.LogType,object)
UnityEngine.Debug:Log (object)
PlatForm:OnCollisionEnter (UnityEngine.Collision) (at Assets/Script/PlatForm.cs:12)
UnityEngine.Physics:SendOnCollisionEnter (UnityEngine.Component,UnityEngine.Collision)
UnityEngine.Physics:ReportContacts (Unity.Collections.NativeArray`1/ReadOnly<UnityEngine.ContactPairHeader>)
UnityEngine.Physics:OnSceneContact (UnityEngine.PhysicsScene,intptr,int)

(Filename: Assets/Script/PlatForm.cs Line: 12)

Success
UnityEngine.Debug:ExtractStackTraceNoAlloc (byte*,int,string)
UnityEngine.StackTraceUtility:ExtractStackTrace ()
UnityEngine.DebugLogHandler:Internal_Log (UnityEngine.LogType,UnityEngine.LogOption,string,UnityEngine.Object)
UnityEngine.DebugLogHandler:LogFormat (UnityEngine.LogType,UnityEngine.Object,string,object[])
UnityEngine.Logger:Log (UnityEngine.LogType,object)
UnityEngine.Debug:Log (object)
PlatForm:OnCollisionEnter (UnityEngine.Collision) (at Assets/Script/PlatForm.cs:15)
UnityEngine.Physics:SendOnCollisionEnter (UnityEngine.Component,UnityEngine.Collision)
UnityEngine.Physics:ReportContacts (Unity.Collections.NativeArray`1/ReadOnly<UnityEngine.ContactPairHeader>)
UnityEngine.Physics:OnSceneContact (UnityEngine.PhysicsScene,intptr,int)

(Filename: Assets/Script/PlatForm.cs Line: 15)

24.62771
UnityEngine.Debug:ExtractStackTraceNoAlloc (byte*,int,string)
UnityEngine.StackTraceUtility:ExtractStackTrace ()
UnityEngine.DebugLogHandler:Internal_Log (UnityEngine.LogType,UnityEngine.LogOption,string,UnityEngine.Object)
UnityEngine.DebugLogHandler:LogFormat (UnityEngine.LogType,UnityEngine.Object,string,object[])
UnityEngine.Logger:Log (UnityEngine.LogType,object)
UnityEngine.Debug:Log (object)
PlatForm:OnCollisionEnter (UnityEngine.Collision) (at Assets/Script/PlatForm.cs:12)
UnityEngine.Physics:SendOnCollisionEnter (UnityEngine.Component,UnityEngine.Collision)
UnityEngine.Physics:ReportContacts (Unity.Collections.NativeArray`1/ReadOnly<UnityEngine.ContactPairHeader>)
UnityEngine.Physics:OnSceneContact (UnityEngine.PhysicsScene,intptr,int)

(Filename: Assets/Script/PlatForm.cs Line: 12)

Boom
UnityEngine.Debug:ExtractStackTraceNoAlloc (byte*,int,string)
UnityEngine.StackTraceUtility:ExtractStackTrace ()
UnityEngine.DebugLogHandler:Internal_Log (UnityEngine.LogType,UnityEngine.LogOption,string,UnityEngine.Object)
UnityEngine.DebugLogHandler:LogFormat (UnityEngine.LogType,UnityEngine.Object,string,object[])
UnityEngine.Logger:Log (UnityEngine.LogType,object)
UnityEngine.Debug:Log (object)
PlatForm:OnCollisionEnter (UnityEngine.Collision) (at Assets/Script/PlatForm.cs:19)
UnityEngine.Physics:SendOnCollisionEnter (UnityEngine.Component,UnityEngine.Collision)
UnityEngine.Physics:ReportContacts (Unity.Collections.NativeArray`1/ReadOnly<UnityEngine.ContactPairHeader>)
UnityEngine.Physics:OnSceneContact (UnityEngine.PhysicsScene,intptr,int)

(Filename: Assets/Script/PlatForm.cs Line: 19)

Unloading 0 Unused Serialized files (Serialized files now loaded: 0)
Loaded scene 'Temp/__Backupscenes/0.backup'
	Deserialize:            3.429 ms
	Integration:            299.615 ms
	Integration of assets:  0.010 ms
	Thread Wait Time:       0.034 ms
	Total Operation Time:   303.088 ms
Unloading 13 unused Assets / (184.6 KB). Loaded Objects now: 8951.
Memory consumption went from 0.95 GB to 0.95 GB.
Total: 35.188300 ms (FindLiveObjects: 0.737100 ms CreateObjectMapping: 1.978800 ms MarkObjects: 32.405200 ms  DeleteObjects: 0.065300 ms)

Reloading assemblies for play mode.
Reloading assemblies after forced synchronous recompile.
Begin MonoManager ReloadAssembly
GetVirtualKey: Could not map char: z (122) to any virtual key
GetVirtualKey: Could not map char: y (121) to any virtual key
GetVirtualKey: Could not map char: x (120) to any virtual key
GetVirtualKey: Could not map char: c (99) to any virtual key
GetVirtualKey: Could not map char: v (118) to any virtual key
GetVirtualKey: Could not map char: V (86) to any virtual key
GetVirtualKey: Could not map char: d (100) to any virtual key
GetVirtualKey: Could not map char: f (102) to any virtual key
GetVirtualKey: Could not map char: f (102) to any virtual key
GetVirtualKey: Could not map char: a (97) to any virtual key
GetVirtualKey: Could not map char: d (100) to any virtual key
GetVirtualKey: Could not map char: c (99) to any virtual key
GetVirtualKey: Could not map char: r (114) to any virtual key
GetVirtualKey: Could not map char: i (105) to any virtual key
GetVirtualKey: Could not map char: l (108) to any virtual key
GetVirtualKey: Could not map char: f (102) to any virtual key
GetVirtualKey: Could not map char: k (107) to any virtual key
GetVirtualKey: Could not map char: p (112) to any virtual key
GetVirtualKey: Could not map char: p (112) to any virtual key
GetVirtualKey: Could not map char: p (112) to any virtual key
GetVirtualKey: Could not map char: c (99) to any virtual key
GetVirtualKey: Could not map char: r (114) to any virtual key
GetVirtualKey: Could not map char: P (80) to any virtual key
GetVirtualKey: Could not map char: n (110) to any virtual key
GetVirtualKey: Could not map char: n (110) to any virtual key
GetVirtualKey: Could not map char: g (103) to any virtual key
GetVirtualKey: Could not map char: = (61) to any virtual key
GetVirtualKey: Could not map char: f (102) to any virtual key
GetVirtualKey: Could not map char: f (102) to any virtual key
GetVirtualKey: Could not map char: a (97) to any virtual key
GetVirtualKey: Could not map char: a (97) to any virtual key
GetVirtualKey: Could not map char: n (110) to any virtual key
GetVirtualKey: Could not map char: o (111) to any virtual key
GetVirtualKey: Could not map char: s (115) to any virtual key
GetVirtualKey: Could not map char: s (115) to any virtual key
GetVirtualKey: Could not map char: b (98) to any virtual key
GetVirtualKey: Could not map char: b (98) to any virtual key
GetVirtualKey: Could not map char: c (99) to any virtual key
GetVirtualKey: Could not map char: u (117) to any virtual key
Refreshing native plugins compatible for Editor in 2.07 ms, found 4 plugins.
Native extension for WindowsStandalone target not found
Native extension for WebGL target not found
ScheduleIndexationOnStartup MainProcess:True IndexOnStartup:True
[MODES] ModeService[none].Initialize
[MODES] ModeService[none].LoadModes
Mono: successfully reloaded assembly
- Finished resetting the current domain, in  3.190 seconds
Domain Reload Profiling: 4806ms
	BeginReloadAssembly (1130ms)
		DisableScriptedObjects (154ms)
		CreateAndSetChildDomain (635ms)
	RebuildCommonClasses (25ms)
	RebuildNativeTypeToScriptingClass (34ms)
	initialDomainReloadingComplete (95ms)
	LoadAllAssembliesAndSetupDomain (331ms)
		LoadAssemblies (228ms)
		AnalyzeDomain (70ms)
			TypeCache.Refresh (16ms)
			ResolveRequiredComponents (46ms)
	FinalizeReload (3192ms)
		SetupLoadedEditorAssemblies (0ms)
			InitializePlatformSupportModulesInManaged (4ms)
			BeforeProcessingInitializeOnLoad (161ms)
			ProcessInitializeOnLoadAttributes (647ms)
			ProcessInitializeOnLoadMethodAttributes (236ms)
			AfterProcessingInitializeOnLoad (9ms)
		AwakeInstancesAfterBackupRestoration (1208ms)

Asset Pipeline Refresh (id=39fb3472fc8131648a5382ce3ea99111): Total: 5.149 seconds - Initiated by StopAssetImportingV2(ForceSynchronousImport | ForceDomainReload)
	(Values over 0.05ms)
	Summary:
		Imports: total=0 (actual=0, local cache=0, cache server=0)
		Asset DB Process Time: managed=0 ms, native=3407 ms
		Asset DB Callback time: managed=55 ms, native=0 ms
		Scripting: domain reloads=1, domain reload time=1683 ms, compile time=2 ms, other=0 ms
		Project Asset Count: scripts=1374, non-scripts=2362
		Asset File Changes: new=0, changed=0, moved=0, deleted=0
		Scan Filter Count: 0
	InvokePackagesCallback: 2.542ms
	ApplyChangesToAssetFolders: 0.621ms
	Collect global state as custom dependencies: 6.249ms
	ProcessAssetsWithTransientArtifactChanges: 0.398ms
	CategorizeAssets: 79.855ms
	CompileScripts: 2.311ms
	ImportOutOfDateAssets: 3265.188ms (3215.686ms without children)
		CollectScriptTypesHashes: 1.250ms
		ReloadNativeAssets: 2.010ms
		UnloadImportedAssets: 0.550ms
		EnsureUptoDateAssetsAreRegisteredWithGuidPM: 1.318ms
		ImportSchedulerStart: 45.571ms
	PostProcessAllAssets: 55.568ms
		MonoPostProcessAllAssets: 55.560ms
			UniversalRenderPipelineGlobalSettingsPostprocessor.OnPostprocessAllAssets 20.186ms
			AssetChangedListener.OnPostprocessAllAssets 10.783ms
			AssetPostprocessor.OnPostprocessAllAssets 10.355ms
			BuilderAssetPostprocessor.OnPostprocessAllAssets 9.361ms
			SyncVS.PostprocessSyncProject 5.539ms
			WindowAssetPostprocessingWatcher.OnPostprocessAllAssets 3.701ms
			SpeedTree9Postprocessor.OnPostprocessAllAssets 3.524ms
			ShaderGraphAssetPostProcessor.OnPostprocessAllAssets 3.520ms
			RetainedModeAssetPostprocessor.OnPostprocessAllAssets 2.380ms
			ProjectSettingsPostprocessor.OnPostprocessAllAssets 1.242ms
			RenderPipelineGlobalSettingsPostprocessor.OnPostprocessAllAssets 1.215ms
			UVCSAssetPostprocessor.OnPostprocessAllAssets 1.207ms
			TMPro_TexturePostProcessor.OnPostprocessAllAssets 1.140ms
			ArtifactBrowserPostProcessor.OnPostprocessAllAssets 1.026ms
			MaterialPostprocessor.OnPostprocessAllAssets 0.876ms
			AudioMixerPostprocessor.OnPostprocessAllAssets 0.819ms
			AssetEvents.OnPostprocessAllAssets 0.704ms
			TextAssetPostProcessor.OnPostprocessAllAssets 0.667ms
			ShaderReflectionAssetPostProcessor.OnPostprocessAllAssets 0.627ms
			SampleDependencyImporterPostProcessor.OnPostprocessAllAssets 0.616ms
			StyleCatalogPostProcessor.OnPostprocessAllAssets 0.615ms
			SpeedTreePostProcessor.OnPostprocessAllAssets 0.593ms
			EditModeScopePostprocessor.OnPostprocessAllAssets 0.487ms
			PostProcessor.OnPostprocessAllAssets 0.476ms
			InputActionAssetPostprocessor.OnPostprocessAllAssets 0.437ms
			InputActionJsonNameModifierAssetProcessor.OnPostprocessAllAssets 0.420ms
			ReferencedClipsPostProcessor.OnPostprocessAllAssets 0.362ms
			SamplePostprocessor.OnPostprocessAllAssets 0.307ms
			AssetReloadNotifier.OnPostprocessAllAssets 0.299ms
			TerrainToolbarOverlayPostProcessor.OnPostprocessAllAssets 0.298ms
			ScenarioDriftAssetsTracker.OnPostprocessAllAssets 0.284ms
			ConfigAssetsTracker.OnPostprocessAllAssets 0.266ms
			AssetDatabaseCallbacks.OnPostprocessAllAssets 0.242ms
			AudioContainerPostProcessor.OnPostprocessAllAssets 0.136ms
	GatherAllCurrentPrimaryImportResultRevisions: 0.236ms
	PersistCurrentRevisions: 0.191ms
	GenerateScriptTypeHashes: 4.114ms
	GenerateScriptTypeSerializationHashes: 6.786ms
	Untracked: 1727.591ms

Loaded scene 'Temp/__Backupscenes/0.backup'
	Deserialize:            4.551 ms
	Integration:            1035.193 ms
	Integration of assets:  0.007 ms
	Thread Wait Time:       0.025 ms
	Total Operation Time:   1039.776 ms
[Licensing::Client] Successfully resolved entitlement details
[Licensing::Client] Successfully resolved entitlement details
0.9809996
UnityEngine.Debug:ExtractStackTraceNoAlloc (byte*,int,string)
UnityEngine.StackTraceUtility:ExtractStackTrace ()
UnityEngine.DebugLogHandler:Internal_Log (UnityEngine.LogType,UnityEngine.LogOption,string,UnityEngine.Object)
UnityEngine.DebugLogHandler:LogFormat (UnityEngine.LogType,UnityEngine.Object,string,object[])
UnityEngine.Logger:Log (UnityEngine.LogType,object)
UnityEngine.Debug:Log (object)
PlatForm:OnCollisionEnter (UnityEngine.Collision) (at Assets/Script/PlatForm.cs:12)
UnityEngine.Physics:SendOnCollisionEnter (UnityEngine.Component,UnityEngine.Collision)
UnityEngine.Physics:ReportContacts (Unity.Collections.NativeArray`1/ReadOnly<UnityEngine.ContactPairHeader>)
UnityEngine.Physics:OnSceneContact (UnityEngine.PhysicsScene,intptr,int)

(Filename: Assets/Script/PlatForm.cs Line: 12)

Success
UnityEngine.Debug:ExtractStackTraceNoAlloc (byte*,int,string)
UnityEngine.StackTraceUtility:ExtractStackTrace ()
UnityEngine.DebugLogHandler:Internal_Log (UnityEngine.LogType,UnityEngine.LogOption,string,UnityEngine.Object)
UnityEngine.DebugLogHandler:LogFormat (UnityEngine.LogType,UnityEngine.Object,string,object[])
UnityEngine.Logger:Log (UnityEngine.LogType,object)
UnityEngine.Debug:Log (object)
PlatForm:OnCollisionEnter (UnityEngine.Collision) (at Assets/Script/PlatForm.cs:15)
UnityEngine.Physics:SendOnCollisionEnter (UnityEngine.Component,UnityEngine.Collision)
UnityEngine.Physics:ReportContacts (Unity.Collections.NativeArray`1/ReadOnly<UnityEngine.ContactPairHeader>)
UnityEngine.Physics:OnSceneContact (UnityEngine.PhysicsScene,intptr,int)

(Filename: Assets/Script/PlatForm.cs Line: 15)

8.600974
UnityEngine.Debug:ExtractStackTraceNoAlloc (byte*,int,string)
UnityEngine.StackTraceUtility:ExtractStackTrace ()
UnityEngine.DebugLogHandler:Internal_Log (UnityEngine.LogType,UnityEngine.LogOption,string,UnityEngine.Object)
UnityEngine.DebugLogHandler:LogFormat (UnityEngine.LogType,UnityEngine.Object,string,object[])
UnityEngine.Logger:Log (UnityEngine.LogType,object)
UnityEngine.Debug:Log (object)
PlatForm:OnCollisionEnter (UnityEngine.Collision) (at Assets/Script/PlatForm.cs:12)
UnityEngine.Physics:SendOnCollisionEnter (UnityEngine.Component,UnityEngine.Collision)
UnityEngine.Physics:ReportContacts (Unity.Collections.NativeArray`1/ReadOnly<UnityEngine.ContactPairHeader>)
UnityEngine.Physics:OnSceneContact (UnityEngine.PhysicsScene,intptr,int)

(Filename: Assets/Script/PlatForm.cs Line: 12)

Boom
UnityEngine.Debug:ExtractStackTraceNoAlloc (byte*,int,string)
UnityEngine.StackTraceUtility:ExtractStackTrace ()
UnityEngine.DebugLogHandler:Internal_Log (UnityEngine.LogType,UnityEngine.LogOption,string,UnityEngine.Object)
UnityEngine.DebugLogHandler:LogFormat (UnityEngine.LogType,UnityEngine.Object,string,object[])
UnityEngine.Logger:Log (UnityEngine.LogType,object)
UnityEngine.Debug:Log (object)
PlatForm:OnCollisionEnter (UnityEngine.Collision) (at Assets/Script/PlatForm.cs:19)
UnityEngine.Physics:SendOnCollisionEnter (UnityEngine.Component,UnityEngine.Collision)
UnityEngine.Physics:ReportContacts (Unity.Collections.NativeArray`1/ReadOnly<UnityEngine.ContactPairHeader>)
UnityEngine.Physics:OnSceneContact (UnityEngine.PhysicsScene,intptr,int)

(Filename: Assets/Script/PlatForm.cs Line: 19)

Unloading 0 Unused Serialized files (Serialized files now loaded: 0)
Loaded scene 'Temp/__Backupscenes/0.backup'
	Deserialize:            3.383 ms
	Integration:            344.954 ms
	Integration of assets:  0.005 ms
	Thread Wait Time:       0.030 ms
	Total Operation Time:   348.372 ms
Unloading 13 unused Assets / (171.0 KB). Loaded Objects now: 8953.
Memory consumption went from 0.96 GB to 0.96 GB.
Total: 36.260000 ms (FindLiveObjects: 0.526600 ms CreateObjectMapping: 1.597700 ms MarkObjects: 34.030800 ms  DeleteObjects: 0.103100 ms)

Reloading assemblies for play mode.
Reloading assemblies after forced synchronous recompile.
Begin MonoManager ReloadAssembly
GetVirtualKey: Could not map char: z (122) to any virtual key
GetVirtualKey: Could not map char: y (121) to any virtual key
GetVirtualKey: Could not map char: x (120) to any virtual key
GetVirtualKey: Could not map char: c (99) to any virtual key
GetVirtualKey: Could not map char: v (118) to any virtual key
GetVirtualKey: Could not map char: V (86) to any virtual key
GetVirtualKey: Could not map char: d (100) to any virtual key
GetVirtualKey: Could not map char: f (102) to any virtual key
GetVirtualKey: Could not map char: f (102) to any virtual key
GetVirtualKey: Could not map char: a (97) to any virtual key
GetVirtualKey: Could not map char: d (100) to any virtual key
GetVirtualKey: Could not map char: c (99) to any virtual key
GetVirtualKey: Could not map char: r (114) to any virtual key
GetVirtualKey: Could not map char: i (105) to any virtual key
GetVirtualKey: Could not map char: l (108) to any virtual key
GetVirtualKey: Could not map char: f (102) to any virtual key
GetVirtualKey: Could not map char: k (107) to any virtual key
GetVirtualKey: Could not map char: p (112) to any virtual key
GetVirtualKey: Could not map char: p (112) to any virtual key
GetVirtualKey: Could not map char: p (112) to any virtual key
GetVirtualKey: Could not map char: c (99) to any virtual key
GetVirtualKey: Could not map char: r (114) to any virtual key
GetVirtualKey: Could not map char: P (80) to any virtual key
GetVirtualKey: Could not map char: n (110) to any virtual key
GetVirtualKey: Could not map char: n (110) to any virtual key
GetVirtualKey: Could not map char: g (103) to any virtual key
GetVirtualKey: Could not map char: = (61) to any virtual key
GetVirtualKey: Could not map char: f (102) to any virtual key
GetVirtualKey: Could not map char: f (102) to any virtual key
GetVirtualKey: Could not map char: a (97) to any virtual key
GetVirtualKey: Could not map char: a (97) to any virtual key
GetVirtualKey: Could not map char: n (110) to any virtual key
GetVirtualKey: Could not map char: o (111) to any virtual key
GetVirtualKey: Could not map char: s (115) to any virtual key
GetVirtualKey: Could not map char: s (115) to any virtual key
GetVirtualKey: Could not map char: b (98) to any virtual key
GetVirtualKey: Could not map char: b (98) to any virtual key
GetVirtualKey: Could not map char: c (99) to any virtual key
GetVirtualKey: Could not map char: u (117) to any virtual key
Native extension for WindowsStandalone target not found
Native extension for WebGL target not found
ScheduleIndexationOnStartup MainProcess:True IndexOnStartup:True
[MODES] ModeService[none].Initialize
[MODES] ModeService[none].LoadModes
Mono: successfully reloaded assembly
- Finished resetting the current domain, in  3.282 seconds
Domain Reload Profiling: 5025ms
	BeginReloadAssembly (1256ms)
		DisableScriptedObjects (127ms)
		CreateAndSetChildDomain (790ms)
	RebuildCommonClasses (24ms)
	RebuildNativeTypeToScriptingClass (32ms)
	initialDomainReloadingComplete (93ms)
	LoadAllAssembliesAndSetupDomain (337ms)
		LoadAssemblies (224ms)
		AnalyzeDomain (69ms)
			TypeCache.Refresh (15ms)
			ResolveRequiredComponents (46ms)
	FinalizeReload (3284ms)
		SetupLoadedEditorAssemblies (0ms)
			InitializePlatformSupportModulesInManaged (5ms)
			BeforeProcessingInitializeOnLoad (178ms)
			ProcessInitializeOnLoadAttributes (686ms)
			ProcessInitializeOnLoadMethodAttributes (244ms)
			AfterProcessingInitializeOnLoad (9ms)
		AwakeInstancesAfterBackupRestoration (1145ms)

Asset Pipeline Refresh (id=390ed803e068391448831b339807a4ae): Total: 5.362 seconds - Initiated by StopAssetImportingV2(ForceSynchronousImport | ForceDomainReload)
	(Values over 0.05ms)
	Summary:
		Imports: total=0 (actual=0, local cache=0, cache server=0)
		Asset DB Process Time: managed=0 ms, native=3493 ms
		Asset DB Callback time: managed=55 ms, native=0 ms
		Scripting: domain reloads=1, domain reload time=1810 ms, compile time=2 ms, other=0 ms
		Project Asset Count: scripts=1374, non-scripts=2362
		Asset File Changes: new=0, changed=0, moved=0, deleted=0
		Scan Filter Count: 0
	InvokePackagesCallback: 2.131ms
	ApplyChangesToAssetFolders: 0.532ms
	Collect global state as custom dependencies: 4.688ms
	ProcessAssetsWithTransientArtifactChanges: 0.479ms
	CategorizeAssets: 76.231ms
	CompileScripts: 1.592ms
	ImportOutOfDateAssets: 3354.668ms (3304.257ms without children)
		CollectScriptTypesHashes: 1.324ms
		ReloadNativeAssets: 2.058ms
		UnloadImportedAssets: 0.450ms
		EnsureUptoDateAssetsAreRegisteredWithGuidPM: 1.176ms
		ImportSchedulerStart: 46.691ms
	PostProcessAllAssets: 55.195ms
		MonoPostProcessAllAssets: 55.187ms
			UniversalRenderPipelineGlobalSettingsPostprocessor.OnPostprocessAllAssets 19.711ms
			AssetChangedListener.OnPostprocessAllAssets 10.783ms
			AssetPostprocessor.OnPostprocessAllAssets 10.355ms
			BuilderAssetPostprocessor.OnPostprocessAllAssets 9.361ms
			SyncVS.PostprocessSyncProject 5.904ms
			WindowAssetPostprocessingWatcher.OnPostprocessAllAssets 3.827ms
			SpeedTree9Postprocessor.OnPostprocessAllAssets 3.530ms
			ShaderGraphAssetPostProcessor.OnPostprocessAllAssets 3.520ms
			RetainedModeAssetPostprocessor.OnPostprocessAllAssets 2.380ms
			RenderPipelineGlobalSettingsPostprocessor.OnPostprocessAllAssets 1.212ms
			UVCSAssetPostprocessor.OnPostprocessAllAssets 1.207ms
			ProjectSettingsPostprocessor.OnPostprocessAllAssets 1.200ms
			TMPro_TexturePostProcessor.OnPostprocessAllAssets 1.140ms
			ArtifactBrowserPostProcessor.OnPostprocessAllAssets 1.026ms
			MaterialPostprocessor.OnPostprocessAllAssets 0.876ms
			AudioMixerPostprocessor.OnPostprocessAllAssets 0.819ms
			AssetEvents.OnPostprocessAllAssets 0.704ms
			TextAssetPostProcessor.OnPostprocessAllAssets 0.667ms
			SampleDependencyImporterPostProcessor.OnPostprocessAllAssets 0.616ms
			StyleCatalogPostProcessor.OnPostprocessAllAssets 0.615ms
			ShaderReflectionAssetPostProcessor.OnPostprocessAllAssets 0.594ms
			SpeedTreePostProcessor.OnPostprocessAllAssets 0.593ms
			EditModeScopePostprocessor.OnPostprocessAllAssets 0.496ms
			PostProcessor.OnPostprocessAllAssets 0.476ms
			InputActionAssetPostprocessor.OnPostprocessAllAssets 0.444ms
			InputActionJsonNameModifierAssetProcessor.OnPostprocessAllAssets 0.420ms
			ReferencedClipsPostProcessor.OnPostprocessAllAssets 0.414ms
			SamplePostprocessor.OnPostprocessAllAssets 0.307ms
			AssetReloadNotifier.OnPostprocessAllAssets 0.299ms
			ScenarioDriftAssetsTracker.OnPostprocessAllAssets 0.284ms
			ConfigAssetsTracker.OnPostprocessAllAssets 0.266ms
			AssetDatabaseCallbacks.OnPostprocessAllAssets 0.264ms
			TerrainToolbarOverlayPostProcessor.OnPostprocessAllAssets 0.258ms
			AudioContainerPostProcessor.OnPostprocessAllAssets 0.136ms
	GatherAllCurrentPrimaryImportResultRevisions: 0.344ms
	PersistCurrentRevisions: 0.190ms
	GenerateScriptTypeHashes: 3.898ms
	GenerateScriptTypeSerializationHashes: 6.323ms
	Untracked: 1856.753ms

Loaded scene 'Temp/__Backupscenes/0.backup'
	Deserialize:            4.294 ms
	Integration:            898.508 ms
	Integration of assets:  0.010 ms
	Thread Wait Time:       0.014 ms
	Total Operation Time:   902.826 ms
[Licensing::Client] Successfully resolved entitlement details
[Licensing::Client] Successfully resolved entitlement details
0.8809996
UnityEngine.Debug:ExtractStackTraceNoAlloc (byte*,int,string)
UnityEngine.StackTraceUtility:ExtractStackTrace ()
UnityEngine.DebugLogHandler:Internal_Log (UnityEngine.LogType,UnityEngine.LogOption,string,UnityEngine.Object)
UnityEngine.DebugLogHandler:LogFormat (UnityEngine.LogType,UnityEngine.Object,string,object[])
UnityEngine.Logger:Log (UnityEngine.LogType,object)
UnityEngine.Debug:Log (object)
PlatForm:OnCollisionEnter (UnityEngine.Collision) (at Assets/Script/PlatForm.cs:12)
UnityEngine.Physics:SendOnCollisionEnter (UnityEngine.Component,UnityEngine.Collision)
UnityEngine.Physics:ReportContacts (Unity.Collections.NativeArray`1/ReadOnly<UnityEngine.ContactPairHeader>)
UnityEngine.Physics:OnSceneContact (UnityEngine.PhysicsScene,intptr,int)

(Filename: Assets/Script/PlatForm.cs Line: 12)

Success
UnityEngine.Debug:ExtractStackTraceNoAlloc (byte*,int,string)
UnityEngine.StackTraceUtility:ExtractStackTrace ()
UnityEngine.DebugLogHandler:Internal_Log (UnityEngine.LogType,UnityEngine.LogOption,string,UnityEngine.Object)
UnityEngine.DebugLogHandler:LogFormat (UnityEngine.LogType,UnityEngine.Object,string,object[])
UnityEngine.Logger:Log (UnityEngine.LogType,object)
UnityEngine.Debug:Log (object)
PlatForm:OnCollisionEnter (UnityEngine.Collision) (at Assets/Script/PlatForm.cs:15)
UnityEngine.Physics:SendOnCollisionEnter (UnityEngine.Component,UnityEngine.Collision)
UnityEngine.Physics:ReportContacts (Unity.Collections.NativeArray`1/ReadOnly<UnityEngine.ContactPairHeader>)
UnityEngine.Physics:OnSceneContact (UnityEngine.PhysicsScene,intptr,int)

(Filename: Assets/Script/PlatForm.cs Line: 15)

27.04953
UnityEngine.Debug:ExtractStackTraceNoAlloc (byte*,int,string)
UnityEngine.StackTraceUtility:ExtractStackTrace ()
UnityEngine.DebugLogHandler:Internal_Log (UnityEngine.LogType,UnityEngine.LogOption,string,UnityEngine.Object)
UnityEngine.DebugLogHandler:LogFormat (UnityEngine.LogType,UnityEngine.Object,string,object[])
UnityEngine.Logger:Log (UnityEngine.LogType,object)
UnityEngine.Debug:Log (object)
PlatForm:OnCollisionEnter (UnityEngine.Collision) (at Assets/Script/PlatForm.cs:12)
UnityEngine.Physics:SendOnCollisionEnter (UnityEngine.Component,UnityEngine.Collision)
UnityEngine.Physics:ReportContacts (Unity.Collections.NativeArray`1/ReadOnly<UnityEngine.ContactPairHeader>)
UnityEngine.Physics:OnSceneContact (UnityEngine.PhysicsScene,intptr,int)

(Filename: Assets/Script/PlatForm.cs Line: 12)

Boom
UnityEngine.Debug:ExtractStackTraceNoAlloc (byte*,int,string)
UnityEngine.StackTraceUtility:ExtractStackTrace ()
UnityEngine.DebugLogHandler:Internal_Log (UnityEngine.LogType,UnityEngine.LogOption,string,UnityEngine.Object)
UnityEngine.DebugLogHandler:LogFormat (UnityEngine.LogType,UnityEngine.Object,string,object[])
UnityEngine.Logger:Log (UnityEngine.LogType,object)
UnityEngine.Debug:Log (object)
PlatForm:OnCollisionEnter (UnityEngine.Collision) (at Assets/Script/PlatForm.cs:19)
UnityEngine.Physics:SendOnCollisionEnter (UnityEngine.Component,UnityEngine.Collision)
UnityEngine.Physics:ReportContacts (Unity.Collections.NativeArray`1/ReadOnly<UnityEngine.ContactPairHeader>)
UnityEngine.Physics:OnSceneContact (UnityEngine.PhysicsScene,intptr,int)

(Filename: Assets/Script/PlatForm.cs Line: 19)

Unloading 0 Unused Serialized files (Serialized files now loaded: 0)
Loaded scene 'Temp/__Backupscenes/0.backup'
	Deserialize:            3.359 ms
	Integration:            347.940 ms
	Integration of assets:  0.005 ms
	Thread Wait Time:       0.029 ms
	Total Operation Time:   351.333 ms
Unloading 13 unused Assets / (125.7 KB). Loaded Objects now: 8955.
Memory consumption went from 0.96 GB to 0.96 GB.
Total: 35.856500 ms (FindLiveObjects: 0.735200 ms CreateObjectMapping: 1.592400 ms MarkObjects: 33.440400 ms  DeleteObjects: 0.086600 ms)

[Licensing::Client] Successfully resolved entitlement details
GetVirtualKey: Could not map char: z (122) to any virtual key
GetVirtualKey: Could not map char: y (121) to any virtual key
GetVirtualKey: Could not map char: x (120) to any virtual key
GetVirtualKey: Could not map char: c (99) to any virtual key
GetVirtualKey: Could not map char: v (118) to any virtual key
GetVirtualKey: Could not map char: V (86) to any virtual key
GetVirtualKey: Could not map char: d (100) to any virtual key
GetVirtualKey: Could not map char: f (102) to any virtual key
GetVirtualKey: Could not map char: f (102) to any virtual key
GetVirtualKey: Could not map char: a (97) to any virtual key
GetVirtualKey: Could not map char: d (100) to any virtual key
GetVirtualKey: Could not map char: c (99) to any virtual key
GetVirtualKey: Could not map char: r (114) to any virtual key
GetVirtualKey: Could not map char: i (105) to any virtual key
GetVirtualKey: Could not map char: l (108) to any virtual key
GetVirtualKey: Could not map char: f (102) to any virtual key
GetVirtualKey: Could not map char: k (107) to any virtual key
GetVirtualKey: Could not map char: p (112) to any virtual key
GetVirtualKey: Could not map char: p (112) to any virtual key
GetVirtualKey: Could not map char: p (112) to any virtual key
GetVirtualKey: Could not map char: c (99) to any virtual key
GetVirtualKey: Could not map char: r (114) to any virtual key
GetVirtualKey: Could not map char: P (80) to any virtual key
GetVirtualKey: Could not map char: n (110) to any virtual key
GetVirtualKey: Could not map char: n (110) to any virtual key
GetVirtualKey: Could not map char: g (103) to any virtual key
GetVirtualKey: Could not map char: = (61) to any virtual key
GetVirtualKey: Could not map char: f (102) to any virtual key
GetVirtualKey: Could not map char: f (102) to any virtual key
GetVirtualKey: Could not map char: a (97) to any virtual key
GetVirtualKey: Could not map char: a (97) to any virtual key
GetVirtualKey: Could not map char: n (110) to any virtual key
GetVirtualKey: Could not map char: o (111) to any virtual key
GetVirtualKey: Could not map char: s (115) to any virtual key
GetVirtualKey: Could not map char: s (115) to any virtual key
GetVirtualKey: Could not map char: b (98) to any virtual key
GetVirtualKey: Could not map char: b (98) to any virtual key
GetVirtualKey: Could not map char: c (99) to any virtual key
GetVirtualKey: Could not map char: u (117) to any virtual key
Importing 'GUID: 99c9720ab356a0642a771bea13969a05 - Path: Assets/Scenes/SampleScene.unity' with importer (DefaultImporter)
Imported 'GUID: 99c9720ab356a0642a771bea13969a05' -> (Import Result ID: '417a712058d4457409226829fb9b7273') in 0.013 seconds [static dependencies only]. Details - ImportResultOutputID=378ca25c6c95e370f41ed482e616ed68 DependenciesID=9426bb33de840f723beb4ba57076e056 StaticDependenciesID=a6828c835771f9f638cd30376c6060a8 
Asset Pipeline Refresh (id=9ad66351131adff43ac9b475b441fd96): Total: 0.175 seconds - Initiated by StopAssetImportingV2(NoUpdateAssetOptions)
Reloading assemblies for play mode.
Reloading assemblies after forced synchronous recompile.
Begin MonoManager ReloadAssembly
Refreshing native plugins compatible for Editor in 2.09 ms, found 4 plugins.
Native extension for WindowsStandalone target not found
Native extension for WebGL target not found
ScheduleIndexationOnStartup MainProcess:True IndexOnStartup:True
[MODES] ModeService[none].Initialize
[MODES] ModeService[none].LoadModes
Mono: successfully reloaded assembly
- Finished resetting the current domain, in  3.305 seconds
Domain Reload Profiling: 4993ms
	BeginReloadAssembly (1214ms)
		DisableScriptedObjects (133ms)
		CreateAndSetChildDomain (830ms)
	RebuildCommonClasses (24ms)
	RebuildNativeTypeToScriptingClass (32ms)
	initialDomainReloadingComplete (95ms)
	LoadAllAssembliesAndSetupDomain (321ms)
		LoadAssemblies (220ms)
		AnalyzeDomain (68ms)
			TypeCache.Refresh (15ms)
			ResolveRequiredComponents (45ms)
	FinalizeReload (3307ms)
		SetupLoadedEditorAssemblies (0ms)
			InitializePlatformSupportModulesInManaged (5ms)
			BeforeProcessingInitializeOnLoad (178ms)
			ProcessInitializeOnLoadAttributes (622ms)
			ProcessInitializeOnLoadMethodAttributes (233ms)
			AfterProcessingInitializeOnLoad (9ms)
		AwakeInstancesAfterBackupRestoration (1212ms)

Asset Pipeline Refresh (id=f303354b0018f5d4a86bdcff78ca9322): Total: 5.346 seconds - Initiated by StopAssetImportingV2(ForceSynchronousImport | ForceDomainReload)
	(Values over 0.05ms)
	Summary:
		Imports: total=0 (actual=0, local cache=0, cache server=0)
		Asset DB Process Time: managed=0 ms, native=3531 ms
		Asset DB Callback time: managed=51 ms, native=0 ms
		Scripting: domain reloads=1, domain reload time=1760 ms, compile time=2 ms, other=0 ms
		Project Asset Count: scripts=1374, non-scripts=2362
		Asset File Changes: new=0, changed=0, moved=0, deleted=0
		Scan Filter Count: 0
	InvokePackagesCallback: 2.447ms
	ApplyChangesToAssetFolders: 0.509ms
	Collect global state as custom dependencies: 6.029ms
	ProcessAssetsWithTransientArtifactChanges: 0.424ms
	CategorizeAssets: 82.072ms
	CompileScripts: 2.316ms
	ImportOutOfDateAssets: 3378.142ms (3327.474ms without children)
		CollectScriptTypesHashes: 1.261ms
		ReloadNativeAssets: 2.035ms
		UnloadImportedAssets: 0.440ms
		EnsureUptoDateAssetsAreRegisteredWithGuidPM: 1.189ms
		ImportSchedulerStart: 46.957ms
	PostProcessAllAssets: 51.089ms
		MonoPostProcessAllAssets: 51.082ms
			UniversalRenderPipelineGlobalSettingsPostprocessor.OnPostprocessAllAssets 17.385ms
			AssetPostprocessor.OnPostprocessAllAssets 8.702ms
			AssetChangedListener.OnPostprocessAllAssets 7.968ms
			BuilderAssetPostprocessor.OnPostprocessAllAssets 7.059ms
			SyncVS.PostprocessSyncProject 5.820ms
			WindowAssetPostprocessingWatcher.OnPostprocessAllAssets 3.394ms
			SpeedTree9Postprocessor.OnPostprocessAllAssets 2.854ms
			ShaderGraphAssetPostProcessor.OnPostprocessAllAssets 2.819ms
			RetainedModeAssetPostprocessor.OnPostprocessAllAssets 1.864ms
			ProjectSettingsPostprocessor.OnPostprocessAllAssets 1.192ms
			RenderPipelineGlobalSettingsPostprocessor.OnPostprocessAllAssets 1.130ms
			MaterialPostprocessor.OnPostprocessAllAssets 1.049ms
			TMPro_TexturePostProcessor.OnPostprocessAllAssets 0.911ms
			ArtifactBrowserPostProcessor.OnPostprocessAllAssets 0.897ms
			UVCSAssetPostprocessor.OnPostprocessAllAssets 0.871ms
			PostProcessor.OnPostprocessAllAssets 0.660ms
			InputActionAssetPostprocessor.OnPostprocessAllAssets 0.562ms
			ShaderReflectionAssetPostProcessor.OnPostprocessAllAssets 0.558ms
			AudioMixerPostprocessor.OnPostprocessAllAssets 0.511ms
			InputActionJsonNameModifierAssetProcessor.OnPostprocessAllAssets 0.510ms
			StyleCatalogPostProcessor.OnPostprocessAllAssets 0.498ms
			EditModeScopePostprocessor.OnPostprocessAllAssets 0.489ms
			ReferencedClipsPostProcessor.OnPostprocessAllAssets 0.470ms
			SampleDependencyImporterPostProcessor.OnPostprocessAllAssets 0.441ms
			AssetEvents.OnPostprocessAllAssets 0.437ms
			TextAssetPostProcessor.OnPostprocessAllAssets 0.392ms
			SpeedTreePostProcessor.OnPostprocessAllAssets 0.358ms
			AssetDatabaseCallbacks.OnPostprocessAllAssets 0.256ms
			TerrainToolbarOverlayPostProcessor.OnPostprocessAllAssets 0.255ms
			ScenarioDriftAssetsTracker.OnPostprocessAllAssets 0.176ms
			AssetReloadNotifier.OnPostprocessAllAssets 0.167ms
			SamplePostprocessor.OnPostprocessAllAssets 0.158ms
			ConfigAssetsTracker.OnPostprocessAllAssets 0.143ms
			AudioContainerPostProcessor.OnPostprocessAllAssets 0.094ms
	GatherAllCurrentPrimaryImportResultRevisions: 0.262ms
	UnloadStreamsBegin: 0.290ms
	PersistCurrentRevisions: 0.171ms
	GenerateScriptTypeHashes: 4.118ms
	GenerateScriptTypeSerializationHashes: 6.742ms
	Untracked: 1815.548ms

Loaded scene 'Temp/__Backupscenes/0.backup'
	Deserialize:            4.723 ms
	Integration:            908.507 ms
	Integration of assets:  0.011 ms
	Thread Wait Time:       0.012 ms
	Total Operation Time:   913.253 ms
[Licensing::Client] Successfully resolved entitlement details
[Licensing::Client] Successfully resolved entitlement details
0.9809996
UnityEngine.Debug:ExtractStackTraceNoAlloc (byte*,int,string)
UnityEngine.StackTraceUtility:ExtractStackTrace ()
UnityEngine.DebugLogHandler:Internal_Log (UnityEngine.LogType,UnityEngine.LogOption,string,UnityEngine.Object)
UnityEngine.DebugLogHandler:LogFormat (UnityEngine.LogType,UnityEngine.Object,string,object[])
UnityEngine.Logger:Log (UnityEngine.LogType,object)
UnityEngine.Debug:Log (object)
PlatForm:OnCollisionEnter (UnityEngine.Collision) (at Assets/Script/PlatForm.cs:12)
UnityEngine.Physics:SendOnCollisionEnter (UnityEngine.Component,UnityEngine.Collision)
UnityEngine.Physics:ReportContacts (Unity.Collections.NativeArray`1/ReadOnly<UnityEngine.ContactPairHeader>)
UnityEngine.Physics:OnSceneContact (UnityEngine.PhysicsScene,intptr,int)

(Filename: Assets/Script/PlatForm.cs Line: 12)

Success
UnityEngine.Debug:ExtractStackTraceNoAlloc (byte*,int,string)
UnityEngine.StackTraceUtility:ExtractStackTrace ()
UnityEngine.DebugLogHandler:Internal_Log (UnityEngine.LogType,UnityEngine.LogOption,string,UnityEngine.Object)
UnityEngine.DebugLogHandler:LogFormat (UnityEngine.LogType,UnityEngine.Object,string,object[])
UnityEngine.Logger:Log (UnityEngine.LogType,object)
UnityEngine.Debug:Log (object)
PlatForm:OnCollisionEnter (UnityEngine.Collision) (at Assets/Script/PlatForm.cs:15)
UnityEngine.Physics:SendOnCollisionEnter (UnityEngine.Component,UnityEngine.Collision)
UnityEngine.Physics:ReportContacts (Unity.Collections.NativeArray`1/ReadOnly<UnityEngine.ContactPairHeader>)
UnityEngine.Physics:OnSceneContact (UnityEngine.PhysicsScene,intptr,int)

(Filename: Assets/Script/PlatForm.cs Line: 15)

16.49179
UnityEngine.Debug:ExtractStackTraceNoAlloc (byte*,int,string)
UnityEngine.StackTraceUtility:ExtractStackTrace ()
UnityEngine.DebugLogHandler:Internal_Log (UnityEngine.LogType,UnityEngine.LogOption,string,UnityEngine.Object)
UnityEngine.DebugLogHandler:LogFormat (UnityEngine.LogType,UnityEngine.Object,string,object[])
UnityEngine.Logger:Log (UnityEngine.LogType,object)
UnityEngine.Debug:Log (object)
PlatForm:OnCollisionEnter (UnityEngine.Collision) (at Assets/Script/PlatForm.cs:12)
UnityEngine.Physics:SendOnCollisionEnter (UnityEngine.Component,UnityEngine.Collision)
UnityEngine.Physics:ReportContacts (Unity.Collections.NativeArray`1/ReadOnly<UnityEngine.ContactPairHeader>)
UnityEngine.Physics:OnSceneContact (UnityEngine.PhysicsScene,intptr,int)

(Filename: Assets/Script/PlatForm.cs Line: 12)

Boom
UnityEngine.Debug:ExtractStackTraceNoAlloc (byte*,int,string)
UnityEngine.StackTraceUtility:ExtractStackTrace ()
UnityEngine.DebugLogHandler:Internal_Log (UnityEngine.LogType,UnityEngine.LogOption,string,UnityEngine.Object)
UnityEngine.DebugLogHandler:LogFormat (UnityEngine.LogType,UnityEngine.Object,string,object[])
UnityEngine.Logger:Log (UnityEngine.LogType,object)
UnityEngine.Debug:Log (object)
PlatForm:OnCollisionEnter (UnityEngine.Collision) (at Assets/Script/PlatForm.cs:19)
UnityEngine.Physics:SendOnCollisionEnter (UnityEngine.Component,UnityEngine.Collision)
UnityEngine.Physics:ReportContacts (Unity.Collections.NativeArray`1/ReadOnly<UnityEngine.ContactPairHeader>)
UnityEngine.Physics:OnSceneContact (UnityEngine.PhysicsScene,intptr,int)

(Filename: Assets/Script/PlatForm.cs Line: 19)

Unloading 0 Unused Serialized files (Serialized files now loaded: 0)
Loaded scene 'Temp/__Backupscenes/0.backup'
	Deserialize:            3.301 ms
	Integration:            376.949 ms
	Integration of assets:  0.007 ms
	Thread Wait Time:       0.010 ms
	Total Operation Time:   380.266 ms
Unloading 170 unused Assets / (0.8 MB). Loaded Objects now: 8979.
Memory consumption went from 1.02 GB to 1.02 GB.
Total: 37.344900 ms (FindLiveObjects: 0.725800 ms CreateObjectMapping: 1.796100 ms MarkObjects: 33.947600 ms  DeleteObjects: 0.873300 ms)

Asset Pipeline Refresh (id=dbd84d0ec59a3f24eb0fd118d12af89c): Total: 0.027 seconds - Initiated by RefreshV2(AllowForceSynchronousImport)
GetVirtualKey: Could not map char: z (122) to any virtual key
GetVirtualKey: Could not map char: y (121) to any virtual key
GetVirtualKey: Could not map char: x (120) to any virtual key
GetVirtualKey: Could not map char: c (99) to any virtual key
GetVirtualKey: Could not map char: v (118) to any virtual key
GetVirtualKey: Could not map char: V (86) to any virtual key
GetVirtualKey: Could not map char: d (100) to any virtual key
GetVirtualKey: Could not map char: f (102) to any virtual key
GetVirtualKey: Could not map char: f (102) to any virtual key
GetVirtualKey: Could not map char: a (97) to any virtual key
GetVirtualKey: Could not map char: d (100) to any virtual key
GetVirtualKey: Could not map char: c (99) to any virtual key
GetVirtualKey: Could not map char: r (114) to any virtual key
GetVirtualKey: Could not map char: i (105) to any virtual key
GetVirtualKey: Could not map char: l (108) to any virtual key
GetVirtualKey: Could not map char: f (102) to any virtual key
GetVirtualKey: Could not map char: k (107) to any virtual key
GetVirtualKey: Could not map char: p (112) to any virtual key
GetVirtualKey: Could not map char: p (112) to any virtual key
GetVirtualKey: Could not map char: p (112) to any virtual key
GetVirtualKey: Could not map char: c (99) to any virtual key
GetVirtualKey: Could not map char: r (114) to any virtual key
GetVirtualKey: Could not map char: P (80) to any virtual key
GetVirtualKey: Could not map char: n (110) to any virtual key
GetVirtualKey: Could not map char: n (110) to any virtual key
GetVirtualKey: Could not map char: g (103) to any virtual key
GetVirtualKey: Could not map char: = (61) to any virtual key
GetVirtualKey: Could not map char: f (102) to any virtual key
GetVirtualKey: Could not map char: f (102) to any virtual key
GetVirtualKey: Could not map char: a (97) to any virtual key
GetVirtualKey: Could not map char: a (97) to any virtual key
GetVirtualKey: Could not map char: n (110) to any virtual key
GetVirtualKey: Could not map char: o (111) to any virtual key
GetVirtualKey: Could not map char: s (115) to any virtual key
GetVirtualKey: Could not map char: s (115) to any virtual key
GetVirtualKey: Could not map char: b (98) to any virtual key
GetVirtualKey: Could not map char: b (98) to any virtual key
GetVirtualKey: Could not map char: c (99) to any virtual key
GetVirtualKey: Could not map char: u (117) to any virtual key
GetVirtualKey: Could not map char: z (122) to any virtual key
GetVirtualKey: Could not map char: y (121) to any virtual key
GetVirtualKey: Could not map char: x (120) to any virtual key
GetVirtualKey: Could not map char: c (99) to any virtual key
GetVirtualKey: Could not map char: v (118) to any virtual key
GetVirtualKey: Could not map char: V (86) to any virtual key
GetVirtualKey: Could not map char: d (100) to any virtual key
GetVirtualKey: Could not map char: f (102) to any virtual key
GetVirtualKey: Could not map char: f (102) to any virtual key
GetVirtualKey: Could not map char: a (97) to any virtual key
GetVirtualKey: Could not map char: d (100) to any virtual key
GetVirtualKey: Could not map char: c (99) to any virtual key
GetVirtualKey: Could not map char: r (114) to any virtual key
GetVirtualKey: Could not map char: i (105) to any virtual key
GetVirtualKey: Could not map char: l (108) to any virtual key
GetVirtualKey: Could not map char: f (102) to any virtual key
GetVirtualKey: Could not map char: k (107) to any virtual key
GetVirtualKey: Could not map char: p (112) to any virtual key
GetVirtualKey: Could not map char: p (112) to any virtual key
GetVirtualKey: Could not map char: p (112) to any virtual key
GetVirtualKey: Could not map char: c (99) to any virtual key
GetVirtualKey: Could not map char: r (114) to any virtual key
GetVirtualKey: Could not map char: P (80) to any virtual key
GetVirtualKey: Could not map char: n (110) to any virtual key
GetVirtualKey: Could not map char: n (110) to any virtual key
GetVirtualKey: Could not map char: g (103) to any virtual key
GetVirtualKey: Could not map char: = (61) to any virtual key
GetVirtualKey: Could not map char: f (102) to any virtual key
GetVirtualKey: Could not map char: f (102) to any virtual key
GetVirtualKey: Could not map char: a (97) to any virtual key
GetVirtualKey: Could not map char: a (97) to any virtual key
GetVirtualKey: Could not map char: c (99) to any virtual key
GetVirtualKey: Could not map char: u (117) to any virtual key
GetVirtualKey: Could not map char: n (110) to any virtual key
GetVirtualKey: Could not map char: o (111) to any virtual key
GetVirtualKey: Could not map char: s (115) to any virtual key
GetVirtualKey: Could not map char: s (115) to any virtual key
GetVirtualKey: Could not map char: b (98) to any virtual key
GetVirtualKey: Could not map char: b (98) to any virtual key
Importing 'GUID: 99c9720ab356a0642a771bea13969a05 - Path: Assets/Scenes/SampleScene.unity' with importer (DefaultImporter)
Imported 'GUID: 99c9720ab356a0642a771bea13969a05' -> (Import Result ID: '1ba5b3e2303f432e47b969f7440c38c0') in 0.007 seconds [static dependencies only]. Details - ImportResultOutputID=378ca25c6c95e370f41ed482e616ed68 DependenciesID=f6525213c008f3dd3987c907d12423e3 StaticDependenciesID=ef3e007b4c616f4646765ad27e7a090c 
Refreshing native plugins compatible for Editor in 2.46 ms, found 4 plugins.
Asset Pipeline Refresh (id=1de9395432fdd994b9997fac0a3c25d0): Total: 0.162 seconds - Initiated by StopAssetImportingV2(NoUpdateAssetOptions)
Asset Pipeline Refresh (id=a55547262d366644ebeda7ea0ac53a7e): Total: 0.017 seconds - Initiated by RefreshV2(AllowForceSynchronousImport)
Asset Pipeline Refresh (id=8f25eba0c060fcd439fbcea0ed3a9795): Total: 0.009 seconds - Initiated by RefreshV2(AllowForceSynchronousImport)
[ScriptCompilation] Requested script compilation because: AssetDatabase observed changes in script compilation related files
Refreshing native plugins compatible for Editor in 5.93 ms, found 4 plugins.
Asset Pipeline Refresh (id=78f977ff3899d2f48be06c13f39cc166): Total: 0.134 seconds - Initiated by RefreshV2(NoUpdateAssetOptions)
Asset Pipeline Refresh (id=118025722e6f80b4aa6d9273211242b8): Total: 0.005 seconds - Initiated by RefreshV2(NoUpdateAssetOptions)
[Licensing::Client] Successfully resolved entitlement details
info: Microsoft.AspNetCore.Hosting.Diagnostics[1]
      Request starting HTTP/2 POST http://ilpp/UnityILPP.PostProcessing/Ping - application/grpc -
info: Microsoft.AspNetCore.Routing.EndpointMiddleware[0]
      Executing endpoint 'gRPC - /UnityILPP.PostProcessing/Ping'
info: Microsoft.AspNetCore.Routing.EndpointMiddleware[1]
      Executed endpoint 'gRPC - /UnityILPP.PostProcessing/Ping'
info: Microsoft.AspNetCore.Hosting.Diagnostics[2]
      Request finished HTTP/2 POST http://ilpp/UnityILPP.PostProcessing/Ping - 200 - application/grpc 0.2736ms
Starting: C:\Program Files\Unity\Hub\Editor\6000.5.9f1\Editor\Data\Tools\BuildPipeline\bee_backend.exe --ipc --defer-dag-verification --dagfile="Library/Bee/1900b0aE.dag" --continue-on-failure --profile="Library/Bee/backend1.traceevents" ScriptAssemblies
WorkingDir: C:/Users/golfa/Rocket
Asset Pipeline Refresh (id=49061c57f45fa4c448b9737bb6d0de08): Total: 0.004 seconds - Initiated by RefreshV2(NoUpdateAssetOptions)
info: Microsoft.AspNetCore.Hosting.Diagnostics[1]
      Request starting HTTP/2 POST http://ilpp/UnityILPP.PostProcessing/ConfigurePostProcessors - application/grpc -
info: Microsoft.AspNetCore.Routing.EndpointMiddleware[0]
      Executing endpoint 'gRPC - /UnityILPP.PostProcessing/ConfigurePostProcessors'
info: Unity.ILPP.Runner.PostProcessingAssemblyLoadContext[0]
      Current configuration matches the requested one, skipping
info: Microsoft.AspNetCore.Routing.EndpointMiddleware[1]
      Executed endpoint 'gRPC - /UnityILPP.PostProcessing/ConfigurePostProcessors'
info: Microsoft.AspNetCore.Hosting.Diagnostics[2]
      Request finished HTTP/2 POST http://ilpp/UnityILPP.PostProcessing/ConfigurePostProcessors - 200 - application/grpc 1.3992ms
info: Microsoft.AspNetCore.Hosting.Diagnostics[1]
      Request starting HTTP/2 POST http://ilpp/UnityILPP.PostProcessing/PostProcessAssembly - application/grpc -
info: Microsoft.AspNetCore.Routing.EndpointMiddleware[0]
      Executing endpoint 'gRPC - /UnityILPP.PostProcessing/PostProcessAssembly'
info: Unity.ILPP.Runner.PostProcessingPipeline[0]
      Processing assembly Library/Bee/artifacts/1900b0aE.dag/Assembly-CSharp.dll, with 141 defines and 339 references
info: Unity.ILPP.Runner.PostProcessingPipeline[0]
      processors: Unity.Jobs.CodeGen.JobsILPostProcessor, zzzUnity.Burst.CodeGen.BurstILPostProcessor
info: Unity.ILPP.Runner.PostProcessingPipeline[0]
      running Unity.Jobs.CodeGen.JobsILPostProcessor
info: Unity.ILPP.Runner.PostProcessingPipeline[0]
      running zzzUnity.Burst.CodeGen.BurstILPostProcessor
info: Microsoft.AspNetCore.Routing.EndpointMiddleware[1]
      Executed endpoint 'gRPC - /UnityILPP.PostProcessing/PostProcessAssembly'
info: Microsoft.AspNetCore.Hosting.Diagnostics[2]
      Request finished HTTP/2 POST http://ilpp/UnityILPP.PostProcessing/PostProcessAssembly - 200 - application/grpc 30.5811ms
ExitCode: 0 Duration: 0s777ms
[730/927    0s] ILPP-Configuration Library/ilpp-configuration.nevergeneratedoutput
[923/927    0s] Csc Library/Bee/artifacts/1900b0aE.dag/Assembly-CSharp.dll (+2 others)
[924/927    0s] ILPostProcess Library/Bee/artifacts/1900b0aE.dag/post-processed/Assembly-CSharp.dll (+pdb)
Processing assembly Library/Bee/artifacts/1900b0aE.dag/Assembly-CSharp.dll, with 141 defines and 339 references

processors: Unity.Jobs.CodeGen.JobsILPostProcessor, zzzUnity.Burst.CodeGen.BurstILPostProcessor

running Unity.Jobs.CodeGen.JobsILPostProcessor

running zzzUnity.Burst.CodeGen.BurstILPostProcessor
[925/927    0s] CopyFiles Library/ScriptAssemblies/Assembly-CSharp.pdb
[926/927    0s] CopyFiles Library/ScriptAssemblies/Assembly-CSharp.dll
*** Tundra build success (0.73 seconds), 5 items updated, 927 evaluated
Reloading assemblies after finishing script compilation.
Reloading assemblies after forced synchronous recompile.
Total cache size 64119356
Total cache size after purge 64119356, took 00:00:00.1841241
Begin MonoManager ReloadAssembly
Refreshing native plugins compatible for Editor in 3.21 ms, found 4 plugins.
Native extension for WindowsStandalone target not found
Native extension for WebGL target not found
[MODES] ModeService[none].Initialize
[MODES] ModeService[none].LoadModes
GetVirtualKey: Could not map char: z (122) to any virtual key
GetVirtualKey: Could not map char: y (121) to any virtual key
GetVirtualKey: Could not map char: x (120) to any virtual key
GetVirtualKey: Could not map char: c (99) to any virtual key
GetVirtualKey: Could not map char: v (118) to any virtual key
GetVirtualKey: Could not map char: V (86) to any virtual key
GetVirtualKey: Could not map char: d (100) to any virtual key
GetVirtualKey: Could not map char: f (102) to any virtual key
GetVirtualKey: Could not map char: f (102) to any virtual key
GetVirtualKey: Could not map char: a (97) to any virtual key
GetVirtualKey: Could not map char: d (100) to any virtual key
GetVirtualKey: Could not map char: c (99) to any virtual key
GetVirtualKey: Could not map char: r (114) to any virtual key
GetVirtualKey: Could not map char: i (105) to any virtual key
GetVirtualKey: Could not map char: l (108) to any virtual key
GetVirtualKey: Could not map char: f (102) to any virtual key
GetVirtualKey: Could not map char: k (107) to any virtual key
GetVirtualKey: Could not map char: p (112) to any virtual key
GetVirtualKey: Could not map char: p (112) to any virtual key
GetVirtualKey: Could not map char: p (112) to any virtual key
GetVirtualKey: Could not map char: c (99) to any virtual key
GetVirtualKey: Could not map char: r (114) to any virtual key
GetVirtualKey: Could not map char: P (80) to any virtual key
GetVirtualKey: Could not map char: n (110) to any virtual key
GetVirtualKey: Could not map char: n (110) to any virtual key
GetVirtualKey: Could not map char: g (103) to any virtual key
GetVirtualKey: Could not map char: = (61) to any virtual key
GetVirtualKey: Could not map char: f (102) to any virtual key
GetVirtualKey: Could not map char: f (102) to any virtual key
GetVirtualKey: Could not map char: a (97) to any virtual key
GetVirtualKey: Could not map char: a (97) to any virtual key
GetVirtualKey: Could not map char: n (110) to any virtual key
GetVirtualKey: Could not map char: o (111) to any virtual key
GetVirtualKey: Could not map char: s (115) to any virtual key
GetVirtualKey: Could not map char: s (115) to any virtual key
GetVirtualKey: Could not map char: b (98) to any virtual key
GetVirtualKey: Could not map char: b (98) to any virtual key
GetVirtualKey: Could not map char: c (99) to any virtual key
GetVirtualKey: Could not map char: u (117) to any virtual key
ScheduleIndexationOnStartup MainProcess:True IndexOnStartup:True
Mono: successfully reloaded assembly
- Finished resetting the current domain, in  3.481 seconds
Domain Reload Profiling: 5871ms
	BeginReloadAssembly (1522ms)
		DisableScriptedObjects (263ms)
		CreateAndSetChildDomain (880ms)
	RebuildCommonClasses (27ms)
	RebuildNativeTypeToScriptingClass (32ms)
	initialDomainReloadingComplete (105ms)
	LoadAllAssembliesAndSetupDomain (702ms)
		LoadAssemblies (280ms)
		AnalyzeDomain (408ms)
			TypeCache.Refresh (18ms)
			BuildScriptInfoCaches (342ms)
			ResolveRequiredComponents (46ms)
	FinalizeReload (3483ms)
		SetupLoadedEditorAssemblies (0ms)
			InitializePlatformSupportModulesInManaged (3ms)
			BeforeProcessingInitializeOnLoad (364ms)
			ProcessInitializeOnLoadAttributes (715ms)
			ProcessInitializeOnLoadMethodAttributes (271ms)
			AfterProcessingInitializeOnLoad (10ms)
		AwakeInstancesAfterBackupRestoration (1188ms)

Asset Pipeline Refresh (id=636374c835b6de743bafb6473425aaf3): Total: 6.298 seconds - Initiated by StopAssetImportingV2(ForceSynchronousImport | ForceDomainReload)
	(Values over 0.05ms)
	Summary:
		Imports: total=0 (actual=0, local cache=0, cache server=0)
		Asset DB Process Time: managed=0 ms, native=3708 ms
		Asset DB Callback time: managed=57 ms, native=0 ms
		Scripting: domain reloads=1, domain reload time=2530 ms, compile time=2 ms, other=0 ms
		Project Asset Count: scripts=1374, non-scripts=2362
		Asset File Changes: new=0, changed=0, moved=0, deleted=0
		Scan Filter Count: 0
	InvokePackagesCallback: 2.096ms
	ApplyChangesToAssetFolders: 0.467ms
	Collect global state as custom dependencies: 8.239ms
	ProcessAssetsWithTransientArtifactChanges: 11.189ms
	CategorizeAssets: 76.037ms
	CompileScripts: 2.215ms
	ImportOutOfDateAssets: 3552.820ms (3503.621ms without children)
		CollectScriptTypesHashes: 1.509ms
		ReloadNativeAssets: 1.983ms
		UnloadImportedAssets: 0.362ms
		EnsureUptoDateAssetsAreRegisteredWithGuidPM: 1.095ms
		ImportSchedulerStart: 45.713ms
	PostProcessAllAssets: 57.403ms
		MonoPostProcessAllAssets: 57.395ms
			UniversalRenderPipelineGlobalSettingsPostprocessor.OnPostprocessAllAssets 21.003ms
			SyncVS.PostprocessSyncProject 4.456ms
			SpeedTree9Postprocessor.OnPostprocessAllAssets 4.210ms
			WindowAssetPostprocessingWatcher.OnPostprocessAllAssets 3.719ms
			ShaderReflectionAssetPostProcessor.OnPostprocessAllAssets 1.849ms
			EditModeScopePostprocessor.OnPostprocessAllAssets 1.705ms
			RenderPipelineGlobalSettingsPostprocessor.OnPostprocessAllAssets 1.339ms
			ProjectSettingsPostprocessor.OnPostprocessAllAssets 0.989ms
			ReferencedClipsPostProcessor.OnPostprocessAllAssets 0.460ms
			AssetChangedListener.OnPostprocessAllAssets 0.430ms
			InputActionAssetPostprocessor.OnPostprocessAllAssets 0.419ms
			TerrainToolbarOverlayPostProcessor.OnPostprocessAllAssets 0.291ms
			AssetDatabaseCallbacks.OnPostprocessAllAssets 0.251ms
			ShaderGraphAssetPostProcessor.OnPostprocessAllAssets 0.165ms
			AssetPostprocessor.OnPostprocessAllAssets 0.112ms
	GatherAllCurrentPrimaryImportResultRevisions: 0.168ms
	PersistCurrentRevisions: 0.165ms
	GenerateScriptTypeHashes: 4.123ms
	GenerateScriptTypeSerializationHashes: 6.706ms
	Untracked: 2581.300ms

[Licensing::Client] Successfully resolved entitlement details
[Licensing::Client] Successfully resolved entitlement details
Asset Pipeline Refresh (id=a5432992f4e7b9f4ca9de1f4b04499de): Total: 0.014 seconds - Initiated by RefreshV2(AllowForceSynchronousImport)
Reloading assemblies for play mode.
Reloading assemblies after forced synchronous recompile.
[Licensing::Client] Successfully resolved entitlement details
Begin MonoManager ReloadAssembly
Refreshing native plugins compatible for Editor in 6.82 ms, found 4 plugins.
Native extension for WindowsStandalone target not found
Native extension for WebGL target not found
ScheduleIndexationOnStartup MainProcess:True IndexOnStartup:True
[MODES] ModeService[none].Initialize
[MODES] ModeService[none].LoadModes
Mono: successfully reloaded assembly
- Finished resetting the current domain, in  3.301 seconds
Domain Reload Profiling: 4916ms
	BeginReloadAssembly (1130ms)
		DisableScriptedObjects (136ms)
		CreateAndSetChildDomain (736ms)
	RebuildCommonClasses (24ms)
	RebuildNativeTypeToScriptingClass (18ms)
	initialDomainReloadingComplete (65ms)
	LoadAllAssembliesAndSetupDomain (377ms)
		LoadAssemblies (272ms)
		AnalyzeDomain (65ms)
			TypeCache.Refresh (16ms)
			ResolveRequiredComponents (43ms)
	FinalizeReload (3303ms)
		SetupLoadedEditorAssemblies (0ms)
			InitializePlatformSupportModulesInManaged (4ms)
			BeforeProcessingInitializeOnLoad (176ms)
			ProcessInitializeOnLoadAttributes (682ms)
			ProcessInitializeOnLoadMethodAttributes (216ms)
			AfterProcessingInitializeOnLoad (11ms)
		AwakeInstancesAfterBackupRestoration (1224ms)

Asset Pipeline Refresh (id=18a2aaf0aa142d94e89f13f2a6d3fa0c): Total: 5.428 seconds - Initiated by StopAssetImportingV2(ForceSynchronousImport | ForceDomainReload)
	(Values over 0.05ms)
	Summary:
		Imports: total=0 (actual=0, local cache=0, cache server=0)
		Asset DB Process Time: managed=0 ms, native=3547 ms
		Asset DB Callback time: managed=56 ms, native=1 ms
		Scripting: domain reloads=1, domain reload time=1820 ms, compile time=2 ms, other=0 ms
		Project Asset Count: scripts=1374, non-scripts=2362
		Asset File Changes: new=0, changed=0, moved=0, deleted=0
		Scan Filter Count: 0
	InvokePackagesCallback: 3.557ms
	ApplyChangesToAssetFolders: 0.544ms
	Collect global state as custom dependencies: 6.785ms
	ProcessAssetsWithTransientArtifactChanges: 0.553ms
	CategorizeAssets: 87.937ms
	CompileScripts: 2.408ms
	ImportOutOfDateAssets: 3380.045ms (3329.620ms without children)
		CollectScriptTypesHashes: 1.267ms
		ReloadNativeAssets: 2.036ms
		UnloadImportedAssets: 0.391ms
		EnsureUptoDateAssetsAreRegisteredWithGuidPM: 1.355ms
		ImportSchedulerStart: 46.575ms
	PostProcessAllAssets: 56.119ms
		MonoPostProcessAllAssets: 56.111ms
			UniversalRenderPipelineGlobalSettingsPostprocessor.OnPostprocessAllAssets 19.797ms
			SyncVS.PostprocessSyncProject 5.747ms
			SpeedTree9Postprocessor.OnPostprocessAllAssets 3.760ms
			WindowAssetPostprocessingWatcher.OnPostprocessAllAssets 3.680ms
			ProjectSettingsPostprocessor.OnPostprocessAllAssets 1.399ms
			RenderPipelineGlobalSettingsPostprocessor.OnPostprocessAllAssets 1.349ms
			ShaderReflectionAssetPostProcessor.OnPostprocessAllAssets 0.642ms
			EditModeScopePostprocessor.OnPostprocessAllAssets 0.568ms
			InputActionAssetPostprocessor.OnPostprocessAllAssets 0.552ms
			ReferencedClipsPostProcessor.OnPostprocessAllAssets 0.436ms
			AssetChangedListener.OnPostprocessAllAssets 0.430ms
			AssetDatabaseCallbacks.OnPostprocessAllAssets 0.305ms
			TerrainToolbarOverlayPostProcessor.OnPostprocessAllAssets 0.272ms
			ShaderGraphAssetPostProcessor.OnPostprocessAllAssets 0.165ms
			AssetPostprocessor.OnPostprocessAllAssets 0.112ms
	GatherAllCurrentPrimaryImportResultRevisions: 0.447ms
	UnloadStreamsBegin: 0.301ms
	PersistCurrentRevisions: 0.204ms
	GenerateScriptTypeHashes: 4.208ms
	GenerateScriptTypeSerializationHashes: 6.885ms
	Untracked: 1881.448ms

Loaded scene 'Temp/__Backupscenes/0.backup'
	Deserialize:            6.274 ms
	Integration:            961.960 ms
	Integration of assets:  0.012 ms
	Thread Wait Time:       0.023 ms
	Total Operation Time:   968.269 ms
[Licensing::Client] Successfully resolved entitlement details
[Licensing::Client] Successfully resolved entitlement details
0.9809996
UnityEngine.Debug:ExtractStackTraceNoAlloc (byte*,int,string)
UnityEngine.StackTraceUtility:ExtractStackTrace ()
UnityEngine.DebugLogHandler:Internal_Log (UnityEngine.LogType,UnityEngine.LogOption,string,UnityEngine.Object)
UnityEngine.DebugLogHandler:LogFormat (UnityEngine.LogType,UnityEngine.Object,string,object[])
UnityEngine.Logger:Log (UnityEngine.LogType,object)
UnityEngine.Debug:Log (object)
PlatForm:OnCollisionEnter (UnityEngine.Collision) (at Assets/Script/PlatForm.cs:16)
UnityEngine.Physics:SendOnCollisionEnter (UnityEngine.Component,UnityEngine.Collision)
UnityEngine.Physics:ReportContacts (Unity.Collections.NativeArray`1/ReadOnly<UnityEngine.ContactPairHeader>)
UnityEngine.Physics:OnSceneContact (UnityEngine.PhysicsScene,intptr,int)

(Filename: Assets/Script/PlatForm.cs Line: 16)

Unloading 0 Unused Serialized files (Serialized files now loaded: 0)
Loaded scene 'Temp/__Backupscenes/0.backup'
	Deserialize:            4.465 ms
	Integration:            257.611 ms
	Integration of assets:  0.010 ms
	Thread Wait Time:       0.024 ms
	Total Operation Time:   262.110 ms
Unloading 195 unused Assets / (0.6 MB). Loaded Objects now: 9002.
Memory consumption went from 0.99 GB to 0.99 GB.
Total: 27.575800 ms (FindLiveObjects: 0.934000 ms CreateObjectMapping: 1.636200 ms MarkObjects: 23.583200 ms  DeleteObjects: 1.419900 ms)

[Licensing::Client] Successfully resolved entitlement details
Reloading assemblies for play mode.
Reloading assemblies after forced synchronous recompile.
Begin MonoManager ReloadAssembly
Native extension for WindowsStandalone target not found
Native extension for WebGL target not found
ScheduleIndexationOnStartup MainProcess:True IndexOnStartup:True
[MODES] ModeService[none].Initialize
[MODES] ModeService[none].LoadModes
Mono: successfully reloaded assembly
- Finished resetting the current domain, in  3.391 seconds
Domain Reload Profiling: 5115ms
	BeginReloadAssembly (1284ms)
		DisableScriptedObjects (146ms)
		CreateAndSetChildDomain (796ms)
	RebuildCommonClasses (24ms)
	RebuildNativeTypeToScriptingClass (32ms)
	initialDomainReloadingComplete (98ms)
	LoadAllAssembliesAndSetupDomain (284ms)
		LoadAssemblies (233ms)
		AnalyzeDomain (67ms)
			TypeCache.Refresh (15ms)
			ResolveRequiredComponents (44ms)
	FinalizeReload (3393ms)
		SetupLoadedEditorAssemblies (0ms)
			InitializePlatformSupportModulesInManaged (5ms)
			BeforeProcessingInitializeOnLoad (178ms)
			ProcessInitializeOnLoadAttributes (657ms)
			ProcessInitializeOnLoadMethodAttributes (230ms)
			AfterProcessingInitializeOnLoad (8ms)
		AwakeInstancesAfterBackupRestoration (1248ms)

Asset Pipeline Refresh (id=0a2ef322e42351f48a9bae22583a7110): Total: 5.452 seconds - Initiated by StopAssetImportingV2(ForceSynchronousImport | ForceDomainReload)
	(Values over 0.05ms)
	Summary:
		Imports: total=0 (actual=0, local cache=0, cache server=0)
		Asset DB Process Time: managed=0 ms, native=3597 ms
		Asset DB Callback time: managed=55 ms, native=0 ms
		Scripting: domain reloads=1, domain reload time=1795 ms, compile time=2 ms, other=0 ms
		Project Asset Count: scripts=1374, non-scripts=2362
		Asset File Changes: new=0, changed=0, moved=0, deleted=0
		Scan Filter Count: 0
	InvokePackagesCallback: 2.443ms
	ApplyChangesToAssetFolders: 0.544ms
	Collect global state as custom dependencies: 6.384ms
	ProcessAssetsWithTransientArtifactChanges: 0.480ms
	CategorizeAssets: 80.094ms
	CompileScripts: 2.220ms
	ImportOutOfDateAssets: 3459.381ms (3414.916ms without children)
		CollectScriptTypesHashes: 1.269ms
		ReloadNativeAssets: 2.032ms
		UnloadImportedAssets: 0.445ms
		EnsureUptoDateAssetsAreRegisteredWithGuidPM: 1.157ms
		ImportSchedulerStart: 40.777ms
	PostProcessAllAssets: 55.368ms
		MonoPostProcessAllAssets: 55.361ms
			UniversalRenderPipelineGlobalSettingsPostprocessor.OnPostprocessAllAssets 20.603ms
			SyncVS.PostprocessSyncProject 4.866ms
			WindowAssetPostprocessingWatcher.OnPostprocessAllAssets 3.805ms
			SpeedTree9Postprocessor.OnPostprocessAllAssets 3.261ms
			RenderPipelineGlobalSettingsPostprocessor.OnPostprocessAllAssets 1.383ms
			ProjectSettingsPostprocessor.OnPostprocessAllAssets 1.088ms
			ShaderReflectionAssetPostProcessor.OnPostprocessAllAssets 0.637ms
			EditModeScopePostprocessor.OnPostprocessAllAssets 0.517ms
			InputActionAssetPostprocessor.OnPostprocessAllAssets 0.473ms
			ReferencedClipsPostProcessor.OnPostprocessAllAssets 0.463ms
			AssetChangedListener.OnPostprocessAllAssets 0.430ms
			AssetDatabaseCallbacks.OnPostprocessAllAssets 0.284ms
			TerrainToolbarOverlayPostProcessor.OnPostprocessAllAssets 0.264ms
			ShaderGraphAssetPostProcessor.OnPostprocessAllAssets 0.165ms
			AssetPostprocessor.OnPostprocessAllAssets 0.112ms
	GatherAllCurrentPrimaryImportResultRevisions: 0.437ms
	PersistCurrentRevisions: 0.178ms
	GenerateScriptTypeHashes: 4.177ms
	GenerateScriptTypeSerializationHashes: 6.969ms
	Untracked: 1835.379ms

Loaded scene 'Temp/__Backupscenes/0.backup'
	Deserialize:            5.406 ms
	Integration:            1028.151 ms
	Integration of assets:  0.008 ms
	Thread Wait Time:       0.026 ms
	Total Operation Time:   1033.591 ms
[Licensing::Client] Successfully resolved entitlement details
[Licensing::Client] Successfully resolved entitlement details
0.9809996
UnityEngine.Debug:ExtractStackTraceNoAlloc (byte*,int,string)
UnityEngine.StackTraceUtility:ExtractStackTrace ()
UnityEngine.DebugLogHandler:Internal_Log (UnityEngine.LogType,UnityEngine.LogOption,string,UnityEngine.Object)
UnityEngine.DebugLogHandler:LogFormat (UnityEngine.LogType,UnityEngine.Object,string,object[])
UnityEngine.Logger:Log (UnityEngine.LogType,object)
UnityEngine.Debug:Log (object)
PlatForm:OnCollisionEnter (UnityEngine.Collision) (at Assets/Script/PlatForm.cs:16)
UnityEngine.Physics:SendOnCollisionEnter (UnityEngine.Component,UnityEngine.Collision)
UnityEngine.Physics:ReportContacts (Unity.Collections.NativeArray`1/ReadOnly<UnityEngine.ContactPairHeader>)
UnityEngine.Physics:OnSceneContact (UnityEngine.PhysicsScene,intptr,int)

(Filename: Assets/Script/PlatForm.cs Line: 16)

Unloading 0 Unused Serialized files (Serialized files now loaded: 0)
Loaded scene 'Temp/__Backupscenes/0.backup'
	Deserialize:            3.819 ms
	Integration:            285.615 ms
	Integration of assets:  0.009 ms
	Thread Wait Time:       0.024 ms
	Total Operation Time:   289.466 ms
Unloading 15 unused Assets / (228.7 KB). Loaded Objects now: 9006.
Memory consumption went from 0.99 GB to 0.99 GB.
Total: 38.408200 ms (FindLiveObjects: 1.510300 ms CreateObjectMapping: 1.803000 ms MarkObjects: 35.003500 ms  DeleteObjects: 0.089400 ms)

Asset Pipeline Refresh (id=6e649d56c8f367d4b94bf46371cec12d): Total: 0.023 seconds - Initiated by RefreshV2(AllowForceSynchronousImport)
Reloading assemblies for play mode.
Reloading assemblies after forced synchronous recompile.
Begin MonoManager ReloadAssembly
GetVirtualKey: Could not map char: z (122) to any virtual key
GetVirtualKey: Could not map char: y (121) to any virtual key
GetVirtualKey: Could not map char: x (120) to any virtual key
GetVirtualKey: Could not map char: c (99) to any virtual key
GetVirtualKey: Could not map char: v (118) to any virtual key
GetVirtualKey: Could not map char: V (86) to any virtual key
GetVirtualKey: Could not map char: d (100) to any virtual key
GetVirtualKey: Could not map char: f (102) to any virtual key
GetVirtualKey: Could not map char: f (102) to any virtual key
GetVirtualKey: Could not map char: a (97) to any virtual key
GetVirtualKey: Could not map char: d (100) to any virtual key
GetVirtualKey: Could not map char: c (99) to any virtual key
GetVirtualKey: Could not map char: r (114) to any virtual key
GetVirtualKey: Could not map char: i (105) to any virtual key
GetVirtualKey: Could not map char: l (108) to any virtual key
GetVirtualKey: Could not map char: f (102) to any virtual key
GetVirtualKey: Could not map char: k (107) to any virtual key
GetVirtualKey: Could not map char: p (112) to any virtual key
GetVirtualKey: Could not map char: p (112) to any virtual key
GetVirtualKey: Could not map char: p (112) to any virtual key
GetVirtualKey: Could not map char: c (99) to any virtual key
GetVirtualKey: Could not map char: r (114) to any virtual key
GetVirtualKey: Could not map char: P (80) to any virtual key
GetVirtualKey: Could not map char: n (110) to any virtual key
GetVirtualKey: Could not map char: n (110) to any virtual key
GetVirtualKey: Could not map char: g (103) to any virtual key
GetVirtualKey: Could not map char: = (61) to any virtual key
GetVirtualKey: Could not map char: f (102) to any virtual key
GetVirtualKey: Could not map char: f (102) to any virtual key
GetVirtualKey: Could not map char: a (97) to any virtual key
GetVirtualKey: Could not map char: a (97) to any virtual key
GetVirtualKey: Could not map char: n (110) to any virtual key
GetVirtualKey: Could not map char: o (111) to any virtual key
GetVirtualKey: Could not map char: s (115) to any virtual key
GetVirtualKey: Could not map char: s (115) to any virtual key
GetVirtualKey: Could not map char: b (98) to any virtual key
GetVirtualKey: Could not map char: b (98) to any virtual key
GetVirtualKey: Could not map char: c (99) to any virtual key
GetVirtualKey: Could not map char: u (117) to any virtual key
Refreshing native plugins compatible for Editor in 2.20 ms, found 4 plugins.
Native extension for WindowsStandalone target not found
Native extension for WebGL target not found
ScheduleIndexationOnStartup MainProcess:True IndexOnStartup:True
[MODES] ModeService[none].Initialize
[MODES] ModeService[none].LoadModes
Mono: successfully reloaded assembly
- Finished resetting the current domain, in  3.389 seconds
Domain Reload Profiling: 5014ms
	BeginReloadAssembly (1126ms)
		DisableScriptedObjects (144ms)
		CreateAndSetChildDomain (672ms)
	RebuildCommonClasses (20ms)
	RebuildNativeTypeToScriptingClass (33ms)
	initialDomainReloadingComplete (98ms)
	LoadAllAssembliesAndSetupDomain (346ms)
		LoadAssemblies (219ms)
		AnalyzeDomain (71ms)
			TypeCache.Refresh (17ms)
			ResolveRequiredComponents (46ms)
	FinalizeReload (3391ms)
		SetupLoadedEditorAssemblies (0ms)
			InitializePlatformSupportModulesInManaged (4ms)
			BeforeProcessingInitializeOnLoad (161ms)
			ProcessInitializeOnLoadAttributes (695ms)
			ProcessInitializeOnLoadMethodAttributes (223ms)
			AfterProcessingInitializeOnLoad (8ms)
		AwakeInstancesAfterBackupRestoration (1197ms)

Asset Pipeline Refresh (id=8313618be842fcf43b80f0c96666ae24): Total: 5.387 seconds - Initiated by StopAssetImportingV2(ForceSynchronousImport | ForceDomainReload)
	(Values over 0.05ms)
	Summary:
		Imports: total=0 (actual=0, local cache=0, cache server=0)
		Asset DB Process Time: managed=0 ms, native=3626 ms
		Asset DB Callback time: managed=60 ms, native=0 ms
		Scripting: domain reloads=1, domain reload time=1696 ms, compile time=3 ms, other=0 ms
		Project Asset Count: scripts=1374, non-scripts=2362
		Asset File Changes: new=0, changed=0, moved=0, deleted=0
		Scan Filter Count: 0
	InvokePackagesCallback: 2.493ms
	ApplyChangesToAssetFolders: 0.550ms
	Collect global state as custom dependencies: 6.775ms
	ProcessAssetsWithTransientArtifactChanges: 0.441ms
	CategorizeAssets: 87.742ms
	CompileScripts: 2.690ms
	ImportOutOfDateAssets: 3468.205ms (3415.978ms without children)
		CollectScriptTypesHashes: 1.272ms
		ReloadNativeAssets: 2.046ms
		UnloadImportedAssets: 0.426ms
		EnsureUptoDateAssetsAreRegisteredWithGuidPM: 1.228ms
		ImportSchedulerStart: 48.470ms
	PostProcessAllAssets: 60.832ms
		MonoPostProcessAllAssets: 60.824ms
			UniversalRenderPipelineGlobalSettingsPostprocessor.OnPostprocessAllAssets 23.759ms
			SyncVS.PostprocessSyncProject 5.884ms
			WindowAssetPostprocessingWatcher.OnPostprocessAllAssets 3.931ms
			SpeedTree9Postprocessor.OnPostprocessAllAssets 3.749ms
			ProjectSettingsPostprocessor.OnPostprocessAllAssets 1.341ms
			RenderPipelineGlobalSettingsPostprocessor.OnPostprocessAllAssets 1.307ms
			ShaderReflectionAssetPostProcessor.OnPostprocessAllAssets 0.743ms
			InputActionAssetPostprocessor.OnPostprocessAllAssets 0.590ms
			ReferencedClipsPostProcessor.OnPostprocessAllAssets 0.544ms
			EditModeScopePostprocessor.OnPostprocessAllAssets 0.506ms
			TerrainToolbarOverlayPostProcessor.OnPostprocessAllAssets 0.452ms
			AssetChangedListener.OnPostprocessAllAssets 0.430ms
			AssetDatabaseCallbacks.OnPostprocessAllAssets 0.305ms
			ShaderGraphAssetPostProcessor.OnPostprocessAllAssets 0.165ms
			AssetPostprocessor.OnPostprocessAllAssets 0.112ms
	GatherAllCurrentPrimaryImportResultRevisions: 0.210ms
	UnloadStreamsBegin: 0.114ms
	PersistCurrentRevisions: 0.231ms
	GenerateScriptTypeHashes: 4.375ms
	GenerateScriptTypeSerializationHashes: 7.056ms
	Untracked: 1748.390ms

Loaded scene 'Temp/__Backupscenes/0.backup'
	Deserialize:            5.300 ms
	Integration:            1001.055 ms
	Integration of assets:  0.012 ms
	Thread Wait Time:       0.023 ms
	Total Operation Time:   1006.390 ms
[Licensing::Client] Successfully resolved entitlement details
[Licensing::Client] Successfully resolved entitlement details
Asset Pipeline Refresh (id=a3dd908bdb141aa44b862031b8f33da5): Total: 0.017 seconds - Initiated by RefreshV2(NoUpdateAssetOptions)
0.9809996
UnityEngine.Debug:ExtractStackTraceNoAlloc (byte*,int,string)
UnityEngine.StackTraceUtility:ExtractStackTrace ()
UnityEngine.DebugLogHandler:Internal_Log (UnityEngine.LogType,UnityEngine.LogOption,string,UnityEngine.Object)
UnityEngine.DebugLogHandler:LogFormat (UnityEngine.LogType,UnityEngine.Object,string,object[])
UnityEngine.Logger:Log (UnityEngine.LogType,object)
UnityEngine.Debug:Log (object)
PlatForm:OnCollisionEnter (UnityEngine.Collision) (at Assets/Script/PlatForm.cs:16)
UnityEngine.Physics:SendOnCollisionEnter (UnityEngine.Component,UnityEngine.Collision)
UnityEngine.Physics:ReportContacts (Unity.Collections.NativeArray`1/ReadOnly<UnityEngine.ContactPairHeader>)
UnityEngine.Physics:OnSceneContact (UnityEngine.PhysicsScene,intptr,int)

(Filename: Assets/Script/PlatForm.cs Line: 16)

Asset Pipeline Refresh (id=60661b8375f4e814bb20bed6c30c1c71): Total: 0.005 seconds - Initiated by RefreshV2(NoUpdateAssetOptions)
Unloading 0 Unused Serialized files (Serialized files now loaded: 0)
Loaded scene 'Temp/__Backupscenes/0.backup'
	Deserialize:            4.164 ms
	Integration:            338.355 ms
	Integration of assets:  0.008 ms
	Thread Wait Time:       0.027 ms
	Total Operation Time:   342.555 ms
Unloading 15 unused Assets / (296.8 KB). Loaded Objects now: 9010.
Memory consumption went from 1.00 GB to 1.00 GB.
Total: 38.073500 ms (FindLiveObjects: 0.735500 ms CreateObjectMapping: 1.855400 ms MarkObjects: 35.382800 ms  DeleteObjects: 0.097900 ms)

[ScriptCompilation] Requested script compilation because: AssetDatabase observed changes in script compilation related files
Refreshing native plugins compatible for Editor in 2.23 ms, found 4 plugins.
Asset Pipeline Refresh (id=f85bc17e6f78c8947b3a481a5c229aaf): Total: 0.206 seconds - Initiated by RefreshV2(NoUpdateAssetOptions)
[Licensing::Client] Successfully resolved entitlement details
info: Microsoft.AspNetCore.Hosting.Diagnostics[1]
      Request starting HTTP/2 POST http://ilpp/UnityILPP.PostProcessing/Ping - application/grpc -
info: Microsoft.AspNetCore.Routing.EndpointMiddleware[0]
      Executing endpoint 'gRPC - /UnityILPP.PostProcessing/Ping'
info: Microsoft.AspNetCore.Routing.EndpointMiddleware[1]
      Executed endpoint 'gRPC - /UnityILPP.PostProcessing/Ping'
info: Microsoft.AspNetCore.Hosting.Diagnostics[2]
      Request finished HTTP/2 POST http://ilpp/UnityILPP.PostProcessing/Ping - 200 - application/grpc 0.8827ms
Starting: C:\Program Files\Unity\Hub\Editor\6000.5.9f1\Editor\Data\Tools\BuildPipeline\bee_backend.exe --ipc --defer-dag-verification --dagfile="Library/Bee/1900b0aE.dag" --continue-on-failure --profile="Library/Bee/backend1.traceevents" ScriptAssemblies
WorkingDir: C:/Users/golfa/Rocket
info: Microsoft.AspNetCore.Hosting.Diagnostics[1]
      Request starting HTTP/2 POST http://ilpp/UnityILPP.PostProcessing/ConfigurePostProcessors - application/grpc -
info: Microsoft.AspNetCore.Routing.EndpointMiddleware[0]
      Executing endpoint 'gRPC - /UnityILPP.PostProcessing/ConfigurePostProcessors'
info: Unity.ILPP.Runner.PostProcessingAssemblyLoadContext[0]
      Current configuration matches the requested one, skipping
info: Microsoft.AspNetCore.Routing.EndpointMiddleware[1]
      Executed endpoint 'gRPC - /UnityILPP.PostProcessing/ConfigurePostProcessors'
info: Microsoft.AspNetCore.Hosting.Diagnostics[2]
      Request finished HTTP/2 POST http://ilpp/UnityILPP.PostProcessing/ConfigurePostProcessors - 200 - application/grpc 1.2097ms
Asset Pipeline Refresh (id=4fdf38ed8c2a324499b527e6472df840): Total: 0.025 seconds - Initiated by RefreshV2(NoUpdateAssetOptions)
Asset Pipeline Refresh (id=c4b8096d930b42f43807e436406e6258): Total: 0.005 seconds - Initiated by RefreshV2(NoUpdateAssetOptions)
Asset Pipeline Refresh (id=60436f2b6aad4a142b4952c714db843d): Total: 0.013 seconds - Initiated by RefreshV2(NoUpdateAssetOptions)
Asset Pipeline Refresh (id=a8ed82644b9351543af0da536863da68): Total: 0.015 seconds - Initiated by RefreshV2(NoUpdateAssetOptions)
Asset Pipeline Refresh (id=17afd05701d8cc24782982a2c48ccb0b): Total: 0.016 seconds - Initiated by RefreshV2(NoUpdateAssetOptions)
Asset Pipeline Refresh (id=67a723ff2d8092540a1a4c48dbf6f9a5): Total: 0.015 seconds - Initiated by RefreshV2(NoUpdateAssetOptions)
Asset Pipeline Refresh (id=7e4dca2197d581f4891fc9a2183c0c49): Total: 0.016 seconds - Initiated by RefreshV2(NoUpdateAssetOptions)
Asset Pipeline Refresh (id=d093cbb8a89154a4395832e08bcdaac1): Total: 0.018 seconds - Initiated by RefreshV2(NoUpdateAssetOptions)
info: Microsoft.AspNetCore.Hosting.Diagnostics[1]
      Request starting HTTP/2 POST http://ilpp/UnityILPP.PostProcessing/PostProcessAssembly - application/grpc -
info: Microsoft.AspNetCore.Routing.EndpointMiddleware[0]
      Executing endpoint 'gRPC - /UnityILPP.PostProcessing/PostProcessAssembly'
info: Unity.ILPP.Runner.PostProcessingPipeline[0]
      Processing assembly Library/Bee/artifacts/1900b0aE.dag/Assembly-CSharp.dll, with 141 defines and 339 references
info: Unity.ILPP.Runner.PostProcessingPipeline[0]
      processors: Unity.Jobs.CodeGen.JobsILPostProcessor, zzzUnity.Burst.CodeGen.BurstILPostProcessor
info: Unity.ILPP.Runner.PostProcessingPipeline[0]
      running Unity.Jobs.CodeGen.JobsILPostProcessor
info: Unity.ILPP.Runner.PostProcessingPipeline[0]
      running zzzUnity.Burst.CodeGen.BurstILPostProcessor
info: Microsoft.AspNetCore.Routing.EndpointMiddleware[1]
      Executed endpoint 'gRPC - /UnityILPP.PostProcessing/PostProcessAssembly'
info: Microsoft.AspNetCore.Hosting.Diagnostics[2]
      Request finished HTTP/2 POST http://ilpp/UnityILPP.PostProcessing/PostProcessAssembly - 200 - application/grpc 18.6821ms
Asset Pipeline Refresh (id=8181309c1e8f48243b4ef0c3a40473d7): Total: 0.024 seconds - Initiated by RefreshV2(NoUpdateAssetOptions)
ExitCode: 0 Duration: 0s820ms
[730/927    0s] ILPP-Configuration Library/ilpp-configuration.nevergeneratedoutput
[923/927    0s] Csc Library/Bee/artifacts/1900b0aE.dag/Assembly-CSharp.dll (+2 others)
[             ] Modification date of `Assets\Script\PlatForm.cs` changed while running `Csc Library/Bee/artifacts/1900b0aE.dag/Assembly-CSharp.dll (+2 others)`. Old timestamp: 134338932389309869, new timestamp: 134338932393946190
[924/927    0s] ILPostProcess Library/Bee/artifacts/1900b0aE.dag/post-processed/Assembly-CSharp.dll (+pdb)
Processing assembly Library/Bee/artifacts/1900b0aE.dag/Assembly-CSharp.dll, with 141 defines and 339 references

processors: Unity.Jobs.CodeGen.JobsILPostProcessor, zzzUnity.Burst.CodeGen.BurstILPostProcessor

running Unity.Jobs.CodeGen.JobsILPostProcessor

running zzzUnity.Burst.CodeGen.BurstILPostProcessor
[925/927    0s] CopyFiles Library/ScriptAssemblies/Assembly-CSharp.pdb
[926/927    0s] CopyFiles Library/ScriptAssemblies/Assembly-CSharp.dll
*** Tundra build success (0.78 seconds), 5 items updated, 927 evaluated
Asset Pipeline Refresh (id=c8de1315b99e4704fb32176254634515): Total: 0.005 seconds - Initiated by RefreshV2(NoUpdateAssetOptions)
Reloading assemblies after finishing script compilation.
Reloading assemblies after forced synchronous recompile.
Total cache size 64119356
Total cache size after purge 64119356, took 00:00:00.2324269
Begin MonoManager ReloadAssembly
GetVirtualKey: Could not map char: z (122) to any virtual key
GetVirtualKey: Could not map char: y (121) to any virtual key
GetVirtualKey: Could not map char: x (120) to any virtual key
GetVirtualKey: Could not map char: c (99) to any virtual key
GetVirtualKey: Could not map char: v (118) to any virtual key
GetVirtualKey: Could not map char: V (86) to any virtual key
GetVirtualKey: Could not map char: d (100) to any virtual key
GetVirtualKey: Could not map char: f (102) to any virtual key
GetVirtualKey: Could not map char: f (102) to any virtual key
GetVirtualKey: Could not map char: a (97) to any virtual key
GetVirtualKey: Could not map char: d (100) to any virtual key
GetVirtualKey: Could not map char: c (99) to any virtual key
GetVirtualKey: Could not map char: r (114) to any virtual key
GetVirtualKey: Could not map char: i (105) to any virtual key
GetVirtualKey: Could not map char: l (108) to any virtual key
GetVirtualKey: Could not map char: f (102) to any virtual key
GetVirtualKey: Could not map char: k (107) to any virtual key
GetVirtualKey: Could not map char: p (112) to any virtual key
GetVirtualKey: Could not map char: p (112) to any virtual key
GetVirtualKey: Could not map char: p (112) to any virtual key
GetVirtualKey: Could not map char: c (99) to any virtual key
GetVirtualKey: Could not map char: r (114) to any virtual key
GetVirtualKey: Could not map char: P (80) to any virtual key
GetVirtualKey: Could not map char: n (110) to any virtual key
GetVirtualKey: Could not map char: n (110) to any virtual key
GetVirtualKey: Could not map char: g (103) to any virtual key
GetVirtualKey: Could not map char: = (61) to any virtual key
GetVirtualKey: Could not map char: f (102) to any virtual key
GetVirtualKey: Could not map char: f (102) to any virtual key
GetVirtualKey: Could not map char: a (97) to any virtual key
GetVirtualKey: Could not map char: a (97) to any virtual key
GetVirtualKey: Could not map char: n (110) to any virtual key
GetVirtualKey: Could not map char: o (111) to any virtual key
GetVirtualKey: Could not map char: s (115) to any virtual key
GetVirtualKey: Could not map char: s (115) to any virtual key
GetVirtualKey: Could not map char: b (98) to any virtual key
GetVirtualKey: Could not map char: b (98) to any virtual key
GetVirtualKey: Could not map char: c (99) to any virtual key
GetVirtualKey: Could not map char: u (117) to any virtual key
Refreshing native plugins compatible for Editor in 3.19 ms, found 4 plugins.
Native extension for WindowsStandalone target not found
Native extension for WebGL target not found
[MODES] ModeService[none].Initialize
[MODES] ModeService[none].LoadModes
GetVirtualKey: Could not map char: z (122) to any virtual key
GetVirtualKey: Could not map char: y (121) to any virtual key
GetVirtualKey: Could not map char: x (120) to any virtual key
GetVirtualKey: Could not map char: c (99) to any virtual key
GetVirtualKey: Could not map char: v (118) to any virtual key
GetVirtualKey: Could not map char: V (86) to any virtual key
GetVirtualKey: Could not map char: d (100) to any virtual key
GetVirtualKey: Could not map char: f (102) to any virtual key
GetVirtualKey: Could not map char: f (102) to any virtual key
GetVirtualKey: Could not map char: a (97) to any virtual key
GetVirtualKey: Could not map char: d (100) to any virtual key
GetVirtualKey: Could not map char: c (99) to any virtual key
GetVirtualKey: Could not map char: r (114) to any virtual key
GetVirtualKey: Could not map char: i (105) to any virtual key
GetVirtualKey: Could not map char: l (108) to any virtual key
GetVirtualKey: Could not map char: f (102) to any virtual key
GetVirtualKey: Could not map char: k (107) to any virtual key
GetVirtualKey: Could not map char: p (112) to any virtual key
GetVirtualKey: Could not map char: p (112) to any virtual key
GetVirtualKey: Could not map char: p (112) to any virtual key
GetVirtualKey: Could not map char: c (99) to any virtual key
GetVirtualKey: Could not map char: r (114) to any virtual key
GetVirtualKey: Could not map char: P (80) to any virtual key
GetVirtualKey: Could not map char: n (110) to any virtual key
GetVirtualKey: Could not map char: n (110) to any virtual key
GetVirtualKey: Could not map char: g (103) to any virtual key
GetVirtualKey: Could not map char: = (61) to any virtual key
GetVirtualKey: Could not map char: f (102) to any virtual key
GetVirtualKey: Could not map char: f (102) to any virtual key
GetVirtualKey: Could not map char: a (97) to any virtual key
GetVirtualKey: Could not map char: a (97) to any virtual key
GetVirtualKey: Could not map char: n (110) to any virtual key
GetVirtualKey: Could not map char: o (111) to any virtual key
GetVirtualKey: Could not map char: s (115) to any virtual key
GetVirtualKey: Could not map char: s (115) to any virtual key
GetVirtualKey: Could not map char: b (98) to any virtual key
GetVirtualKey: Could not map char: b (98) to any virtual key
GetVirtualKey: Could not map char: c (99) to any virtual key
GetVirtualKey: Could not map char: u (117) to any virtual key
ScheduleIndexationOnStartup MainProcess:True IndexOnStartup:True
Mono: successfully reloaded assembly
- Finished resetting the current domain, in  3.471 seconds
Domain Reload Profiling: 6005ms
	BeginReloadAssembly (1592ms)
		DisableScriptedObjects (224ms)
		CreateAndSetChildDomain (868ms)
	RebuildCommonClasses (30ms)
	RebuildNativeTypeToScriptingClass (35ms)
	initialDomainReloadingComplete (113ms)
	LoadAllAssembliesAndSetupDomain (762ms)
		LoadAssemblies (311ms)
		AnalyzeDomain (444ms)
			TypeCache.Refresh (22ms)
			BuildScriptInfoCaches (372ms)
			ResolveRequiredComponents (47ms)
	FinalizeReload (3472ms)
		SetupLoadedEditorAssemblies (0ms)
			InitializePlatformSupportModulesInManaged (4ms)
			BeforeProcessingInitializeOnLoad (371ms)
			ProcessInitializeOnLoadAttributes (700ms)
			ProcessInitializeOnLoadMethodAttributes (243ms)
			AfterProcessingInitializeOnLoad (8ms)
		AwakeInstancesAfterBackupRestoration (1164ms)

Asset Pipeline Refresh (id=0be30287efaa8ca459456d0bcde1a139): Total: 6.425 seconds - Initiated by StopAssetImportingV2(ForceSynchronousImport | ForceDomainReload)
	(Values over 0.05ms)
	Summary:
		Imports: total=0 (actual=0, local cache=0, cache server=0)
		Asset DB Process Time: managed=0 ms, native=3690 ms
		Asset DB Callback time: managed=61 ms, native=1 ms
		Scripting: domain reloads=1, domain reload time=2669 ms, compile time=2 ms, other=0 ms
		Project Asset Count: scripts=1374, non-scripts=2362
		Asset File Changes: new=0, changed=0, moved=0, deleted=0
		Scan Filter Count: 0
	InvokePackagesCallback: 3.135ms
	ApplyChangesToAssetFolders: 0.516ms
	Collect global state as custom dependencies: 8.008ms
	ProcessAssetsWithTransientArtifactChanges: 10.828ms
	CategorizeAssets: 72.451ms
	CompileScripts: 2.194ms
	ImportOutOfDateAssets: 3544.538ms (3492.978ms without children)
		CollectScriptTypesHashes: 1.262ms
		ReloadNativeAssets: 1.291ms
		UnloadImportedAssets: 0.477ms
		EnsureUptoDateAssetsAreRegisteredWithGuidPM: 1.259ms
		ImportSchedulerStart: 48.487ms
	PostProcessAllAssets: 61.163ms
		MonoPostProcessAllAssets: 61.154ms
			UniversalRenderPipelineGlobalSettingsPostprocessor.OnPostprocessAllAssets 22.393ms
			AssetPostprocessor.OnPostprocessAllAssets 13.183ms
			AssetChangedListener.OnPostprocessAllAssets 11.352ms
			BuilderAssetPostprocessor.OnPostprocessAllAssets 9.397ms
			SyncVS.PostprocessSyncProject 4.833ms
			WindowAssetPostprocessingWatcher.OnPostprocessAllAssets 4.299ms
			SpeedTree9Postprocessor.OnPostprocessAllAssets 3.565ms
			ShaderGraphAssetPostProcessor.OnPostprocessAllAssets 3.359ms
			EditModeScopePostprocessor.OnPostprocessAllAssets 2.641ms
			RetainedModeAssetPostprocessor.OnPostprocessAllAssets 2.245ms
			RenderPipelineGlobalSettingsPostprocessor.OnPostprocessAllAssets 1.373ms
			UVCSAssetPostprocessor.OnPostprocessAllAssets 1.187ms
			TMPro_TexturePostProcessor.OnPostprocessAllAssets 1.053ms
			ArtifactBrowserPostProcessor.OnPostprocessAllAssets 0.992ms
			ProjectSettingsPostprocessor.OnPostprocessAllAssets 0.967ms
			ShaderReflectionAssetPostProcessor.OnPostprocessAllAssets 0.893ms
			AudioMixerPostprocessor.OnPostprocessAllAssets 0.863ms
			MaterialPostprocessor.OnPostprocessAllAssets 0.800ms
			StyleCatalogPostProcessor.OnPostprocessAllAssets 0.784ms
			ReferencedClipsPostProcessor.OnPostprocessAllAssets 0.662ms
			TextAssetPostProcessor.OnPostprocessAllAssets 0.595ms
			SampleDependencyImporterPostProcessor.OnPostprocessAllAssets 0.552ms
			AssetEvents.OnPostprocessAllAssets 0.470ms
			InputActionJsonNameModifierAssetProcessor.OnPostprocessAllAssets 0.432ms
			PostProcessor.OnPostprocessAllAssets 0.425ms
			ScenarioDriftAssetsTracker.OnPostprocessAllAssets 0.387ms
			InputActionAssetPostprocessor.OnPostprocessAllAssets 0.377ms
			SpeedTreePostProcessor.OnPostprocessAllAssets 0.264ms
			TerrainToolbarOverlayPostProcessor.OnPostprocessAllAssets 0.257ms
			AssetReloadNotifier.OnPostprocessAllAssets 0.256ms
			AssetDatabaseCallbacks.OnPostprocessAllAssets 0.248ms
			SamplePostprocessor.OnPostprocessAllAssets 0.236ms
			ConfigAssetsTracker.OnPostprocessAllAssets 0.233ms
			AudioContainerPostProcessor.OnPostprocessAllAssets 0.136ms
	GatherAllCurrentPrimaryImportResultRevisions: 0.272ms
	PersistCurrentRevisions: 0.172ms
	GenerateScriptTypeHashes: 2.696ms
	GenerateScriptTypeSerializationHashes: 4.445ms
	Untracked: 2715.939ms

[Licensing::Client] Successfully resolved entitlement details
[Licensing::Client] Successfully resolved entitlement details
Asset Pipeline Refresh (id=ce8aab4417e9e6448b73928c460c7194): Total: 0.021 seconds - Initiated by RefreshV2(AllowForceSynchronousImport)
Reloading assemblies for play mode.
Reloading assemblies after forced synchronous recompile.
Begin MonoManager ReloadAssembly
GetVirtualKey: Could not map char: z (122) to any virtual key
GetVirtualKey: Could not map char: y (121) to any virtual key
GetVirtualKey: Could not map char: x (120) to any virtual key
GetVirtualKey: Could not map char: c (99) to any virtual key
GetVirtualKey: Could not map char: v (118) to any virtual key
GetVirtualKey: Could not map char: V (86) to any virtual key
GetVirtualKey: Could not map char: d (100) to any virtual key
GetVirtualKey: Could not map char: f (102) to any virtual key
GetVirtualKey: Could not map char: f (102) to any virtual key
GetVirtualKey: Could not map char: a (97) to any virtual key
GetVirtualKey: Could not map char: d (100) to any virtual key
GetVirtualKey: Could not map char: c (99) to any virtual key
GetVirtualKey: Could not map char: r (114) to any virtual key
GetVirtualKey: Could not map char: i (105) to any virtual key
GetVirtualKey: Could not map char: l (108) to any virtual key
GetVirtualKey: Could not map char: f (102) to any virtual key
GetVirtualKey: Could not map char: k (107) to any virtual key
GetVirtualKey: Could not map char: p (112) to any virtual key
GetVirtualKey: Could not map char: p (112) to any virtual key
GetVirtualKey: Could not map char: p (112) to any virtual key
GetVirtualKey: Could not map char: c (99) to any virtual key
GetVirtualKey: Could not map char: r (114) to any virtual key
GetVirtualKey: Could not map char: P (80) to any virtual key
GetVirtualKey: Could not map char: n (110) to any virtual key
GetVirtualKey: Could not map char: n (110) to any virtual key
GetVirtualKey: Could not map char: g (103) to any virtual key
GetVirtualKey: Could not map char: = (61) to any virtual key
GetVirtualKey: Could not map char: f (102) to any virtual key
GetVirtualKey: Could not map char: f (102) to any virtual key
GetVirtualKey: Could not map char: a (97) to any virtual key
GetVirtualKey: Could not map char: a (97) to any virtual key
GetVirtualKey: Could not map char: c (99) to any virtual key
GetVirtualKey: Could not map char: u (117) to any virtual key
GetVirtualKey: Could not map char: n (110) to any virtual key
GetVirtualKey: Could not map char: o (111) to any virtual key
GetVirtualKey: Could not map char: s (115) to any virtual key
GetVirtualKey: Could not map char: s (115) to any virtual key
GetVirtualKey: Could not map char: b (98) to any virtual key
GetVirtualKey: Could not map char: b (98) to any virtual key
Native extension for WindowsStandalone target not found
Native extension for WebGL target not found
ScheduleIndexationOnStartup MainProcess:True IndexOnStartup:True
[MODES] ModeService[none].Initialize
[MODES] ModeService[none].LoadModes
Mono: successfully reloaded assembly
- Finished resetting the current domain, in  3.402 seconds
Domain Reload Profiling: 5209ms
	BeginReloadAssembly (1324ms)
		DisableScriptedObjects (169ms)
		CreateAndSetChildDomain (838ms)
	RebuildCommonClasses (24ms)
	RebuildNativeTypeToScriptingClass (33ms)
	initialDomainReloadingComplete (91ms)
	LoadAllAssembliesAndSetupDomain (333ms)
		LoadAssemblies (219ms)
		AnalyzeDomain (70ms)
			TypeCache.Refresh (16ms)
			ResolveRequiredComponents (46ms)
	FinalizeReload (3404ms)
		SetupLoadedEditorAssemblies (0ms)
			InitializePlatformSupportModulesInManaged (5ms)
			BeforeProcessingInitializeOnLoad (181ms)
			ProcessInitializeOnLoadAttributes (698ms)
			ProcessInitializeOnLoadMethodAttributes (211ms)
			AfterProcessingInitializeOnLoad (9ms)
		AwakeInstancesAfterBackupRestoration (1225ms)

Asset Pipeline Refresh (id=b0279cb634fe8e74f95ce727e98c3015): Total: 5.549 seconds - Initiated by StopAssetImportingV2(ForceSynchronousImport | ForceDomainReload)
	(Values over 0.05ms)
	Summary:
		Imports: total=0 (actual=0, local cache=0, cache server=0)
		Asset DB Process Time: managed=0 ms, native=3612 ms
		Asset DB Callback time: managed=55 ms, native=0 ms
		Scripting: domain reloads=1, domain reload time=1877 ms, compile time=2 ms, other=0 ms
		Project Asset Count: scripts=1374, non-scripts=2362
		Asset File Changes: new=0, changed=0, moved=0, deleted=0
		Scan Filter Count: 0
	InvokePackagesCallback: 2.557ms
	ApplyChangesToAssetFolders: 0.542ms
	Collect global state as custom dependencies: 4.900ms
	ProcessAssetsWithTransientArtifactChanges: 0.307ms
	CategorizeAssets: 79.417ms
	CompileScripts: 2.275ms
	ImportOutOfDateAssets: 3470.142ms (3424.111ms without children)
		CollectScriptTypesHashes: 1.380ms
		ReloadNativeAssets: 1.335ms
		UnloadImportedAssets: 0.389ms
		EnsureUptoDateAssetsAreRegisteredWithGuidPM: 1.092ms
		ImportSchedulerStart: 43.168ms
	PostProcessAllAssets: 55.207ms
		MonoPostProcessAllAssets: 55.198ms
			UniversalRenderPipelineGlobalSettingsPostprocessor.OnPostprocessAllAssets 20.839ms
			AssetPostprocessor.OnPostprocessAllAssets 13.183ms
			AssetChangedListener.OnPostprocessAllAssets 11.352ms
			BuilderAssetPostprocessor.OnPostprocessAllAssets 9.397ms
			SyncVS.PostprocessSyncProject 5.920ms
			WindowAssetPostprocessingWatcher.OnPostprocessAllAssets 3.363ms
			ShaderGraphAssetPostProcessor.OnPostprocessAllAssets 3.359ms
			SpeedTree9Postprocessor.OnPostprocessAllAssets 3.127ms
			RetainedModeAssetPostprocessor.OnPostprocessAllAssets 2.245ms
			ProjectSettingsPostprocessor.OnPostprocessAllAssets 1.229ms
			UVCSAssetPostprocessor.OnPostprocessAllAssets 1.187ms
			RenderPipelineGlobalSettingsPostprocessor.OnPostprocessAllAssets 1.076ms
			TMPro_TexturePostProcessor.OnPostprocessAllAssets 1.053ms
			ArtifactBrowserPostProcessor.OnPostprocessAllAssets 0.992ms
			AudioMixerPostprocessor.OnPostprocessAllAssets 0.863ms
			MaterialPostprocessor.OnPostprocessAllAssets 0.800ms
			StyleCatalogPostProcessor.OnPostprocessAllAssets 0.784ms
			InputActionAssetPostprocessor.OnPostprocessAllAssets 0.659ms
			TextAssetPostProcessor.OnPostprocessAllAssets 0.595ms
			SampleDependencyImporterPostProcessor.OnPostprocessAllAssets 0.552ms
			ShaderReflectionAssetPostProcessor.OnPostprocessAllAssets 0.509ms
			AssetEvents.OnPostprocessAllAssets 0.470ms
			EditModeScopePostprocessor.OnPostprocessAllAssets 0.436ms
			InputActionJsonNameModifierAssetProcessor.OnPostprocessAllAssets 0.432ms
			PostProcessor.OnPostprocessAllAssets 0.425ms
			ScenarioDriftAssetsTracker.OnPostprocessAllAssets 0.387ms
			ReferencedClipsPostProcessor.OnPostprocessAllAssets 0.326ms
			TerrainToolbarOverlayPostProcessor.OnPostprocessAllAssets 0.265ms
			SpeedTreePostProcessor.OnPostprocessAllAssets 0.264ms
			AssetReloadNotifier.OnPostprocessAllAssets 0.256ms
			SamplePostprocessor.OnPostprocessAllAssets 0.236ms
			ConfigAssetsTracker.OnPostprocessAllAssets 0.233ms
			AssetDatabaseCallbacks.OnPostprocessAllAssets 0.221ms
			AudioContainerPostProcessor.OnPostprocessAllAssets 0.136ms
	GatherAllCurrentPrimaryImportResultRevisions: 0.297ms
	PersistCurrentRevisions: 0.198ms
	GenerateScriptTypeHashes: 3.492ms
	GenerateScriptTypeSerializationHashes: 5.793ms
	Untracked: 1924.667ms

Loaded scene 'Temp/__Backupscenes/0.backup'
	Deserialize:            5.981 ms
	Integration:            1060.044 ms
	Integration of assets:  0.009 ms
	Thread Wait Time:       0.025 ms
	Total Operation Time:   1066.059 ms
[Licensing::Client] Successfully resolved entitlement details
[Licensing::Client] Successfully resolved entitlement details
Fuel ยังเหลือ เกมยังไม่จบ
UnityEngine.Debug:ExtractStackTraceNoAlloc (byte*,int,string)
UnityEngine.StackTraceUtility:ExtractStackTrace ()
UnityEngine.DebugLogHandler:Internal_Log (UnityEngine.LogType,UnityEngine.LogOption,string,UnityEngine.Object)
UnityEngine.DebugLogHandler:LogFormat (UnityEngine.LogType,UnityEngine.Object,string,object[])
UnityEngine.Logger:Log (UnityEngine.LogType,object)
UnityEngine.Debug:Log (object)
PlatForm:OnCollisionEnter (UnityEngine.Collision) (at Assets/Script/PlatForm.cs:20)
UnityEngine.Physics:SendOnCollisionEnter (UnityEngine.Component,UnityEngine.Collision)
UnityEngine.Physics:ReportContacts (Unity.Collections.NativeArray`1/ReadOnly<UnityEngine.ContactPairHeader>)
UnityEngine.Physics:OnSceneContact (UnityEngine.PhysicsScene,intptr,int)

(Filename: Assets/Script/PlatForm.cs Line: 20)

Fuel ยังเหลือ เกมยังไม่จบ
UnityEngine.Debug:ExtractStackTraceNoAlloc (byte*,int,string)
UnityEngine.StackTraceUtility:ExtractStackTrace ()
UnityEngine.DebugLogHandler:Internal_Log (UnityEngine.LogType,UnityEngine.LogOption,string,UnityEngine.Object)
UnityEngine.DebugLogHandler:LogFormat (UnityEngine.LogType,UnityEngine.Object,string,object[])
UnityEngine.Logger:Log (UnityEngine.LogType,object)
UnityEngine.Debug:Log (object)
PlatForm:OnCollisionEnter (UnityEngine.Collision) (at Assets/Script/PlatForm.cs:20)
UnityEngine.Physics:SendOnCollisionEnter (UnityEngine.Component,UnityEngine.Collision)
UnityEngine.Physics:ReportContacts (Unity.Collections.NativeArray`1/ReadOnly<UnityEngine.ContactPairHeader>)
UnityEngine.Physics:OnSceneContact (UnityEngine.PhysicsScene,intptr,int)

(Filename: Assets/Script/PlatForm.cs Line: 20)

Fuel ยังเหลือ เกมยังไม่จบ
UnityEngine.Debug:ExtractStackTraceNoAlloc (byte*,int,string)
UnityEngine.StackTraceUtility:ExtractStackTrace ()
UnityEngine.DebugLogHandler:Internal_Log (UnityEngine.LogType,UnityEngine.LogOption,string,UnityEngine.Object)
UnityEngine.DebugLogHandler:LogFormat (UnityEngine.LogType,UnityEngine.Object,string,object[])
UnityEngine.Logger:Log (UnityEngine.LogType,object)
UnityEngine.Debug:Log (object)
PlatForm:OnCollisionEnter (UnityEngine.Collision) (at Assets/Script/PlatForm.cs:20)
UnityEngine.Physics:SendOnCollisionEnter (UnityEngine.Component,UnityEngine.Collision)
UnityEngine.Physics:ReportContacts (Unity.Collections.NativeArray`1/ReadOnly<UnityEngine.ContactPairHeader>)
UnityEngine.Physics:OnSceneContact (UnityEngine.PhysicsScene,intptr,int)

(Filename: Assets/Script/PlatForm.cs Line: 20)

Unloading 0 Unused Serialized files (Serialized files now loaded: 0)
Loaded scene 'Temp/__Backupscenes/0.backup'
	Deserialize:            3.658 ms
	Integration:            286.384 ms
	Integration of assets:  0.007 ms
	Thread Wait Time:       0.022 ms
	Total Operation Time:   290.071 ms
Unloading 16 unused Assets / (166.8 KB). Loaded Objects now: 9021.
Memory consumption went from 1.01 GB to 1.01 GB.
Total: 27.372100 ms (FindLiveObjects: 0.746300 ms CreateObjectMapping: 2.041400 ms MarkObjects: 24.499200 ms  DeleteObjects: 0.082000 ms)

[Licensing::Client] Successfully resolved entitlement details
[ScriptCompilation] Requested script compilation because: AssetDatabase observed changes in script compilation related files
Refreshing native plugins compatible for Editor in 2.49 ms, found 4 plugins.
Asset Pipeline Refresh (id=a624c7c1240995643b3e7a97fdca4d3f): Total: 0.183 seconds - Initiated by RefreshV2(NoUpdateAssetOptions)
[Licensing::Client] Successfully resolved entitlement details
info: Microsoft.AspNetCore.Hosting.Diagnostics[1]
      Request starting HTTP/2 POST http://ilpp/UnityILPP.PostProcessing/Ping - application/grpc -
info: Microsoft.AspNetCore.Routing.EndpointMiddleware[0]
      Executing endpoint 'gRPC - /UnityILPP.PostProcessing/Ping'
info: Microsoft.AspNetCore.Routing.EndpointMiddleware[1]
      Executed endpoint 'gRPC - /UnityILPP.PostProcessing/Ping'
info: Microsoft.AspNetCore.Hosting.Diagnostics[2]
      Request finished HTTP/2 POST http://ilpp/UnityILPP.PostProcessing/Ping - 200 - application/grpc 0.2258ms
Starting: C:\Program Files\Unity\Hub\Editor\6000.5.9f1\Editor\Data\Tools\BuildPipeline\bee_backend.exe --ipc --defer-dag-verification --dagfile="Library/Bee/1900b0aE.dag" --continue-on-failure --profile="Library/Bee/backend1.traceevents" ScriptAssemblies
WorkingDir: C:/Users/golfa/Rocket
info: Microsoft.AspNetCore.Hosting.Diagnostics[1]
      Request starting HTTP/2 POST http://ilpp/UnityILPP.PostProcessing/ConfigurePostProcessors - application/grpc -
info: Microsoft.AspNetCore.Routing.EndpointMiddleware[0]
      Executing endpoint 'gRPC - /UnityILPP.PostProcessing/ConfigurePostProcessors'
info: Unity.ILPP.Runner.PostProcessingAssemblyLoadContext[0]
      Current configuration matches the requested one, skipping
info: Microsoft.AspNetCore.Routing.EndpointMiddleware[1]
      Executed endpoint 'gRPC - /UnityILPP.PostProcessing/ConfigurePostProcessors'
info: Microsoft.AspNetCore.Hosting.Diagnostics[2]
      Request finished HTTP/2 POST http://ilpp/UnityILPP.PostProcessing/ConfigurePostProcessors - 200 - application/grpc 1.5577ms
Asset Pipeline Refresh (id=0379d83da80705544a9ed358cc2be46f): Total: 0.016 seconds - Initiated by RefreshV2(NoUpdateAssetOptions)
Asset Pipeline Refresh (id=af2a3b0c537fa9640876e4262ae91c50): Total: 0.004 seconds - Initiated by RefreshV2(NoUpdateAssetOptions)
Asset Pipeline Refresh (id=70bf5fdf0caa6bc4ab6159bd3c5b2d98): Total: 0.012 seconds - Initiated by RefreshV2(NoUpdateAssetOptions)
Asset Pipeline Refresh (id=f304ab0cf0b153b4e94318d98f9692ae): Total: 0.015 seconds - Initiated by RefreshV2(NoUpdateAssetOptions)
Asset Pipeline Refresh (id=4af8eea58d840e84290e005f151514d0): Total: 0.014 seconds - Initiated by RefreshV2(NoUpdateAssetOptions)
info: Microsoft.AspNetCore.Hosting.Diagnostics[1]
      Request starting HTTP/2 POST http://ilpp/UnityILPP.PostProcessing/PostProcessAssembly - application/grpc -
info: Microsoft.AspNetCore.Routing.EndpointMiddleware[0]
      Executing endpoint 'gRPC - /UnityILPP.PostProcessing/PostProcessAssembly'
info: Unity.ILPP.Runner.PostProcessingPipeline[0]
      Processing assembly Library/Bee/artifacts/1900b0aE.dag/Assembly-CSharp.dll, with 141 defines and 339 references
info: Unity.ILPP.Runner.PostProcessingPipeline[0]
      processors: Unity.Jobs.CodeGen.JobsILPostProcessor, zzzUnity.Burst.CodeGen.BurstILPostProcessor
info: Unity.ILPP.Runner.PostProcessingPipeline[0]
      running Unity.Jobs.CodeGen.JobsILPostProcessor
info: Unity.ILPP.Runner.PostProcessingPipeline[0]
      running zzzUnity.Burst.CodeGen.BurstILPostProcessor
info: Microsoft.AspNetCore.Routing.EndpointMiddleware[1]
      Executed endpoint 'gRPC - /UnityILPP.PostProcessing/PostProcessAssembly'
info: Microsoft.AspNetCore.Hosting.Diagnostics[2]
      Request finished HTTP/2 POST http://ilpp/UnityILPP.PostProcessing/PostProcessAssembly - 200 - application/grpc 27.0674ms
ExitCode: 0 Duration: 0s809ms
[730/927    0s] ILPP-Configuration Library/ilpp-configuration.nevergeneratedoutput
[923/927    0s] Csc Library/Bee/artifacts/1900b0aE.dag/Assembly-CSharp.dll (+2 others)
[924/927    0s] ILPostProcess Library/Bee/artifacts/1900b0aE.dag/post-processed/Assembly-CSharp.dll (+pdb)
Processing assembly Library/Bee/artifacts/1900b0aE.dag/Assembly-CSharp.dll, with 141 defines and 339 references

processors: Unity.Jobs.CodeGen.JobsILPostProcessor, zzzUnity.Burst.CodeGen.BurstILPostProcessor

running Unity.Jobs.CodeGen.JobsILPostProcessor

running zzzUnity.Burst.CodeGen.BurstILPostProcessor
[925/927    0s] CopyFiles Library/ScriptAssemblies/Assembly-CSharp.pdb
[926/927    0s] CopyFiles Library/ScriptAssemblies/Assembly-CSharp.dll
*** Tundra build success (0.76 seconds), 5 items updated, 927 evaluated
Reloading assemblies after finishing script compilation.
Reloading assemblies after forced synchronous recompile.
Total cache size 64119356
Total cache size after purge 64119356, took 00:00:00.1308193
Begin MonoManager ReloadAssembly
GetVirtualKey: Could not map char: z (122) to any virtual key
GetVirtualKey: Could not map char: y (121) to any virtual key
GetVirtualKey: Could not map char: x (120) to any virtual key
GetVirtualKey: Could not map char: c (99) to any virtual key
GetVirtualKey: Could not map char: v (118) to any virtual key
GetVirtualKey: Could not map char: V (86) to any virtual key
GetVirtualKey: Could not map char: d (100) to any virtual key
GetVirtualKey: Could not map char: f (102) to any virtual key
GetVirtualKey: Could not map char: f (102) to any virtual key
GetVirtualKey: Could not map char: a (97) to any virtual key
GetVirtualKey: Could not map char: d (100) to any virtual key
GetVirtualKey: Could not map char: c (99) to any virtual key
GetVirtualKey: Could not map char: r (114) to any virtual key
GetVirtualKey: Could not map char: i (105) to any virtual key
GetVirtualKey: Could not map char: l (108) to any virtual key
GetVirtualKey: Could not map char: f (102) to any virtual key
GetVirtualKey: Could not map char: k (107) to any virtual key
GetVirtualKey: Could not map char: p (112) to any virtual key
GetVirtualKey: Could not map char: p (112) to any virtual key
GetVirtualKey: Could not map char: p (112) to any virtual key
GetVirtualKey: Could not map char: c (99) to any virtual key
GetVirtualKey: Could not map char: r (114) to any virtual key
GetVirtualKey: Could not map char: P (80) to any virtual key
GetVirtualKey: Could not map char: n (110) to any virtual key
GetVirtualKey: Could not map char: n (110) to any virtual key
GetVirtualKey: Could not map char: g (103) to any virtual key
GetVirtualKey: Could not map char: = (61) to any virtual key
GetVirtualKey: Could not map char: f (102) to any virtual key
GetVirtualKey: Could not map char: f (102) to any virtual key
GetVirtualKey: Could not map char: a (97) to any virtual key
GetVirtualKey: Could not map char: a (97) to any virtual key
GetVirtualKey: Could not map char: n (110) to any virtual key
GetVirtualKey: Could not map char: o (111) to any virtual key
GetVirtualKey: Could not map char: s (115) to any virtual key
GetVirtualKey: Could not map char: s (115) to any virtual key
GetVirtualKey: Could not map char: b (98) to any virtual key
GetVirtualKey: Could not map char: b (98) to any virtual key
GetVirtualKey: Could not map char: c (99) to any virtual key
GetVirtualKey: Could not map char: u (117) to any virtual key
Refreshing native plugins compatible for Editor in 2.89 ms, found 4 plugins.
Native extension for WindowsStandalone target not found
Native extension for WebGL target not found
[MODES] ModeService[none].Initialize
[MODES] ModeService[none].LoadModes
GetVirtualKey: Could not map char: z (122) to any virtual key
GetVirtualKey: Could not map char: y (121) to any virtual key
GetVirtualKey: Could not map char: x (120) to any virtual key
GetVirtualKey: Could not map char: c (99) to any virtual key
GetVirtualKey: Could not map char: v (118) to any virtual key
GetVirtualKey: Could not map char: V (86) to any virtual key
GetVirtualKey: Could not map char: d (100) to any virtual key
GetVirtualKey: Could not map char: f (102) to any virtual key
GetVirtualKey: Could not map char: f (102) to any virtual key
GetVirtualKey: Could not map char: a (97) to any virtual key
GetVirtualKey: Could not map char: d (100) to any virtual key
GetVirtualKey: Could not map char: c (99) to any virtual key
GetVirtualKey: Could not map char: r (114) to any virtual key
GetVirtualKey: Could not map char: i (105) to any virtual key
GetVirtualKey: Could not map char: l (108) to any virtual key
GetVirtualKey: Could not map char: f (102) to any virtual key
GetVirtualKey: Could not map char: k (107) to any virtual key
GetVirtualKey: Could not map char: p (112) to any virtual key
GetVirtualKey: Could not map char: p (112) to any virtual key
GetVirtualKey: Could not map char: p (112) to any virtual key
GetVirtualKey: Could not map char: c (99) to any virtual key
GetVirtualKey: Could not map char: r (114) to any virtual key
GetVirtualKey: Could not map char: P (80) to any virtual key
GetVirtualKey: Could not map char: n (110) to any virtual key
GetVirtualKey: Could not map char: n (110) to any virtual key
GetVirtualKey: Could not map char: g (103) to any virtual key
GetVirtualKey: Could not map char: = (61) to any virtual key
GetVirtualKey: Could not map char: f (102) to any virtual key
GetVirtualKey: Could not map char: f (102) to any virtual key
GetVirtualKey: Could not map char: a (97) to any virtual key
GetVirtualKey: Could not map char: a (97) to any virtual key
GetVirtualKey: Could not map char: n (110) to any virtual key
GetVirtualKey: Could not map char: o (111) to any virtual key
GetVirtualKey: Could not map char: s (115) to any virtual key
GetVirtualKey: Could not map char: s (115) to any virtual key
GetVirtualKey: Could not map char: b (98) to any virtual key
GetVirtualKey: Could not map char: b (98) to any virtual key
GetVirtualKey: Could not map char: c (99) to any virtual key
GetVirtualKey: Could not map char: u (117) to any virtual key
ScheduleIndexationOnStartup MainProcess:True IndexOnStartup:True
Mono: successfully reloaded assembly
- Finished resetting the current domain, in  3.902 seconds
Domain Reload Profiling: 6518ms
	BeginReloadAssembly (1605ms)
		DisableScriptedObjects (220ms)
		CreateAndSetChildDomain (852ms)
	RebuildCommonClasses (26ms)
	RebuildNativeTypeToScriptingClass (34ms)
	initialDomainReloadingComplete (115ms)
	LoadAllAssembliesAndSetupDomain (833ms)
		LoadAssemblies (329ms)
		AnalyzeDomain (490ms)
			TypeCache.Refresh (20ms)
			BuildScriptInfoCaches (408ms)
			ResolveRequiredComponents (57ms)
	FinalizeReload (3904ms)
		SetupLoadedEditorAssemblies (0ms)
			InitializePlatformSupportModulesInManaged (6ms)
			BeforeProcessingInitializeOnLoad (458ms)
			ProcessInitializeOnLoadAttributes (850ms)
			ProcessInitializeOnLoadMethodAttributes (253ms)
			AfterProcessingInitializeOnLoad (10ms)
		AwakeInstancesAfterBackupRestoration (1173ms)

Asset Pipeline Refresh (id=2bf1d3528ebea3247b806c5aef60586a): Total: 6.948 seconds - Initiated by StopAssetImportingV2(ForceSynchronousImport | ForceDomainReload)
	(Values over 0.05ms)
	Summary:
		Imports: total=0 (actual=0, local cache=0, cache server=0)
		Asset DB Process Time: managed=0 ms, native=4147 ms
		Asset DB Callback time: managed=62 ms, native=0 ms
		Scripting: domain reloads=1, domain reload time=2735 ms, compile time=2 ms, other=0 ms
		Project Asset Count: scripts=1374, non-scripts=2362
		Asset File Changes: new=0, changed=0, moved=0, deleted=0
		Scan Filter Count: 0
	InvokePackagesCallback: 2.230ms
	ApplyChangesToAssetFolders: 0.467ms
	Collect global state as custom dependencies: 8.958ms
	ProcessAssetsWithTransientArtifactChanges: 12.091ms
	CategorizeAssets: 90.126ms
	CompileScripts: 2.099ms
	ImportOutOfDateAssets: 3971.129ms (3925.647ms without children)
		CollectScriptTypesHashes: 1.607ms
		ReloadNativeAssets: 1.713ms
		UnloadImportedAssets: 0.436ms
		EnsureUptoDateAssetsAreRegisteredWithGuidPM: 0.986ms
		ImportSchedulerStart: 42.293ms
	PostProcessAllAssets: 62.570ms
		MonoPostProcessAllAssets: 62.562ms
			UniversalRenderPipelineGlobalSettingsPostprocessor.OnPostprocessAllAssets 23.508ms
			BuilderAssetPostprocessor.OnPostprocessAllAssets 15.547ms
			AssetPostprocessor.OnPostprocessAllAssets 10.173ms
			AssetChangedListener.OnPostprocessAllAssets 9.973ms
			SyncVS.PostprocessSyncProject 6.023ms
			SpeedTree9Postprocessor.OnPostprocessAllAssets 4.403ms
			WindowAssetPostprocessingWatcher.OnPostprocessAllAssets 3.909ms
			ShaderGraphAssetPostProcessor.OnPostprocessAllAssets 3.326ms
			RetainedModeAssetPostprocessor.OnPostprocessAllAssets 2.257ms
			ShaderReflectionAssetPostProcessor.OnPostprocessAllAssets 1.952ms
			EditModeScopePostprocessor.OnPostprocessAllAssets 1.799ms
			ProjectSettingsPostprocessor.OnPostprocessAllAssets 1.245ms
			RenderPipelineGlobalSettingsPostprocessor.OnPostprocessAllAssets 1.243ms
			ArtifactBrowserPostProcessor.OnPostprocessAllAssets 0.987ms
			UVCSAssetPostprocessor.OnPostprocessAllAssets 0.915ms
			TMPro_TexturePostProcessor.OnPostprocessAllAssets 0.886ms
			MaterialPostprocessor.OnPostprocessAllAssets 0.835ms
			TextAssetPostProcessor.OnPostprocessAllAssets 0.575ms
			AudioMixerPostprocessor.OnPostprocessAllAssets 0.543ms
			InputActionAssetPostprocessor.OnPostprocessAllAssets 0.496ms
			StyleCatalogPostProcessor.OnPostprocessAllAssets 0.483ms
			PostProcessor.OnPostprocessAllAssets 0.480ms
			SpeedTreePostProcessor.OnPostprocessAllAssets 0.433ms
			SampleDependencyImporterPostProcessor.OnPostprocessAllAssets 0.426ms
			InputActionJsonNameModifierAssetProcessor.OnPostprocessAllAssets 0.424ms
			AssetEvents.OnPostprocessAllAssets 0.416ms
			ReferencedClipsPostProcessor.OnPostprocessAllAssets 0.367ms
			TerrainToolbarOverlayPostProcessor.OnPostprocessAllAssets 0.291ms
			SamplePostprocessor.OnPostprocessAllAssets 0.243ms
			ScenarioDriftAssetsTracker.OnPostprocessAllAssets 0.206ms
			ConfigAssetsTracker.OnPostprocessAllAssets 0.203ms
			AssetDatabaseCallbacks.OnPostprocessAllAssets 0.197ms
			AssetReloadNotifier.OnPostprocessAllAssets 0.195ms
			AudioContainerPostProcessor.OnPostprocessAllAssets 0.123ms
	GatherAllCurrentPrimaryImportResultRevisions: 0.180ms
	PersistCurrentRevisions: 0.164ms
	GenerateScriptTypeHashes: 3.792ms
	GenerateScriptTypeSerializationHashes: 6.237ms
	Untracked: 2791.020ms

[Licensing::Client] Successfully resolved entitlement details
[Licensing::Client] Successfully resolved entitlement details
Asset Pipeline Refresh (id=cd37d3a5328d16b4fa4cef1300754bfe): Total: 0.018 seconds - Initiated by RefreshV2(AllowForceSynchronousImport)
GetVirtualKey: Could not map char: z (122) to any virtual key
GetVirtualKey: Could not map char: y (121) to any virtual key
GetVirtualKey: Could not map char: x (120) to any virtual key
GetVirtualKey: Could not map char: c (99) to any virtual key
GetVirtualKey: Could not map char: v (118) to any virtual key
GetVirtualKey: Could not map char: V (86) to any virtual key
GetVirtualKey: Could not map char: d (100) to any virtual key
GetVirtualKey: Could not map char: f (102) to any virtual key
GetVirtualKey: Could not map char: f (102) to any virtual key
GetVirtualKey: Could not map char: a (97) to any virtual key
GetVirtualKey: Could not map char: d (100) to any virtual key
GetVirtualKey: Could not map char: c (99) to any virtual key
GetVirtualKey: Could not map char: r (114) to any virtual key
GetVirtualKey: Could not map char: i (105) to any virtual key
GetVirtualKey: Could not map char: l (108) to any virtual key
GetVirtualKey: Could not map char: f (102) to any virtual key
GetVirtualKey: Could not map char: k (107) to any virtual key
GetVirtualKey: Could not map char: p (112) to any virtual key
GetVirtualKey: Could not map char: p (112) to any virtual key
GetVirtualKey: Could not map char: p (112) to any virtual key
GetVirtualKey: Could not map char: c (99) to any virtual key
GetVirtualKey: Could not map char: r (114) to any virtual key
GetVirtualKey: Could not map char: P (80) to any virtual key
GetVirtualKey: Could not map char: n (110) to any virtual key
GetVirtualKey: Could not map char: n (110) to any virtual key
GetVirtualKey: Could not map char: g (103) to any virtual key
GetVirtualKey: Could not map char: = (61) to any virtual key
GetVirtualKey: Could not map char: f (102) to any virtual key
GetVirtualKey: Could not map char: f (102) to any virtual key
GetVirtualKey: Could not map char: a (97) to any virtual key
GetVirtualKey: Could not map char: a (97) to any virtual key
GetVirtualKey: Could not map char: c (99) to any virtual key
GetVirtualKey: Could not map char: u (117) to any virtual key
GetVirtualKey: Could not map char: n (110) to any virtual key
GetVirtualKey: Could not map char: o (111) to any virtual key
GetVirtualKey: Could not map char: s (115) to any virtual key
GetVirtualKey: Could not map char: s (115) to any virtual key
GetVirtualKey: Could not map char: b (98) to any virtual key
GetVirtualKey: Could not map char: b (98) to any virtual key
Reloading assemblies for play mode.
Reloading assemblies after forced synchronous recompile.
Begin MonoManager ReloadAssembly
Refreshing native plugins compatible for Editor in 2.16 ms, found 4 plugins.
Native extension for WindowsStandalone target not found
Native extension for WebGL target not found
ScheduleIndexationOnStartup MainProcess:True IndexOnStartup:True
[MODES] ModeService[none].Initialize
[MODES] ModeService[none].LoadModes
Mono: successfully reloaded assembly
- Finished resetting the current domain, in  3.456 seconds
Domain Reload Profiling: 5224ms
	BeginReloadAssembly (1296ms)
		DisableScriptedObjects (197ms)
		CreateAndSetChildDomain (816ms)
	RebuildCommonClasses (24ms)
	RebuildNativeTypeToScriptingClass (30ms)
	initialDomainReloadingComplete (100ms)
	LoadAllAssembliesAndSetupDomain (316ms)
		LoadAssemblies (233ms)
		AnalyzeDomain (55ms)
			TypeCache.Refresh (12ms)
			ResolveRequiredComponents (37ms)
	FinalizeReload (3459ms)
		SetupLoadedEditorAssemblies (0ms)
			InitializePlatformSupportModulesInManaged (3ms)
			BeforeProcessingInitializeOnLoad (179ms)
			ProcessInitializeOnLoadAttributes (684ms)
			ProcessInitializeOnLoadMethodAttributes (233ms)
			AfterProcessingInitializeOnLoad (9ms)
		AwakeInstancesAfterBackupRestoration (1258ms)

Asset Pipeline Refresh (id=505dbab00ab9dbb4daea009f0448f210): Total: 5.567 seconds - Initiated by StopAssetImportingV2(ForceSynchronousImport | ForceDomainReload)
	(Values over 0.05ms)
	Summary:
		Imports: total=0 (actual=0, local cache=0, cache server=0)
		Asset DB Process Time: managed=0 ms, native=3676 ms
		Asset DB Callback time: managed=56 ms, native=0 ms
		Scripting: domain reloads=1, domain reload time=1831 ms, compile time=2 ms, other=0 ms
		Project Asset Count: scripts=1374, non-scripts=2362
		Asset File Changes: new=0, changed=0, moved=0, deleted=0
		Scan Filter Count: 0
	InvokePackagesCallback: 1.949ms
	ApplyChangesToAssetFolders: 0.576ms
	Collect global state as custom dependencies: 6.208ms
	ProcessAssetsWithTransientArtifactChanges: 0.511ms
	CategorizeAssets: 83.396ms
	CompileScripts: 2.357ms
	ImportOutOfDateAssets: 3526.908ms (3481.072ms without children)
		CollectScriptTypesHashes: 1.281ms
		ReloadNativeAssets: 2.009ms
		UnloadImportedAssets: 0.344ms
		EnsureUptoDateAssetsAreRegisteredWithGuidPM: 1.296ms
		ImportSchedulerStart: 42.150ms
	PostProcessAllAssets: 56.536ms
		MonoPostProcessAllAssets: 56.528ms
			UniversalRenderPipelineGlobalSettingsPostprocessor.OnPostprocessAllAssets 19.095ms
			BuilderAssetPostprocessor.OnPostprocessAllAssets 15.547ms
			AssetPostprocessor.OnPostprocessAllAssets 10.173ms
			AssetChangedListener.OnPostprocessAllAssets 9.973ms
			SyncVS.PostprocessSyncProject 5.947ms
			WindowAssetPostprocessingWatcher.OnPostprocessAllAssets 4.387ms
			SpeedTree9Postprocessor.OnPostprocessAllAssets 4.022ms
			ShaderGraphAssetPostProcessor.OnPostprocessAllAssets 3.326ms
			RetainedModeAssetPostprocessor.OnPostprocessAllAssets 2.257ms
			ProjectSettingsPostprocessor.OnPostprocessAllAssets 1.421ms
			RenderPipelineGlobalSettingsPostprocessor.OnPostprocessAllAssets 1.091ms
			ArtifactBrowserPostProcessor.OnPostprocessAllAssets 0.987ms
			UVCSAssetPostprocessor.OnPostprocessAllAssets 0.915ms
			TMPro_TexturePostProcessor.OnPostprocessAllAssets 0.886ms
			MaterialPostprocessor.OnPostprocessAllAssets 0.835ms
			ShaderReflectionAssetPostProcessor.OnPostprocessAllAssets 0.651ms
			TextAssetPostProcessor.OnPostprocessAllAssets 0.575ms
			AudioMixerPostprocessor.OnPostprocessAllAssets 0.543ms
			EditModeScopePostprocessor.OnPostprocessAllAssets 0.501ms
			StyleCatalogPostProcessor.OnPostprocessAllAssets 0.483ms
			PostProcessor.OnPostprocessAllAssets 0.480ms
			SpeedTreePostProcessor.OnPostprocessAllAssets 0.433ms
			InputActionAssetPostprocessor.OnPostprocessAllAssets 0.431ms
			SampleDependencyImporterPostProcessor.OnPostprocessAllAssets 0.426ms
			InputActionJsonNameModifierAssetProcessor.OnPostprocessAllAssets 0.424ms
			ReferencedClipsPostProcessor.OnPostprocessAllAssets 0.420ms
			AssetEvents.OnPostprocessAllAssets 0.416ms
			TerrainToolbarOverlayPostProcessor.OnPostprocessAllAssets 0.297ms
			AssetDatabaseCallbacks.OnPostprocessAllAssets 0.267ms
			SamplePostprocessor.OnPostprocessAllAssets 0.243ms
			ScenarioDriftAssetsTracker.OnPostprocessAllAssets 0.206ms
			ConfigAssetsTracker.OnPostprocessAllAssets 0.203ms
			AssetReloadNotifier.OnPostprocessAllAssets 0.195ms
			AudioContainerPostProcessor.OnPostprocessAllAssets 0.123ms
	GatherAllCurrentPrimaryImportResultRevisions: 0.341ms
	PersistCurrentRevisions: 0.174ms
	GenerateScriptTypeHashes: 4.124ms
	GenerateScriptTypeSerializationHashes: 6.784ms
	Untracked: 1880.629ms

Loaded scene 'Temp/__Backupscenes/0.backup'
	Deserialize:            6.216 ms
	Integration:            1020.640 ms
	Integration of assets:  0.016 ms
	Thread Wait Time:       0.014 ms
	Total Operation Time:   1026.886 ms
[Licensing::Client] Successfully resolved entitlement details
[Licensing::Client] Successfully resolved entitlement details
Fall Speed: 0.9809996
UnityEngine.Debug:ExtractStackTraceNoAlloc (byte*,int,string)
UnityEngine.StackTraceUtility:ExtractStackTrace ()
UnityEngine.DebugLogHandler:Internal_Log (UnityEngine.LogType,UnityEngine.LogOption,string,UnityEngine.Object)
UnityEngine.DebugLogHandler:LogFormat (UnityEngine.LogType,UnityEngine.Object,string,object[])
UnityEngine.Logger:Log (UnityEngine.LogType,object)
UnityEngine.Debug:Log (object)
PlatForm:OnCollisionEnter (UnityEngine.Collision) (at Assets/Script/PlatForm.cs:19)
UnityEngine.Physics:SendOnCollisionEnter (UnityEngine.Component,UnityEngine.Collision)
UnityEngine.Physics:ReportContacts (Unity.Collections.NativeArray`1/ReadOnly<UnityEngine.ContactPairHeader>)
UnityEngine.Physics:OnSceneContact (UnityEngine.PhysicsScene,intptr,int)

(Filename: Assets/Script/PlatForm.cs Line: 19)

Fuel: 100
UnityEngine.Debug:ExtractStackTraceNoAlloc (byte*,int,string)
UnityEngine.StackTraceUtility:ExtractStackTrace ()
UnityEngine.DebugLogHandler:Internal_Log (UnityEngine.LogType,UnityEngine.LogOption,string,UnityEngine.Object)
UnityEngine.DebugLogHandler:LogFormat (UnityEngine.LogType,UnityEngine.Object,string,object[])
UnityEngine.Logger:Log (UnityEngine.LogType,object)
UnityEngine.Debug:Log (object)
PlatForm:OnCollisionEnter (UnityEngine.Collision) (at Assets/Script/PlatForm.cs:20)
UnityEngine.Physics:SendOnCollisionEnter (UnityEngine.Component,UnityEngine.Collision)
UnityEngine.Physics:ReportContacts (Unity.Collections.NativeArray`1/ReadOnly<UnityEngine.ContactPairHeader>)
UnityEngine.Physics:OnSceneContact (UnityEngine.PhysicsScene,intptr,int)

(Filename: Assets/Script/PlatForm.cs Line: 20)

Score: 0
UnityEngine.Debug:ExtractStackTraceNoAlloc (byte*,int,string)
UnityEngine.StackTraceUtility:ExtractStackTrace ()
UnityEngine.DebugLogHandler:Internal_Log (UnityEngine.LogType,UnityEngine.LogOption,string,UnityEngine.Object)
UnityEngine.DebugLogHandler:LogFormat (UnityEngine.LogType,UnityEngine.Object,string,object[])
UnityEngine.Logger:Log (UnityEngine.LogType,object)
UnityEngine.Debug:Log (object)
PlatForm:OnCollisionEnter (UnityEngine.Collision) (at Assets/Script/PlatForm.cs:21)
UnityEngine.Physics:SendOnCollisionEnter (UnityEngine.Component,UnityEngine.Collision)
UnityEngine.Physics:ReportContacts (Unity.Collections.NativeArray`1/ReadOnly<UnityEngine.ContactPairHeader>)
UnityEngine.Physics:OnSceneContact (UnityEngine.PhysicsScene,intptr,int)

(Filename: Assets/Script/PlatForm.cs Line: 21)

เหรียญยังไม่ครบ และน้ำมันยังเหลือ → เล่นต่อ
UnityEngine.Debug:ExtractStackTraceNoAlloc (byte*,int,string)
UnityEngine.StackTraceUtility:ExtractStackTrace ()
UnityEngine.DebugLogHandler:Internal_Log (UnityEngine.LogType,UnityEngine.LogOption,string,UnityEngine.Object)
UnityEngine.DebugLogHandler:LogFormat (UnityEngine.LogType,UnityEngine.Object,string,object[])
UnityEngine.Logger:Log (UnityEngine.LogType,object)
UnityEngine.Debug:Log (object)
PlatForm:OnCollisionEnter (UnityEngine.Collision) (at Assets/Script/PlatForm.cs:57)
UnityEngine.Physics:SendOnCollisionEnter (UnityEngine.Component,UnityEngine.Collision)
UnityEngine.Physics:ReportContacts (Unity.Collections.NativeArray`1/ReadOnly<UnityEngine.ContactPairHeader>)
UnityEngine.Physics:OnSceneContact (UnityEngine.PhysicsScene,intptr,int)

(Filename: Assets/Script/PlatForm.cs Line: 57)

Fall Speed: 68.51115
UnityEngine.Debug:ExtractStackTraceNoAlloc (byte*,int,string)
UnityEngine.StackTraceUtility:ExtractStackTrace ()
UnityEngine.DebugLogHandler:Internal_Log (UnityEngine.LogType,UnityEngine.LogOption,string,UnityEngine.Object)
UnityEngine.DebugLogHandler:LogFormat (UnityEngine.LogType,UnityEngine.Object,string,object[])
UnityEngine.Logger:Log (UnityEngine.LogType,object)
UnityEngine.Debug:Log (object)
PlatForm:OnCollisionEnter (UnityEngine.Collision) (at Assets/Script/PlatForm.cs:19)
UnityEngine.Physics:SendOnCollisionEnter (UnityEngine.Component,UnityEngine.Collision)
UnityEngine.Physics:ReportContacts (Unity.Collections.NativeArray`1/ReadOnly<UnityEngine.ContactPairHeader>)
UnityEngine.Physics:OnSceneContact (UnityEngine.PhysicsScene,intptr,int)

(Filename: Assets/Script/PlatForm.cs Line: 19)

Fuel: 91.69428
UnityEngine.Debug:ExtractStackTraceNoAlloc (byte*,int,string)
UnityEngine.StackTraceUtility:ExtractStackTrace ()
UnityEngine.DebugLogHandler:Internal_Log (UnityEngine.LogType,UnityEngine.LogOption,string,UnityEngine.Object)
UnityEngine.DebugLogHandler:LogFormat (UnityEngine.LogType,UnityEngine.Object,string,object[])
UnityEngine.Logger:Log (UnityEngine.LogType,object)
UnityEngine.Debug:Log (object)
PlatForm:OnCollisionEnter (UnityEngine.Collision) (at Assets/Script/PlatForm.cs:20)
UnityEngine.Physics:SendOnCollisionEnter (UnityEngine.Component,UnityEngine.Collision)
UnityEngine.Physics:ReportContacts (Unity.Collections.NativeArray`1/ReadOnly<UnityEngine.ContactPairHeader>)
UnityEngine.Physics:OnSceneContact (UnityEngine.PhysicsScene,intptr,int)

(Filename: Assets/Script/PlatForm.cs Line: 20)

Score: 5
UnityEngine.Debug:ExtractStackTraceNoAlloc (byte*,int,string)
UnityEngine.StackTraceUtility:ExtractStackTrace ()
UnityEngine.DebugLogHandler:Internal_Log (UnityEngine.LogType,UnityEngine.LogOption,string,UnityEngine.Object)
UnityEngine.DebugLogHandler:LogFormat (UnityEngine.LogType,UnityEngine.Object,string,object[])
UnityEngine.Logger:Log (UnityEngine.LogType,object)
UnityEngine.Debug:Log (object)
PlatForm:OnCollisionEnter (UnityEngine.Collision) (at Assets/Script/PlatForm.cs:21)
UnityEngine.Physics:SendOnCollisionEnter (UnityEngine.Component,UnityEngine.Collision)
UnityEngine.Physics:ReportContacts (Unity.Collections.NativeArray`1/ReadOnly<UnityEngine.ContactPairHeader>)
UnityEngine.Physics:OnSceneContact (UnityEngine.PhysicsScene,intptr,int)

(Filename: Assets/Script/PlatForm.cs Line: 21)

BOOM - YOU LOSE
UnityEngine.Debug:ExtractStackTraceNoAlloc (byte*,int,string)
UnityEngine.StackTraceUtility:ExtractStackTrace ()
UnityEngine.DebugLogHandler:Internal_Log (UnityEngine.LogType,UnityEngine.LogOption,string,UnityEngine.Object)
UnityEngine.DebugLogHandler:LogFormat (UnityEngine.LogType,UnityEngine.Object,string,object[])
UnityEngine.Logger:Log (UnityEngine.LogType,object)
UnityEngine.Debug:Log (object)
PlatForm:OnCollisionEnter (UnityEngine.Collision) (at Assets/Script/PlatForm.cs:40)
UnityEngine.Physics:SendOnCollisionEnter (UnityEngine.Component,UnityEngine.Collision)
UnityEngine.Physics:ReportContacts (Unity.Collections.NativeArray`1/ReadOnly<UnityEngine.ContactPairHeader>)
UnityEngine.Physics:OnSceneContact (UnityEngine.PhysicsScene,intptr,int)

(Filename: Assets/Script/PlatForm.cs Line: 40)

Scene 'Start' couldn't be loaded because it has not been added to the active build profile or shared scene list or the AssetBundle has not been loaded.
To add a scene to the active build profile or shared scene list use the menu File->Build Profiles
UnityEngine.Debug:ExtractStackTraceNoAlloc (byte*,int,string)
UnityEngine.StackTraceUtility:ExtractStackTrace ()
UnityEngine.SceneManagement.SceneManagerAPIInternal:LoadSceneAsyncNameIndexInternal (string,int,UnityEngine.SceneManagement.LoadSceneParameters,bool)
UnityEngine.SceneManagement.SceneManagerAPI:LoadSceneAsyncByNameOrIndex (string,int,UnityEngine.SceneManagement.LoadSceneParameters,bool)
UnityEngine.SceneManagement.SceneManager:LoadSceneAsyncNameIndexInternal (string,int,UnityEngine.SceneManagement.LoadSceneParameters,bool)
UnityEngine.SceneManagement.SceneManager:LoadScene (string,UnityEngine.SceneManagement.LoadSceneParameters)
UnityEngine.SceneManagement.SceneManager:LoadScene (string)
PlatForm:ReturnToMenu () (at Assets/Script/PlatForm.cs:72)
UnityEngine.Events.InvokableCall:Invoke ()
UnityEngine.Events.UnityEvent:Invoke ()
UnityEngine.UI.Button:Press () (at ./Library/PackageCache/com.unity.ugui@1c4864518158/Runtime/UGUI/UI/Core/Button.cs:71)
UnityEngine.UI.Button:OnPointerClick (UnityEngine.EventSystems.PointerEventData) (at ./Library/PackageCache/com.unity.ugui@1c4864518158/Runtime/UGUI/UI/Core/Button.cs:115)
UnityEngine.EventSystems.ExecuteEvents:Execute (UnityEngine.EventSystems.IPointerClickHandler,UnityEngine.EventSystems.BaseEventData) (at ./Library/PackageCache/com.unity.ugui@1c4864518158/Runtime/UGUI/EventSystem/ExecuteEvents.cs:57)
UnityEngine.EventSystems.ExecuteEvents:Execute<UnityEngine.EventSystems.IPointerClickHandler> (UnityEngine.GameObject,UnityEngine.EventSystems.BaseEventData,UnityEngine.EventSystems.ExecuteEvents/EventFunction`1<UnityEngine.EventSystems.IPointerClickHandler>) (at ./Library/PackageCache/com.unity.ugui@1c4864518158/Runtime/UGUI/EventSystem/ExecuteEvents.cs:272)
UnityEngine.InputSystem.UI.InputSystemUIInputModule:ProcessPointerButton (UnityEngine.InputSystem.UI.PointerModel/ButtonState&,UnityEngine.EventSystems.PointerEventData) (at ./Library/PackageCache/com.unity.inputsystem@7a4e1a2a8194/InputSystem/Runtime/Plugins/UI/InputSystemUIInputModule.cs:727)
UnityEngine.InputSystem.UI.InputSystemUIInputModule:ProcessPointer (UnityEngine.InputSystem.UI.PointerModel&) (at ./Library/PackageCache/com.unity.inputsystem@7a4e1a2a8194/InputSystem/Runtime/Plugins/UI/InputSystemUIInputModule.cs:486)
UnityEngine.InputSystem.UI.InputSystemUIInputModule:Process () (at ./Library/PackageCache/com.unity.inputsystem@7a4e1a2a8194/InputSystem/Runtime/Plugins/UI/InputSystemUIInputModule.cs:2405)
UnityEngine.EventSystems.EventSystem:Update () (at ./Library/PackageCache/com.unity.ugui@1c4864518158/Runtime/UGUI/EventSystem/EventSystem.cs:516)

[Assets/Script/PlatForm.cs line 72]

Scene 'Start' couldn't be loaded because it has not been added to the active build profile or shared scene list or the AssetBundle has not been loaded.
To add a scene to the active build profile or shared scene list use the menu File->Build Profiles
UnityEngine.Debug:ExtractStackTraceNoAlloc (byte*,int,string)
UnityEngine.StackTraceUtility:ExtractStackTrace ()
UnityEngine.SceneManagement.SceneManagerAPIInternal:LoadSceneAsyncNameIndexInternal (string,int,UnityEngine.SceneManagement.LoadSceneParameters,bool)
UnityEngine.SceneManagement.SceneManagerAPI:LoadSceneAsyncByNameOrIndex (string,int,UnityEngine.SceneManagement.LoadSceneParameters,bool)
UnityEngine.SceneManagement.SceneManager:LoadSceneAsyncNameIndexInternal (string,int,UnityEngine.SceneManagement.LoadSceneParameters,bool)
UnityEngine.SceneManagement.SceneManager:LoadScene (string,UnityEngine.SceneManagement.LoadSceneParameters)
UnityEngine.SceneManagement.SceneManager:LoadScene (string)
PlatForm:ReturnToMenu () (at Assets/Script/PlatForm.cs:72)
UnityEngine.Events.InvokableCall:Invoke ()
UnityEngine.Events.UnityEvent:Invoke ()
UnityEngine.UI.Button:Press () (at ./Library/PackageCache/com.unity.ugui@1c4864518158/Runtime/UGUI/UI/Core/Button.cs:71)
UnityEngine.UI.Button:OnPointerClick (UnityEngine.EventSystems.PointerEventData) (at ./Library/PackageCache/com.unity.ugui@1c4864518158/Runtime/UGUI/UI/Core/Button.cs:115)
UnityEngine.EventSystems.ExecuteEvents:Execute (UnityEngine.EventSystems.IPointerClickHandler,UnityEngine.EventSystems.BaseEventData) (at ./Library/PackageCache/com.unity.ugui@1c4864518158/Runtime/UGUI/EventSystem/ExecuteEvents.cs:57)
UnityEngine.EventSystems.ExecuteEvents:Execute<UnityEngine.EventSystems.IPointerClickHandler> (UnityEngine.GameObject,UnityEngine.EventSystems.BaseEventData,UnityEngine.EventSystems.ExecuteEvents/EventFunction`1<UnityEngine.EventSystems.IPointerClickHandler>) (at ./Library/PackageCache/com.unity.ugui@1c4864518158/Runtime/UGUI/EventSystem/ExecuteEvents.cs:272)
UnityEngine.InputSystem.UI.InputSystemUIInputModule:ProcessPointerButton (UnityEngine.InputSystem.UI.PointerModel/ButtonState&,UnityEngine.EventSystems.PointerEventData) (at ./Library/PackageCache/com.unity.inputsystem@7a4e1a2a8194/InputSystem/Runtime/Plugins/UI/InputSystemUIInputModule.cs:727)
UnityEngine.InputSystem.UI.InputSystemUIInputModule:ProcessPointer (UnityEngine.InputSystem.UI.PointerModel&) (at ./Library/PackageCache/com.unity.inputsystem@7a4e1a2a8194/InputSystem/Runtime/Plugins/UI/InputSystemUIInputModule.cs:486)
UnityEngine.InputSystem.UI.InputSystemUIInputModule:Process () (at ./Library/PackageCache/com.unity.inputsystem@7a4e1a2a8194/InputSystem/Runtime/Plugins/UI/InputSystemUIInputModule.cs:2405)
UnityEngine.EventSystems.EventSystem:Update () (at ./Library/PackageCache/com.unity.ugui@1c4864518158/Runtime/UGUI/EventSystem/EventSystem.cs:516)

[Assets/Script/PlatForm.cs line 72]

Scene 'Start' couldn't be loaded because it has not been added to the active build profile or shared scene list or the AssetBundle has not been loaded.
To add a scene to the active build profile or shared scene list use the menu File->Build Profiles
UnityEngine.Debug:ExtractStackTraceNoAlloc (byte*,int,string)
UnityEngine.StackTraceUtility:ExtractStackTrace ()
UnityEngine.SceneManagement.SceneManagerAPIInternal:LoadSceneAsyncNameIndexInternal (string,int,UnityEngine.SceneManagement.LoadSceneParameters,bool)
UnityEngine.SceneManagement.SceneManagerAPI:LoadSceneAsyncByNameOrIndex (string,int,UnityEngine.SceneManagement.LoadSceneParameters,bool)
UnityEngine.SceneManagement.SceneManager:LoadSceneAsyncNameIndexInternal (string,int,UnityEngine.SceneManagement.LoadSceneParameters,bool)
UnityEngine.SceneManagement.SceneManager:LoadScene (string,UnityEngine.SceneManagement.LoadSceneParameters)
UnityEngine.SceneManagement.SceneManager:LoadScene (string)
PlatForm:ReturnToMenu () (at Assets/Script/PlatForm.cs:72)
UnityEngine.Events.InvokableCall:Invoke ()
UnityEngine.Events.UnityEvent:Invoke ()
UnityEngine.UI.Button:Press () (at ./Library/PackageCache/com.unity.ugui@1c4864518158/Runtime/UGUI/UI/Core/Button.cs:71)
UnityEngine.UI.Button:OnPointerClick (UnityEngine.EventSystems.PointerEventData) (at ./Library/PackageCache/com.unity.ugui@1c4864518158/Runtime/UGUI/UI/Core/Button.cs:115)
UnityEngine.EventSystems.ExecuteEvents:Execute (UnityEngine.EventSystems.IPointerClickHandler,UnityEngine.EventSystems.BaseEventData) (at ./Library/PackageCache/com.unity.ugui@1c4864518158/Runtime/UGUI/EventSystem/ExecuteEvents.cs:57)
UnityEngine.EventSystems.ExecuteEvents:Execute<UnityEngine.EventSystems.IPointerClickHandler> (UnityEngine.GameObject,UnityEngine.EventSystems.BaseEventData,UnityEngine.EventSystems.ExecuteEvents/EventFunction`1<UnityEngine.EventSystems.IPointerClickHandler>) (at ./Library/PackageCache/com.unity.ugui@1c4864518158/Runtime/UGUI/EventSystem/ExecuteEvents.cs:272)
UnityEngine.InputSystem.UI.InputSystemUIInputModule:ProcessPointerButton (UnityEngine.InputSystem.UI.PointerModel/ButtonState&,UnityEngine.EventSystems.PointerEventData) (at ./Library/PackageCache/com.unity.inputsystem@7a4e1a2a8194/InputSystem/Runtime/Plugins/UI/InputSystemUIInputModule.cs:727)
UnityEngine.InputSystem.UI.InputSystemUIInputModule:ProcessPointer (UnityEngine.InputSystem.UI.PointerModel&) (at ./Library/PackageCache/com.unity.inputsystem@7a4e1a2a8194/InputSystem/Runtime/Plugins/UI/InputSystemUIInputModule.cs:486)
UnityEngine.InputSystem.UI.InputSystemUIInputModule:Process () (at ./Library/PackageCache/com.unity.inputsystem@7a4e1a2a8194/InputSystem/Runtime/Plugins/UI/InputSystemUIInputModule.cs:2405)
UnityEngine.EventSystems.EventSystem:Update () (at ./Library/PackageCache/com.unity.ugui@1c4864518158/Runtime/UGUI/EventSystem/EventSystem.cs:516)

[Assets/Script/PlatForm.cs line 72]

Unloading 0 Unused Serialized files (Serialized files now loaded: 0)
Loaded scene 'Temp/__Backupscenes/0.backup'
	Deserialize:            3.131 ms
	Integration:            361.010 ms
	Integration of assets:  0.006 ms
	Thread Wait Time:       0.029 ms
	Total Operation Time:   364.176 ms
Unloading 15 unused Assets / (146.2 KB). Loaded Objects now: 9025.
Memory consumption went from 1.03 GB to 1.03 GB.
Total: 38.157800 ms (FindLiveObjects: 0.705900 ms CreateObjectMapping: 1.388300 ms MarkObjects: 35.964500 ms  DeleteObjects: 0.096600 ms)

[Licensing::Client] Successfully resolved entitlement details
[ScriptCompilation] Requested script compilation because: AssetDatabase observed changes in script compilation related files
Asset Pipeline Refresh (id=5efda5820e7e34447ad9bc9afa8cb656): Total: 0.193 seconds - Initiated by RefreshV2(NoUpdateAssetOptions)
info: Microsoft.AspNetCore.Hosting.Diagnostics[1]
      Request starting HTTP/2 POST http://ilpp/UnityILPP.PostProcessing/Ping - application/grpc -
info: Microsoft.AspNetCore.Routing.EndpointMiddleware[0]
      Executing endpoint 'gRPC - /UnityILPP.PostProcessing/Ping'
info: Microsoft.AspNetCore.Routing.EndpointMiddleware[1]
      Executed endpoint 'gRPC - /UnityILPP.PostProcessing/Ping'
info: Microsoft.AspNetCore.Hosting.Diagnostics[2]
      Request finished HTTP/2 POST http://ilpp/UnityILPP.PostProcessing/Ping - 200 - application/grpc 1.2516ms
Starting: C:\Program Files\Unity\Hub\Editor\6000.5.9f1\Editor\Data\Tools\BuildPipeline\bee_backend.exe --ipc --defer-dag-verification --dagfile="Library/Bee/1900b0aE.dag" --continue-on-failure --profile="Library/Bee/backend1.traceevents" ScriptAssemblies
WorkingDir: C:/Users/golfa/Rocket
info: Microsoft.AspNetCore.Hosting.Diagnostics[1]
      Request starting HTTP/2 POST http://ilpp/UnityILPP.PostProcessing/ConfigurePostProcessors - application/grpc -
info: Microsoft.AspNetCore.Routing.EndpointMiddleware[0]
      Executing endpoint 'gRPC - /UnityILPP.PostProcessing/ConfigurePostProcessors'
info: Unity.ILPP.Runner.PostProcessingAssemblyLoadContext[0]
      Current configuration matches the requested one, skipping
info: Microsoft.AspNetCore.Routing.EndpointMiddleware[1]
      Executed endpoint 'gRPC - /UnityILPP.PostProcessing/ConfigurePostProcessors'
info: Microsoft.AspNetCore.Hosting.Diagnostics[2]
      Request finished HTTP/2 POST http://ilpp/UnityILPP.PostProcessing/ConfigurePostProcessors - 200 - application/grpc 1.4996ms
Asset Pipeline Refresh (id=743c1161626f1324ba25cbc94da64fd2): Total: 0.020 seconds - Initiated by RefreshV2(NoUpdateAssetOptions)
Asset Pipeline Refresh (id=5ea20d59742131543a1ca41880c8231b): Total: 0.005 seconds - Initiated by RefreshV2(NoUpdateAssetOptions)
Asset Pipeline Refresh (id=149c626fbf897cb46aead625c9e2b936): Total: 0.006 seconds - Initiated by RefreshV2(NoUpdateAssetOptions)
Asset Pipeline Refresh (id=4df3b2a0dc99efd4d86c68fa685da406): Total: 0.015 seconds - Initiated by RefreshV2(NoUpdateAssetOptions)
Asset Pipeline Refresh (id=b9f88181c151d684aa59cae42b9f2778): Total: 0.016 seconds - Initiated by RefreshV2(NoUpdateAssetOptions)
Asset Pipeline Refresh (id=8bb10b3b06da9ca40ad69a2990195aed): Total: 0.015 seconds - Initiated by RefreshV2(NoUpdateAssetOptions)
Asset Pipeline Refresh (id=6691117a97c29c04a9700e7ebc4e72a0): Total: 0.015 seconds - Initiated by RefreshV2(NoUpdateAssetOptions)
info: Microsoft.AspNetCore.Hosting.Diagnostics[1]
      Request starting HTTP/2 POST http://ilpp/UnityILPP.PostProcessing/PostProcessAssembly - application/grpc -
info: Microsoft.AspNetCore.Routing.EndpointMiddleware[0]
      Executing endpoint 'gRPC - /UnityILPP.PostProcessing/PostProcessAssembly'
info: Unity.ILPP.Runner.PostProcessingPipeline[0]
      Processing assembly Library/Bee/artifacts/1900b0aE.dag/Assembly-CSharp.dll, with 141 defines and 339 references
info: Unity.ILPP.Runner.PostProcessingPipeline[0]
      processors: Unity.Jobs.CodeGen.JobsILPostProcessor, zzzUnity.Burst.CodeGen.BurstILPostProcessor
info: Unity.ILPP.Runner.PostProcessingPipeline[0]
      running Unity.Jobs.CodeGen.JobsILPostProcessor
info: Unity.ILPP.Runner.PostProcessingPipeline[0]
      running zzzUnity.Burst.CodeGen.BurstILPostProcessor
info: Microsoft.AspNetCore.Routing.EndpointMiddleware[1]
      Executed endpoint 'gRPC - /UnityILPP.PostProcessing/PostProcessAssembly'
info: Microsoft.AspNetCore.Hosting.Diagnostics[2]
      Request finished HTTP/2 POST http://ilpp/UnityILPP.PostProcessing/PostProcessAssembly - 200 - application/grpc 19.1542ms
ExitCode: 0 Duration: 0s777ms
[730/927    0s] ILPP-Configuration Library/ilpp-configuration.nevergeneratedoutput
[923/927    0s] Csc Library/Bee/artifacts/1900b0aE.dag/Assembly-CSharp.dll (+2 others)
[             ] Modification date of `Assets\Script\PlatForm.cs` changed while running `Csc Library/Bee/artifacts/1900b0aE.dag/Assembly-CSharp.dll (+2 others)`. Old timestamp: 134338934703429679, new timestamp: 134338934706086947
[924/927    0s] ILPostProcess Library/Bee/artifacts/1900b0aE.dag/post-processed/Assembly-CSharp.dll (+pdb)
Processing assembly Library/Bee/artifacts/1900b0aE.dag/Assembly-CSharp.dll, with 141 defines and 339 references

processors: Unity.Jobs.CodeGen.JobsILPostProcessor, zzzUnity.Burst.CodeGen.BurstILPostProcessor

running Unity.Jobs.CodeGen.JobsILPostProcessor

running zzzUnity.Burst.CodeGen.BurstILPostProcessor
[925/927    0s] CopyFiles Library/ScriptAssemblies/Assembly-CSharp.dll
[926/927    0s] CopyFiles Library/ScriptAssemblies/Assembly-CSharp.pdb
*** Tundra build success (0.73 seconds), 5 items updated, 927 evaluated
Reloading assemblies after finishing script compilation.
Reloading assemblies after forced synchronous recompile.
Total cache size 64119356
Total cache size after purge 64119356, took 00:00:00.2073590
Begin MonoManager ReloadAssembly
GetVirtualKey: Could not map char: z (122) to any virtual key
GetVirtualKey: Could not map char: y (121) to any virtual key
GetVirtualKey: Could not map char: x (120) to any virtual key
GetVirtualKey: Could not map char: c (99) to any virtual key
GetVirtualKey: Could not map char: v (118) to any virtual key
GetVirtualKey: Could not map char: V (86) to any virtual key
GetVirtualKey: Could not map char: d (100) to any virtual key
GetVirtualKey: Could not map char: f (102) to any virtual key
GetVirtualKey: Could not map char: f (102) to any virtual key
GetVirtualKey: Could not map char: a (97) to any virtual key
GetVirtualKey: Could not map char: d (100) to any virtual key
GetVirtualKey: Could not map char: c (99) to any virtual key
GetVirtualKey: Could not map char: r (114) to any virtual key
GetVirtualKey: Could not map char: i (105) to any virtual key
GetVirtualKey: Could not map char: l (108) to any virtual key
GetVirtualKey: Could not map char: f (102) to any virtual key
GetVirtualKey: Could not map char: k (107) to any virtual key
GetVirtualKey: Could not map char: p (112) to any virtual key
GetVirtualKey: Could not map char: p (112) to any virtual key
GetVirtualKey: Could not map char: p (112) to any virtual key
GetVirtualKey: Could not map char: c (99) to any virtual key
GetVirtualKey: Could not map char: r (114) to any virtual key
GetVirtualKey: Could not map char: P (80) to any virtual key
GetVirtualKey: Could not map char: n (110) to any virtual key
GetVirtualKey: Could not map char: n (110) to any virtual key
GetVirtualKey: Could not map char: g (103) to any virtual key
GetVirtualKey: Could not map char: = (61) to any virtual key
GetVirtualKey: Could not map char: f (102) to any virtual key
GetVirtualKey: Could not map char: f (102) to any virtual key
GetVirtualKey: Could not map char: a (97) to any virtual key
GetVirtualKey: Could not map char: a (97) to any virtual key
GetVirtualKey: Could not map char: n (110) to any virtual key
GetVirtualKey: Could not map char: o (111) to any virtual key
GetVirtualKey: Could not map char: s (115) to any virtual key
GetVirtualKey: Could not map char: s (115) to any virtual key
GetVirtualKey: Could not map char: b (98) to any virtual key
GetVirtualKey: Could not map char: b (98) to any virtual key
GetVirtualKey: Could not map char: c (99) to any virtual key
GetVirtualKey: Could not map char: u (117) to any virtual key
Refreshing native plugins compatible for Editor in 2.76 ms, found 4 plugins.
Native extension for WindowsStandalone target not found
Native extension for WebGL target not found
[MODES] ModeService[none].Initialize
[MODES] ModeService[none].LoadModes
GetVirtualKey: Could not map char: z (122) to any virtual key
GetVirtualKey: Could not map char: y (121) to any virtual key
GetVirtualKey: Could not map char: x (120) to any virtual key
GetVirtualKey: Could not map char: c (99) to any virtual key
GetVirtualKey: Could not map char: v (118) to any virtual key
GetVirtualKey: Could not map char: V (86) to any virtual key
GetVirtualKey: Could not map char: d (100) to any virtual key
GetVirtualKey: Could not map char: f (102) to any virtual key
GetVirtualKey: Could not map char: f (102) to any virtual key
GetVirtualKey: Could not map char: a (97) to any virtual key
GetVirtualKey: Could not map char: d (100) to any virtual key
GetVirtualKey: Could not map char: c (99) to any virtual key
GetVirtualKey: Could not map char: r (114) to any virtual key
GetVirtualKey: Could not map char: i (105) to any virtual key
GetVirtualKey: Could not map char: l (108) to any virtual key
GetVirtualKey: Could not map char: f (102) to any virtual key
GetVirtualKey: Could not map char: k (107) to any virtual key
GetVirtualKey: Could not map char: p (112) to any virtual key
GetVirtualKey: Could not map char: p (112) to any virtual key
GetVirtualKey: Could not map char: p (112) to any virtual key
GetVirtualKey: Could not map char: c (99) to any virtual key
GetVirtualKey: Could not map char: r (114) to any virtual key
GetVirtualKey: Could not map char: P (80) to any virtual key
GetVirtualKey: Could not map char: n (110) to any virtual key
GetVirtualKey: Could not map char: n (110) to any virtual key
GetVirtualKey: Could not map char: g (103) to any virtual key
GetVirtualKey: Could not map char: = (61) to any virtual key
GetVirtualKey: Could not map char: f (102) to any virtual key
GetVirtualKey: Could not map char: f (102) to any virtual key
GetVirtualKey: Could not map char: a (97) to any virtual key
GetVirtualKey: Could not map char: a (97) to any virtual key
GetVirtualKey: Could not map char: n (110) to any virtual key
GetVirtualKey: Could not map char: o (111) to any virtual key
GetVirtualKey: Could not map char: s (115) to any virtual key
GetVirtualKey: Could not map char: s (115) to any virtual key
GetVirtualKey: Could not map char: b (98) to any virtual key
GetVirtualKey: Could not map char: b (98) to any virtual key
GetVirtualKey: Could not map char: c (99) to any virtual key
GetVirtualKey: Could not map char: u (117) to any virtual key
ScheduleIndexationOnStartup MainProcess:True IndexOnStartup:True
Mono: successfully reloaded assembly
- Finished resetting the current domain, in  3.534 seconds
Domain Reload Profiling: 5907ms
	BeginReloadAssembly (1472ms)
		DisableScriptedObjects (196ms)
		CreateAndSetChildDomain (826ms)
	RebuildCommonClasses (25ms)
	RebuildNativeTypeToScriptingClass (33ms)
	initialDomainReloadingComplete (102ms)
	LoadAllAssembliesAndSetupDomain (740ms)
		LoadAssemblies (316ms)
		AnalyzeDomain (402ms)
			TypeCache.Refresh (21ms)
			BuildScriptInfoCaches (332ms)
			ResolveRequiredComponents (45ms)
	FinalizeReload (3536ms)
		SetupLoadedEditorAssemblies (0ms)
			InitializePlatformSupportModulesInManaged (4ms)
			BeforeProcessingInitializeOnLoad (487ms)
			ProcessInitializeOnLoadAttributes (722ms)
			ProcessInitializeOnLoadMethodAttributes (256ms)
			AfterProcessingInitializeOnLoad (8ms)
		AwakeInstancesAfterBackupRestoration (1135ms)

Asset Pipeline Refresh (id=4105dc2f44b1058468a39fa22d847073): Total: 6.316 seconds - Initiated by StopAssetImportingV2(ForceSynchronousImport | ForceDomainReload)
	(Values over 0.05ms)
	Summary:
		Imports: total=0 (actual=0, local cache=0, cache server=0)
		Asset DB Process Time: managed=0 ms, native=3760 ms
		Asset DB Callback time: managed=61 ms, native=0 ms
		Scripting: domain reloads=1, domain reload time=2491 ms, compile time=2 ms, other=0 ms
		Project Asset Count: scripts=1374, non-scripts=2362
		Asset File Changes: new=0, changed=0, moved=0, deleted=0
		Scan Filter Count: 0
	InvokePackagesCallback: 2.178ms
	ApplyChangesToAssetFolders: 0.491ms
	Collect global state as custom dependencies: 7.825ms
	ProcessAssetsWithTransientArtifactChanges: 9.195ms
	CategorizeAssets: 83.570ms
	CompileScripts: 2.158ms
	ImportOutOfDateAssets: 3603.418ms (3555.912ms without children)
		CollectScriptTypesHashes: 1.350ms
		ReloadNativeAssets: 1.913ms
		UnloadImportedAssets: 0.453ms
		EnsureUptoDateAssetsAreRegisteredWithGuidPM: 1.288ms
		ImportSchedulerStart: 43.800ms
	PostProcessAllAssets: 61.333ms
		MonoPostProcessAllAssets: 61.325ms
			UniversalRenderPipelineGlobalSettingsPostprocessor.OnPostprocessAllAssets 22.227ms
			AssetPostprocessor.OnPostprocessAllAssets 9.790ms
			BuilderAssetPostprocessor.OnPostprocessAllAssets 9.698ms
			AssetChangedListener.OnPostprocessAllAssets 9.237ms
			SyncVS.PostprocessSyncProject 6.599ms
			WindowAssetPostprocessingWatcher.OnPostprocessAllAssets 4.159ms
			SpeedTree9Postprocessor.OnPostprocessAllAssets 3.786ms
			ShaderGraphAssetPostProcessor.OnPostprocessAllAssets 2.787ms
			RetainedModeAssetPostprocessor.OnPostprocessAllAssets 1.934ms
			EditModeScopePostprocessor.OnPostprocessAllAssets 1.840ms
			RenderPipelineGlobalSettingsPostprocessor.OnPostprocessAllAssets 1.416ms
			ProjectSettingsPostprocessor.OnPostprocessAllAssets 1.329ms
			MaterialPostprocessor.OnPostprocessAllAssets 1.085ms
			ArtifactBrowserPostProcessor.OnPostprocessAllAssets 0.916ms
			TMPro_TexturePostProcessor.OnPostprocessAllAssets 0.874ms
			UVCSAssetPostprocessor.OnPostprocessAllAssets 0.868ms
			ShaderReflectionAssetPostProcessor.OnPostprocessAllAssets 0.746ms
			InputActionJsonNameModifierAssetProcessor.OnPostprocessAllAssets 0.574ms
			AssetReloadNotifier.OnPostprocessAllAssets 0.522ms
			AudioMixerPostprocessor.OnPostprocessAllAssets 0.522ms
			SampleDependencyImporterPostProcessor.OnPostprocessAllAssets 0.492ms
			TextAssetPostProcessor.OnPostprocessAllAssets 0.478ms
			InputActionAssetPostprocessor.OnPostprocessAllAssets 0.469ms
			ReferencedClipsPostProcessor.OnPostprocessAllAssets 0.469ms
			StyleCatalogPostProcessor.OnPostprocessAllAssets 0.463ms
			SpeedTreePostProcessor.OnPostprocessAllAssets 0.462ms
			PostProcessor.OnPostprocessAllAssets 0.441ms
			AssetEvents.OnPostprocessAllAssets 0.393ms
			TerrainToolbarOverlayPostProcessor.OnPostprocessAllAssets 0.301ms
			AssetDatabaseCallbacks.OnPostprocessAllAssets 0.251ms
			ConfigAssetsTracker.OnPostprocessAllAssets 0.226ms
			SamplePostprocessor.OnPostprocessAllAssets 0.222ms
			ScenarioDriftAssetsTracker.OnPostprocessAllAssets 0.213ms
			AudioContainerPostProcessor.OnPostprocessAllAssets 0.120ms
	GatherAllCurrentPrimaryImportResultRevisions: 0.192ms
	PersistCurrentRevisions: 0.139ms
	GenerateScriptTypeHashes: 3.935ms
	GenerateScriptTypeSerializationHashes: 6.546ms
	Untracked: 2539.079ms

[Licensing::Client] Successfully resolved entitlement details
[Licensing::Client] Successfully resolved entitlement details
Asset Pipeline Refresh (id=08b12ab013175944db9739022c290462): Total: 0.016 seconds - Initiated by RefreshV2(AllowForceSynchronousImport)
Importing 'GUID: 99c9720ab356a0642a771bea13969a05 - Path: Assets/Scenes/SampleScene.unity' with importer (DefaultImporter)
Imported 'GUID: 99c9720ab356a0642a771bea13969a05' -> (Import Result ID: '59958ebd4f8a85e12bdcddc810931f46') in 0.013 seconds [static dependencies only]. Details - ImportResultOutputID=378ca25c6c95e370f41ed482e616ed68 DependenciesID=411ea4c23248431d682290f574906aaf StaticDependenciesID=216e3e5557bddf367d36d24dade62b6a 
Asset Pipeline Refresh (id=ad5411f87f39dd4419f86df7f50ef612): Total: 0.178 seconds - Initiated by StopAssetImportingV2(NoUpdateAssetOptions)
Opening scene 'Assets/StartMenu.unity'
Unloading 24 Unused Serialized files (Serialized files now loaded: 0)
Loaded scene 'Assets/StartMenu.unity'
	Deserialize:            5.835 ms
	Integration:            293.014 ms
	Integration of assets:  0.002 ms
	Thread Wait Time:       0.033 ms
	Total Operation Time:   298.884 ms
Unloading 187 unused Assets / (9.1 MB). Loaded Objects now: 9058.
Memory consumption went from 1.07 GB to 1.06 GB.
Total: 24.267300 ms (FindLiveObjects: 0.757000 ms CreateObjectMapping: 1.603100 ms MarkObjects: 19.573400 ms  DeleteObjects: 2.330900 ms)

Reloading assemblies for play mode.
Reloading assemblies after forced synchronous recompile.
Begin MonoManager ReloadAssembly
Native extension for WindowsStandalone target not found
Native extension for WebGL target not found
ScheduleIndexationOnStartup MainProcess:True IndexOnStartup:True
[MODES] ModeService[none].Initialize
[MODES] ModeService[none].LoadModes
Mono: successfully reloaded assembly
- Finished resetting the current domain, in  3.362 seconds
Domain Reload Profiling: 5021ms
	BeginReloadAssembly (1185ms)
		DisableScriptedObjects (151ms)
		CreateAndSetChildDomain (726ms)
	RebuildCommonClasses (24ms)
	RebuildNativeTypeToScriptingClass (32ms)
	initialDomainReloadingComplete (88ms)
	LoadAllAssembliesAndSetupDomain (329ms)
		LoadAssemblies (238ms)
		AnalyzeDomain (64ms)
			TypeCache.Refresh (16ms)
			ResolveRequiredComponents (41ms)
	FinalizeReload (3363ms)
		SetupLoadedEditorAssemblies (0ms)
			InitializePlatformSupportModulesInManaged (5ms)
			BeforeProcessingInitializeOnLoad (193ms)
			ProcessInitializeOnLoadAttributes (726ms)
			ProcessInitializeOnLoadMethodAttributes (211ms)
			AfterProcessingInitializeOnLoad (8ms)
		AwakeInstancesAfterBackupRestoration (1190ms)

Asset Pipeline Refresh (id=9fbb684df2bfdea498c061e31bd19a70): Total: 5.370 seconds - Initiated by StopAssetImportingV2(ForceSynchronousImport | ForceDomainReload)
	(Values over 0.05ms)
	Summary:
		Imports: total=0 (actual=0, local cache=0, cache server=0)
		Asset DB Process Time: managed=0 ms, native=3582 ms
		Asset DB Callback time: managed=56 ms, native=0 ms
		Scripting: domain reloads=1, domain reload time=1728 ms, compile time=2 ms, other=0 ms
		Project Asset Count: scripts=1374, non-scripts=2362
		Asset File Changes: new=0, changed=0, moved=0, deleted=0
		Scan Filter Count: 0
	InvokePackagesCallback: 2.151ms
	ApplyChangesToAssetFolders: 0.477ms
	Collect global state as custom dependencies: 7.434ms
	ProcessAssetsWithTransientArtifactChanges: 0.399ms
	CategorizeAssets: 79.154ms
	CompileScripts: 2.178ms
	ImportOutOfDateAssets: 3431.754ms (3386.065ms without children)
		CollectScriptTypesHashes: 1.317ms
		ReloadNativeAssets: 1.288ms
		UnloadImportedAssets: 0.483ms
		EnsureUptoDateAssetsAreRegisteredWithGuidPM: 1.124ms
		ImportSchedulerStart: 42.744ms
	PostProcessAllAssets: 56.248ms
		MonoPostProcessAllAssets: 56.240ms
			UniversalRenderPipelineGlobalSettingsPostprocessor.OnPostprocessAllAssets 21.368ms
			AssetPostprocessor.OnPostprocessAllAssets 10.537ms
			AssetChangedListener.OnPostprocessAllAssets 9.658ms
			BuilderAssetPostprocessor.OnPostprocessAllAssets 7.305ms
			SyncVS.PostprocessSyncProject 5.566ms
			WindowAssetPostprocessingWatcher.OnPostprocessAllAssets 3.654ms
			SpeedTree9Postprocessor.OnPostprocessAllAssets 3.221ms
			ShaderGraphAssetPostProcessor.OnPostprocessAllAssets 2.850ms
			RetainedModeAssetPostprocessor.OnPostprocessAllAssets 2.051ms
			RenderPipelineGlobalSettingsPostprocessor.OnPostprocessAllAssets 1.267ms
			ProjectSettingsPostprocessor.OnPostprocessAllAssets 1.123ms
			ArtifactBrowserPostProcessor.OnPostprocessAllAssets 0.962ms
			MaterialPostprocessor.OnPostprocessAllAssets 0.881ms
			UVCSAssetPostprocessor.OnPostprocessAllAssets 0.836ms
			TMPro_TexturePostProcessor.OnPostprocessAllAssets 0.832ms
			ShaderReflectionAssetPostProcessor.OnPostprocessAllAssets 0.617ms
			TextAssetPostProcessor.OnPostprocessAllAssets 0.612ms
			AudioMixerPostprocessor.OnPostprocessAllAssets 0.511ms
			EditModeScopePostprocessor.OnPostprocessAllAssets 0.492ms
			PostProcessor.OnPostprocessAllAssets 0.458ms
			InputActionAssetPostprocessor.OnPostprocessAllAssets 0.452ms
			InputActionJsonNameModifierAssetProcessor.OnPostprocessAllAssets 0.443ms
			ReferencedClipsPostProcessor.OnPostprocessAllAssets 0.433ms
			SampleDependencyImporterPostProcessor.OnPostprocessAllAssets 0.415ms
			AssetEvents.OnPostprocessAllAssets 0.354ms
			StyleCatalogPostProcessor.OnPostprocessAllAssets 0.349ms
			SpeedTreePostProcessor.OnPostprocessAllAssets 0.301ms
			AssetDatabaseCallbacks.OnPostprocessAllAssets 0.258ms
			TerrainToolbarOverlayPostProcessor.OnPostprocessAllAssets 0.256ms
			ConfigAssetsTracker.OnPostprocessAllAssets 0.252ms
			SamplePostprocessor.OnPostprocessAllAssets 0.225ms
			ScenarioDriftAssetsTracker.OnPostprocessAllAssets 0.222ms
			AssetReloadNotifier.OnPostprocessAllAssets 0.198ms
			AudioContainerPostProcessor.OnPostprocessAllAssets 0.097ms
	GatherAllCurrentPrimaryImportResultRevisions: 0.246ms
	PersistCurrentRevisions: 0.171ms
	GenerateScriptTypeHashes: 3.380ms
	GenerateScriptTypeSerializationHashes: 5.588ms
	Untracked: 1780.416ms

Loaded scene 'Temp/__Backupscenes/0.backup'
	Deserialize:            3.552 ms
	Integration:            1062.006 ms
	Integration of assets:  0.010 ms
	Thread Wait Time:       0.027 ms
	Total Operation Time:   1065.595 ms
[Licensing::Client] Successfully resolved entitlement details
[Licensing::Client] Successfully resolved entitlement details
Unloading 9 Unused Serialized files (Serialized files now loaded: 0)
UnloadTime: 12.878300 ms
Loaded scene 'Assets/Scenes/SampleScene.unity'
	Deserialize:            75.312 ms
	Integration:            306.868 ms
	Integration of assets:  0.252 ms
	Thread Wait Time:       4.452 ms
	Total Operation Time:   386.884 ms
Unloading 74 unused Assets / (155.2 KB). Loaded Objects now: 9108.
Memory consumption went from 1.04 GB to 1.04 GB.
Total: 25.661000 ms (FindLiveObjects: 0.801300 ms CreateObjectMapping: 2.000500 ms MarkObjects: 22.181700 ms  DeleteObjects: 0.675600 ms)

Fall Speed: 0.9809996
UnityEngine.Debug:ExtractStackTraceNoAlloc (byte*,int,string)
UnityEngine.StackTraceUtility:ExtractStackTrace ()
UnityEngine.DebugLogHandler:Internal_Log (UnityEngine.LogType,UnityEngine.LogOption,string,UnityEngine.Object)
UnityEngine.DebugLogHandler:LogFormat (UnityEngine.LogType,UnityEngine.Object,string,object[])
UnityEngine.Logger:Log (UnityEngine.LogType,object)
UnityEngine.Debug:Log (object)
PlatForm:OnCollisionEnter (UnityEngine.Collision) (at Assets/Script/PlatForm.cs:19)
UnityEngine.Physics:SendOnCollisionEnter (UnityEngine.Component,UnityEngine.Collision)
UnityEngine.Physics:ReportContacts (Unity.Collections.NativeArray`1/ReadOnly<UnityEngine.ContactPairHeader>)
UnityEngine.Physics:OnSceneContact (UnityEngine.PhysicsScene,intptr,int)

(Filename: Assets/Script/PlatForm.cs Line: 19)

Fuel: 100
UnityEngine.Debug:ExtractStackTraceNoAlloc (byte*,int,string)
UnityEngine.StackTraceUtility:ExtractStackTrace ()
UnityEngine.DebugLogHandler:Internal_Log (UnityEngine.LogType,UnityEngine.LogOption,string,UnityEngine.Object)
UnityEngine.DebugLogHandler:LogFormat (UnityEngine.LogType,UnityEngine.Object,string,object[])
UnityEngine.Logger:Log (UnityEngine.LogType,object)
UnityEngine.Debug:Log (object)
PlatForm:OnCollisionEnter (UnityEngine.Collision) (at Assets/Script/PlatForm.cs:20)
UnityEngine.Physics:SendOnCollisionEnter (UnityEngine.Component,UnityEngine.Collision)
UnityEngine.Physics:ReportContacts (Unity.Collections.NativeArray`1/ReadOnly<UnityEngine.ContactPairHeader>)
UnityEngine.Physics:OnSceneContact (UnityEngine.PhysicsScene,intptr,int)

(Filename: Assets/Script/PlatForm.cs Line: 20)

Score: 0
UnityEngine.Debug:ExtractStackTraceNoAlloc (byte*,int,string)
UnityEngine.StackTraceUtility:ExtractStackTrace ()
UnityEngine.DebugLogHandler:Internal_Log (UnityEngine.LogType,UnityEngine.LogOption,string,UnityEngine.Object)
UnityEngine.DebugLogHandler:LogFormat (UnityEngine.LogType,UnityEngine.Object,string,object[])
UnityEngine.Logger:Log (UnityEngine.LogType,object)
UnityEngine.Debug:Log (object)
PlatForm:OnCollisionEnter (UnityEngine.Collision) (at Assets/Script/PlatForm.cs:21)
UnityEngine.Physics:SendOnCollisionEnter (UnityEngine.Component,UnityEngine.Collision)
UnityEngine.Physics:ReportContacts (Unity.Collections.NativeArray`1/ReadOnly<UnityEngine.ContactPairHeader>)
UnityEngine.Physics:OnSceneContact (UnityEngine.PhysicsScene,intptr,int)

(Filename: Assets/Script/PlatForm.cs Line: 21)

เหรียญยังไม่ครบ และน้ำมันยังเหลือ → เล่นต่อ
UnityEngine.Debug:ExtractStackTraceNoAlloc (byte*,int,string)
UnityEngine.StackTraceUtility:ExtractStackTrace ()
UnityEngine.DebugLogHandler:Internal_Log (UnityEngine.LogType,UnityEngine.LogOption,string,UnityEngine.Object)
UnityEngine.DebugLogHandler:LogFormat (UnityEngine.LogType,UnityEngine.Object,string,object[])
UnityEngine.Logger:Log (UnityEngine.LogType,object)
UnityEngine.Debug:Log (object)
PlatForm:OnCollisionEnter (UnityEngine.Collision) (at Assets/Script/PlatForm.cs:57)
UnityEngine.Physics:SendOnCollisionEnter (UnityEngine.Component,UnityEngine.Collision)
UnityEngine.Physics:ReportContacts (Unity.Collections.NativeArray`1/ReadOnly<UnityEngine.ContactPairHeader>)
UnityEngine.Physics:OnSceneContact (UnityEngine.PhysicsScene,intptr,int)

(Filename: Assets/Script/PlatForm.cs Line: 57)

Fall Speed: 5.57854
UnityEngine.Debug:ExtractStackTraceNoAlloc (byte*,int,string)
UnityEngine.StackTraceUtility:ExtractStackTrace ()
UnityEngine.DebugLogHandler:Internal_Log (UnityEngine.LogType,UnityEngine.LogOption,string,UnityEngine.Object)
UnityEngine.DebugLogHandler:LogFormat (UnityEngine.LogType,UnityEngine.Object,string,object[])
UnityEngine.Logger:Log (UnityEngine.LogType,object)
UnityEngine.Debug:Log (object)
PlatForm:OnCollisionEnter (UnityEngine.Collision) (at Assets/Script/PlatForm.cs:19)
UnityEngine.Physics:SendOnCollisionEnter (UnityEngine.Component,UnityEngine.Collision)
UnityEngine.Physics:ReportContacts (Unity.Collections.NativeArray`1/ReadOnly<UnityEngine.ContactPairHeader>)
UnityEngine.Physics:OnSceneContact (UnityEngine.PhysicsScene,intptr,int)

(Filename: Assets/Script/PlatForm.cs Line: 19)

Fuel: 70.38307
UnityEngine.Debug:ExtractStackTraceNoAlloc (byte*,int,string)
UnityEngine.StackTraceUtility:ExtractStackTrace ()
UnityEngine.DebugLogHandler:Internal_Log (UnityEngine.LogType,UnityEngine.LogOption,string,UnityEngine.Object)
UnityEngine.DebugLogHandler:LogFormat (UnityEngine.LogType,UnityEngine.Object,string,object[])
UnityEngine.Logger:Log (UnityEngine.LogType,object)
UnityEngine.Debug:Log (object)
PlatForm:OnCollisionEnter (UnityEngine.Collision) (at Assets/Script/PlatForm.cs:20)
UnityEngine.Physics:SendOnCollisionEnter (UnityEngine.Component,UnityEngine.Collision)
UnityEngine.Physics:ReportContacts (Unity.Collections.NativeArray`1/ReadOnly<UnityEngine.ContactPairHeader>)
UnityEngine.Physics:OnSceneContact (UnityEngine.PhysicsScene,intptr,int)

(Filename: Assets/Script/PlatForm.cs Line: 20)

Score: 5
UnityEngine.Debug:ExtractStackTraceNoAlloc (byte*,int,string)
UnityEngine.StackTraceUtility:ExtractStackTrace ()
UnityEngine.DebugLogHandler:Internal_Log (UnityEngine.LogType,UnityEngine.LogOption,string,UnityEngine.Object)
UnityEngine.DebugLogHandler:LogFormat (UnityEngine.LogType,UnityEngine.Object,string,object[])
UnityEngine.Logger:Log (UnityEngine.LogType,object)
UnityEngine.Debug:Log (object)
PlatForm:OnCollisionEnter (UnityEngine.Collision) (at Assets/Script/PlatForm.cs:21)
UnityEngine.Physics:SendOnCollisionEnter (UnityEngine.Component,UnityEngine.Collision)
UnityEngine.Physics:ReportContacts (Unity.Collections.NativeArray`1/ReadOnly<UnityEngine.ContactPairHeader>)
UnityEngine.Physics:OnSceneContact (UnityEngine.PhysicsScene,intptr,int)

(Filename: Assets/Script/PlatForm.cs Line: 21)

BOOM - YOU LOSE
UnityEngine.Debug:ExtractStackTraceNoAlloc (byte*,int,string)
UnityEngine.StackTraceUtility:ExtractStackTrace ()
UnityEngine.DebugLogHandler:Internal_Log (UnityEngine.LogType,UnityEngine.LogOption,string,UnityEngine.Object)
UnityEngine.DebugLogHandler:LogFormat (UnityEngine.LogType,UnityEngine.Object,string,object[])
UnityEngine.Logger:Log (UnityEngine.LogType,object)
UnityEngine.Debug:Log (object)
PlatForm:OnCollisionEnter (UnityEngine.Collision) (at Assets/Script/PlatForm.cs:40)
UnityEngine.Physics:SendOnCollisionEnter (UnityEngine.Component,UnityEngine.Collision)
UnityEngine.Physics:ReportContacts (Unity.Collections.NativeArray`1/ReadOnly<UnityEngine.ContactPairHeader>)
UnityEngine.Physics:OnSceneContact (UnityEngine.PhysicsScene,intptr,int)

(Filename: Assets/Script/PlatForm.cs Line: 40)

Unloading 2 Unused Serialized files (Serialized files now loaded: 0)
UnloadTime: 4.079500 ms
Loaded scene 'Temp/__Backupscenes/0.backup'
	Deserialize:            1.938 ms
	Integration:            346.648 ms
	Integration of assets:  0.002 ms
	Thread Wait Time:       4.963 ms
	Total Operation Time:   353.551 ms
Unloading 15 unused Assets / (261.6 KB). Loaded Objects now: 9072.
Memory consumption went from 1.05 GB to 1.05 GB.
Total: 35.660400 ms (FindLiveObjects: 0.791200 ms CreateObjectMapping: 2.084800 ms MarkObjects: 32.598100 ms  DeleteObjects: 0.184700 ms)

Asset Pipeline Refresh (id=1ba87f011a6af9f4ab877556f46fe7f0): Total: 0.018 seconds - Initiated by RefreshV2(NoUpdateAssetOptions)
Unloading 0 Unused Serialized files (Serialized files now loaded: 0)
Loaded scene 'Temp/__Backupscenes/0.backup'
	Deserialize:            2.429 ms
	Integration:            333.103 ms
	Integration of assets:  0.005 ms
	Thread Wait Time:       0.029 ms
	Total Operation Time:   335.566 ms
Unloading 0 unused Assets / (220.1 KB). Loaded Objects now: 8931.
Memory consumption went from 1.02 GB to 1.02 GB.
Total: 35.849000 ms (FindLiveObjects: 0.773500 ms CreateObjectMapping: 1.673900 ms MarkObjects: 33.363800 ms  DeleteObjects: 0.035900 ms)

[Licensing::Client] Successfully resolved entitlement details
[ScriptCompilation] Requested script compilation because: AssetDatabase observed changes in script compilation related files
Refreshing native plugins compatible for Editor in 3.12 ms, found 4 plugins.
Asset Pipeline Refresh (id=6b3d4ee683b7f944fa9320a58c5c1e5f): Total: 0.178 seconds - Initiated by RefreshV2(NoUpdateAssetOptions)
info: Microsoft.AspNetCore.Hosting.Diagnostics[1]
      Request starting HTTP/2 POST http://ilpp/UnityILPP.PostProcessing/Ping - application/grpc -
info: Microsoft.AspNetCore.Routing.EndpointMiddleware[0]
      Executing endpoint 'gRPC - /UnityILPP.PostProcessing/Ping'
info: Microsoft.AspNetCore.Routing.EndpointMiddleware[1]
      Executed endpoint 'gRPC - /UnityILPP.PostProcessing/Ping'
info: Microsoft.AspNetCore.Hosting.Diagnostics[2]
      Request finished HTTP/2 POST http://ilpp/UnityILPP.PostProcessing/Ping - 200 - application/grpc 0.9475ms
Starting: C:\Program Files\Unity\Hub\Editor\6000.5.9f1\Editor\Data\Tools\BuildPipeline\bee_backend.exe --ipc --defer-dag-verification --dagfile="Library/Bee/1900b0aE.dag" --continue-on-failure --profile="Library/Bee/backend1.traceevents" ScriptAssemblies
WorkingDir: C:/Users/golfa/Rocket
info: Microsoft.AspNetCore.Hosting.Diagnostics[1]
      Request starting HTTP/2 POST http://ilpp/UnityILPP.PostProcessing/ConfigurePostProcessors - application/grpc -
info: Microsoft.AspNetCore.Routing.EndpointMiddleware[0]
      Executing endpoint 'gRPC - /UnityILPP.PostProcessing/ConfigurePostProcessors'
info: Unity.ILPP.Runner.PostProcessingAssemblyLoadContext[0]
      Current configuration matches the requested one, skipping
info: Microsoft.AspNetCore.Routing.EndpointMiddleware[1]
      Executed endpoint 'gRPC - /UnityILPP.PostProcessing/ConfigurePostProcessors'
info: Microsoft.AspNetCore.Hosting.Diagnostics[2]
      Request finished HTTP/2 POST http://ilpp/UnityILPP.PostProcessing/ConfigurePostProcessors - 200 - application/grpc 1.1909ms
Asset Pipeline Refresh (id=ec87f89e6d43f5144b619ed1f7ab9edd): Total: 0.015 seconds - Initiated by RefreshV2(NoUpdateAssetOptions)
Asset Pipeline Refresh (id=dfa1b0f7a1fae094c982fa259b7d9fbd): Total: 0.004 seconds - Initiated by RefreshV2(NoUpdateAssetOptions)
Asset Pipeline Refresh (id=041aaa0283f3e2d41b29f3b32afb22de): Total: 0.009 seconds - Initiated by RefreshV2(NoUpdateAssetOptions)
info: Microsoft.AspNetCore.Hosting.Diagnostics[1]
      Request starting HTTP/2 POST http://ilpp/UnityILPP.PostProcessing/PostProcessAssembly - application/grpc -
info: Microsoft.AspNetCore.Routing.EndpointMiddleware[0]
      Executing endpoint 'gRPC - /UnityILPP.PostProcessing/PostProcessAssembly'
info: Unity.ILPP.Runner.PostProcessingPipeline[0]
      Processing assembly Library/Bee/artifacts/1900b0aE.dag/Assembly-CSharp.dll, with 141 defines and 339 references
info: Unity.ILPP.Runner.PostProcessingPipeline[0]
      processors: Unity.Jobs.CodeGen.JobsILPostProcessor, zzzUnity.Burst.CodeGen.BurstILPostProcessor
info: Unity.ILPP.Runner.PostProcessingPipeline[0]
      running Unity.Jobs.CodeGen.JobsILPostProcessor
info: Unity.ILPP.Runner.PostProcessingPipeline[0]
      running zzzUnity.Burst.CodeGen.BurstILPostProcessor
info: Microsoft.AspNetCore.Routing.EndpointMiddleware[1]
      Executed endpoint 'gRPC - /UnityILPP.PostProcessing/PostProcessAssembly'
info: Microsoft.AspNetCore.Hosting.Diagnostics[2]
      Request finished HTTP/2 POST http://ilpp/UnityILPP.PostProcessing/PostProcessAssembly - 200 - application/grpc 25.3503ms
ExitCode: 0 Duration: 1s473ms
[730/927    0s] ILPP-Configuration Library/ilpp-configuration.nevergeneratedoutput
[923/927    1s] Csc Library/Bee/artifacts/1900b0aE.dag/Assembly-CSharp.dll (+2 others)
[924/927    0s] ILPostProcess Library/Bee/artifacts/1900b0aE.dag/post-processed/Assembly-CSharp.dll (+pdb)
Processing assembly Library/Bee/artifacts/1900b0aE.dag/Assembly-CSharp.dll, with 141 defines and 339 references

processors: Unity.Jobs.CodeGen.JobsILPostProcessor, zzzUnity.Burst.CodeGen.BurstILPostProcessor

running Unity.Jobs.CodeGen.JobsILPostProcessor

running zzzUnity.Burst.CodeGen.BurstILPostProcessor
[925/927    0s] CopyFiles Library/ScriptAssemblies/Assembly-CSharp.pdb
[926/927    0s] CopyFiles Library/ScriptAssemblies/Assembly-CSharp.dll
*** Tundra build success (1.43 seconds), 5 items updated, 927 evaluated
Reloading assemblies after forced synchronous recompile.
Begin MonoManager ReloadAssembly
Total cache size 64119356
Total cache size after purge 64119356, took 00:00:00.2173362
Refreshing native plugins compatible for Editor in 3.04 ms, found 4 plugins.
Native extension for WindowsStandalone target not found
Native extension for WebGL target not found
[MODES] ModeService[none].Initialize
[MODES] ModeService[none].LoadModes
ScheduleIndexationOnStartup MainProcess:True IndexOnStartup:True
Mono: successfully reloaded assembly
- Finished resetting the current domain, in  3.368 seconds
Domain Reload Profiling: 5630ms
	BeginReloadAssembly (1444ms)
		DisableScriptedObjects (227ms)
		CreateAndSetChildDomain (782ms)
	RebuildCommonClasses (24ms)
	RebuildNativeTypeToScriptingClass (31ms)
	initialDomainReloadingComplete (101ms)
	LoadAllAssembliesAndSetupDomain (660ms)
		LoadAssemblies (240ms)
		AnalyzeDomain (387ms)
			TypeCache.Refresh (17ms)
			BuildScriptInfoCaches (318ms)
			ResolveRequiredComponents (48ms)
	FinalizeReload (3370ms)
		SetupLoadedEditorAssemblies (0ms)
			InitializePlatformSupportModulesInManaged (5ms)
			BeforeProcessingInitializeOnLoad (372ms)
			ProcessInitializeOnLoadAttributes (685ms)
			ProcessInitializeOnLoadMethodAttributes (242ms)
			AfterProcessingInitializeOnLoad (8ms)
		AwakeInstancesAfterBackupRestoration (1138ms)

Asset Pipeline Refresh (id=e52cafaf4160a074aa2f0ba3b9fafc5e): Total: 6.750 seconds - Initiated by RefreshV2(AllowForceSynchronousImport)
	(Values over 0.05ms)
	Summary:
		Imports: total=0 (actual=0, local cache=0, cache server=0)
		Asset DB Process Time: managed=0 ms, native=3617 ms
		Asset DB Callback time: managed=58 ms, native=0 ms
		Scripting: domain reloads=1, domain reload time=2322 ms, compile time=751 ms, other=0 ms
		Project Asset Count: scripts=1374, non-scripts=2362
		Asset File Changes: new=0, changed=0, moved=0, deleted=0
		Scan Filter Count: 0
	InvokePackagesCallback: 2.597ms
	ApplyChangesToAssetFolders: 0.569ms
	Scan: 6.967ms
	Collect global state as custom dependencies: 8.120ms
	ProcessAssetsWithTransientArtifactChanges: 8.009ms
	CategorizeAssets: 83.815ms
	CompileScripts: 751.247ms
	ImportOutOfDateAssets: 3439.013ms (3391.041ms without children)
		CollectScriptTypesHashes: 1.599ms
		ReloadNativeAssets: 2.015ms
		UnloadImportedAssets: 0.417ms
		EnsureUptoDateAssetsAreRegisteredWithGuidPM: 1.433ms
		ImportSchedulerStart: 44.050ms
	PostProcessAllAssets: 58.472ms
		MonoPostProcessAllAssets: 58.465ms
			UniversalRenderPipelineGlobalSettingsPostprocessor.OnPostprocessAllAssets 20.461ms
			AssetPostprocessor.OnPostprocessAllAssets 9.984ms
			AssetChangedListener.OnPostprocessAllAssets 9.336ms
			BuilderAssetPostprocessor.OnPostprocessAllAssets 8.216ms
			SyncVS.PostprocessSyncProject 5.603ms
			ShaderGraphAssetPostProcessor.OnPostprocessAllAssets 4.037ms
			WindowAssetPostprocessingWatcher.OnPostprocessAllAssets 3.960ms
			SpeedTree9Postprocessor.OnPostprocessAllAssets 3.216ms
			RetainedModeAssetPostprocessor.OnPostprocessAllAssets 2.129ms
			EditModeScopePostprocessor.OnPostprocessAllAssets 1.780ms
			RenderPipelineGlobalSettingsPostprocessor.OnPostprocessAllAssets 1.280ms
			ProjectSettingsPostprocessor.OnPostprocessAllAssets 1.217ms
			ArtifactBrowserPostProcessor.OnPostprocessAllAssets 0.918ms
			TMPro_TexturePostProcessor.OnPostprocessAllAssets 0.878ms
			MaterialPostprocessor.OnPostprocessAllAssets 0.806ms
			UVCSAssetPostprocessor.OnPostprocessAllAssets 0.802ms
			ShaderReflectionAssetPostProcessor.OnPostprocessAllAssets 0.670ms
			TextAssetPostProcessor.OnPostprocessAllAssets 0.612ms
			AudioMixerPostprocessor.OnPostprocessAllAssets 0.581ms
			PostProcessor.OnPostprocessAllAssets 0.528ms
			InputActionAssetPostprocessor.OnPostprocessAllAssets 0.495ms
			ReferencedClipsPostProcessor.OnPostprocessAllAssets 0.459ms
			InputActionJsonNameModifierAssetProcessor.OnPostprocessAllAssets 0.457ms
			StyleCatalogPostProcessor.OnPostprocessAllAssets 0.438ms
			SampleDependencyImporterPostProcessor.OnPostprocessAllAssets 0.417ms
			AssetEvents.OnPostprocessAllAssets 0.383ms
			AssetDatabaseCallbacks.OnPostprocessAllAssets 0.329ms
			TerrainToolbarOverlayPostProcessor.OnPostprocessAllAssets 0.290ms
			SpeedTreePostProcessor.OnPostprocessAllAssets 0.280ms
			SamplePostprocessor.OnPostprocessAllAssets 0.243ms
			AssetReloadNotifier.OnPostprocessAllAssets 0.212ms
			ScenarioDriftAssetsTracker.OnPostprocessAllAssets 0.179ms
			ConfigAssetsTracker.OnPostprocessAllAssets 0.161ms
			AudioContainerPostProcessor.OnPostprocessAllAssets 0.110ms
	GatherAllCurrentPrimaryImportResultRevisions: 0.289ms
	PersistCurrentRevisions: 0.185ms
	GenerateScriptTypeHashes: 4.239ms
	GenerateScriptTypeSerializationHashes: 7.010ms
	Untracked: 2383.722ms

[Licensing::Client] Successfully resolved entitlement details
[Licensing::Client] Successfully resolved entitlement details
Asset Pipeline Refresh (id=76d6d3239af9c784d9d155672f9c0f39): Total: 0.024 seconds - Initiated by RefreshV2(AllowForceSynchronousImport)
GetVirtualKey: Could not map char: z (122) to any virtual key
GetVirtualKey: Could not map char: y (121) to any virtual key
GetVirtualKey: Could not map char: x (120) to any virtual key
GetVirtualKey: Could not map char: c (99) to any virtual key
GetVirtualKey: Could not map char: v (118) to any virtual key
GetVirtualKey: Could not map char: V (86) to any virtual key
GetVirtualKey: Could not map char: d (100) to any virtual key
GetVirtualKey: Could not map char: f (102) to any virtual key
GetVirtualKey: Could not map char: f (102) to any virtual key
GetVirtualKey: Could not map char: a (97) to any virtual key
GetVirtualKey: Could not map char: d (100) to any virtual key
GetVirtualKey: Could not map char: c (99) to any virtual key
GetVirtualKey: Could not map char: r (114) to any virtual key
GetVirtualKey: Could not map char: i (105) to any virtual key
GetVirtualKey: Could not map char: l (108) to any virtual key
GetVirtualKey: Could not map char: f (102) to any virtual key
GetVirtualKey: Could not map char: k (107) to any virtual key
GetVirtualKey: Could not map char: p (112) to any virtual key
GetVirtualKey: Could not map char: p (112) to any virtual key
GetVirtualKey: Could not map char: p (112) to any virtual key
GetVirtualKey: Could not map char: c (99) to any virtual key
GetVirtualKey: Could not map char: r (114) to any virtual key
GetVirtualKey: Could not map char: P (80) to any virtual key
GetVirtualKey: Could not map char: n (110) to any virtual key
GetVirtualKey: Could not map char: n (110) to any virtual key
GetVirtualKey: Could not map char: g (103) to any virtual key
GetVirtualKey: Could not map char: = (61) to any virtual key
GetVirtualKey: Could not map char: f (102) to any virtual key
GetVirtualKey: Could not map char: f (102) to any virtual key
GetVirtualKey: Could not map char: a (97) to any virtual key
GetVirtualKey: Could not map char: a (97) to any virtual key
GetVirtualKey: Could not map char: c (99) to any virtual key
GetVirtualKey: Could not map char: u (117) to any virtual key
GetVirtualKey: Could not map char: n (110) to any virtual key
GetVirtualKey: Could not map char: o (111) to any virtual key
GetVirtualKey: Could not map char: s (115) to any virtual key
GetVirtualKey: Could not map char: s (115) to any virtual key
GetVirtualKey: Could not map char: b (98) to any virtual key
GetVirtualKey: Could not map char: b (98) to any virtual key
GetVirtualKey: Could not map char: x (120) to any virtual key
GetVirtualKey: Could not map char: c (99) to any virtual key
GetVirtualKey: Could not map char: v (118) to any virtual key
GetVirtualKey: Could not map char: d (100) to any virtual key
GetVirtualKey: Could not map char: n (110) to any virtual key
GetVirtualKey: Could not map char: g (103) to any virtual key
GetVirtualKey: Could not map char: f (102) to any virtual key
GetVirtualKey: Could not map char: f (102) to any virtual key
GetVirtualKey: Could not map char: a (97) to any virtual key
Asset Pipeline Refresh (id=fb62ea37ac7e88043b3a6bd06982e016): Total: 0.006 seconds - Initiated by RefreshV2(AllowForceSynchronousImport)
[Worker0] Imported GUID: 178ad2f872ae0cf49a1498d2bb60f0cd - Path: Assets/Scenes - Importer: PreviewImporter -> (ImportResultId: '1e1155db5903f556b513de6e080ce331') in 0.1524707 seconds
Importing 'GUID: d3e3cc4308614aa4cab832f60d971ec1 - Path: Assets/Material/isometric-stylized-rocket-cartoony-illustration-vector.jpg' with importer (TextureImporter)
Imported 'GUID: d3e3cc4308614aa4cab832f60d971ec1' -> (Import Result ID: '2d7db233c925a1e9e136ab24e94aee69') in 0.086 seconds [static and dynamic dependencies]. Details - ImportResultOutputID=6512bd1fa3ab4b8ec7880b0ac6c29b28 DependenciesID=5b0655a111f872329910aa3c32a101e5 StaticDependenciesID=f5da7ee59a509555c97ae7111a564aab 
Refreshing native plugins compatible for Editor in 2.32 ms, found 4 plugins.
Asset Pipeline Refresh (id=3fcd1a3f60fb8744b9b90dec366d1bd5): Total: 0.278 seconds - Initiated by RefreshV2(NoUpdateAssetOptions)
GetVirtualKey: Could not map char: z (122) to any virtual key
GetVirtualKey: Could not map char: y (121) to any virtual key
GetVirtualKey: Could not map char: x (120) to any virtual key
GetVirtualKey: Could not map char: c (99) to any virtual key
GetVirtualKey: Could not map char: v (118) to any virtual key
GetVirtualKey: Could not map char: V (86) to any virtual key
GetVirtualKey: Could not map char: d (100) to any virtual key
GetVirtualKey: Could not map char: f (102) to any virtual key
GetVirtualKey: Could not map char: f (102) to any virtual key
GetVirtualKey: Could not map char: a (97) to any virtual key
GetVirtualKey: Could not map char: d (100) to any virtual key
GetVirtualKey: Could not map char: c (99) to any virtual key
GetVirtualKey: Could not map char: r (114) to any virtual key
GetVirtualKey: Could not map char: i (105) to any virtual key
GetVirtualKey: Could not map char: l (108) to any virtual key
GetVirtualKey: Could not map char: f (102) to any virtual key
GetVirtualKey: Could not map char: k (107) to any virtual key
GetVirtualKey: Could not map char: p (112) to any virtual key
GetVirtualKey: Could not map char: p (112) to any virtual key
GetVirtualKey: Could not map char: p (112) to any virtual key
GetVirtualKey: Could not map char: c (99) to any virtual key
GetVirtualKey: Could not map char: r (114) to any virtual key
GetVirtualKey: Could not map char: P (80) to any virtual key
GetVirtualKey: Could not map char: n (110) to any virtual key
GetVirtualKey: Could not map char: n (110) to any virtual key
GetVirtualKey: Could not map char: g (103) to any virtual key
GetVirtualKey: Could not map char: = (61) to any virtual key
GetVirtualKey: Could not map char: f (102) to any virtual key
GetVirtualKey: Could not map char: f (102) to any virtual key
GetVirtualKey: Could not map char: a (97) to any virtual key
GetVirtualKey: Could not map char: a (97) to any virtual key
GetVirtualKey: Could not map char: c (99) to any virtual key
GetVirtualKey: Could not map char: u (117) to any virtual key
GetVirtualKey: Could not map char: n (110) to any virtual key
GetVirtualKey: Could not map char: o (111) to any virtual key
GetVirtualKey: Could not map char: s (115) to any virtual key
GetVirtualKey: Could not map char: s (115) to any virtual key
GetVirtualKey: Could not map char: b (98) to any virtual key
GetVirtualKey: Could not map char: b (98) to any virtual key
Refreshing native plugins compatible for Editor in 2.23 ms, found 4 plugins.
Asset Pipeline Refresh (id=1761930559919d84489d1683408f8534): Total: 0.109 seconds - Initiated by StopAssetImportingV2(NoUpdateAssetOptions)
Asset Pipeline Refresh (id=6380285d2e236fd44accf8c4f5a90eab): Total: 0.018 seconds - Initiated by RefreshV2(ForceSynchronousImport)
Asset Pipeline Refresh (id=433ca337402a9bc4ca01d9c96d0d6fd4): Total: 0.006 seconds - Initiated by RefreshV2(AllowForceSynchronousImport)
Asset Pipeline Refresh (id=80fb634bf569c0b41a760efbce12343c): Total: 0.009 seconds - Initiated by RefreshV2(AllowForceSynchronousImport)
Importing 'GUID: 059e5578c333ddd4daaee0b4e91b7806 - Path: Assets/Material/58a940484e184cb0911ecfdf1baa9dd6.jpeg' with importer (TextureImporter)
Imported 'GUID: 059e5578c333ddd4daaee0b4e91b7806' -> (Import Result ID: '9f8b3e3d03f9344103cc873cda007cec') in 0.079 seconds [static and dynamic dependencies]. Details - ImportResultOutputID=f729d170873279808e91d0d26e8ca0e6 DependenciesID=8439d8204cd68c63995c86939cd34240 StaticDependenciesID=ed11ccf7d51a891b1e11aaa845dad5c1 
Refreshing native plugins compatible for Editor in 7.75 ms, found 4 plugins.
Asset Pipeline Refresh (id=39991a6bce566e54c966dd88ffce4bdf): Total: 0.231 seconds - Initiated by RefreshV2(NoUpdateAssetOptions)
Asset Pipeline Refresh (id=07bd65c9e38b7aa478bc7b73c925326a): Total: 0.017 seconds - Initiated by RefreshV2(AllowForceSynchronousImport)
Asset Pipeline Refresh (id=0f3feb81b2e29e34f8c79cbfac4b391f): Total: 0.005 seconds - Initiated by RefreshV2(AllowForceSynchronousImport)
GetVirtualKey: Could not map char: z (122) to any virtual key
GetVirtualKey: Could not map char: y (121) to any virtual key
GetVirtualKey: Could not map char: x (120) to any virtual key
GetVirtualKey: Could not map char: c (99) to any virtual key
GetVirtualKey: Could not map char: v (118) to any virtual key
GetVirtualKey: Could not map char: V (86) to any virtual key
GetVirtualKey: Could not map char: d (100) to any virtual key
GetVirtualKey: Could not map char: f (102) to any virtual key
GetVirtualKey: Could not map char: f (102) to any virtual key
GetVirtualKey: Could not map char: a (97) to any virtual key
GetVirtualKey: Could not map char: d (100) to any virtual key
GetVirtualKey: Could not map char: c (99) to any virtual key
GetVirtualKey: Could not map char: r (114) to any virtual key
GetVirtualKey: Could not map char: i (105) to any virtual key
GetVirtualKey: Could not map char: l (108) to any virtual key
GetVirtualKey: Could not map char: f (102) to any virtual key
GetVirtualKey: Could not map char: k (107) to any virtual key
GetVirtualKey: Could not map char: p (112) to any virtual key
GetVirtualKey: Could not map char: p (112) to any virtual key
GetVirtualKey: Could not map char: p (112) to any virtual key
GetVirtualKey: Could not map char: c (99) to any virtual key
GetVirtualKey: Could not map char: r (114) to any virtual key
GetVirtualKey: Could not map char: P (80) to any virtual key
GetVirtualKey: Could not map char: n (110) to any virtual key
GetVirtualKey: Could not map char: n (110) to any virtual key
GetVirtualKey: Could not map char: g (103) to any virtual key
GetVirtualKey: Could not map char: = (61) to any virtual key
GetVirtualKey: Could not map char: f (102) to any virtual key
GetVirtualKey: Could not map char: f (102) to any virtual key
GetVirtualKey: Could not map char: a (97) to any virtual key
GetVirtualKey: Could not map char: a (97) to any virtual key
GetVirtualKey: Could not map char: c (99) to any virtual key
GetVirtualKey: Could not map char: u (117) to any virtual key
GetVirtualKey: Could not map char: n (110) to any virtual key
GetVirtualKey: Could not map char: o (111) to any virtual key
GetVirtualKey: Could not map char: s (115) to any virtual key
GetVirtualKey: Could not map char: s (115) to any virtual key
GetVirtualKey: Could not map char: b (98) to any virtual key
GetVirtualKey: Could not map char: b (98) to any virtual key
GetVirtualKey: Could not map char: c (99) to any virtual key
GetVirtualKey: Could not map char: r (114) to any virtual key
GetVirtualKey: Could not map char: P (80) to any virtual key
[Worker0] Imported GUID: 059e5578c333ddd4daaee0b4e91b7806 - Path: Assets/Material/58a940484e184cb0911ecfdf1baa9dd6.jpeg - Importer: PreviewImporter -> (ImportResultId: '5880e2a306c701341fcc96ee93cd7217') in 0.4582061 seconds
Starting new worker id: 2 with log in C:/Users/golfa/Rocket/Logs/AssetImportWorkerHW2.log
[Worker0] Imported GUID: 9ad42031d5b307d44ae748aba074047b - Path: Assets/Script/ScoreManager.cs - Importer: ScriptedImporter/UnityEditor.QuickSearchModule:UnityEditor.Search:ASIAI0B -> (ImportResultId: '214451a371402af265ca787dbb5d971f') in 0.1476184 seconds
[Worker0] Imported GUID: 5442b403b6d7c5841af84a2098cfa4e4 - Path: Assets/StartMenu.unity - Importer: ScriptedImporter/UnityEditor.QuickSearchModule:UnityEditor.Search:ASIAI0B -> (ImportResultId: '7d6bbd301f2f8ca624ab488c59e85cd1') in 0.0266576 seconds
[Worker0] Imported GUID: 059e5578c333ddd4daaee0b4e91b7806 - Path: Assets/Material/58a940484e184cb0911ecfdf1baa9dd6.jpeg - Importer: ScriptedImporter/UnityEditor.QuickSearchModule:UnityEditor.Search:ASIAI0B -> (ImportResultId: '4e230de5f0b102e66ab0403fb56da752') in 0.0932572 seconds
[Worker0] Imported GUID: f4e3c7115132136478b063318cad7719 - Path: Assets/Script/PlatForm.cs - Importer: ScriptedImporter/UnityEditor.QuickSearchModule:UnityEditor.Search:ASIAI0B -> (ImportResultId: 'c0477e36e7016a26d002744a2d7b8a2f') in 0.0216996 seconds
[Worker0] Imported GUID: 4847fff48a1af31479c9bf18c97af65d - Path: Assets/Script/MenuManager.cs - Importer: ScriptedImporter/UnityEditor.QuickSearchModule:UnityEditor.Search:ASIAI0B -> (ImportResultId: 'd626dcda71daee2f0d853c8b57efc706') in 0.0226493 seconds
[Worker1] Imported GUID: 99c9720ab356a0642a771bea13969a05 - Path: Assets/Scenes/SampleScene.unity - Importer: ScriptedImporter/UnityEditor.QuickSearchModule:UnityEditor.Search:ASIAI0B -> (ImportResultId: '3784fab641a683a2c4d75d70a8208ebb') in 0.8497869 seconds
Worker ready: AssetImportWorkerHW2 2
Asset Pipeline Refresh (id=2dec37021367d564caacff81f8697f4c): Total: 0.027 seconds - Initiated by RefreshV2(AllowForceSynchronousImport)
Asset Pipeline Refresh (id=16375649a4b9dea40b4516a73b87c938): Total: 0.005 seconds - Initiated by RefreshV2(AllowForceSynchronousImport)
GetVirtualKey: Could not map char: z (122) to any virtual key
GetVirtualKey: Could not map char: y (121) to any virtual key
GetVirtualKey: Could not map char: x (120) to any virtual key
GetVirtualKey: Could not map char: c (99) to any virtual key
GetVirtualKey: Could not map char: v (118) to any virtual key
GetVirtualKey: Could not map char: V (86) to any virtual key
GetVirtualKey: Could not map char: d (100) to any virtual key
GetVirtualKey: Could not map char: f (102) to any virtual key
GetVirtualKey: Could not map char: f (102) to any virtual key
GetVirtualKey: Could not map char: a (97) to any virtual key
GetVirtualKey: Could not map char: d (100) to any virtual key
GetVirtualKey: Could not map char: c (99) to any virtual key
GetVirtualKey: Could not map char: r (114) to any virtual key
GetVirtualKey: Could not map char: i (105) to any virtual key
GetVirtualKey: Could not map char: l (108) to any virtual key
GetVirtualKey: Could not map char: f (102) to any virtual key
GetVirtualKey: Could not map char: k (107) to any virtual key
GetVirtualKey: Could not map char: p (112) to any virtual key
GetVirtualKey: Could not map char: p (112) to any virtual key
GetVirtualKey: Could not map char: p (112) to any virtual key
GetVirtualKey: Could not map char: c (99) to any virtual key
GetVirtualKey: Could not map char: r (114) to any virtual key
GetVirtualKey: Could not map char: P (80) to any virtual key
GetVirtualKey: Could not map char: n (110) to any virtual key
GetVirtualKey: Could not map char: n (110) to any virtual key
GetVirtualKey: Could not map char: g (103) to any virtual key
GetVirtualKey: Could not map char: = (61) to any virtual key
GetVirtualKey: Could not map char: f (102) to any virtual key
GetVirtualKey: Could not map char: f (102) to any virtual key
GetVirtualKey: Could not map char: a (97) to any virtual key
GetVirtualKey: Could not map char: a (97) to any virtual key
GetVirtualKey: Could not map char: c (99) to any virtual key
GetVirtualKey: Could not map char: u (117) to any virtual key
GetVirtualKey: Could not map char: n (110) to any virtual key
GetVirtualKey: Could not map char: o (111) to any virtual key
GetVirtualKey: Could not map char: s (115) to any virtual key
GetVirtualKey: Could not map char: s (115) to any virtual key
GetVirtualKey: Could not map char: b (98) to any virtual key
GetVirtualKey: Could not map char: b (98) to any virtual key
Asset Pipeline Refresh (id=1ddd5a72ed380c44fa8563883cbf1919): Total: 0.006 seconds - Initiated by RefreshV2(AllowForceSynchronousImport)
Asset Pipeline Refresh (id=9642e7282ccb942479fc932896db6b2a): Total: 0.005 seconds - Initiated by RefreshV2(AllowForceSynchronousImport)
Asset Pipeline Refresh (id=7e6329d840d7d0544840d15d5d79c9b0): Total: 0.006 seconds - Initiated by RefreshV2(AllowForceSynchronousImport)
Importing 'GUID: 763e008fae1078140a637e2ae7761a1f - Path: Assets/Scenes/58a940484e184cb0911ecfdf1baa9dd6.jpeg' with importer (TextureImporter)
Imported 'GUID: 763e008fae1078140a637e2ae7761a1f' -> (Import Result ID: 'f03d70245da258e645412a4f616ee0a3') in 0.075 seconds [static and dynamic dependencies]. Details - ImportResultOutputID=e07f2d1add89d4c67d8f9ac1acc6dae0 DependenciesID=87a70336a32313c20e7b2f173b61f3c0 StaticDependenciesID=12da7916ba123b989620c4f0ad0011c8 
Asset Pipeline Refresh (id=079ce87845eeba04d9e1606c81b17b83): Total: 0.231 seconds - Initiated by RefreshV2(NoUpdateAssetOptions)
[Worker2] Imported GUID: 763e008fae1078140a637e2ae7761a1f - Path: Assets/Scenes/58a940484e184cb0911ecfdf1baa9dd6.jpeg - Importer: ScriptedImporter/UnityEditor.QuickSearchModule:UnityEditor.Search:ASIAI0B -> (ImportResultId: 'd7a795a1802977c54d897cff940f817c') in 0.2337027 seconds
[Worker2] Imported GUID: 763e008fae1078140a637e2ae7761a1f - Path: Assets/Scenes/58a940484e184cb0911ecfdf1baa9dd6.jpeg - Importer: PreviewImporter -> (ImportResultId: '0bd3205e58a0b204c414d64a591e9f55') in 0.1027046 seconds
GetVirtualKey: Could not map char: z (122) to any virtual key
GetVirtualKey: Could not map char: y (121) to any virtual key
GetVirtualKey: Could not map char: x (120) to any virtual key
GetVirtualKey: Could not map char: c (99) to any virtual key
GetVirtualKey: Could not map char: v (118) to any virtual key
GetVirtualKey: Could not map char: V (86) to any virtual key
GetVirtualKey: Could not map char: d (100) to any virtual key
GetVirtualKey: Could not map char: f (102) to any virtual key
GetVirtualKey: Could not map char: f (102) to any virtual key
GetVirtualKey: Could not map char: a (97) to any virtual key
GetVirtualKey: Could not map char: d (100) to any virtual key
GetVirtualKey: Could not map char: c (99) to any virtual key
GetVirtualKey: Could not map char: r (114) to any virtual key
GetVirtualKey: Could not map char: i (105) to any virtual key
GetVirtualKey: Could not map char: l (108) to any virtual key
GetVirtualKey: Could not map char: f (102) to any virtual key
GetVirtualKey: Could not map char: k (107) to any virtual key
GetVirtualKey: Could not map char: p (112) to any virtual key
GetVirtualKey: Could not map char: p (112) to any virtual key
GetVirtualKey: Could not map char: p (112) to any virtual key
GetVirtualKey: Could not map char: c (99) to any virtual key
GetVirtualKey: Could not map char: r (114) to any virtual key
GetVirtualKey: Could not map char: P (80) to any virtual key
GetVirtualKey: Could not map char: n (110) to any virtual key
GetVirtualKey: Could not map char: n (110) to any virtual key
GetVirtualKey: Could not map char: g (103) to any virtual key
GetVirtualKey: Could not map char: = (61) to any virtual key
GetVirtualKey: Could not map char: f (102) to any virtual key
GetVirtualKey: Could not map char: f (102) to any virtual key
GetVirtualKey: Could not map char: a (97) to any virtual key
GetVirtualKey: Could not map char: a (97) to any virtual key
GetVirtualKey: Could not map char: c (99) to any virtual key
GetVirtualKey: Could not map char: u (117) to any virtual key
GetVirtualKey: Could not map char: n (110) to any virtual key
GetVirtualKey: Could not map char: o (111) to any virtual key
GetVirtualKey: Could not map char: s (115) to any virtual key
GetVirtualKey: Could not map char: s (115) to any virtual key
GetVirtualKey: Could not map char: b (98) to any virtual key
GetVirtualKey: Could not map char: b (98) to any virtual key
Refreshing native plugins compatible for Editor in 2.19 ms, found 4 plugins.
Asset Pipeline Refresh (id=3776f47c05678654fa986484c4b4d5a8): Total: 0.126 seconds - Initiated by StopAssetImportingV2(NoUpdateAssetOptions)
Asset Pipeline Refresh (id=50b2372db06d8c745bd57af4b1dae4d0): Total: 0.016 seconds - Initiated by RefreshV2(ForceSynchronousImport)
GetVirtualKey: Could not map char: z (122) to any virtual key
GetVirtualKey: Could not map char: y (121) to any virtual key
GetVirtualKey: Could not map char: x (120) to any virtual key
GetVirtualKey: Could not map char: c (99) to any virtual key
GetVirtualKey: Could not map char: v (118) to any virtual key
GetVirtualKey: Could not map char: V (86) to any virtual key
GetVirtualKey: Could not map char: d (100) to any virtual key
GetVirtualKey: Could not map char: f (102) to any virtual key
GetVirtualKey: Could not map char: f (102) to any virtual key
GetVirtualKey: Could not map char: a (97) to any virtual key
GetVirtualKey: Could not map char: d (100) to any virtual key
GetVirtualKey: Could not map char: c (99) to any virtual key
GetVirtualKey: Could not map char: r (114) to any virtual key
GetVirtualKey: Could not map char: i (105) to any virtual key
GetVirtualKey: Could not map char: l (108) to any virtual key
GetVirtualKey: Could not map char: f (102) to any virtual key
GetVirtualKey: Could not map char: k (107) to any virtual key
GetVirtualKey: Could not map char: p (112) to any virtual key
GetVirtualKey: Could not map char: p (112) to any virtual key
GetVirtualKey: Could not map char: p (112) to any virtual key
GetVirtualKey: Could not map char: c (99) to any virtual key
GetVirtualKey: Could not map char: r (114) to any virtual key
GetVirtualKey: Could not map char: P (80) to any virtual key
GetVirtualKey: Could not map char: n (110) to any virtual key
GetVirtualKey: Could not map char: n (110) to any virtual key
GetVirtualKey: Could not map char: g (103) to any virtual key
GetVirtualKey: Could not map char: = (61) to any virtual key
GetVirtualKey: Could not map char: f (102) to any virtual key
GetVirtualKey: Could not map char: f (102) to any virtual key
GetVirtualKey: Could not map char: a (97) to any virtual key
GetVirtualKey: Could not map char: a (97) to any virtual key
GetVirtualKey: Could not map char: c (99) to any virtual key
GetVirtualKey: Could not map char: u (117) to any virtual key
GetVirtualKey: Could not map char: n (110) to any virtual key
GetVirtualKey: Could not map char: o (111) to any virtual key
GetVirtualKey: Could not map char: s (115) to any virtual key
GetVirtualKey: Could not map char: s (115) to any virtual key
GetVirtualKey: Could not map char: b (98) to any virtual key
GetVirtualKey: Could not map char: b (98) to any virtual key
GetVirtualKey: Could not map char: c (99) to any virtual key
GetVirtualKey: Could not map char: r (114) to any virtual key
GetVirtualKey: Could not map char: P (80) to any virtual key
GetVirtualKey: Could not map char: x (120) to any virtual key
GetVirtualKey: Could not map char: c (99) to any virtual key
GetVirtualKey: Could not map char: v (118) to any virtual key
GetVirtualKey: Could not map char: d (100) to any virtual key
GetVirtualKey: Could not map char: n (110) to any virtual key
GetVirtualKey: Could not map char: g (103) to any virtual key
GetVirtualKey: Could not map char: f (102) to any virtual key
GetVirtualKey: Could not map char: f (102) to any virtual key
GetVirtualKey: Could not map char: a (97) to any virtual key
Asset Pipeline Refresh (id=08f762f2d41e6d348a07ced5bd564756): Total: 0.007 seconds - Initiated by RefreshV2(AllowForceSynchronousImport)
Asset Pipeline Refresh (id=ee26061300dea9d4fa4aca0bb1ea581b): Total: 0.006 seconds - Initiated by RefreshV2(AllowForceSynchronousImport)
GetVirtualKey: Could not map char: z (122) to any virtual key
GetVirtualKey: Could not map char: y (121) to any virtual key
GetVirtualKey: Could not map char: x (120) to any virtual key
GetVirtualKey: Could not map char: c (99) to any virtual key
GetVirtualKey: Could not map char: v (118) to any virtual key
GetVirtualKey: Could not map char: V (86) to any virtual key
GetVirtualKey: Could not map char: d (100) to any virtual key
GetVirtualKey: Could not map char: f (102) to any virtual key
GetVirtualKey: Could not map char: f (102) to any virtual key
GetVirtualKey: Could not map char: a (97) to any virtual key
GetVirtualKey: Could not map char: d (100) to any virtual key
GetVirtualKey: Could not map char: c (99) to any virtual key
GetVirtualKey: Could not map char: r (114) to any virtual key
GetVirtualKey: Could not map char: i (105) to any virtual key
GetVirtualKey: Could not map char: l (108) to any virtual key
GetVirtualKey: Could not map char: f (102) to any virtual key
GetVirtualKey: Could not map char: k (107) to any virtual key
GetVirtualKey: Could not map char: p (112) to any virtual key
GetVirtualKey: Could not map char: p (112) to any virtual key
GetVirtualKey: Could not map char: p (112) to any virtual key
GetVirtualKey: Could not map char: c (99) to any virtual key
GetVirtualKey: Could not map char: r (114) to any virtual key
GetVirtualKey: Could not map char: P (80) to any virtual key
GetVirtualKey: Could not map char: n (110) to any virtual key
GetVirtualKey: Could not map char: n (110) to any virtual key
GetVirtualKey: Could not map char: g (103) to any virtual key
GetVirtualKey: Could not map char: = (61) to any virtual key
GetVirtualKey: Could not map char: f (102) to any virtual key
GetVirtualKey: Could not map char: f (102) to any virtual key
GetVirtualKey: Could not map char: a (97) to any virtual key
GetVirtualKey: Could not map char: a (97) to any virtual key
GetVirtualKey: Could not map char: c (99) to any virtual key
GetVirtualKey: Could not map char: u (117) to any virtual key
GetVirtualKey: Could not map char: n (110) to any virtual key
GetVirtualKey: Could not map char: o (111) to any virtual key
GetVirtualKey: Could not map char: s (115) to any virtual key
GetVirtualKey: Could not map char: s (115) to any virtual key
GetVirtualKey: Could not map char: b (98) to any virtual key
GetVirtualKey: Could not map char: b (98) to any virtual key
Importing 'GUID: 059e5578c333ddd4daaee0b4e91b7806 - Path: Assets/Material/58a940484e184cb0911ecfdf1baa9dd6.jpeg' with importer (TextureImporter)
Imported 'GUID: 059e5578c333ddd4daaee0b4e91b7806' -> (Import Result ID: '573f563c50312e3348c4e290a7ab0b2a') in 0.061 seconds [static and dynamic dependencies]. Details - ImportResultOutputID=28e9c63716a267ebc95f7ed9c43e038c DependenciesID=f0c6d99713cfc5318a09ed04e6113cc5 StaticDependenciesID=142d4b32f4c96d5ff9a84e3a96b4a3d2 
Refreshing native plugins compatible for Editor in 2.54 ms, found 4 plugins.
Asset Pipeline Refresh (id=b1094989ab6b5014d80a15da0344b676): Total: 0.208 seconds - Initiated by StopAssetImportingV2(NoUpdateAssetOptions)
[Worker2] Imported GUID: 059e5578c333ddd4daaee0b4e91b7806 - Path: Assets/Material/58a940484e184cb0911ecfdf1baa9dd6.jpeg - Importer: ScriptedImporter/UnityEditor.QuickSearchModule:UnityEditor.Search:ASIAI0B -> (ImportResultId: 'c1bde6bd1032c79de60265928dbc7fdf') in 0.0336428 seconds
[Worker2] Imported GUID: 059e5578c333ddd4daaee0b4e91b7806 - Path: Assets/Material/58a940484e184cb0911ecfdf1baa9dd6.jpeg - Importer: PreviewImporter -> (ImportResultId: '5cba72d8d567f75524b8b1cf50e59a59') in 0.0306804 seconds
Asset Pipeline Refresh (id=2a47b35a1b4a0614a9067af6fd759d0b): Total: 0.016 seconds - Initiated by RefreshV2(AllowForceSynchronousImport)
GetVirtualKey: Could not map char: z (122) to any virtual key
GetVirtualKey: Could not map char: y (121) to any virtual key
GetVirtualKey: Could not map char: x (120) to any virtual key
GetVirtualKey: Could not map char: c (99) to any virtual key
GetVirtualKey: Could not map char: v (118) to any virtual key
GetVirtualKey: Could not map char: V (86) to any virtual key
GetVirtualKey: Could not map char: d (100) to any virtual key
GetVirtualKey: Could not map char: f (102) to any virtual key
GetVirtualKey: Could not map char: f (102) to any virtual key
GetVirtualKey: Could not map char: a (97) to any virtual key
GetVirtualKey: Could not map char: d (100) to any virtual key
GetVirtualKey: Could not map char: c (99) to any virtual key
GetVirtualKey: Could not map char: r (114) to any virtual key
GetVirtualKey: Could not map char: i (105) to any virtual key
GetVirtualKey: Could not map char: l (108) to any virtual key
GetVirtualKey: Could not map char: f (102) to any virtual key
GetVirtualKey: Could not map char: k (107) to any virtual key
GetVirtualKey: Could not map char: p (112) to any virtual key
GetVirtualKey: Could not map char: p (112) to any virtual key
GetVirtualKey: Could not map char: p (112) to any virtual key
GetVirtualKey: Could not map char: c (99) to any virtual key
GetVirtualKey: Could not map char: r (114) to any virtual key
GetVirtualKey: Could not map char: P (80) to any virtual key
GetVirtualKey: Could not map char: n (110) to any virtual key
GetVirtualKey: Could not map char: n (110) to any virtual key
GetVirtualKey: Could not map char: g (103) to any virtual key
GetVirtualKey: Could not map char: = (61) to any virtual key
GetVirtualKey: Could not map char: f (102) to any virtual key
GetVirtualKey: Could not map char: f (102) to any virtual key
GetVirtualKey: Could not map char: a (97) to any virtual key
GetVirtualKey: Could not map char: a (97) to any virtual key
GetVirtualKey: Could not map char: c (99) to any virtual key
GetVirtualKey: Could not map char: u (117) to any virtual key
GetVirtualKey: Could not map char: n (110) to any virtual key
GetVirtualKey: Could not map char: o (111) to any virtual key
GetVirtualKey: Could not map char: s (115) to any virtual key
GetVirtualKey: Could not map char: s (115) to any virtual key
GetVirtualKey: Could not map char: b (98) to any virtual key
GetVirtualKey: Could not map char: b (98) to any virtual key
Asset Pipeline Refresh (id=6eac8ddbcee126444aef33d5876c2ec9): Total: 0.007 seconds - Initiated by RefreshV2(AllowForceSynchronousImport)
Refreshing native plugins compatible for Editor in 7.19 ms, found 4 plugins.
Asset Pipeline Refresh (id=92b721a39f06f7f4ab5e6b57a08ab101): Total: 0.147 seconds - Initiated by StopAssetImportingV2(NoUpdateAssetOptions)
Asset Pipeline Refresh (id=cc64202188b4e504cafa9f108915238d): Total: 0.018 seconds - Initiated by RefreshV2(ForceSynchronousImport)
Asset Pipeline Refresh (id=007eec8c677af934486a5244bef4c6c6): Total: 0.006 seconds - Initiated by RefreshV2(AllowForceSynchronousImport)
Importing 'GUID: 059e5578c333ddd4daaee0b4e91b7806 - Path: Assets/Material/58a940484e184cb0911ecfdf1baa9dd6.jpeg' with importer (TextureImporter)
Imported 'GUID: 059e5578c333ddd4daaee0b4e91b7806' -> (Import Result ID: '9f8b3e3d03f9344103cc873cda007cec') in 0.071 seconds [static and dynamic dependencies]. Details - ImportResultOutputID=f729d170873279808e91d0d26e8ca0e6 DependenciesID=8439d8204cd68c63995c86939cd34240 StaticDependenciesID=ed11ccf7d51a891b1e11aaa845dad5c1 
Refreshing native plugins compatible for Editor in 2.29 ms, found 4 plugins.
Asset Pipeline Refresh (id=32169c371b3c2c44f81d25c9f69eb595): Total: 0.211 seconds - Initiated by RefreshV2(NoUpdateAssetOptions)
Asset Pipeline Refresh (id=54938104f54b5b944818c59a5315786d): Total: 0.017 seconds - Initiated by RefreshV2(AllowForceSynchronousImport)
Importing 'GUID: 059e5578c333ddd4daaee0b4e91b7806 - Path: Assets/Material/58a940484e184cb0911ecfdf1baa9dd6.jpeg' with importer (TextureImporter)
Imported 'GUID: 059e5578c333ddd4daaee0b4e91b7806' -> (Import Result ID: '573f563c50312e3348c4e290a7ab0b2a') in 0.054 seconds [static and dynamic dependencies]. Details - ImportResultOutputID=28e9c63716a267ebc95f7ed9c43e038c DependenciesID=f0c6d99713cfc5318a09ed04e6113cc5 StaticDependenciesID=142d4b32f4c96d5ff9a84e3a96b4a3d2 
Asset Pipeline Refresh (id=f7737b8d3ce3e2c43ae10f4f4c02b6c5): Total: 0.196 seconds - Initiated by StopAssetImportingV2(NoUpdateAssetOptions)
Importing 'GUID: 059e5578c333ddd4daaee0b4e91b7806 - Path: Assets/Material/58a940484e184cb0911ecfdf1baa9dd6.jpeg' with importer (TextureImporter)
Imported 'GUID: 059e5578c333ddd4daaee0b4e91b7806' -> (Import Result ID: '984921e3c0b10acc7c39943d37b7b627') in 0.094 seconds [static and dynamic dependencies]. Details - ImportResultOutputID=23fedc72b6507c3c4d1962f33b9a1d58 DependenciesID=861d114ce67c777bdfc345e073a7c245 StaticDependenciesID=77e995915ea2932b8b751f5d415f2fdd 
Refreshing native plugins compatible for Editor in 2.42 ms, found 4 plugins.
Asset Pipeline Refresh (id=68bd260e22c8acd4992ef38db92fe4a8): Total: 0.282 seconds - Initiated by StopAssetImportingV2(NoUpdateAssetOptions)
[Worker2] Imported GUID: 059e5578c333ddd4daaee0b4e91b7806 - Path: Assets/Material/58a940484e184cb0911ecfdf1baa9dd6.jpeg - Importer: PreviewImporter -> (ImportResultId: 'ea11312a4dae102a3f059fcbf3c4e706') in 0.2217956 seconds
[Worker2] Imported GUID: 059e5578c333ddd4daaee0b4e91b7806 - Path: Assets/Material/58a940484e184cb0911ecfdf1baa9dd6.jpeg - Importer: ScriptedImporter/UnityEditor.QuickSearchModule:UnityEditor.Search:ASIAI0B -> (ImportResultId: '0ddb59b68faf42fdad38e7aded9ae855') in 0.0353277 seconds
Importing 'GUID: 059e5578c333ddd4daaee0b4e91b7806 - Path: Assets/Material/58a940484e184cb0911ecfdf1baa9dd6.jpeg' with importer (TextureImporter)
Imported 'GUID: 059e5578c333ddd4daaee0b4e91b7806' -> (Import Result ID: '7472d673332333f77fb31b9e8c839bdd') in 0.091 seconds [static and dynamic dependencies]. Details - ImportResultOutputID=8c1206222590cec5ba7960cb0be87efb DependenciesID=b624e84fed96bc19b82f1875a5085c6b StaticDependenciesID=78fc8bdb79de6dbfc84b7f3c1e34363b 
Asset Pipeline Refresh (id=08cc23d1af0300e4784c7adc580ddaf4): Total: 0.224 seconds - Initiated by StopAssetImportingV2(NoUpdateAssetOptions)
[Worker2] Imported GUID: 059e5578c333ddd4daaee0b4e91b7806 - Path: Assets/Material/58a940484e184cb0911ecfdf1baa9dd6.jpeg - Importer: PreviewImporter -> (ImportResultId: '530ff7f1fb71cfc28c12339768d8a97f') in 0.0373732 seconds
[Worker2] Imported GUID: 059e5578c333ddd4daaee0b4e91b7806 - Path: Assets/Material/58a940484e184cb0911ecfdf1baa9dd6.jpeg - Importer: ScriptedImporter/UnityEditor.QuickSearchModule:UnityEditor.Search:ASIAI0B -> (ImportResultId: '0d97ee494aa5ecaa6e4df9915c750986') in 0.0283143 seconds
Asset Pipeline Refresh (id=eadec28555c0965448ac0f75b20dee90): Total: 0.018 seconds - Initiated by RefreshV2(AllowForceSynchronousImport)
Asset Pipeline Refresh (id=97927f71ebb0e8840beb67bb50fe0a4b): Total: 0.130 seconds - Initiated by StopAssetImportingV2(NoUpdateAssetOptions)
Asset Pipeline Refresh (id=db0cce91df69a3d49b243ac03237458d): Total: 0.018 seconds - Initiated by RefreshV2(ForceSynchronousImport)
Importing 'GUID: f45149ab1d7284a48824a9185c2227c0 - Path: Assets/Material/Gemini_Generated_Image_p7asq7p7asq7p7as.jpg' with importer (TextureImporter)
Imported 'GUID: f45149ab1d7284a48824a9185c2227c0' -> (Import Result ID: 'f87daa85d1374d080f0cdfb024e32f98') in 0.049 seconds [static and dynamic dependencies]. Details - ImportResultOutputID=2159c2c72d0a42c315a0b7a77992d743 DependenciesID=03cabc95521ac46dae5a318d82a7dab6 StaticDependenciesID=367db5952775f9f0813ded036f99684b 
Refreshing native plugins compatible for Editor in 2.40 ms, found 4 plugins.
Asset Pipeline Refresh (id=73465eef58a4b5945a01a512a5d0b7a1): Total: 0.203 seconds - Initiated by RefreshV2(NoUpdateAssetOptions)
Asset Pipeline Refresh (id=b52b27a15a9914143ab95a12045ce844): Total: 0.013 seconds - Initiated by RefreshV2(AllowForceSynchronousImport)
[Worker2] Imported GUID: f45149ab1d7284a48824a9185c2227c0 - Path: Assets/Material/Gemini_Generated_Image_p7asq7p7asq7p7as.jpg - Importer: ScriptedImporter/UnityEditor.QuickSearchModule:UnityEditor.Search:ASIAI0B -> (ImportResultId: 'e04891f9311b7a255c4f25679e065954') in 0.0315543 seconds
[Worker2] Imported GUID: f45149ab1d7284a48824a9185c2227c0 - Path: Assets/Material/Gemini_Generated_Image_p7asq7p7asq7p7as.jpg - Importer: PreviewImporter -> (ImportResultId: '0e2faae145639c4e1b9d593c51535803') in 0.029297 seconds
Importing 'GUID: f45149ab1d7284a48824a9185c2227c0 - Path: Assets/Material/Gemini_Generated_Image_p7asq7p7asq7p7as.jpg' with importer (TextureImporter)
Imported 'GUID: f45149ab1d7284a48824a9185c2227c0' -> (Import Result ID: '7aad674d9fcd8ca14a0462702d0379eb') in 0.037 seconds [static and dynamic dependencies]. Details - ImportResultOutputID=ffac8f6147e45d9d8d4f648b7c375fc3 DependenciesID=48e7c4429ed5812f30d9c085b83ceb38 StaticDependenciesID=bf80e46b25553c283636533c3a09f330 
Refreshing native plugins compatible for Editor in 2.28 ms, found 4 plugins.
Asset Pipeline Refresh (id=cc8549fe9bd453245bce4c0bf91038d5): Total: 0.173 seconds - Initiated by StopAssetImportingV2(NoUpdateAssetOptions)
[Worker2] Imported GUID: f45149ab1d7284a48824a9185c2227c0 - Path: Assets/Material/Gemini_Generated_Image_p7asq7p7asq7p7as.jpg - Importer: ScriptedImporter/UnityEditor.QuickSearchModule:UnityEditor.Search:ASIAI0B -> (ImportResultId: '60a6716bf7aa73c4636a3fc6bff69565') in 0.0243146 seconds
[Worker2] Imported GUID: f45149ab1d7284a48824a9185c2227c0 - Path: Assets/Material/Gemini_Generated_Image_p7asq7p7asq7p7as.jpg - Importer: PreviewImporter -> (ImportResultId: 'd4b5b3e784a94854fd47a166562a11c1') in 0.0272229 seconds
Refreshing native plugins compatible for Editor in 2.18 ms, found 4 plugins.
Asset Pipeline Refresh (id=80a253efab3d0ab48b8abfb01e035494): Total: 0.124 seconds - Initiated by StopAssetImportingV2(NoUpdateAssetOptions)
Asset Pipeline Refresh (id=92a81394952bd38469c3a3a4a21db1e6): Total: 0.014 seconds - Initiated by RefreshV2(ForceSynchronousImport)
Asset Pipeline Refresh (id=ad72276e4fdd3404e9aad5676afac23e): Total: 0.008 seconds - Initiated by RefreshV2(AllowForceSynchronousImport)
Asset Pipeline Refresh (id=82b8e21bafd562c45899e0c20ca48d44): Total: 0.008 seconds - Initiated by RefreshV2(AllowForceSynchronousImport)
Importing 'GUID: 5442b403b6d7c5841af84a2098cfa4e4 - Path: Assets/StartMenu.unity' with importer (DefaultImporter)
Imported 'GUID: 5442b403b6d7c5841af84a2098cfa4e4' -> (Import Result ID: '31af7c0b9a9c8f62effe85bba9c70eef') in 0.004 seconds [static dependencies only]. Details - ImportResultOutputID=b474c4222c27f1bc85a98d9c1c596db0 DependenciesID=b50390f5b48c45c0949d07bfea7bcdba StaticDependenciesID=90e2c4207e1b07651c3152bf11c677d3 
Refreshing native plugins compatible for Editor in 6.20 ms, found 4 plugins.
Asset Pipeline Refresh (id=479ff448126ad314eb6ddc68a27e5b70): Total: 0.133 seconds - Initiated by StopAssetImportingV2(NoUpdateAssetOptions)
Opening scene 'Assets/Scenes/SampleScene.unity'
Unloading 25 Unused Serialized files (Serialized files now loaded: 0)
Loaded scene 'Assets/Scenes/SampleScene.unity'
	Deserialize:            23.020 ms
	Integration:            2911.262 ms
	Integration of assets:  1.888 ms
	Thread Wait Time:       0.263 ms
	Total Operation Time:   2936.433 ms
Unloading 186 unused Assets / (0.6 MB). Loaded Objects now: 9132.
Memory consumption went from 1.10 GB to 1.10 GB.
Total: 194.753200 ms (FindLiveObjects: 0.656800 ms CreateObjectMapping: 1.848400 ms MarkObjects: 190.597500 ms  DeleteObjects: 1.643200 ms)

[Worker2] Imported GUID: 5442b403b6d7c5841af84a2098cfa4e4 - Path: Assets/StartMenu.unity - Importer: ScriptedImporter/UnityEditor.QuickSearchModule:UnityEditor.Search:ASIAI0B -> (ImportResultId: 'a58c0dab12833dc50ddc888cb0b68113') in 0.0266895 seconds
Asset Pipeline Refresh (id=3dc8fec2fdebf304eab75b2a704dfd37): Total: 0.025 seconds - Initiated by RefreshV2(AllowForceSynchronousImport)
GetVirtualKey: Could not map char: z (122) to any virtual key
GetVirtualKey: Could not map char: y (121) to any virtual key
GetVirtualKey: Could not map char: x (120) to any virtual key
GetVirtualKey: Could not map char: c (99) to any virtual key
GetVirtualKey: Could not map char: v (118) to any virtual key
GetVirtualKey: Could not map char: V (86) to any virtual key
GetVirtualKey: Could not map char: d (100) to any virtual key
GetVirtualKey: Could not map char: f (102) to any virtual key
GetVirtualKey: Could not map char: f (102) to any virtual key
GetVirtualKey: Could not map char: a (97) to any virtual key
GetVirtualKey: Could not map char: d (100) to any virtual key
GetVirtualKey: Could not map char: c (99) to any virtual key
GetVirtualKey: Could not map char: r (114) to any virtual key
GetVirtualKey: Could not map char: i (105) to any virtual key
GetVirtualKey: Could not map char: l (108) to any virtual key
GetVirtualKey: Could not map char: f (102) to any virtual key
GetVirtualKey: Could not map char: k (107) to any virtual key
GetVirtualKey: Could not map char: p (112) to any virtual key
GetVirtualKey: Could not map char: p (112) to any virtual key
GetVirtualKey: Could not map char: p (112) to any virtual key
GetVirtualKey: Could not map char: c (99) to any virtual key
GetVirtualKey: Could not map char: r (114) to any virtual key
GetVirtualKey: Could not map char: P (80) to any virtual key
GetVirtualKey: Could not map char: n (110) to any virtual key
GetVirtualKey: Could not map char: n (110) to any virtual key
GetVirtualKey: Could not map char: g (103) to any virtual key
GetVirtualKey: Could not map char: = (61) to any virtual key
GetVirtualKey: Could not map char: f (102) to any virtual key
GetVirtualKey: Could not map char: f (102) to any virtual key
GetVirtualKey: Could not map char: a (97) to any virtual key
GetVirtualKey: Could not map char: a (97) to any virtual key
GetVirtualKey: Could not map char: c (99) to any virtual key
GetVirtualKey: Could not map char: u (117) to any virtual key
GetVirtualKey: Could not map char: n (110) to any virtual key
GetVirtualKey: Could not map char: o (111) to any virtual key
GetVirtualKey: Could not map char: s (115) to any virtual key
GetVirtualKey: Could not map char: s (115) to any virtual key
GetVirtualKey: Could not map char: b (98) to any virtual key
GetVirtualKey: Could not map char: b (98) to any virtual key
Asset Pipeline Refresh (id=debf3eadc3d482748ba607de507cedf8): Total: 0.006 seconds - Initiated by RefreshV2(AllowForceSynchronousImport)
-- Listing OpenCL platforms(s) --
 * OpenCL platform 0
	PROFILE = FULL_PROFILE
	VERSION = OpenCL 3.0 CUDA 13.3.80
	NAME = NVIDIA CUDA
	VENDOR = NVIDIA Corporation
-- Listing OpenCL device(s) --
 * OpenCL platform 0, device 0 
	DEVICE_TYPE = 4
	DEVICE_NAME = NVIDIA GeForce RTX 4060 Ti
	DEVICE_VENDOR = NVIDIA Corporation
	DEVICE_VERSION = OpenCL 3.0 CUDA
	DRIVER_VERSION = 610.88
	DEVICE_MAX_COMPUTE_UNITS = 34
	DEVICE_MAX_CLOCK_FREQUENCY = 2535
	CL_DEVICE_MAX_CONSTANT_BUFFER_SIZE = 65536
	CL_DEVICE_HOST_UNIFIED_MEMORY = false
	CL_DEVICE_MAX_MEM_ALLOC_SIZE = 2146304000
	DEVICE_GLOBAL_MEM_SIZE = 8585216000
Asset Pipeline Refresh (id=80dd3755c10abf04db68737946783941): Total: 0.010 seconds - Initiated by RefreshV2(AllowForceSynchronousImport)
Asset Pipeline Refresh (id=86fe18a7ea1de2e41ae9819d6afb3f1b): Total: 0.005 seconds - Initiated by RefreshV2(AllowForceSynchronousImport)
Asset Pipeline Refresh (id=ab193dd93a2f4fa44b2fc2e93e46f889): Total: 0.010 seconds - Initiated by RefreshV2(AllowForceSynchronousImport)
Launched and connected shader compiler UnityShaderCompiler.exe after 0.02 seconds
Launched and connected shader compiler UnityShaderCompiler.exe after 0.02 seconds
Launched and connected shader compiler UnityShaderCompiler.exe after 0.02 seconds
Launched and connected shader compiler UnityShaderCompiler.exe after 0.02 seconds
Launched and connected shader compiler UnityShaderCompiler.exe after 0.02 seconds
[Worker2] Imported GUID: 124c112a6e8f1a54e8b0870e881b56d8 - Path: Assets/TextMesh Pro/Shaders/TMP_SDF-URP Unlit.shadergraph - Importer: PreviewImporter -> (ImportResultId: '733d47941c04017cb541255f9dee1d84') in 1.4964987 seconds
[Worker1] Imported GUID: f63d574838ccfb44f84acc05fed0af48 - Path: Assets/TextMesh Pro/Shaders/TMP_SDF-HDRP UNLIT.shadergraph - Importer: PreviewImporter -> (ImportResultId: '7dc219d463fbbbfdf64e7b79d40afb34') in 3.3875034 seconds
[Worker1] Imported GUID: ca2ed216f98028c4dae6c5224a952b3c - Path: Assets/TextMesh Pro/Shaders/TMP_SDF-HDRP LIT.shadergraph - Importer: PreviewImporter -> (ImportResultId: '55957eb9883dd3087de5101bb72bd466') in 0.0549166 seconds
[Worker1] Imported GUID: 34d8e0a509343e44aa8049ff117c18c2 - Path: Assets/Aseed/Stylized Rocket/URP/Material/m_rocket.mat - Importer: PreviewImporter -> (ImportResultId: 'baae807208d60f02f809f214211fd1ff') in 0.1496496 seconds
[Worker1] Imported GUID: a00992adbdb45434cb22de26a90d7cc6 - Path: Assets/Material/New Material.mat - Importer: PreviewImporter -> (ImportResultId: '7a5281c96a3ea03617f137aa8cf07082') in 0.0675627 seconds
[Worker2] Imported GUID: a3d800b099a06e0478fb790c5e79057a - Path: Assets/TextMesh Pro/Shaders/TMP_SDF-URP Lit.shadergraph - Importer: PreviewImporter -> (ImportResultId: 'b773d91be10666005197f19699a13480') in 6.2498796 seconds
[Worker2] Imported GUID: 2e498d1c8094910479dc3e1b768306a4 - Path: Assets/TextMesh Pro/Resources/Fonts & Materials/LiberationSans SDF - Fallback.asset - Importer: PreviewImporter -> (ImportResultId: 'f2a2046a7356c1d42471af523d65d015') in 0.1078198 seconds
[Worker1] Imported GUID: 8f586378b4e144a9851e7b34d9b748ee - Path: Assets/TextMesh Pro/Resources/Fonts & Materials/LiberationSans SDF.asset - Importer: PreviewImporter -> (ImportResultId: '8156ed6192082be831a398360e13dd9d') in 0.1864988 seconds
[Worker2] Imported GUID: 79459efec17a4d00a321bdcc27bbc385 - Path: Assets/TextMesh Pro/Resources/Fonts & Materials/LiberationSans SDF - Outline.mat - Importer: PreviewImporter -> (ImportResultId: '2876608dbb9df112cfce712eaa6a76a2') in 0.1147356 seconds
[Worker1] Imported GUID: e73a58f6e2794ae7b1b7e50b7fb811b0 - Path: Assets/TextMesh Pro/Resources/Fonts & Materials/LiberationSans SDF - Drop Shadow.mat - Importer: PreviewImporter -> (ImportResultId: '827ef47a803ec2be1882b81e5ea992a5') in 0.1482154 seconds
[Worker2] Imported GUID: e3265ab4bf004d28a9537516768c1c75 - Path: Assets/TextMesh Pro/Fonts/LiberationSans.ttf - Importer: PreviewImporter -> (ImportResultId: '800086bb9e2857c04f15fc5762c36436') in 0.0577858 seconds
Asset Pipeline Refresh (id=29cda2aaac0e7c74eb43d55690888e20): Total: 0.011 seconds - Initiated by RefreshV2(AllowForceSynchronousImport)
Session Token Received.
[Licensing::Client] Successfully updated the access token
[Licensing::Module] Successfully updated the access token as3zY62PQN...
[Licensing::Client] Successfully resolved entitlement details
[Licensing::Client] Successfully updated license, isAsync: True, time: 0.01
[Licensing::Client] Successfully resolved entitlement details
Asset Pipeline Refresh (id=6252881b1ab8f1c47bd33e9565faf371): Total: 0.010 seconds - Initiated by RefreshV2(AllowForceSynchronousImport)
[Licensing::Client] Successfully resolved entitlement details
[Licensing::Client] Successfully resolved entitlement details
[Licensing::Client] Successfully resolved entitlement details
[Licensing::Client] Successfully resolved entitlement details
[Licensing::Client] Successfully resolved entitlement details
[Licensing::Client] Successfully resolved entitlement details
[Licensing::Client] Successfully resolved entitlement details
[Licensing::Client] Successfully resolved entitlement details
[Licensing::Client] Successfully resolved entitlement details
[Licensing::Client] Successfully resolved entitlement details
[Licensing::Client] Successfully resolved entitlement details
[Licensing::Client] Successfully resolved entitlement details
[Licensing::Client] Successfully resolved entitlement details
[Licensing::Client] Successfully resolved entitlement details
[Licensing::Client] Successfully resolved entitlement details
[Licensing::Client] Successfully resolved entitlement details
[Licensing::Client] Successfully resolved entitlement details
[Licensing::Client] Successfully resolved entitlement details
[Licensing::Client] Successfully resolved entitlement details
[Licensing::Client] Successfully resolved entitlement details
[Licensing::Client] Successfully resolved entitlement details
[ScriptCompilation] Requested script compilation because: AssetDatabase observed changes in script compilation related files
info: Microsoft.AspNetCore.Hosting.Diagnostics[1]
      Request starting HTTP/2 POST http://ilpp/UnityILPP.PostProcessing/Ping - application/grpc -
info: Microsoft.AspNetCore.Routing.EndpointMiddleware[0]
      Executing endpoint 'gRPC - /UnityILPP.PostProcessing/Ping'
info: Microsoft.AspNetCore.Routing.EndpointMiddleware[1]
      Executed endpoint 'gRPC - /UnityILPP.PostProcessing/Ping'
info: Microsoft.AspNetCore.Hosting.Diagnostics[2]
      Request finished HTTP/2 POST http://ilpp/UnityILPP.PostProcessing/Ping - 200 - application/grpc 14.7771ms
Starting: C:\Program Files\Unity\Hub\Editor\6000.5.9f1\Editor\Data\Tools\BuildPipeline\bee_backend.exe --ipc --defer-dag-verification --dagfile="Library/Bee/1900b0aE.dag" --continue-on-failure --profile="Library/Bee/backend1.traceevents" ScriptAssemblies
WorkingDir: C:/Users/golfa/Rocket
info: Microsoft.AspNetCore.Hosting.Diagnostics[1]
      Request starting HTTP/2 POST http://ilpp/UnityILPP.PostProcessing/ConfigurePostProcessors - application/grpc -
info: Microsoft.AspNetCore.Routing.EndpointMiddleware[0]
      Executing endpoint 'gRPC - /UnityILPP.PostProcessing/ConfigurePostProcessors'
info: Unity.ILPP.Runner.PostProcessingAssemblyLoadContext[0]
      Current configuration matches the requested one, skipping
info: Microsoft.AspNetCore.Routing.EndpointMiddleware[1]
      Executed endpoint 'gRPC - /UnityILPP.PostProcessing/ConfigurePostProcessors'
info: Microsoft.AspNetCore.Hosting.Diagnostics[2]
      Request finished HTTP/2 POST http://ilpp/UnityILPP.PostProcessing/ConfigurePostProcessors - 200 - application/grpc 9.0628ms
Starting: C:\Program Files\Unity\Hub\Editor\6000.5.9f1\Editor\Data\netcorerun\netcorerun.exe "C:\Program Files\Unity\Hub\Editor\6000.5.9f1\Editor\Data\Tools\BuildPipeline\ScriptCompilationBuildProgram.exe" "Library/Bee/1900b0aE.dag.json" "Library/Bee/1900b0aE-inputdata.json" "Library\Bee\buildprogram0.traceevents"
WorkingDir: C:/Users/golfa/Rocket
ExitCode: 4 Duration: 0s580ms
[731/927    0s] ILPP-Configuration Library/ilpp-configuration.nevergeneratedoutput
Rebuilding DAG because FileSignature timestamp changed: Library/Bee/1900b0aE-inputdata.json
*** Tundra requires additional run (0.53 seconds), 1 items updated, 927 evaluated
ExitCode: 0 Duration: 1s905ms
Starting: C:\Program Files\Unity\Hub\Editor\6000.5.9f1\Editor\Data\Tools\BuildPipeline\bee_backend.exe --ipc --defer-dag-verification --dagfile="Library/Bee/1900b0aE.dag" --continue-on-failure --dagfilejson="Library\Bee\1900b0aE.dag.json" --profile="Library/Bee/backend2.traceevents" ScriptAssemblies
WorkingDir: C:/Users/golfa/Rocket
info: Microsoft.AspNetCore.Hosting.Diagnostics[1]
      Request starting HTTP/2 POST http://ilpp/UnityILPP.PostProcessing/ConfigurePostProcessors - application/grpc -
info: Microsoft.AspNetCore.Routing.EndpointMiddleware[0]
      Executing endpoint 'gRPC - /UnityILPP.PostProcessing/ConfigurePostProcessors'
info: Unity.ILPP.Runner.PostProcessingAssemblyLoadContext[0]
      Current configuration matches the requested one, skipping
info: Microsoft.AspNetCore.Routing.EndpointMiddleware[1]
      Executed endpoint 'gRPC - /UnityILPP.PostProcessing/ConfigurePostProcessors'
info: Microsoft.AspNetCore.Hosting.Diagnostics[2]
      Request finished HTTP/2 POST http://ilpp/UnityILPP.PostProcessing/ConfigurePostProcessors - 200 - application/grpc 1.4726ms
info: Microsoft.AspNetCore.Hosting.Diagnostics[1]
      Request starting HTTP/2 POST http://ilpp/UnityILPP.PostProcessing/PostProcessAssembly - application/grpc -
info: Microsoft.AspNetCore.Routing.EndpointMiddleware[0]
      Executing endpoint 'gRPC - /UnityILPP.PostProcessing/PostProcessAssembly'
info: Unity.ILPP.Runner.PostProcessingPipeline[0]
      Processing assembly Library/Bee/artifacts/1900b0aE.dag/Assembly-CSharp.dll, with 141 defines and 339 references
info: Unity.ILPP.Runner.PostProcessingPipeline[0]
      processors: Unity.Jobs.CodeGen.JobsILPostProcessor, zzzUnity.Burst.CodeGen.BurstILPostProcessor
info: Unity.ILPP.Runner.PostProcessingPipeline[0]
      running Unity.Jobs.CodeGen.JobsILPostProcessor
info: Unity.ILPP.Runner.PostProcessingPipeline[0]
      running zzzUnity.Burst.CodeGen.BurstILPostProcessor
info: Microsoft.AspNetCore.Routing.EndpointMiddleware[1]
      Executed endpoint 'gRPC - /UnityILPP.PostProcessing/PostProcessAssembly'
info: Microsoft.AspNetCore.Hosting.Diagnostics[2]
      Request finished HTTP/2 POST http://ilpp/UnityILPP.PostProcessing/PostProcessAssembly - 200 - application/grpc 84.2244ms
ExitCode: 0 Duration: 2s792ms
Finished compiling graph: 930 nodes, 17422 flattened edges (14720 ToBuild, 142 ToUse), maximum node priority 955
[516/927    0s] WriteText Library/Bee/artifacts/1900b0aE.dag/Assembly-CSharp.rsp
[730/927    0s] ILPP-Configuration Library/ilpp-configuration.nevergeneratedoutput
[923/927    2s] Csc Library/Bee/artifacts/1900b0aE.dag/Assembly-CSharp.dll (+2 others)
[924/927    0s] ILPostProcess Library/Bee/artifacts/1900b0aE.dag/post-processed/Assembly-CSharp.dll (+pdb)
Processing assembly Library/Bee/artifacts/1900b0aE.dag/Assembly-CSharp.dll, with 141 defines and 339 references

processors: Unity.Jobs.CodeGen.JobsILPostProcessor, zzzUnity.Burst.CodeGen.BurstILPostProcessor

running Unity.Jobs.CodeGen.JobsILPostProcessor

running zzzUnity.Burst.CodeGen.BurstILPostProcessor
[925/927    0s] CopyFiles Library/ScriptAssemblies/Assembly-CSharp.pdb
[926/927    0s] CopyFiles Library/ScriptAssemblies/Assembly-CSharp.dll
*** Tundra build success (2.76 seconds), 6 items updated, 927 evaluated
Total cache size 64119356
Total cache size after purge 64119356, took 00:00:00.2116281
Reloading assemblies after forced synchronous recompile.
Begin MonoManager ReloadAssembly
Importing 'GUID: 975a9258238e7a34a9bf52aeff3eb403 - Path: Assets/SpaceSkies Free' with importer (DefaultImporter)
Imported 'GUID: 975a9258238e7a34a9bf52aeff3eb403' -> (Import Result ID: 'c72f1fcc9899af1d264bcd3331923424') in 0.041 seconds [static dependencies only]. Details - ImportResultOutputID=610e3acc6e0265a1b2a9691edac32bad DependenciesID=692f2e78c05fdcf455c57c5f723ab306 StaticDependenciesID=2e0dcd5674a09cf723d7bf002c352cbc 
Importing 'GUID: 9a2b23d02abff604bb3b2c8b76ee104b - Path: Assets/SpaceSkies Free/Skybox_1' with importer (DefaultImporter)
Imported 'GUID: 9a2b23d02abff604bb3b2c8b76ee104b' -> (Import Result ID: 'dad93322629cf64af62af21272f47965') in 0.004 seconds [static dependencies only]. Details - ImportResultOutputID=6cc070b7004a28cf42740823d5add7ed DependenciesID=58ba3b203ad85f1be624ee81f27199fb StaticDependenciesID=37d7b170aa01c0602ae032adc4bb3d99 
Importing 'GUID: da48edec3727e0348984027af04fd4ff - Path: Assets/SpaceSkies Free/Skybox_3' with importer (DefaultImporter)
Imported 'GUID: da48edec3727e0348984027af04fd4ff' -> (Import Result ID: '46e7649833189d9e255fba42b6ab9d3a') in 0.004 seconds [static dependencies only]. Details - ImportResultOutputID=04c73bbefd3aab2b7de09c6c815c4ec8 DependenciesID=0743eef795fd4ae14f0e888b28fb496f StaticDependenciesID=83fedb9cef6a53900e23f2af51292ac2 
Importing 'GUID: cc334bd236c9bf24ba99adf4a2ef3a9d - Path: Assets/SpaceSkies Free/Demo' with importer (DefaultImporter)
Imported 'GUID: cc334bd236c9bf24ba99adf4a2ef3a9d' -> (Import Result ID: 'a9629e1be74a13fe918e258e592d6831') in 0.004 seconds [static dependencies only]. Details - ImportResultOutputID=26290e705af16805f905c61d77bda84e DependenciesID=03b08bde480904443e47b878df4bfbda StaticDependenciesID=51ee9b76959e4db929cdabcaad4875b7 
Importing 'GUID: ec745b7dca4e6f348a76ecdfd0addcd0 - Path: Assets/SpaceSkies Free/Skybox_2' with importer (DefaultImporter)
Imported 'GUID: ec745b7dca4e6f348a76ecdfd0addcd0' -> (Import Result ID: 'a0025ca23e4f2336dfae7b2eca0702cd') in 0.004 seconds [static dependencies only]. Details - ImportResultOutputID=17757c15f1b7e7f7d9aef6b5df6ccf13 DependenciesID=06e28be250a0e89360f3baf54b3375d5 StaticDependenciesID=0d32ab0d7d64f429e3c4d7e5ac127da5 
Importing 'GUID: 7080738d246006747964bbce844203b4 - Path: Assets/SpaceSkies Free/Demo/Scripts' with importer (DefaultImporter)
Imported 'GUID: 7080738d246006747964bbce844203b4' -> (Import Result ID: '04cf4ff4d852364e94c450fa993b9e10') in 0.003 seconds [static dependencies only]. Details - ImportResultOutputID=3d8934195b4da33177eae6538d3b3e84 DependenciesID=75d3173a4bae62e58111fcdca495b16a StaticDependenciesID=58a3266d777aca2997652d19cb7f3ce1 
Importing 'GUID: 02cf5c3336924bf4bbeb6152a0d8da8b - Path: Assets/SpaceSkies Free/Skybox_1/Textures' with importer (DefaultImporter)
Imported 'GUID: 02cf5c3336924bf4bbeb6152a0d8da8b' -> (Import Result ID: 'd48724aa574ba2e2a03e80c8e1592468') in 0.004 seconds [static dependencies only]. Details - ImportResultOutputID=ecc90b16281683147e4bd8bd6db4f784 DependenciesID=288bebeac1ca021e4532032aeaddbbd1 StaticDependenciesID=6c7952bf4a9882c9a35cccb9aea83d1e 
Importing 'GUID: 62315499e7bf73d4ca2e0334daa77789 - Path: Assets/SpaceSkies Free/Skybox_2/Textures' with importer (DefaultImporter)
Imported 'GUID: 62315499e7bf73d4ca2e0334daa77789' -> (Import Result ID: '2685b7ee4c2f686f7576c9db4e637ba8') in 0.002 seconds [static dependencies only]. Details - ImportResultOutputID=3522c9e6eacfa9fa21578568c0c61059 DependenciesID=6f0602e8b25f31c7f2153e54609e5b45 StaticDependenciesID=30158a1958afb708ea392d89f2e35ff1 
Importing 'GUID: 9234250fc17e9ee4aaf2c63b8e32f4f1 - Path: Assets/SpaceSkies Free/Skybox_3/Textures' with importer (DefaultImporter)
Imported 'GUID: 9234250fc17e9ee4aaf2c63b8e32f4f1' -> (Import Result ID: '55e4a382172eafe973ce2b7ec23cee9a') in 0.002 seconds [static dependencies only]. Details - ImportResultOutputID=eb47e1bf3bd3ba412720117ab1120f69 DependenciesID=d25ce3d76d6cec61d10e58e8d5eca34c StaticDependenciesID=f9408ee3e1fa6f667af43534ed5d7042 
Importing 'GUID: e3cb4c025ab640f479fc15ed30fda7b5 - Path: Assets/SpaceSkies Free/Skybox_1/Textures/2K_Resolution' with importer (DefaultImporter)
Imported 'GUID: e3cb4c025ab640f479fc15ed30fda7b5' -> (Import Result ID: '7fd0504f26c1bbc77152a90972905eeb') in 0.004 seconds [static dependencies only]. Details - ImportResultOutputID=6d2559cba7340f4a5101511be262936e DependenciesID=cd2ee077ad7b77df17df854de2aabb85 StaticDependenciesID=f6f9cccdce0bbd479e7ecf589158f2ac 
Importing 'GUID: c8633f978b5b4574fbf3ee4ffefb9205 - Path: Assets/SpaceSkies Free/Skybox_3/Textures/2K_Resolution' with importer (DefaultImporter)
Imported 'GUID: c8633f978b5b4574fbf3ee4ffefb9205' -> (Import Result ID: '660b9d8d91495e2c14e57d9d23979203') in 0.001 seconds [static dependencies only]. Details - ImportResultOutputID=7e3331743b0ffc602249a05328ba9c84 DependenciesID=9e21fcbf7b5b93b1c264a5d1218960a2 StaticDependenciesID=58fa1466e8204aa043376708287d20ba 
Importing 'GUID: 4a9d5d576ee1eb14790fc2ef95202df1 - Path: Assets/SpaceSkies Free/Skybox_3/Textures/1K_Resolution' with importer (DefaultImporter)
Imported 'GUID: 4a9d5d576ee1eb14790fc2ef95202df1' -> (Import Result ID: '573a19e5feb9f18105c10da441b82188') in 0.005 seconds [static dependencies only]. Details - ImportResultOutputID=b28c797be24c773a07859387e5afc464 DependenciesID=56e700ec90f475b409a0ce914889207b StaticDependenciesID=4adf86fcea3ee4eeddf1f0d031b9221c 
Importing 'GUID: bafd58aaef15d2b4daa1850e8e71d177 - Path: Assets/SpaceSkies Free/Skybox_1/Textures/4K_Resolution' with importer (DefaultImporter)
Imported 'GUID: bafd58aaef15d2b4daa1850e8e71d177' -> (Import Result ID: '8098c4723188bacfe8cd8527314e19d0') in 0.004 seconds [static dependencies only]. Details - ImportResultOutputID=2a78eeaec29bc1608cc39f1ea6f3071a DependenciesID=b9f6031e8aa78825f1d07794e40a8bdd StaticDependenciesID=28bcc0e0ae20b8bb3040d4390a20be0e 
Importing 'GUID: 0bde09bbfbb687743ad619c46747d4e9 - Path: Assets/SpaceSkies Free/Skybox_1/Textures/1K_Resolution' with importer (DefaultImporter)
Imported 'GUID: 0bde09bbfbb687743ad619c46747d4e9' -> (Import Result ID: '3df3e3d61b8a5aa322af91e07f757ad6') in 0.002 seconds [static dependencies only]. Details - ImportResultOutputID=e7325f7373b778d7405379e65ee4b941 DependenciesID=a520e5b3e75b6587f760b42a0a65c6d9 StaticDependenciesID=12a8f4c08f5b184bc991b07fcced44a8 
Importing 'GUID: 4be65bedc83569b48b3f0d93a0469b7c - Path: Assets/SpaceSkies Free/Skybox_2/Textures/2K_Resolution' with importer (DefaultImporter)
Imported 'GUID: 4be65bedc83569b48b3f0d93a0469b7c' -> (Import Result ID: '1eefd17072ad7e0fe2efc20ac66accb7') in 0.002 seconds [static dependencies only]. Details - ImportResultOutputID=4ea64b9fdfc1cddfa54b36ddd6885b68 DependenciesID=545e8aecd7cb7c600b84d4bae8910a5a StaticDependenciesID=75d210970429206cc7814765748a05dc 
Importing 'GUID: 3cf686925f5deb9498710d174dbf5096 - Path: Assets/SpaceSkies Free/Skybox_2/Textures/4K_Resolution' with importer (DefaultImporter)
Imported 'GUID: 3cf686925f5deb9498710d174dbf5096' -> (Import Result ID: 'd1d5f22df2f2d3a87be61a2088e099b2') in 0.002 seconds [static dependencies only]. Details - ImportResultOutputID=72eafd57545863810299cee595297d26 DependenciesID=0e67a140c1c7473d1d73946a84662eaa StaticDependenciesID=b69efe87d710a4300450810cc3ea75bd 
Importing 'GUID: fe986faea1485ff41894b2f9cd1a3969 - Path: Assets/SpaceSkies Free/Skybox_3/Textures/4K_Resolution' with importer (DefaultImporter)
Imported 'GUID: fe986faea1485ff41894b2f9cd1a3969' -> (Import Result ID: 'b19cc1d24f5200b08e9c09ec4739328b') in 0.002 seconds [static dependencies only]. Details - ImportResultOutputID=f4d9f7db7540ddff04a3adfa1055e3fd DependenciesID=f1db29ee790cbfdfca5e3fa9498a1bdb StaticDependenciesID=c0918a48c65e6ebe4cd9b4352a37b51a 
Importing 'GUID: bf8eed9c0fb60c14ca520b4a95f714a7 - Path: Assets/SpaceSkies Free/Skybox_2/Textures/1K_Resolution' with importer (DefaultImporter)
Imported 'GUID: bf8eed9c0fb60c14ca520b4a95f714a7' -> (Import Result ID: '2d8b55052f36121acd98d2119b469735') in 0.002 seconds [static dependencies only]. Details - ImportResultOutputID=c95eb21840a9d6c6c00daabd73eb4765 DependenciesID=7e85bc728c8f35395013de5bf914d3fe StaticDependenciesID=518d4da6758ec073fa2064303257e15f 
Refreshing native plugins compatible for Editor in 6.87 ms, found 4 plugins.
Native extension for WindowsStandalone target not found
Native extension for WebGL target not found
[MODES] ModeService[none].Initialize
[MODES] ModeService[none].LoadModes
ScheduleIndexationOnStartup MainProcess:True IndexOnStartup:True
Mono: successfully reloaded assembly
- Finished resetting the current domain, in  4.641 seconds
Domain Reload Profiling: 10010ms
	BeginReloadAssembly (4100ms)
		DisableScriptedObjects (446ms)
		CreateAndSetChildDomain (2857ms)
	RebuildCommonClasses (30ms)
	RebuildNativeTypeToScriptingClass (33ms)
	initialDomainReloadingComplete (175ms)
	LoadAllAssembliesAndSetupDomain (1028ms)
		LoadAssemblies (597ms)
		AnalyzeDomain (588ms)
			TypeCache.Refresh (48ms)
			BuildScriptInfoCaches (459ms)
			ResolveRequiredComponents (56ms)
	FinalizeReload (4644ms)
		SetupLoadedEditorAssemblies (0ms)
			InitializePlatformSupportModulesInManaged (6ms)
			BeforeProcessingInitializeOnLoad (454ms)
			ProcessInitializeOnLoadAttributes (832ms)
			ProcessInitializeOnLoadMethodAttributes (280ms)
			AfterProcessingInitializeOnLoad (8ms)
		AwakeInstancesAfterBackupRestoration (1768ms)
Importing 'GUID: 47cd513b8c4397e4ca272a1ff269d933 - Path: Assets/SpaceSkies Free/Demo/DemoScene.unity' with importer (DefaultImporter)
Imported 'GUID: 47cd513b8c4397e4ca272a1ff269d933' -> (Import Result ID: '4f517fb20aef5a0797b50fa37d5bb72d') in 0.005 seconds [static dependencies only]. Details - ImportResultOutputID=292c22aada921d4d52f8a2fe9948e5fd DependenciesID=a96e5bf391faf369268141c56ab86f3c StaticDependenciesID=700c97e8aa70d5c846d8e5fd39b9c4e4 
Importing 'GUID: 00f1123b0b858d44cb5eb000321c86e3 - Path: Assets/SpaceSkies Free/Skybox_3/Textures/4K_Resolution/Front_4K_TEX.png' with importer (TextureImporter)
Imported 'GUID: 00f1123b0b858d44cb5eb000321c86e3' -> (Import Result ID: '7dd922a54e0faff7f34f63252441ba32') in 0.629 seconds [static and dynamic dependencies]. Details - ImportResultOutputID=0f87bd3cf6f61efd428422176348906a DependenciesID=92885d56ed554548cb529b0439c60da9 StaticDependenciesID=c31d51a3cce21aa23ccb715642d0a6ad 
Importing 'GUID: 20e38473ff639ed429d08288b1db43c8 - Path: Assets/SpaceSkies Free/Skybox_1/Textures/2K_Resolution/Back_2K_TEX.png' with importer (TextureImporter)
Imported 'GUID: 20e38473ff639ed429d08288b1db43c8' -> (Import Result ID: '0afda96bdf6c5e82a9e8804277f8a99a') in 0.239 seconds [static and dynamic dependencies]. Details - ImportResultOutputID=904955557a538ec358b1f34fab3d217a DependenciesID=ea92b6999c14559e14d10d17e3d18fde StaticDependenciesID=81fd85f12f50e6b9c1e981bd178d3db8 
Importing 'GUID: 50e9f1a69832c5244a6ac020a6b0bba6 - Path: Assets/SpaceSkies Free/Skybox_2/Textures/4K_Resolution/Left_4K_TEX.png' with importer (TextureImporter)
Imported 'GUID: 50e9f1a69832c5244a6ac020a6b0bba6' -> (Import Result ID: '701975018062ce569295a54610f45574') in 0.797 seconds [static and dynamic dependencies]. Details - ImportResultOutputID=9acdd8d05836b31212c4855674bca8ac DependenciesID=346a43a829bce1eadb47a6a23c8835fb StaticDependenciesID=85c2f49da29fd30c7b837ea15cd058ab 
Importing 'GUID: a096daa9a788d7342892ce655a940dba - Path: Assets/SpaceSkies Free/Skybox_1/Textures/2K_Resolution/Up_2K_TEX.png' with importer (TextureImporter)
Imported 'GUID: a096daa9a788d7342892ce655a940dba' -> (Import Result ID: 'cfb6178da695052051c24d6a72a08f59') in 0.217 seconds [static and dynamic dependencies]. Details - ImportResultOutputID=6f85edae6f0a1f61138e78a65536da03 DependenciesID=11b724a03d7b5ec18e55774815482ca4 StaticDependenciesID=5c7f9ceed88d59126a1e5bf7243289f1 
Importing 'GUID: f05bd0dfe0c5b254daa70bf1b61342f4 - Path: Assets/SpaceSkies Free/Skybox_3/Textures/4K_Resolution/Down_4K_TEX.png' with importer (TextureImporter)
Imported 'GUID: f05bd0dfe0c5b254daa70bf1b61342f4' -> (Import Result ID: '3893f7b7d0dbbbd7d8df18916c64c9be') in 0.467 seconds [static and dynamic dependencies]. Details - ImportResultOutputID=c6589ac0729635798934547046901a5f DependenciesID=74022fddbe1e06e5a116e7ef28158adb StaticDependenciesID=a599e83a7acd4261c1c034640de8eb78 
Importing 'GUID: 41f70e70af801c8479aa11cebd1babde - Path: Assets/SpaceSkies Free/Skybox_1/Textures/1K_Resolution/Right_1K_TEX.png' with importer (TextureImporter)
Imported 'GUID: 41f70e70af801c8479aa11cebd1babde' -> (Import Result ID: 'dad13f5d415181485045a5690e324019') in 0.063 seconds [static and dynamic dependencies]. Details - ImportResultOutputID=7b08d7722ca86e8dd278eab17afd1d6b DependenciesID=7bf7e7cd358abf3af37ffe45ede367de StaticDependenciesID=8bad5fd79b372d443f12463796855882 
Importing 'GUID: 91a1010f590c3b1468a65486fa7d0d56 - Path: Assets/SpaceSkies Free/Skybox_2/Textures/2K_Resolution/Up_2K_TEX.png' with importer (TextureImporter)
Imported 'GUID: 91a1010f590c3b1468a65486fa7d0d56' -> (Import Result ID: '7ff57bbb3b2d39255dc632a552a32c4a') in 0.194 seconds [static and dynamic dependencies]. Details - ImportResultOutputID=e3eb32bbee375bc0e7b04308eccd26d3 DependenciesID=6b7b4b9219656f3eed02fc817e2b62e2 StaticDependenciesID=4bde255247e6cb8a8ad54c39de4c1515 
Importing 'GUID: f1285d1399d96f0438d3759ba234d28e - Path: Assets/SpaceSkies Free/Skybox_3/Textures/1K_Resolution/Down_1K_TEX.png' with importer (TextureImporter)
Imported 'GUID: f1285d1399d96f0438d3759ba234d28e' -> (Import Result ID: '25b65ab83fd186185d04d02911b33a4d') in 0.047 seconds [static and dynamic dependencies]. Details - ImportResultOutputID=1ed48df0e280ffa95accc35e71082b4c DependenciesID=2035a393dfa6e001d27186ba5f21a493 StaticDependenciesID=93c7f660a1523142c2947a50298992a6 
Importing 'GUID: 2292e8ca8d59bdd4a9db307994dd6ed0 - Path: Assets/SpaceSkies Free/Skybox_3/Textures/2K_Resolution/Right_2K_TEX.png' with importer (TextureImporter)
Imported 'GUID: 2292e8ca8d59bdd4a9db307994dd6ed0' -> (Import Result ID: 'f5124b226753cab04da85b335ce82d3e') in 0.166 seconds [static and dynamic dependencies]. Details - ImportResultOutputID=8bce1102dba886414e0068af4bad4928 DependenciesID=0043900579bd543d26107805f5c15e48 StaticDependenciesID=d4165fa68b5881b05dc8fa44b42fcff7 
Importing 'GUID: 2294659746b7dc74a9bd4b40fbbf13f1 - Path: Assets/SpaceSkies Free/Skybox_1/Textures/4K_Resolution/Front_4K_TEX.png' with importer (TextureImporter)
Imported 'GUID: 2294659746b7dc74a9bd4b40fbbf13f1' -> (Import Result ID: '1dc93f9322071a2ad8f83ca4990f8e2b') in 0.539 seconds [static and dynamic dependencies]. Details - ImportResultOutputID=2b5e05d46ac60bdd79985c68b94e514f DependenciesID=dd0a25ff655757f557d0d9e405074c03 StaticDependenciesID=92607fff97a6ca724209c193ab7bf712 
Importing 'GUID: 52d452284176b2741bc26215319bbb28 - Path: Assets/SpaceSkies Free/Skybox_1/Textures/1K_Resolution/Back_1K_TEX.png' with importer (TextureImporter)
Imported 'GUID: 52d452284176b2741bc26215319bbb28' -> (Import Result ID: 'd63d99c6de03e133acce05795179b450') in 0.058 seconds [static and dynamic dependencies]. Details - ImportResultOutputID=260e2e5ab8c3d0a72df74d6ca0ddcee2 DependenciesID=c9e8502a8bfd69eb767c8edff78b5df5 StaticDependenciesID=a889bdff2f1965ddcbfe1b79547171a3 
Importing 'GUID: 92654ee8962c0d54b938abcb5ea5887b - Path: Assets/SpaceSkies Free/Skybox_2/Textures/2K_Resolution/Right_2K_TEX.png' with importer (TextureImporter)
Imported 'GUID: 92654ee8962c0d54b938abcb5ea5887b' -> (Import Result ID: '10f87253e00aa7d48b43c00cad00defb') in 0.206 seconds [static and dynamic dependencies]. Details - ImportResultOutputID=0a96ce9c13de7334c0ff4a2e432e5b9c DependenciesID=771939a023195ea770e1ac1d083d5447 StaticDependenciesID=fcbaa3205c5e0759e40cf61a42a4a13e 
Importing 'GUID: f2df341f63f55624dad25163e8c063ac - Path: Assets/SpaceSkies Free/Skybox_2/Textures/1K_Resolution/Down_1K_TEX.png' with importer (TextureImporter)
Imported 'GUID: f2df341f63f55624dad25163e8c063ac' -> (Import Result ID: '191a990b03dc8ce6d9d19249f2144724') in 0.054 seconds [static and dynamic dependencies]. Details - ImportResultOutputID=42ddf41440a8e9fd44d9261b4bf3b4be DependenciesID=5ffd178bea4218100ea91a9ff878cf9b StaticDependenciesID=2b760225426bdff66c6b0655a6d529c1 
Importing 'GUID: 33bb4058bb27cfe4e89d7c517f5ab86d - Path: Assets/SpaceSkies Free/Skybox_2/Textures/2K_Resolution/Back_2K_TEX.png' with importer (TextureImporter)
Imported 'GUID: 33bb4058bb27cfe4e89d7c517f5ab86d' -> (Import Result ID: '58e2b41c02c823873ae6fd9879dded4b') in 0.225 seconds [static and dynamic dependencies]. Details - ImportResultOutputID=b7321e6fbd1cddeb72e84737b734bc2e DependenciesID=3e53e374ae652dfad01cde00612a7d0c StaticDependenciesID=df33f1a1102e7dd9d642badf57fd6df3 
Importing 'GUID: c3636285da6b4344d91ff89fd556670a - Path: Assets/SpaceSkies Free/Skybox_3/Textures/1K_Resolution/Front_1K_TEX.png' with importer (TextureImporter)
Imported 'GUID: c3636285da6b4344d91ff89fd556670a' -> (Import Result ID: '7e76aaf71314b6fc9ed457290fff8095') in 0.065 seconds [static and dynamic dependencies]. Details - ImportResultOutputID=b95e1ae73740fb00174b0bf5b5a586eb DependenciesID=e65e7d3dd4a430047d55d95fd98ad66b StaticDependenciesID=95277798dfe79a12c5239e92048f417c 
Importing 'GUID: e3910dca1fac1894e95d811bb9e0e995 - Path: Assets/SpaceSkies Free/Skybox_1/Textures/4K_Resolution/Up_4K_TEX.png' with importer (TextureImporter)
Imported 'GUID: e3910dca1fac1894e95d811bb9e0e995' -> (Import Result ID: '6c0e6e43f88754d3e13a7e40a9ac3742') in 0.686 seconds [static and dynamic dependencies]. Details - ImportResultOutputID=e764c43c33376d007c283742a44ddbf8 DependenciesID=ab56d3f545ca1d7b4646f009f9183245 StaticDependenciesID=f73d83a71525214ce8fd6bc0f145114e 
Importing 'GUID: 2491af8887e100e46a81c63b489aebdc - Path: Assets/SpaceSkies Free/Skybox_3/Textures/2K_Resolution/Front_2K_TEX.png' with importer (TextureImporter)
Imported 'GUID: 2491af8887e100e46a81c63b489aebdc' -> (Import Result ID: 'e5df8fa4e8fdb6f67140534a60f51276') in 0.232 seconds [static and dynamic dependencies]. Details - ImportResultOutputID=576f508c40a60562283f0e7571326b79 DependenciesID=b1448573a11069501c1d148504349dc4 StaticDependenciesID=87856c53a271bdbfe83ec447c0f2afe3 
Importing 'GUID: 94cdbf28af4a2b942b032dd0a5d91221 - Path: Assets/SpaceSkies Free/Skybox_1/Textures/1K_Resolution/Front_1K_TEX.png' with importer (TextureImporter)
Imported 'GUID: 94cdbf28af4a2b942b032dd0a5d91221' -> (Import Result ID: '6bde6d7d2b53d61d755b419fc5374057') in 0.058 seconds [static and dynamic dependencies]. Details - ImportResultOutputID=f0eec214f62e24efdadec35c574f1a6c DependenciesID=2dd121b4458f71424601663885014325 StaticDependenciesID=f13f309470342386e4f31243d2c7d494 
Importing 'GUID: 25c03fdd40dca27499a5ecdf702bb73c - Path: Assets/SpaceSkies Free/Skybox_1/Textures/1K_Resolution/Left_1K_TEX.png' with importer (TextureImporter)
Imported 'GUID: 25c03fdd40dca27499a5ecdf702bb73c' -> (Import Result ID: '2c9a3229a999dc51cdfdab04ebed74fa') in 0.059 seconds [static and dynamic dependencies]. Details - ImportResultOutputID=e8e3865dba7908aa682cfc1fbf39e100 DependenciesID=6f545c4c7591251aebdbeda55cc8b63b StaticDependenciesID=4c282f54e8678ec0a61fbc78e0824242 
Importing 'GUID: 35535e5f5785f7e4c8a49bc17d76554e - Path: Assets/SpaceSkies Free/Skybox_2/Textures/1K_Resolution/Right_1K_TEX.png' with importer (TextureImporter)
Imported 'GUID: 35535e5f5785f7e4c8a49bc17d76554e' -> (Import Result ID: 'aa0db91f4f7660fa12cdae32d9451322') in 0.058 seconds [static and dynamic dependencies]. Details - ImportResultOutputID=ea84494aaf384eb9d334a2a9c63b6089 DependenciesID=a18f4bc33b9053cb83a987810f60ce52 StaticDependenciesID=de294f93bae500ccf8aff4d6bb10f8bb 
Importing 'GUID: 85da55c4089e9664d84bfa1285a9c787 - Path: Assets/SpaceSkies Free/Skybox_3/Textures/4K_Resolution/Right_4K_TEX.png' with importer (TextureImporter)
Imported 'GUID: 85da55c4089e9664d84bfa1285a9c787' -> (Import Result ID: '4805873f33838d77ce40d205e28a26ec') in 0.469 seconds [static and dynamic dependencies]. Details - ImportResultOutputID=5ce6af2acb7082aaef0075cfa373b724 DependenciesID=acc420762299715ed8436a96c9705a6f StaticDependenciesID=31b92d4ace0bec1c3c7d6a1e54d233ea 
Importing 'GUID: 16ebaeeb7518a62408cd882dda9ff28f - Path: Assets/SpaceSkies Free/Skybox_2/Textures/4K_Resolution/Front_4K_TEX.png' with importer (TextureImporter)
Imported 'GUID: 16ebaeeb7518a62408cd882dda9ff28f' -> (Import Result ID: 'cf156d5e36e61a808d2ba4a1ec057368') in 0.853 seconds [static and dynamic dependencies]. Details - ImportResultOutputID=df2e828cb06a030cd798cab59b04d60c DependenciesID=2e68c7151eeb1b82c8cd096a9216b382 StaticDependenciesID=856640aaf1b1b89c7e15b358fbf0138b 
Importing 'GUID: 46f657b61a981d747b79847775b24900 - Path: Assets/SpaceSkies Free/Skybox_3/Textures/1K_Resolution/Right_1K_TEX.png' with importer (TextureImporter)
Imported 'GUID: 46f657b61a981d747b79847775b24900' -> (Import Result ID: 'd83981a06a091a59ff43ee4c6ef879c4') in 0.045 seconds [static and dynamic dependencies]. Details - ImportResultOutputID=b5da45a7067612fc41ec2449edfc1696 DependenciesID=8ed3c79ae2bb4cffc8b7eb3bea0d1cef StaticDependenciesID=5d939f36cfdc0f6f210196d827c9f96c 
Importing 'GUID: 96c199bf2da6633479ea4536ce66bec2 - Path: Assets/SpaceSkies Free/Skybox_3/Textures/1K_Resolution/Back_1K_TEX.png' with importer (TextureImporter)
Imported 'GUID: 96c199bf2da6633479ea4536ce66bec2' -> (Import Result ID: 'a8ed027ba364b1714f889cb8d6f16920') in 0.049 seconds [static and dynamic dependencies]. Details - ImportResultOutputID=87bb82c7d93ed273409ae26b29a6562a DependenciesID=e1c79962cceef106bfe806e7e1f09627 StaticDependenciesID=82e086b9ed931d9a3b9fdffd420c257d 
Importing 'GUID: e6304ed6970a3cf4c833dabb80ee8d29 - Path: Assets/SpaceSkies Free/Skybox_1/Textures/1K_Resolution/Down_1K_TEX.png' with importer (TextureImporter)
Imported 'GUID: e6304ed6970a3cf4c833dabb80ee8d29' -> (Import Result ID: '5a5ce6c012e3004b5e350544e7adca05') in 0.056 seconds [static and dynamic dependencies]. Details - ImportResultOutputID=9f920c61a96815fd2d61e9c51bc20b24 DependenciesID=1953b94c685b75675157a1b5a6362f1e StaticDependenciesID=a3c7e6caef8a2e99dea4577b1812d6d8 
Importing 'GUID: 074265280bfab4949b132a5dd423d9cb - Path: Assets/SpaceSkies Free/Skybox_3/Textures/1K_Resolution/Up_1K_TEX.png' with importer (TextureImporter)
Imported 'GUID: 074265280bfab4949b132a5dd423d9cb' -> (Import Result ID: 'af1cc1f36a2a94ec54f9374e20abee7b') in 0.047 seconds [static and dynamic dependencies]. Details - ImportResultOutputID=52da222acedacf4fa21b9f82735cefbf DependenciesID=0d7b93a75ccd1a9f280572305486c6e4 StaticDependenciesID=47c8e945062247ad46bff09246454082 
Importing 'GUID: 976f43d30e9b941428981e086b24c91f - Path: Assets/SpaceSkies Free/Skybox_3/Textures/4K_Resolution/Back_4K_TEX.png' with importer (TextureImporter)
Imported 'GUID: 976f43d30e9b941428981e086b24c91f' -> (Import Result ID: 'efaefa77021879dd6e06f05de2065bec') in 0.559 seconds [static and dynamic dependencies]. Details - ImportResultOutputID=4ba75e7d93ff761e675e2431e001aad5 DependenciesID=5f92f7a1c3a5c5f989a6c80957b2c0dc StaticDependenciesID=f90bfef7e53e73a7fe2f6df1b2a4347b 
Importing 'GUID: c7cf8f63aa26f9c439bf607be6b4fe8d - Path: Assets/SpaceSkies Free/Skybox_3/Textures/1K_Resolution/Left_1K_TEX.png' with importer (TextureImporter)
Imported 'GUID: c7cf8f63aa26f9c439bf607be6b4fe8d' -> (Import Result ID: '65d7d13cbb9e621e893d4ebcb7cd30a6') in 0.040 seconds [static and dynamic dependencies]. Details - ImportResultOutputID=0fc4764d866c51dedfd2469346f4887e DependenciesID=7a7f9bfcbe783aa3d233acc1f703fca0 StaticDependenciesID=2036585d842d531d5155a1bbb07ddfa4 
Importing 'GUID: 186352de5993ec44c850bc5286ebcc36 - Path: Assets/SpaceSkies Free/Skybox_2/Textures/1K_Resolution/Front_1K_TEX.png' with importer (TextureImporter)
Imported 'GUID: 186352de5993ec44c850bc5286ebcc36' -> (Import Result ID: '8bfa33f2c7b2ba0807c4a40cdecc54e8') in 0.051 seconds [static and dynamic dependencies]. Details - ImportResultOutputID=772f544e16e2e607fba015052e1006b7 DependenciesID=390b8f74990635bd0a7a00de584fe001 StaticDependenciesID=addee2b438f4ef66867e37316565fdfc 
Importing 'GUID: 1886fe84c8912234586d4423d3439af7 - Path: Assets/SpaceSkies Free/Skybox_2/Textures/4K_Resolution/Back_4K_TEX.png' with importer (TextureImporter)
Imported 'GUID: 1886fe84c8912234586d4423d3439af7' -> (Import Result ID: 'f4ed647c5e05479d30ac10282b86cb64') in 0.797 seconds [static and dynamic dependencies]. Details - ImportResultOutputID=3a19aeba27e5a4126b774ed9baa6aba2 DependenciesID=f76d780eaf85636671b2765ef56bd350 StaticDependenciesID=f392d7209eb74b3fdfe9844668768cda 
Importing 'GUID: 68fd53fc5d2a60d4faebe6a65d52793f - Path: Assets/SpaceSkies Free/Skybox_1/Textures/1K_Resolution/Up_1K_TEX.png' with importer (TextureImporter)
Imported 'GUID: 68fd53fc5d2a60d4faebe6a65d52793f' -> (Import Result ID: '7e8bc01a93f4d5fc0be73a5ac348ad0c') in 0.057 seconds [static and dynamic dependencies]. Details - ImportResultOutputID=a05e5d679abeeecdc56f7cf44cf56307 DependenciesID=7f5d6cb915a231c467e3fc8161009bfe StaticDependenciesID=c8e9ad4050debf3f30283523c7a628ac 
Importing 'GUID: 985fa1ea9fecfaf469918bae7e557416 - Path: Assets/SpaceSkies Free/Skybox_1/Textures/4K_Resolution/Right_4K_TEX.png' with importer (TextureImporter)
Imported 'GUID: 985fa1ea9fecfaf469918bae7e557416' -> (Import Result ID: 'ab3e2c8b193419de88402e379ec203d6') in 0.525 seconds [static and dynamic dependencies]. Details - ImportResultOutputID=1d876ad0047a65d3b3fc18ce5c4db778 DependenciesID=d408a4bc0d34ca47599b21da2e8de182 StaticDependenciesID=28bf2b3205e6bac19e29e83f8d1a0f8e 
Importing 'GUID: 49a8bdde5f42613408b38567bd620391 - Path: Assets/SpaceSkies Free/Skybox_3/Textures/4K_Resolution/Up_4K_TEX.png' with importer (TextureImporter)
Imported 'GUID: 49a8bdde5f42613408b38567bd620391' -> (Import Result ID: '41b6b7341d133208e90f764673f9f618') in 0.419 seconds [static and dynamic dependencies]. Details - ImportResultOutputID=044d6c52d4342363872070efd679ebc7 DependenciesID=8a72996278f15b2055e617f60fd0bfa6 StaticDependenciesID=c04771e93e85414c560bd68a24296db8 
Importing 'GUID: d993ced003ce4db428db820c5408c06c - Path: Assets/SpaceSkies Free/Skybox_2/Textures/1K_Resolution/Left_1K_TEX.png' with importer (TextureImporter)
Imported 'GUID: d993ced003ce4db428db820c5408c06c' -> (Import Result ID: '89c0696ae0308e951966bc3026f8fd72') in 0.055 seconds [static and dynamic dependencies]. Details - ImportResultOutputID=28756e672d4999ccb83ffd2c176bd954 DependenciesID=6eb2766f9870da9d3df56e434f0c0a9c StaticDependenciesID=e36d4fe9f2ed405ece59634427e1213f 
Importing 'GUID: 1aa1cb2acaa1a0944b8d6106ee3b10c5 - Path: Assets/SpaceSkies Free/Skybox_2/Textures/2K_Resolution/Down_2K_TEX.png' with importer (TextureImporter)
Imported 'GUID: 1aa1cb2acaa1a0944b8d6106ee3b10c5' -> (Import Result ID: '03d665da87e5f91e3e6baa179650b455') in 0.221 seconds [static and dynamic dependencies]. Details - ImportResultOutputID=4dd837dce6b98f512d76927ce92f4005 DependenciesID=7e57ccced9f069ab3cc52d3838562c86 StaticDependenciesID=8b9b379b1bb4cd8462c4fa0182606fd4 
Importing 'GUID: 4a641c129d021924b96b754f3ee37f14 - Path: Assets/SpaceSkies Free/Skybox_3/Textures/2K_Resolution/Left_2K_TEX.png' with importer (TextureImporter)
Imported 'GUID: 4a641c129d021924b96b754f3ee37f14' -> (Import Result ID: '5e231b9c1dfc016f4ec796f715583a9a') in 0.129 seconds [static and dynamic dependencies]. Details - ImportResultOutputID=f8b4f3a263910f0d5157ab336b8052fd DependenciesID=6813ec6a8f8949f497051e1d7f05d454 StaticDependenciesID=199003b302edd814798d6a4ed14574f7 
Importing 'GUID: 7a664615cc2deb54683d055292b815d3 - Path: Assets/SpaceSkies Free/Skybox_2/Textures/2K_Resolution/Front_2K_TEX.png' with importer (TextureImporter)
Imported 'GUID: 7a664615cc2deb54683d055292b815d3' -> (Import Result ID: 'acb8034d5ff72cbf7f4406f9496e72e3') in 0.230 seconds [static and dynamic dependencies]. Details - ImportResultOutputID=057f95f697cf4afa57e67ab0e3d08862 DependenciesID=f8cb02f5153c0bfef99022893afecb6e StaticDependenciesID=27b174c71178ba4b07a8243db0fe19ab 
Importing 'GUID: 7abd0ba876d3eec47a97c7aadc380210 - Path: Assets/SpaceSkies Free/Skybox_3/Textures/2K_Resolution/Back_2K_TEX.png' with importer (TextureImporter)
Imported 'GUID: 7abd0ba876d3eec47a97c7aadc380210' -> (Import Result ID: 'a8027f681f5e830bce54f20b91a567b7') in 0.167 seconds [static and dynamic dependencies]. Details - ImportResultOutputID=e9a612b757ccd99361a9f30e7ed9575c DependenciesID=00786f3f033d37df47f3e179789d865d StaticDependenciesID=0a59b6a6a9812434630fa2df455fb07d 
Importing 'GUID: ea75323f20e3eaa4ea6cd5ae9763e5bd - Path: Assets/SpaceSkies Free/Skybox_1/Textures/4K_Resolution/Back_4K_TEX.png' with importer (TextureImporter)
Imported 'GUID: ea75323f20e3eaa4ea6cd5ae9763e5bd' -> (Import Result ID: '903f9ae5ce179ad2be9aa9fb93bc04f3') in 0.577 seconds [static and dynamic dependencies]. Details - ImportResultOutputID=31374ce383395c9ed4ef337edb0c0bb0 DependenciesID=40eb35e432df503e6b06e8834d1cd4df StaticDependenciesID=e826c0b1804b1cb0072a3fa8c08092ed 
Importing 'GUID: 3bd9a2ba233530b46b8e292ebf4c91de - Path: Assets/SpaceSkies Free/Skybox_3/Textures/2K_Resolution/Down_2K_TEX.png' with importer (TextureImporter)
Imported 'GUID: 3bd9a2ba233530b46b8e292ebf4c91de' -> (Import Result ID: '7c599a14142ca24b20e3faef2a9af015') in 0.154 seconds [static and dynamic dependencies]. Details - ImportResultOutputID=33243cd2032ad709615827a38ef1647a DependenciesID=a9d778a4c88de801a0620061abddcb1f StaticDependenciesID=a1dc2dbcbc0088031d723bedf12dea2d 
Importing 'GUID: 5ba8a898ec67759488dd22b585643d63 - Path: Assets/SpaceSkies Free/Skybox_2/Textures/4K_Resolution/Up_4K_TEX.png' with importer (TextureImporter)
Imported 'GUID: 5ba8a898ec67759488dd22b585643d63' -> (Import Result ID: '9e7b99a16d0690cb1c9b92378f3aef2f') in 0.884 seconds [static and dynamic dependencies]. Details - ImportResultOutputID=74eeb5e873ab56f2d9a91a300ebdaf90 DependenciesID=7e1e23f1e4743dcd1cf48387ad9d0d9a StaticDependenciesID=681a070291af41c5813caf8abf6c2e4f 
Importing 'GUID: 9ce30f16c60a000408fcdd7875fa11a7 - Path: Assets/SpaceSkies Free/Skybox_2/Textures/2K_Resolution/Left_2K_TEX.png' with importer (TextureImporter)
Imported 'GUID: 9ce30f16c60a000408fcdd7875fa11a7' -> (Import Result ID: '7413d1871630a5389e91a5b309ea7082') in 0.202 seconds [static and dynamic dependencies]. Details - ImportResultOutputID=9f40a8b3595a37d7100e177245ccb253 DependenciesID=c88e9183c66dbb82447cdbf98ce57317 StaticDependenciesID=6e549ccad0f98cdeac8494ad766a63f1 
Importing 'GUID: fcc68c2cbd648c943a4a182eb75c5aec - Path: Assets/SpaceSkies Free/Skybox_1/Textures/2K_Resolution/Down_2K_TEX.png' with importer (TextureImporter)
Imported 'GUID: fcc68c2cbd648c943a4a182eb75c5aec' -> (Import Result ID: 'be71b20f2ce3e74b0c118bc64ed5e1c3') in 0.239 seconds [static and dynamic dependencies]. Details - ImportResultOutputID=071a4990b5ac6a9d02cc7401a683b899 DependenciesID=4846b3377c5c0d28be388eeddcf8284e StaticDependenciesID=d2a5d6e1af87d83d7c6f9babac7a7a37 
Importing 'GUID: 0d75254716c4d2944b355b0ac02b2f06 - Path: Assets/SpaceSkies Free/Skybox_3/Textures/4K_Resolution/Left_4K_TEX.png' with importer (TextureImporter)
Imported 'GUID: 0d75254716c4d2944b355b0ac02b2f06' -> (Import Result ID: '8f54f676fb5c67fb8a2b14385295f946') in 0.512 seconds [static and dynamic dependencies]. Details - ImportResultOutputID=c9cc6d60f65776012b8d45b57101b030 DependenciesID=5beaf2612317d664bdb5be8e211d8fa2 StaticDependenciesID=3f25a554ef38bfda4ec3375b1091bc40 
Importing 'GUID: 0df7cac303be5da4b8a48d3fef142f03 - Path: Assets/SpaceSkies Free/Skybox_1/Textures/4K_Resolution/Left_4K_TEX.png' with importer (TextureImporter)
Imported 'GUID: 0df7cac303be5da4b8a48d3fef142f03' -> (Import Result ID: '85ae707830ba87539e55088454eb8840') in 0.777 seconds [static and dynamic dependencies]. Details - ImportResultOutputID=b7cf324f97e8dcfca24f4c1a9af5a0a9 DependenciesID=f02a3149120cb19348c93cd8515a7d13 StaticDependenciesID=bbbc69a7e94b20b5470a51a6b92eaff0 
Importing 'GUID: 2daf11d2089545f42aa9216c3b59130f - Path: Assets/SpaceSkies Free/Skybox_1/Textures/2K_Resolution/Front_2K_TEX.png' with importer (TextureImporter)
Imported 'GUID: 2daf11d2089545f42aa9216c3b59130f' -> (Import Result ID: 'd2cb6bdfedffa0f2f95376273186d23e') in 0.243 seconds [static and dynamic dependencies]. Details - ImportResultOutputID=95d6b7a621ad3ca0a76d860ffaa7c23d DependenciesID=505e22b61406089f10ddc07e88eda8cc StaticDependenciesID=5c624f33dc6ffc7d6df52b6ab58c5977 
Importing 'GUID: 8d89aa73e7a8ffa449bc080309db1c3c - Path: Assets/SpaceSkies Free/Skybox_2/Textures/4K_Resolution/Down_4K_TEX.png' with importer (TextureImporter)
Imported 'GUID: 8d89aa73e7a8ffa449bc080309db1c3c' -> (Import Result ID: 'ebe45bddaf20e48581d449ce4060272e') in 0.880 seconds [static and dynamic dependencies]. Details - ImportResultOutputID=e333d9f32f87e4fdfa2c727a31291ab6 DependenciesID=58eb2f549276d7689315400206850048 StaticDependenciesID=9c4149eaade46d90571d57920d9ab6c2 
Importing 'GUID: 4e305140e2a136c449648e67d9b747fc - Path: Assets/SpaceSkies Free/Skybox_1/Textures/2K_Resolution/Left_2K_TEX.png' with importer (TextureImporter)
Imported 'GUID: 4e305140e2a136c449648e67d9b747fc' -> (Import Result ID: '49c657859bd3fc1c98cc5301d488f33a') in 0.240 seconds [static and dynamic dependencies]. Details - ImportResultOutputID=422f8b0290025ddffe8aecfb7397ef9e DependenciesID=50c3922fb7f0e6467c87ae7b2af8be49 StaticDependenciesID=5ae033b371a795d57cc8e072afe24a60 
Importing 'GUID: de08a4479f1bab54f83be26de404f384 - Path: Assets/SpaceSkies Free/Skybox_2/Textures/1K_Resolution/Up_1K_TEX.png' with importer (TextureImporter)
Imported 'GUID: de08a4479f1bab54f83be26de404f384' -> (Import Result ID: 'dddc2204c4cd1cd0521c49dd1784aac8') in 0.057 seconds [static and dynamic dependencies]. Details - ImportResultOutputID=7b66e1067166756b5f29997ef0c540ec DependenciesID=f046a2608eb9bc5763b1aeb8615bfe68 StaticDependenciesID=a11fc91cc10861f272464d1da698df77 
Importing 'GUID: fe22252f676c6a04086f8e0692f39878 - Path: Assets/SpaceSkies Free/Skybox_3/Textures/2K_Resolution/Up_2K_TEX.png' with importer (TextureImporter)
Imported 'GUID: fe22252f676c6a04086f8e0692f39878' -> (Import Result ID: '48f771689a17ac1b049f648fdd01ad03') in 0.173 seconds [static and dynamic dependencies]. Details - ImportResultOutputID=30abed97a1332748fe9fcdd185d67bb9 DependenciesID=a12fa375b7c8d7ad3eb2939b938546e1 StaticDependenciesID=a15f7e06952bc489215ffa3a2ecf1df1 
Importing 'GUID: 0f0052075ea2b254cb5a17bca8f04edb - Path: Assets/SpaceSkies Free/Skybox_1/Textures/2K_Resolution/Right_2K_TEX.png' with importer (TextureImporter)
Imported 'GUID: 0f0052075ea2b254cb5a17bca8f04edb' -> (Import Result ID: 'bd9674e18f8348987a3a02572366efd2') in 0.230 seconds [static and dynamic dependencies]. Details - ImportResultOutputID=e8ff73f3003013e84cf9c44c9ee7a211 DependenciesID=5d3e225cea27215c370b57028ab43630 StaticDependenciesID=95222b5e15f38b4340c34a6c56ecd6c7 
Importing 'GUID: 3f3332868f90d9247ba60a10ab3edf8f - Path: Assets/SpaceSkies Free/Skybox_1/Textures/4K_Resolution/Down_4K_TEX.png' with importer (TextureImporter)
Imported 'GUID: 3f3332868f90d9247ba60a10ab3edf8f' -> (Import Result ID: 'a8645246c0bb6297c7c3b431079d5c88') in 0.784 seconds [static and dynamic dependencies]. Details - ImportResultOutputID=06cfc180823f0ddec78b1f843139c6cd DependenciesID=d8c6d1c490ebdd4ddefa2d1a0cd7c033 StaticDependenciesID=e15596e8ec178730d2b538323ef71caf 
Importing 'GUID: 7f70ef9b5ccc29d499ca59165e47fb77 - Path: Assets/SpaceSkies Free/Skybox_2/Textures/1K_Resolution/Back_1K_TEX.png' with importer (TextureImporter)
Imported 'GUID: 7f70ef9b5ccc29d499ca59165e47fb77' -> (Import Result ID: '17d852204a1d154b147e2b4c80f50bd0') in 0.059 seconds [static and dynamic dependencies]. Details - ImportResultOutputID=018610659b66a3ed2b78fe743e0e4afe DependenciesID=10873198cb9edb7a72f09683bf0c8148 StaticDependenciesID=de7fda0135714203bc1ef632a75a06d9 
Importing 'GUID: 7f2abb6c41baed84a8eb41adc730dd6d - Path: Assets/SpaceSkies Free/Skybox_2/Textures/4K_Resolution/Right_4K_TEX.png' with importer (TextureImporter)
Imported 'GUID: 7f2abb6c41baed84a8eb41adc730dd6d' -> (Import Result ID: '304d602a9e87c2931aa310b52ab22af2') in 0.719 seconds [static and dynamic dependencies]. Details - ImportResultOutputID=e6f46e1a74eacaedda9b77b7a848b1a9 DependenciesID=5c034622e51ef8d5b1b0db7845a7eb73 StaticDependenciesID=e449197f2658b37715f9ab3b4c22b974 
Importing 'GUID: b13109bc4674dd24ebc04b7c12437ad6 - Path: Assets/SpaceSkies Free/Skybox_2/Green_4K_Resolution.mat' with importer (NativeFormatImporter)
Serialized files [version 17] before 2019.1 are deprecated. Open and re-save the file: "Assets/SpaceSkies Free/Skybox_2/Green_4K_Resolution.mat"
Imported 'GUID: b13109bc4674dd24ebc04b7c12437ad6' -> (Import Result ID: '70d2af01a26ca18999d530d5f93960d0') in 0.012 seconds [static dependencies only]. Details - ImportResultOutputID=230680dad5c4b7bf3c9dc0132c72d7dd DependenciesID=88942177b293fcfab29ec2157b046437 StaticDependenciesID=6b74c34aea3b649a99716bef30d63946 
Importing 'GUID: 246d4b1ad4a63004d8fcf3949494e5b3 - Path: Assets/SpaceSkies Free/Skybox_3/Purple_2K_Resolution.mat' with importer (NativeFormatImporter)
Serialized files [version 17] before 2019.1 are deprecated. Open and re-save the file: "Assets/SpaceSkies Free/Skybox_3/Purple_2K_Resolution.mat"
Imported 'GUID: 246d4b1ad4a63004d8fcf3949494e5b3' -> (Import Result ID: 'd630c5528d157cfdbf98891b0c80f777') in 0.004 seconds [static dependencies only]. Details - ImportResultOutputID=93f43895715b9e7c848d209f9f397ae2 DependenciesID=ffbc44d3155de74df3623d5401c3407b StaticDependenciesID=8d263ac00a440e11800de8e741f6ab69 
Importing 'GUID: 8401881fcb9afd34eb383fc90bbbbddc - Path: Assets/SpaceSkies Free/Skybox_1/Pink_4K_Resolution.mat' with importer (NativeFormatImporter)
Serialized files [version 17] before 2019.1 are deprecated. Open and re-save the file: "Assets/SpaceSkies Free/Skybox_1/Pink_4K_Resolution.mat"
Imported 'GUID: 8401881fcb9afd34eb383fc90bbbbddc' -> (Import Result ID: 'a28c7a06a81c1a8e74ef195e320fa4ba') in 0.003 seconds [static dependencies only]. Details - ImportResultOutputID=7637e213f03bf5686677a0da4c440414 DependenciesID=4c9fd6bd66a5b64caa556d53e5f993a7 StaticDependenciesID=bcf1fa874ac7e4ebf238092ed6a9605d 
Importing 'GUID: 7532f699e134c3547b373487f6b4d57f - Path: Assets/SpaceSkies Free/Skybox_2/Green_1K_Resolution.mat' with importer (NativeFormatImporter)
Serialized files [version 17] before 2019.1 are deprecated. Open and re-save the file: "Assets/SpaceSkies Free/Skybox_2/Green_1K_Resolution.mat"
Imported 'GUID: 7532f699e134c3547b373487f6b4d57f' -> (Import Result ID: '9c314932881c9025289c9777be80a49e') in 0.004 seconds [static dependencies only]. Details - ImportResultOutputID=c0a7abaf3ddff33098826d89118e0509 DependenciesID=3dca75cddfdade389af5483a52d1c746 StaticDependenciesID=ab6367aa751b22f6533d53e30063be6a 
Importing 'GUID: 95ebf50189f880e4aa17c4fdba9007aa - Path: Assets/SpaceSkies Free/Skybox_3/Purple_4K_Resolution.mat' with importer (NativeFormatImporter)
Serialized files [version 17] before 2019.1 are deprecated. Open and re-save the file: "Assets/SpaceSkies Free/Skybox_3/Purple_4K_Resolution.mat"
Imported 'GUID: 95ebf50189f880e4aa17c4fdba9007aa' -> (Import Result ID: 'ea40edad6c5699968c9d037346bf9829') in 0.004 seconds [static dependencies only]. Details - ImportResultOutputID=aa389373545f9ddb3576c172eba0f311 DependenciesID=ff6a051dbd764895fca5ce290030dbd1 StaticDependenciesID=8da1f9b35bac0cb2131ae22ea267720d 
Importing 'GUID: 269967744bbed1849a317b8175dc3f43 - Path: Assets/SpaceSkies Free/Skybox_2/Green_2K_Resoution.mat' with importer (NativeFormatImporter)
Serialized files [version 17] before 2019.1 are deprecated. Open and re-save the file: "Assets/SpaceSkies Free/Skybox_2/Green_2K_Resoution.mat"
Imported 'GUID: 269967744bbed1849a317b8175dc3f43' -> (Import Result ID: 'c129341485407bca59558cbfac6b0916') in 0.003 seconds [static dependencies only]. Details - ImportResultOutputID=cddeca3144bbdb6f41e08f7e98ff77ab DependenciesID=fd196cdf5667a023499a5aa823d3fe88 StaticDependenciesID=8f53ea48968ae82d1ddd2e3e653e1660 
Importing 'GUID: 697dcc1a69e1a2c4ea5db483875ede85 - Path: Assets/SpaceSkies Free/Skybox_3/Purple_1K_Resolution.mat' with importer (NativeFormatImporter)
Serialized files [version 17] before 2019.1 are deprecated. Open and re-save the file: "Assets/SpaceSkies Free/Skybox_3/Purple_1K_Resolution.mat"
Imported 'GUID: 697dcc1a69e1a2c4ea5db483875ede85' -> (Import Result ID: '83a671a92c7554a4467219029fde28c0') in 0.004 seconds [static dependencies only]. Details - ImportResultOutputID=a05b9c75947081efdb0d8ba8a33f7819 DependenciesID=c9aa1f1679432137497cbcf25b84b30a StaticDependenciesID=b96859d4071d02bc9079d0a1094a1bd8 
Importing 'GUID: 3e8bc5155c4c9ed46a63ac64c06408f3 - Path: Assets/SpaceSkies Free/Skybox_1/Pink_1K_Resolution.mat' with importer (NativeFormatImporter)
Serialized files [version 17] before 2019.1 are deprecated. Open and re-save the file: "Assets/SpaceSkies Free/Skybox_1/Pink_1K_Resolution.mat"
Imported 'GUID: 3e8bc5155c4c9ed46a63ac64c06408f3' -> (Import Result ID: 'fd63d176baae099dba5fcf57f9ab41ff') in 0.003 seconds [static dependencies only]. Details - ImportResultOutputID=ea71968608a229233bed7225d8da3386 DependenciesID=86976bd0bb6f3e3cfa873d6f16e72312 StaticDependenciesID=600764a3231886d76393ceb6bf87a873 
Importing 'GUID: 9f69d571a9cb54943b5a80ccd6b19e96 - Path: Assets/SpaceSkies Free/Skybox_1/Pink_2K_Resolution.mat' with importer (NativeFormatImporter)
Serialized files [version 17] before 2019.1 are deprecated. Open and re-save the file: "Assets/SpaceSkies Free/Skybox_1/Pink_2K_Resolution.mat"
Imported 'GUID: 9f69d571a9cb54943b5a80ccd6b19e96' -> (Import Result ID: '5759db28c70330978c5b1861012be987') in 0.003 seconds [static dependencies only]. Details - ImportResultOutputID=77ab16997a8635c23f42d77331490d6f DependenciesID=e66b6daef1eb5b79a448da6a6ba26c4c StaticDependenciesID=382fc40062aa2cedf8f6c4486c118d45 
Serialized files [version 17] before 2019.1 are deprecated. Open and re-save the file: "Assets/SpaceSkies Free/Skybox_1/Pink_1K_Resolution.mat"
Serialized files [version 17] before 2019.1 are deprecated. Open and re-save the file: "Assets/SpaceSkies Free/Skybox_1/Pink_4K_Resolution.mat"
Serialized files [version 17] before 2019.1 are deprecated. Open and re-save the file: "Assets/SpaceSkies Free/Skybox_1/Pink_2K_Resolution.mat"
Serialized files [version 17] before 2019.1 are deprecated. Open and re-save the file: "Assets/SpaceSkies Free/Demo/DemoScene.unity"
Serialized files [version 17] before 2019.1 are deprecated. Open and re-save the file: "Assets/SpaceSkies Free/Skybox_2/Green_4K_Resolution.mat"
Serialized files [version 17] before 2019.1 are deprecated. Open and re-save the file: "Assets/SpaceSkies Free/Skybox_3/Purple_4K_Resolution.mat"
Serialized files [version 17] before 2019.1 are deprecated. Open and re-save the file: "Assets/SpaceSkies Free/Skybox_3/Purple_1K_Resolution.mat"
Serialized files [version 17] before 2019.1 are deprecated. Open and re-save the file: "Assets/SpaceSkies Free/Skybox_2/Green_1K_Resolution.mat"
Serialized files [version 17] before 2019.1 are deprecated. Open and re-save the file: "Assets/SpaceSkies Free/Skybox_2/Green_2K_Resoution.mat"
Serialized files [version 17] before 2019.1 are deprecated. Open and re-save the file: "Assets/SpaceSkies Free/Skybox_3/Purple_2K_Resolution.mat"
Opening scene 'Assets/SpaceSkies Free/Demo/DemoScene.unity'
Unloading 0 Unused Serialized files (Serialized files now loaded: 0)
Problem detected while opening the Scene file: 'Assets/SpaceSkies Free/Demo/DemoScene.unity'.
Check the following logs for more details.
Component at index 3 could not be loaded when loading game object 'Look_Camera'. Removing it.
Loaded scene 'Assets/SpaceSkies Free/Demo/DemoScene.unity'
	Deserialize:            19.490 ms
	Integration:            349.993 ms
	Integration of assets:  0.286 ms
	Thread Wait Time:       0.127 ms
	Total Operation Time:   369.895 ms
Unloading 66 unused Assets / (0.6 MB). Loaded Objects now: 9124.
Memory consumption went from 1.08 GB to 1.07 GB.
Total: 31.536600 ms (FindLiveObjects: 1.208300 ms CreateObjectMapping: 2.202500 ms MarkObjects: 22.126600 ms  DeleteObjects: 5.832600 ms)

Serialized files [version 17] before 2019.1 are deprecated. Open and re-save the file: "Assets/SpaceSkies Free/Demo/DemoScene.unity"
Unloading 4 Unused Serialized files (Serialized files now loaded: 0)
Loaded scene 'Temp/__Backupscenes/0.backup'
	Deserialize:            14.762 ms
	Integration:            328.307 ms
	Integration of assets:  0.728 ms
	Thread Wait Time:       0.107 ms
	Total Operation Time:   343.905 ms
Unloading 14 unused Assets / (146.8 KB). Loaded Objects now: 9148.
Memory consumption went from 1.07 GB to 1.07 GB.
Total: 18.652600 ms (FindLiveObjects: 0.947600 ms CreateObjectMapping: 1.854100 ms MarkObjects: 15.371900 ms  DeleteObjects: 0.476800 ms)

Importing 'GUID: 47cd513b8c4397e4ca272a1ff269d933 - Path: Assets/SpaceSkies Free/Demo/DemoScene.unity' with importer (DefaultImporter)
Imported 'GUID: 47cd513b8c4397e4ca272a1ff269d933' -> (Import Result ID: '0901ef31df302fb7909dc1541d380f7d') in 0.002 seconds [static dependencies only]. Details - ImportResultOutputID=292c22aada921d4d52f8a2fe9948e5fd DependenciesID=421966ffd2ca609357a02ea7e35491f6 StaticDependenciesID=666600bb6215d869fcc2250c758b3288 
Importing 'GUID: 01672ed3257d8b64d8529faaeae7b425 - Path: Assets/SpaceSkies Free/Demo/DemoSceneSettings.lighting' with importer (NativeFormatImporter)
LightingSettings: switching bake backend from 2 to 1.
Imported 'GUID: 01672ed3257d8b64d8529faaeae7b425' -> (Import Result ID: '8607b30a901b1701a6142c30540ccaba') in 0.004 seconds [static dependencies only]. Details - ImportResultOutputID=de88fee3b5e874a8d4469499e7987bfc DependenciesID=74bd60cb9940dcd18d79382be0f6727c StaticDependenciesID=aa1da4364ae3e4a452ba31954891986d 
Importing 'GUID: b13109bc4674dd24ebc04b7c12437ad6 - Path: Assets/SpaceSkies Free/Skybox_2/Green_4K_Resolution.mat' with importer (NativeFormatImporter)
Imported 'GUID: b13109bc4674dd24ebc04b7c12437ad6' -> (Import Result ID: '2a4a06f65127d14822fc6b387ccea6d6') in 0.003 seconds [static dependencies only]. Details - ImportResultOutputID=230680dad5c4b7bf3c9dc0132c72d7dd DependenciesID=02de66af3e22d70e377db160ce6354f6 StaticDependenciesID=5bcd483cb538ec8b1cf2452beb486107 
Importing 'GUID: 246d4b1ad4a63004d8fcf3949494e5b3 - Path: Assets/SpaceSkies Free/Skybox_3/Purple_2K_Resolution.mat' with importer (NativeFormatImporter)
Imported 'GUID: 246d4b1ad4a63004d8fcf3949494e5b3' -> (Import Result ID: '8bef2651d300b8fc732c85d420272423') in 0.002 seconds [static dependencies only]. Details - ImportResultOutputID=93f43895715b9e7c848d209f9f397ae2 DependenciesID=af72b50737649e1db1cfb224dc76c23d StaticDependenciesID=27c1132c0aa56ae5e671fe80b7eb427b 
Importing 'GUID: 8401881fcb9afd34eb383fc90bbbbddc - Path: Assets/SpaceSkies Free/Skybox_1/Pink_4K_Resolution.mat' with importer (NativeFormatImporter)
Imported 'GUID: 8401881fcb9afd34eb383fc90bbbbddc' -> (Import Result ID: 'f44142adf203d427635feb145f7e6c3d') in 0.002 seconds [static dependencies only]. Details - ImportResultOutputID=7637e213f03bf5686677a0da4c440414 DependenciesID=80aabc8d8c902b5b185aa03288395953 StaticDependenciesID=998a452613a7724466ef73fb87779de4 
Importing 'GUID: 7532f699e134c3547b373487f6b4d57f - Path: Assets/SpaceSkies Free/Skybox_2/Green_1K_Resolution.mat' with importer (NativeFormatImporter)
Imported 'GUID: 7532f699e134c3547b373487f6b4d57f' -> (Import Result ID: 'aeaac976665e3ef7162e6499319ed947') in 0.002 seconds [static dependencies only]. Details - ImportResultOutputID=c0a7abaf3ddff33098826d89118e0509 DependenciesID=4d0bcb7d10afcd48cac470e03fb50e5a StaticDependenciesID=5462979d6a86f352a841c7b9a46b9016 
Importing 'GUID: 95ebf50189f880e4aa17c4fdba9007aa - Path: Assets/SpaceSkies Free/Skybox_3/Purple_4K_Resolution.mat' with importer (NativeFormatImporter)
Imported 'GUID: 95ebf50189f880e4aa17c4fdba9007aa' -> (Import Result ID: '85108d0cef0564f7ec6a51ccc58e77cc') in 0.002 seconds [static dependencies only]. Details - ImportResultOutputID=aa389373545f9ddb3576c172eba0f311 DependenciesID=c50b9072820fda50fce32c2871c712b6 StaticDependenciesID=390260e6cf5f7e327815df7cc33db505 
Importing 'GUID: 269967744bbed1849a317b8175dc3f43 - Path: Assets/SpaceSkies Free/Skybox_2/Green_2K_Resoution.mat' with importer (NativeFormatImporter)
Imported 'GUID: 269967744bbed1849a317b8175dc3f43' -> (Import Result ID: 'f73b524a4adf9f1defea662d90fd72c8') in 0.003 seconds [static dependencies only]. Details - ImportResultOutputID=cddeca3144bbdb6f41e08f7e98ff77ab DependenciesID=e2617c4953674664a2a940e596899f70 StaticDependenciesID=18bbbba5b5d848e4f2b255bddda0e981 
Importing 'GUID: 697dcc1a69e1a2c4ea5db483875ede85 - Path: Assets/SpaceSkies Free/Skybox_3/Purple_1K_Resolution.mat' with importer (NativeFormatImporter)
Imported 'GUID: 697dcc1a69e1a2c4ea5db483875ede85' -> (Import Result ID: '7ea51ad10e27758f4f3e0e27acf594ab') in 0.003 seconds [static dependencies only]. Details - ImportResultOutputID=a05b9c75947081efdb0d8ba8a33f7819 DependenciesID=64c7399b357ea31b60975bd2175275c0 StaticDependenciesID=c620472713464addea20d2d712022659 
Importing 'GUID: 3e8bc5155c4c9ed46a63ac64c06408f3 - Path: Assets/SpaceSkies Free/Skybox_1/Pink_1K_Resolution.mat' with importer (NativeFormatImporter)
Imported 'GUID: 3e8bc5155c4c9ed46a63ac64c06408f3' -> (Import Result ID: '61d9f10a20f366f9a974ded086d09933') in 0.005 seconds [static dependencies only]. Details - ImportResultOutputID=ea71968608a229233bed7225d8da3386 DependenciesID=14e83a045bbff5f8b4e8d20484ca2717 StaticDependenciesID=f9290b794cc20ccac5731973272acf51 
Importing 'GUID: 9f69d571a9cb54943b5a80ccd6b19e96 - Path: Assets/SpaceSkies Free/Skybox_1/Pink_2K_Resolution.mat' with importer (NativeFormatImporter)
Imported 'GUID: 9f69d571a9cb54943b5a80ccd6b19e96' -> (Import Result ID: 'a6c5cfbf5a1452c99ed64dfb46c0c7fd') in 0.007 seconds [static dependencies only]. Details - ImportResultOutputID=77ab16997a8635c23f42d77331490d6f DependenciesID=04c65936b96ba605cf32633a6c9125ba StaticDependenciesID=7d0f129ba81d031f6a4563fa526cba67 
[Licensing::Client] Successfully resolved entitlement details
Refreshing native plugins compatible for Editor in 2.21 ms, found 4 plugins.

Asset Pipeline Refresh (id=8072a57391f97e748926130d773580da): Total: 35.598 seconds - Initiated by RefreshV2(ForceSynchronousImport)
	(Values over 0.05ms)
	Summary:
		Imports: total=92 (actual=92, local cache=0, cache server=0)
		Asset DB Process Time: managed=32 ms, native=23314 ms
		Asset DB Callback time: managed=662 ms, native=28 ms
		Scripting: domain reloads=1, domain reload time=5463 ms, compile time=6097 ms, other=0 ms
		Project Asset Count: scripts=1392, non-scripts=2427
		Asset File Changes: new=85, changed=95, moved=0, deleted=0
		Scan Filter Count: 0
	InvokePackagesCallback: 5.781ms
	ApplyChangesToAssetFolders: 1.164ms
	Scan: 186.785ms
	Collect global state as custom dependencies: 10.886ms
	OnSourceAssetsModified: 2.797ms
	CategorizeScriptCompilationAssets: 1.069ms
	ProcessAssetsWithTransientArtifactChanges: 14.464ms
	CategorizeAssets: 209.268ms
	CompileScripts: 6096.513ms
	ImportOutOfDateAssets: 22628.301ms (5664.748ms without children)
		ImportManagerImport: 16852.211ms (20.089ms without children)
			UpdateCategorizedAssets: 1.177ms
		CollectScriptTypesHashes: 5.051ms
		ReloadNativeAssets: 1.398ms
		UnloadImportedAssets: 1.054ms
		EnsureUptoDateAssetsAreRegisteredWithGuidPM: 2.462ms
		ImportSchedulerStart: 106.309ms
	PostProcessAllAssets: 676.268ms
		XRBuildSystem.XRAssetImported 7.637ms
		VersionControlSettings.HiddenFilePostprocess 4.858ms
		PostprocessAssetsUpdateCachedIcon 0.679ms
		PostProcessCallbackCreateDeferredMaterials 0.650ms
		ShaderAssetModifiedCallback 0.293ms
		RaytracingShaderImportPostprocess 0.236ms
		LocalizationDatabase.AssetDatabasePostprocessCallback 0.160ms
		Canvas.OnAllAssetImport 0.153ms
		ComputeShaderImportPostprocess 0.146ms
		SpeedTreeImporter.PostprocessAllAssets 0.140ms
		AssemblyValidation.PostprocessAllAssets 0.122ms
		BlockShaderImporter.PostprocessAllAssets 0.114ms
		MonoPostProcessAllAssets: 655.274ms
			SyncVS.PostprocessSyncProject 406.303ms
			AssetPostprocessor.OnPostprocessAllAssets 85.294ms
			BuilderAssetPostprocessor.OnPostprocessAllAssets 30.815ms
			UniversalRenderPipelineGlobalSettingsPostprocessor.OnPostprocessAllAssets 24.872ms
			AssetChangedListener.OnPostprocessAllAssets 16.385ms
			ShaderGraphAssetPostProcessor.OnPostprocessAllAssets 9.874ms
			WindowAssetPostprocessingWatcher.OnPostprocessAllAssets 4.683ms
			SpeedTree9Postprocessor.OnPostprocessAllAssets 4.573ms
			RetainedModeAssetPostprocessor.OnPostprocessAllAssets 2.944ms
			MaterialPostprocessor.OnPostprocessAllAssets 2.775ms
			RenderPipelineGlobalSettingsPostprocessor.OnPostprocessAllAssets 2.366ms
			ProjectSettingsPostprocessor.OnPostprocessAllAssets 1.911ms
			ArtifactBrowserPostProcessor.OnPostprocessAllAssets 1.731ms
			PostProcessor.OnPostprocessAllAssets 1.642ms
			TextAssetPostProcessor.OnPostprocessAllAssets 1.608ms
			EditModeScopePostprocessor.OnPostprocessAllAssets 1.584ms
			InputActionJsonNameModifierAssetProcessor.OnPostprocessAllAssets 1.399ms
			SampleDependencyImporterPostProcessor.OnPostprocessAllAssets 1.256ms
			InputActionAssetPostprocessor.OnPostprocessAllAssets 1.202ms
			UVCSAssetPostprocessor.OnPostprocessAllAssets 1.118ms
			ShaderReflectionAssetPostProcessor.OnPostprocessAllAssets 0.778ms
			TMPro_TexturePostProcessor.OnPostprocessAllAssets 0.711ms
			AudioMixerPostprocessor.OnPostprocessAllAssets 0.690ms
			AssetEvents.OnPostprocessAllAssets 0.572ms
			StyleCatalogPostProcessor.OnPostprocessAllAssets 0.568ms
			ReferencedClipsPostProcessor.OnPostprocessAllAssets 0.480ms
			SpeedTreePostProcessor.OnPostprocessAllAssets 0.431ms
			TerrainToolbarOverlayPostProcessor.OnPostprocessAllAssets 0.289ms
			AssetDatabaseCallbacks.OnPostprocessAllAssets 0.284ms
			ConfigAssetsTracker.OnPostprocessAllAssets 0.268ms
			SamplePostprocessor.OnPostprocessAllAssets 0.253ms
			AssetReloadNotifier.OnPostprocessAllAssets 0.246ms
			ScenarioDriftAssetsTracker.OnPostprocessAllAssets 0.237ms
			AudioContainerPostProcessor.OnPostprocessAllAssets 0.225ms
	PostAssetChangesProfiler: 10.873ms
	GatherAllCurrentPrimaryImportResultRevisions: 0.332ms
	UnloadStreamsBegin: 3.937ms
	PersistCurrentRevisions: 2.682ms
	GenerateScriptTypeHashes: 3.858ms
	GenerateScriptTypeSerializationHashes: 6.185ms
	Untracked: 5731.657ms

Asset Pipeline Refresh (id=07424ed9c941b104d8bb87d06eb9ae57): Total: 0.007 seconds - Initiated by RefreshV2(ForceSynchronousImport)
[Licensing::Client] Successfully resolved entitlement details
[Licensing::Client] Successfully resolved entitlement details
Starting new worker id: 3 with log in C:/Users/golfa/Rocket/Logs/AssetImportWorkerHW3.log
Starting new worker id: 4 with log in C:/Users/golfa/Rocket/Logs/AssetImportWorkerHW4.log
[Worker2] Imported GUID: 95ebf50189f880e4aa17c4fdba9007aa - Path: Assets/SpaceSkies Free/Skybox_3/Purple_4K_Resolution.mat - Importer: PreviewImporter -> (ImportResultId: '60a10488b80ba290018e6727bf25233a') in 0.9373625 seconds
[Worker1] Imported GUID: 697dcc1a69e1a2c4ea5db483875ede85 - Path: Assets/SpaceSkies Free/Skybox_3/Purple_1K_Resolution.mat - Importer: PreviewImporter -> (ImportResultId: '9910da3ee27211ccf88695d9dc1e0636') in 0.9805405 seconds
[Worker2] Imported GUID: 3e8bc5155c4c9ed46a63ac64c06408f3 - Path: Assets/SpaceSkies Free/Skybox_1/Pink_1K_Resolution.mat - Importer: PreviewImporter -> (ImportResultId: '66e04c671609fd45ab7b2431f39f0cc1') in 0.1160039 seconds
[Worker1] Imported GUID: 246d4b1ad4a63004d8fcf3949494e5b3 - Path: Assets/SpaceSkies Free/Skybox_3/Purple_2K_Resolution.mat - Importer: PreviewImporter -> (ImportResultId: 'f0ba76325bd7c3b59141ef231f049c93') in 0.0869747 seconds
[Worker2] Imported GUID: 7532f699e134c3547b373487f6b4d57f - Path: Assets/SpaceSkies Free/Skybox_2/Green_1K_Resolution.mat - Importer: PreviewImporter -> (ImportResultId: '82e0404b29ee337f54907efcb6b96b8a') in 0.0571514 seconds
[Worker1] Imported GUID: 8401881fcb9afd34eb383fc90bbbbddc - Path: Assets/SpaceSkies Free/Skybox_1/Pink_4K_Resolution.mat - Importer: PreviewImporter -> (ImportResultId: '504b67f0ac69a480dad73eb5179d986e') in 0.0868764 seconds
[Worker2] Imported GUID: b13109bc4674dd24ebc04b7c12437ad6 - Path: Assets/SpaceSkies Free/Skybox_2/Green_4K_Resolution.mat - Importer: PreviewImporter -> (ImportResultId: '035b33d3f6023b30b662e405c1c151b6') in 0.0857923 seconds
[Worker1] Imported GUID: 269967744bbed1849a317b8175dc3f43 - Path: Assets/SpaceSkies Free/Skybox_2/Green_2K_Resoution.mat - Importer: PreviewImporter -> (ImportResultId: 'a11d720cc12d1b6fa814e965a3f510ff') in 0.0890348 seconds
[Worker2] Imported GUID: 9f69d571a9cb54943b5a80ccd6b19e96 - Path: Assets/SpaceSkies Free/Skybox_1/Pink_2K_Resolution.mat - Importer: PreviewImporter -> (ImportResultId: 'a16a8d51b7a5d880c0a3eb6e4a3d3e5e') in 0.0860624 seconds
Worker ready: AssetImportWorkerHW4 4
Worker ready: AssetImportWorkerHW3 3
[Worker4] Imported GUID: 9a2b23d02abff604bb3b2c8b76ee104b - Path: Assets/SpaceSkies Free/Skybox_1 - Importer: PreviewImporter -> (ImportResultId: '86ff2cb31f9e38bbf0eaf3a5ff84c708') in 0.0375249 seconds
[Worker2] Imported GUID: 52d452284176b2741bc26215319bbb28 - Path: Assets/SpaceSkies Free/Skybox_1/Textures/1K_Resolution/Back_1K_TEX.png - Importer: PreviewImporter -> (ImportResultId: '51bdb59b309a95825ab4715091c7ee37') in 0.0563864 seconds
[Worker1] Imported GUID: 41f70e70af801c8479aa11cebd1babde - Path: Assets/SpaceSkies Free/Skybox_1/Textures/1K_Resolution/Right_1K_TEX.png - Importer: PreviewImporter -> (ImportResultId: 'c9d109b7cefe384758c13b62db772d26') in 0.0598057 seconds
[Worker2] Imported GUID: 68fd53fc5d2a60d4faebe6a65d52793f - Path: Assets/SpaceSkies Free/Skybox_1/Textures/1K_Resolution/Up_1K_TEX.png - Importer: PreviewImporter -> (ImportResultId: '44b573c6d15fa6ffa6cf5597a1b12663') in 0.0303507 seconds
[Worker1] Imported GUID: e6304ed6970a3cf4c833dabb80ee8d29 - Path: Assets/SpaceSkies Free/Skybox_1/Textures/1K_Resolution/Down_1K_TEX.png - Importer: PreviewImporter -> (ImportResultId: 'e43e5ba1cf93b733b86c3a7e32bf8ea3') in 0.030994 seconds
[Worker4] Imported GUID: 94cdbf28af4a2b942b032dd0a5d91221 - Path: Assets/SpaceSkies Free/Skybox_1/Textures/1K_Resolution/Front_1K_TEX.png - Importer: PreviewImporter -> (ImportResultId: 'a7fdcb47c30861362c1ba1c424c5da17') in 0.1228756 seconds
[Worker3] Imported GUID: 25c03fdd40dca27499a5ecdf702bb73c - Path: Assets/SpaceSkies Free/Skybox_1/Textures/1K_Resolution/Left_1K_TEX.png - Importer: PreviewImporter -> (ImportResultId: '4e0d53d52858aa2382c3c37a84ec612f') in 0.1209768 seconds
[Worker1] Imported GUID: 0f0052075ea2b254cb5a17bca8f04edb - Path: Assets/SpaceSkies Free/Skybox_1/Textures/2K_Resolution/Right_2K_TEX.png - Importer: PreviewImporter -> (ImportResultId: '80bc2c2382e4d2aee25cb789ced51e56') in 0.0318464 seconds
[Worker2] Imported GUID: 20e38473ff639ed429d08288b1db43c8 - Path: Assets/SpaceSkies Free/Skybox_1/Textures/2K_Resolution/Back_2K_TEX.png - Importer: PreviewImporter -> (ImportResultId: '34898e4ed0f9c86c929ce78cc6541009') in 0.0326465 seconds
[Worker4] Imported GUID: 2daf11d2089545f42aa9216c3b59130f - Path: Assets/SpaceSkies Free/Skybox_1/Textures/2K_Resolution/Front_2K_TEX.png - Importer: PreviewImporter -> (ImportResultId: '73c2912d37a7cd1639d421d796acd94f') in 0.0329346 seconds
[Worker3] Imported GUID: 4e305140e2a136c449648e67d9b747fc - Path: Assets/SpaceSkies Free/Skybox_1/Textures/2K_Resolution/Left_2K_TEX.png - Importer: PreviewImporter -> (ImportResultId: '524bfe11d75f77b0cddc516c67aacf5f') in 0.0378285 seconds
[Worker1] Imported GUID: a096daa9a788d7342892ce655a940dba - Path: Assets/SpaceSkies Free/Skybox_1/Textures/2K_Resolution/Up_2K_TEX.png - Importer: PreviewImporter -> (ImportResultId: '62d24b48721592b00799feb935c50b1f') in 0.0333029 seconds
[Worker2] Imported GUID: fcc68c2cbd648c943a4a182eb75c5aec - Path: Assets/SpaceSkies Free/Skybox_1/Textures/2K_Resolution/Down_2K_TEX.png - Importer: PreviewImporter -> (ImportResultId: 'e4841fae24617443d26c5e969edc982e') in 0.0349345 seconds
[Worker3] Imported GUID: 0df7cac303be5da4b8a48d3fef142f03 - Path: Assets/SpaceSkies Free/Skybox_1/Textures/4K_Resolution/Left_4K_TEX.png - Importer: PreviewImporter -> (ImportResultId: '0d2d9745ddd424c7328bea66f16b0285') in 0.0387147 seconds
[Worker4] Imported GUID: 2294659746b7dc74a9bd4b40fbbf13f1 - Path: Assets/SpaceSkies Free/Skybox_1/Textures/4K_Resolution/Front_4K_TEX.png - Importer: PreviewImporter -> (ImportResultId: '746f8f7379d88b071b8c8526263405e4') in 0.0391934 seconds
[Worker1] Imported GUID: 985fa1ea9fecfaf469918bae7e557416 - Path: Assets/SpaceSkies Free/Skybox_1/Textures/4K_Resolution/Right_4K_TEX.png - Importer: PreviewImporter -> (ImportResultId: '93de744503746cdd4622f432744e47b7') in 0.0385452 seconds
[Worker2] Imported GUID: ea75323f20e3eaa4ea6cd5ae9763e5bd - Path: Assets/SpaceSkies Free/Skybox_1/Textures/4K_Resolution/Back_4K_TEX.png - Importer: PreviewImporter -> (ImportResultId: '29598951dfa76d94eb6d234dbc670161') in 0.0395252 seconds
[Worker4] Imported GUID: 3f3332868f90d9247ba60a10ab3edf8f - Path: Assets/SpaceSkies Free/Skybox_1/Textures/4K_Resolution/Down_4K_TEX.png - Importer: PreviewImporter -> (ImportResultId: 'ba7e9d88742037c3e36addec8118e3f9') in 0.0300068 seconds
[Worker3] Imported GUID: e3910dca1fac1894e95d811bb9e0e995 - Path: Assets/SpaceSkies Free/Skybox_1/Textures/4K_Resolution/Up_4K_TEX.png - Importer: PreviewImporter -> (ImportResultId: 'a5aaa9ccc25ba9d3c931f6ae7491e73d') in 0.0343212 seconds
[Worker3] Imported GUID: d993ced003ce4db428db820c5408c06c - Path: Assets/SpaceSkies Free/Skybox_2/Textures/1K_Resolution/Left_1K_TEX.png - Importer: PreviewImporter -> (ImportResultId: 'e7e0157131675ee140c9f6f1fd80b900') in 0.031295 seconds
[Worker1] Imported GUID: 35535e5f5785f7e4c8a49bc17d76554e - Path: Assets/SpaceSkies Free/Skybox_2/Textures/1K_Resolution/Right_1K_TEX.png - Importer: PreviewImporter -> (ImportResultId: '5e33ffdcb500e575cc302f55246782f5') in 0.0329926 seconds
[Worker4] Imported GUID: 186352de5993ec44c850bc5286ebcc36 - Path: Assets/SpaceSkies Free/Skybox_2/Textures/1K_Resolution/Front_1K_TEX.png - Importer: PreviewImporter -> (ImportResultId: '896d0f6a98e48bae133d6b1a82765fbe') in 0.0336796 seconds
[Worker2] Imported GUID: 7f70ef9b5ccc29d499ca59165e47fb77 - Path: Assets/SpaceSkies Free/Skybox_2/Textures/1K_Resolution/Back_1K_TEX.png - Importer: PreviewImporter -> (ImportResultId: '4a3a49a661563fb1e292c2a90f9b2bf6') in 0.0338936 seconds
[Worker3] Imported GUID: de08a4479f1bab54f83be26de404f384 - Path: Assets/SpaceSkies Free/Skybox_2/Textures/1K_Resolution/Up_1K_TEX.png - Importer: PreviewImporter -> (ImportResultId: '10bf9c46b3de00dfc3f22ac3313508aa') in 0.0310968 seconds
[Worker1] Imported GUID: f2df341f63f55624dad25163e8c063ac - Path: Assets/SpaceSkies Free/Skybox_2/Textures/1K_Resolution/Down_1K_TEX.png - Importer: PreviewImporter -> (ImportResultId: 'd413be17eb726e89438fd43daca2e00d') in 0.0388018 seconds
[Worker4] Imported GUID: c3636285da6b4344d91ff89fd556670a - Path: Assets/SpaceSkies Free/Skybox_3/Textures/1K_Resolution/Front_1K_TEX.png - Importer: PreviewImporter -> (ImportResultId: '67b5e5582071b48fb2f753db742d9d56') in 0.0289261 seconds
[Worker3] Imported GUID: c7cf8f63aa26f9c439bf607be6b4fe8d - Path: Assets/SpaceSkies Free/Skybox_3/Textures/1K_Resolution/Left_1K_TEX.png - Importer: PreviewImporter -> (ImportResultId: 'e428d1fecd67e6f766477b247b4fe0e4') in 0.0289334 seconds
[Worker1] Imported GUID: 46f657b61a981d747b79847775b24900 - Path: Assets/SpaceSkies Free/Skybox_3/Textures/1K_Resolution/Right_1K_TEX.png - Importer: PreviewImporter -> (ImportResultId: '06e903f3a842da094b2f208b5b92f67c') in 0.03196 seconds
[Worker2] Imported GUID: 96c199bf2da6633479ea4536ce66bec2 - Path: Assets/SpaceSkies Free/Skybox_3/Textures/1K_Resolution/Back_1K_TEX.png - Importer: PreviewImporter -> (ImportResultId: '792ba1c54101ac6e5b0b8672f3222efb') in 0.0338505 seconds
[Worker4] Imported GUID: 074265280bfab4949b132a5dd423d9cb - Path: Assets/SpaceSkies Free/Skybox_3/Textures/1K_Resolution/Up_1K_TEX.png - Importer: PreviewImporter -> (ImportResultId: '2cfc198d1eee72217e9ae74771b6eb83') in 0.0282453 seconds
[Worker3] Imported GUID: f1285d1399d96f0438d3759ba234d28e - Path: Assets/SpaceSkies Free/Skybox_3/Textures/1K_Resolution/Down_1K_TEX.png - Importer: PreviewImporter -> (ImportResultId: 'f2e65471e7ea395cbe74d3346da6a637') in 0.030253 seconds
[Worker3] Imported GUID: 4a641c129d021924b96b754f3ee37f14 - Path: Assets/SpaceSkies Free/Skybox_3/Textures/2K_Resolution/Left_2K_TEX.png - Importer: PreviewImporter -> (ImportResultId: '2148e0a614af22888e3719564240cac5') in 0.0387045 seconds
[Worker2] Imported GUID: 7abd0ba876d3eec47a97c7aadc380210 - Path: Assets/SpaceSkies Free/Skybox_3/Textures/2K_Resolution/Back_2K_TEX.png - Importer: PreviewImporter -> (ImportResultId: 'b5c4af481baf4d49f3b582e5e9a86a3e') in 0.0389874 seconds
[Worker4] Imported GUID: 2491af8887e100e46a81c63b489aebdc - Path: Assets/SpaceSkies Free/Skybox_3/Textures/2K_Resolution/Front_2K_TEX.png - Importer: PreviewImporter -> (ImportResultId: 'd2e8eff4ee69494535eabec436a95b61') in 0.0509257 seconds
[Worker1] Imported GUID: 2292e8ca8d59bdd4a9db307994dd6ed0 - Path: Assets/SpaceSkies Free/Skybox_3/Textures/2K_Resolution/Right_2K_TEX.png - Importer: PreviewImporter -> (ImportResultId: '32282a665f757b098c8a62f1b32fe197') in 0.0505481 seconds
[Worker3] Imported GUID: 3bd9a2ba233530b46b8e292ebf4c91de - Path: Assets/SpaceSkies Free/Skybox_3/Textures/2K_Resolution/Down_2K_TEX.png - Importer: PreviewImporter -> (ImportResultId: '9406def76201d6df8d30ea2225bbaaa9') in 0.0368027 seconds
[Worker2] Imported GUID: fe22252f676c6a04086f8e0692f39878 - Path: Assets/SpaceSkies Free/Skybox_3/Textures/2K_Resolution/Up_2K_TEX.png - Importer: PreviewImporter -> (ImportResultId: 'bf7a52ffd02086fda7f77f82d0bf06bd') in 0.0424839 seconds
[Worker3] Imported GUID: 0d75254716c4d2944b355b0ac02b2f06 - Path: Assets/SpaceSkies Free/Skybox_3/Textures/4K_Resolution/Left_4K_TEX.png - Importer: PreviewImporter -> (ImportResultId: '07c80b5bb62b006003b0b2880686427b') in 0.0462 seconds
[Worker4] Imported GUID: 00f1123b0b858d44cb5eb000321c86e3 - Path: Assets/SpaceSkies Free/Skybox_3/Textures/4K_Resolution/Front_4K_TEX.png - Importer: PreviewImporter -> (ImportResultId: '9eca41650b58acb5cb8597d04e9ec8b2') in 0.0464262 seconds
[Worker1] Imported GUID: 85da55c4089e9664d84bfa1285a9c787 - Path: Assets/SpaceSkies Free/Skybox_3/Textures/4K_Resolution/Right_4K_TEX.png - Importer: PreviewImporter -> (ImportResultId: '593d9c045583121e1725d1ae4a0e3069') in 0.0541099 seconds
[Worker2] Imported GUID: 976f43d30e9b941428981e086b24c91f - Path: Assets/SpaceSkies Free/Skybox_3/Textures/4K_Resolution/Back_4K_TEX.png - Importer: PreviewImporter -> (ImportResultId: '0eee207acaf1a6507494f9e009e39e06') in 0.0547892 seconds
[Worker3] Imported GUID: 49a8bdde5f42613408b38567bd620391 - Path: Assets/SpaceSkies Free/Skybox_3/Textures/4K_Resolution/Up_4K_TEX.png - Importer: PreviewImporter -> (ImportResultId: 'f6f9fe00fa13322dd9316dcd35c4c36d') in 0.0315625 seconds
[Worker4] Imported GUID: f05bd0dfe0c5b254daa70bf1b61342f4 - Path: Assets/SpaceSkies Free/Skybox_3/Textures/4K_Resolution/Down_4K_TEX.png - Importer: PreviewImporter -> (ImportResultId: '9f21c064e6adedb898be88151fa39fdb') in 0.0313796 seconds
Starting new worker id: 5 with log in C:/Users/golfa/Rocket/Logs/AssetImportWorkerHW5.log
[Worker1] Imported GUID: 01672ed3257d8b64d8529faaeae7b425 - Path: Assets/SpaceSkies Free/Demo/DemoSceneSettings.lighting - Importer: ScriptedImporter/UnityEditor.QuickSearchModule:UnityEditor.Search:ASIAI0B -> (ImportResultId: '9eb3c3633dac023a6ce50945cbbbdf21') in 0.1672024 seconds
[Worker4] Imported GUID: 976f43d30e9b941428981e086b24c91f - Path: Assets/SpaceSkies Free/Skybox_3/Textures/4K_Resolution/Back_4K_TEX.png - Importer: ScriptedImporter/UnityEditor.QuickSearchModule:UnityEditor.Search:ASIAI0B -> (ImportResultId: 'a740a180b268f69bbbb7cb7c9b643beb') in 0.1977253 seconds
[Worker2] Imported GUID: 16ebaeeb7518a62408cd882dda9ff28f - Path: Assets/SpaceSkies Free/Skybox_2/Textures/4K_Resolution/Front_4K_TEX.png - Importer: ScriptedImporter/UnityEditor.QuickSearchModule:UnityEditor.Search:ASIAI0B -> (ImportResultId: 'd05531cbb4b44c12044739cb93764982') in 0.2007075 seconds
[Worker3] Imported GUID: 2491af8887e100e46a81c63b489aebdc - Path: Assets/SpaceSkies Free/Skybox_3/Textures/2K_Resolution/Front_2K_TEX.png - Importer: ScriptedImporter/UnityEditor.QuickSearchModule:UnityEditor.Search:ASIAI0B -> (ImportResultId: '462841d7912b94dc611319b1c1b510e0') in 0.2007448 seconds
[Worker4] Imported GUID: cc334bd236c9bf24ba99adf4a2ef3a9d - Path: Assets/SpaceSkies Free/Demo - Importer: ScriptedImporter/UnityEditor.QuickSearchModule:UnityEditor.Search:ASIAI0B -> (ImportResultId: '0f49f6539fef199d3e5475bb2d92a596') in 0.0200149 seconds
[Worker2] Imported GUID: 50e9f1a69832c5244a6ac020a6b0bba6 - Path: Assets/SpaceSkies Free/Skybox_2/Textures/4K_Resolution/Left_4K_TEX.png - Importer: ScriptedImporter/UnityEditor.QuickSearchModule:UnityEditor.Search:ASIAI0B -> (ImportResultId: '6507498d84623090f3bcb1f416411b72') in 0.0384363 seconds
[Worker4] Imported GUID: da48edec3727e0348984027af04fd4ff - Path: Assets/SpaceSkies Free/Skybox_3 - Importer: ScriptedImporter/UnityEditor.QuickSearchModule:UnityEditor.Search:ASIAI0B -> (ImportResultId: 'b734ca4b6dbabd7723eab3d157e50a0a') in 0.0236438 seconds
[Worker1] Imported GUID: 95ebf50189f880e4aa17c4fdba9007aa - Path: Assets/SpaceSkies Free/Skybox_3/Purple_4K_Resolution.mat - Importer: ScriptedImporter/UnityEditor.QuickSearchModule:UnityEditor.Search:ASIAI0B -> (ImportResultId: '0bd6986090657c9a50f73e67a1c956cf') in 0.0997397 seconds
[Worker4] Imported GUID: ea75323f20e3eaa4ea6cd5ae9763e5bd - Path: Assets/SpaceSkies Free/Skybox_1/Textures/4K_Resolution/Back_4K_TEX.png - Importer: ScriptedImporter/UnityEditor.QuickSearchModule:UnityEditor.Search:ASIAI0B -> (ImportResultId: '7c42587084a438076e7e791aa248cae3') in 0.0371003 seconds
[Worker2] Imported GUID: 2292e8ca8d59bdd4a9db307994dd6ed0 - Path: Assets/SpaceSkies Free/Skybox_3/Textures/2K_Resolution/Right_2K_TEX.png - Importer: ScriptedImporter/UnityEditor.QuickSearchModule:UnityEditor.Search:ASIAI0B -> (ImportResultId: 'fd1515589f4a4903c98f16b53aaf1bc9') in 0.0447661 seconds
[Worker3] Imported GUID: 9f69d571a9cb54943b5a80ccd6b19e96 - Path: Assets/SpaceSkies Free/Skybox_1/Pink_2K_Resolution.mat - Importer: ScriptedImporter/UnityEditor.QuickSearchModule:UnityEditor.Search:ASIAI0B -> (ImportResultId: 'b50d58ee58d180b8acf17c40a21eab7e') in 0.1034175 seconds
[Worker2] Imported GUID: fe986faea1485ff41894b2f9cd1a3969 - Path: Assets/SpaceSkies Free/Skybox_3/Textures/4K_Resolution - Importer: ScriptedImporter/UnityEditor.QuickSearchModule:UnityEditor.Search:ASIAI0B -> (ImportResultId: 'cf8babf3f09b67d042b249bdff988eb4') in 0.0233892 seconds
[Worker4] Imported GUID: 0f0052075ea2b254cb5a17bca8f04edb - Path: Assets/SpaceSkies Free/Skybox_1/Textures/2K_Resolution/Right_2K_TEX.png - Importer: ScriptedImporter/UnityEditor.QuickSearchModule:UnityEditor.Search:ASIAI0B -> (ImportResultId: '73ed0a7f33800fd94726ffcf11e8d505') in 0.0315388 seconds
[Worker3] Imported GUID: 62315499e7bf73d4ca2e0334daa77789 - Path: Assets/SpaceSkies Free/Skybox_2/Textures - Importer: ScriptedImporter/UnityEditor.QuickSearchModule:UnityEditor.Search:ASIAI0B -> (ImportResultId: '69e60d14e0df9a0319f6c79197c66598') in 0.0368713 seconds
[Worker4] Imported GUID: f1285d1399d96f0438d3759ba234d28e - Path: Assets/SpaceSkies Free/Skybox_3/Textures/1K_Resolution/Down_1K_TEX.png - Importer: ScriptedImporter/UnityEditor.QuickSearchModule:UnityEditor.Search:ASIAI0B -> (ImportResultId: '7c0aaba36a613f819532a0e55a27c6ca') in 0.039144 seconds
[Worker2] Imported GUID: 96c199bf2da6633479ea4536ce66bec2 - Path: Assets/SpaceSkies Free/Skybox_3/Textures/1K_Resolution/Back_1K_TEX.png - Importer: ScriptedImporter/UnityEditor.QuickSearchModule:UnityEditor.Search:ASIAI0B -> (ImportResultId: '42a9c8c9c2e33e9eb78f04bb819ba532') in 0.0494998 seconds
[Worker1] Imported GUID: 35535e5f5785f7e4c8a49bc17d76554e - Path: Assets/SpaceSkies Free/Skybox_2/Textures/1K_Resolution/Right_1K_TEX.png - Importer: ScriptedImporter/UnityEditor.QuickSearchModule:UnityEditor.Search:ASIAI0B -> (ImportResultId: '55c0dbf1cc361a0d897ef5dc36f63dec') in 0.1172887 seconds
[Worker3] Imported GUID: 1886fe84c8912234586d4423d3439af7 - Path: Assets/SpaceSkies Free/Skybox_2/Textures/4K_Resolution/Back_4K_TEX.png - Importer: ScriptedImporter/UnityEditor.QuickSearchModule:UnityEditor.Search:ASIAI0B -> (ImportResultId: 'e06abf5c8124648fac8f33714220dc3f') in 0.0573623 seconds
[Worker2] Imported GUID: c3636285da6b4344d91ff89fd556670a - Path: Assets/SpaceSkies Free/Skybox_3/Textures/1K_Resolution/Front_1K_TEX.png - Importer: ScriptedImporter/UnityEditor.QuickSearchModule:UnityEditor.Search:ASIAI0B -> (ImportResultId: '0f790a4d2c96a696857f109f9efd9de8') in 0.0421189 seconds
[Worker4] Imported GUID: 7f70ef9b5ccc29d499ca59165e47fb77 - Path: Assets/SpaceSkies Free/Skybox_2/Textures/1K_Resolution/Back_1K_TEX.png - Importer: ScriptedImporter/UnityEditor.QuickSearchModule:UnityEditor.Search:ASIAI0B -> (ImportResultId: 'c022d0cd2affd586cff97f04e5f3bb9f') in 0.0495824 seconds
[Worker1] Imported GUID: 5ba8a898ec67759488dd22b585643d63 - Path: Assets/SpaceSkies Free/Skybox_2/Textures/4K_Resolution/Up_4K_TEX.png - Importer: ScriptedImporter/UnityEditor.QuickSearchModule:UnityEditor.Search:ASIAI0B -> (ImportResultId: 'd063dff845730ac5c96c5a3e04eba3f6') in 0.043082 seconds
[Worker3] Imported GUID: 85da55c4089e9664d84bfa1285a9c787 - Path: Assets/SpaceSkies Free/Skybox_3/Textures/4K_Resolution/Right_4K_TEX.png - Importer: ScriptedImporter/UnityEditor.QuickSearchModule:UnityEditor.Search:ASIAI0B -> (ImportResultId: 'a3f7355aa692fdb7ea869e7de53d36a3') in 0.0331354 seconds
[Worker4] Imported GUID: fe22252f676c6a04086f8e0692f39878 - Path: Assets/SpaceSkies Free/Skybox_3/Textures/2K_Resolution/Up_2K_TEX.png - Importer: ScriptedImporter/UnityEditor.QuickSearchModule:UnityEditor.Search:ASIAI0B -> (ImportResultId: '86e0c3cf4542e928ad01b4a51495846a') in 0.0338673 seconds
[Worker2] Imported GUID: dca6002b33ac5bc48b39588e222296fb - Path: Assets/SpaceSkies Free/Demo/Scripts/SkyboxChanger.cs - Importer: ScriptedImporter/UnityEditor.QuickSearchModule:UnityEditor.Search:ASIAI0B -> (ImportResultId: 'c8d515edf08cea6c82a5c083bcf9d719') in 0.0389892 seconds
[Worker1] Imported GUID: 9a2b23d02abff604bb3b2c8b76ee104b - Path: Assets/SpaceSkies Free/Skybox_1 - Importer: ScriptedImporter/UnityEditor.QuickSearchModule:UnityEditor.Search:ASIAI0B -> (ImportResultId: '8a5d29f9b7070d968129d4cffebe2731') in 0.0284612 seconds
[Worker3] Imported GUID: 92654ee8962c0d54b938abcb5ea5887b - Path: Assets/SpaceSkies Free/Skybox_2/Textures/2K_Resolution/Right_2K_TEX.png - Importer: ScriptedImporter/UnityEditor.QuickSearchModule:UnityEditor.Search:ASIAI0B -> (ImportResultId: '54607b5d6b40e78f4e8bd57d607e7ea5') in 0.0321931 seconds
[Worker2] Imported GUID: 20e38473ff639ed429d08288b1db43c8 - Path: Assets/SpaceSkies Free/Skybox_1/Textures/2K_Resolution/Back_2K_TEX.png - Importer: ScriptedImporter/UnityEditor.QuickSearchModule:UnityEditor.Search:ASIAI0B -> (ImportResultId: '247b07d20d2c00b93770257a2425c3ce') in 0.0336075 seconds
[Worker4] Imported GUID: 2daf11d2089545f42aa9216c3b59130f - Path: Assets/SpaceSkies Free/Skybox_1/Textures/2K_Resolution/Front_2K_TEX.png - Importer: ScriptedImporter/UnityEditor.QuickSearchModule:UnityEditor.Search:ASIAI0B -> (ImportResultId: 'd29a6e472e2ea883219de1d19bddacd7') in 0.0385023 seconds
[Worker1] Imported GUID: 52d452284176b2741bc26215319bbb28 - Path: Assets/SpaceSkies Free/Skybox_1/Textures/1K_Resolution/Back_1K_TEX.png - Importer: ScriptedImporter/UnityEditor.QuickSearchModule:UnityEditor.Search:ASIAI0B -> (ImportResultId: 'c83e9f366c983a50bc27bf093d94e547') in 0.0325532 seconds
[Worker2] Imported GUID: bf8eed9c0fb60c14ca520b4a95f714a7 - Path: Assets/SpaceSkies Free/Skybox_2/Textures/1K_Resolution - Importer: ScriptedImporter/UnityEditor.QuickSearchModule:UnityEditor.Search:ASIAI0B -> (ImportResultId: '2fe7e6add61508e16efaada77e77ef46') in 0.0231978 seconds
[Worker3] Imported GUID: 074265280bfab4949b132a5dd423d9cb - Path: Assets/SpaceSkies Free/Skybox_3/Textures/1K_Resolution/Up_1K_TEX.png - Importer: ScriptedImporter/UnityEditor.QuickSearchModule:UnityEditor.Search:ASIAI0B -> (ImportResultId: 'c14ae0e05a846de177b6c899b30377b8') in 0.0352234 seconds
[Worker4] Imported GUID: 94cdbf28af4a2b942b032dd0a5d91221 - Path: Assets/SpaceSkies Free/Skybox_1/Textures/1K_Resolution/Front_1K_TEX.png - Importer: ScriptedImporter/UnityEditor.QuickSearchModule:UnityEditor.Search:ASIAI0B -> (ImportResultId: '3fd4ed15f5b765e00e902ec8c80c88a4') in 0.0356844 seconds
[Worker3] Imported GUID: ec745b7dca4e6f348a76ecdfd0addcd0 - Path: Assets/SpaceSkies Free/Skybox_2 - Importer: ScriptedImporter/UnityEditor.QuickSearchModule:UnityEditor.Search:ASIAI0B -> (ImportResultId: 'f7b802b39e1f86e13a82566e939fed8e') in 0.0344661 seconds
[Worker1] Imported GUID: 3e8bc5155c4c9ed46a63ac64c06408f3 - Path: Assets/SpaceSkies Free/Skybox_1/Pink_1K_Resolution.mat - Importer: ScriptedImporter/UnityEditor.QuickSearchModule:UnityEditor.Search:ASIAI0B -> (ImportResultId: 'b840a7d3876882a28b290608965b2158') in 0.0527924 seconds
[Worker4] Imported GUID: 4e305140e2a136c449648e67d9b747fc - Path: Assets/SpaceSkies Free/Skybox_1/Textures/2K_Resolution/Left_2K_TEX.png - Importer: ScriptedImporter/UnityEditor.QuickSearchModule:UnityEditor.Search:ASIAI0B -> (ImportResultId: '028c226004b25375523eaee27f6ff5eb') in 0.0329489 seconds
[Worker1] Imported GUID: 0bde09bbfbb687743ad619c46747d4e9 - Path: Assets/SpaceSkies Free/Skybox_1/Textures/1K_Resolution - Importer: ScriptedImporter/UnityEditor.QuickSearchModule:UnityEditor.Search:ASIAI0B -> (ImportResultId: '07e19d8b9f4f5713fc3306ea350b87a9') in 0.0259185 seconds
[Worker3] Imported GUID: c7cf8f63aa26f9c439bf607be6b4fe8d - Path: Assets/SpaceSkies Free/Skybox_3/Textures/1K_Resolution/Left_1K_TEX.png - Importer: ScriptedImporter/UnityEditor.QuickSearchModule:UnityEditor.Search:ASIAI0B -> (ImportResultId: '01878dc4a9a4b729ede941d1fef2d9b2') in 0.0342967 seconds
[Worker2] Imported GUID: b13109bc4674dd24ebc04b7c12437ad6 - Path: Assets/SpaceSkies Free/Skybox_2/Green_4K_Resolution.mat - Importer: ScriptedImporter/UnityEditor.QuickSearchModule:UnityEditor.Search:ASIAI0B -> (ImportResultId: '68bc542cbfbc90a76fdc1b99445d1871') in 0.0876909 seconds
[Worker4] Imported GUID: 7f2abb6c41baed84a8eb41adc730dd6d - Path: Assets/SpaceSkies Free/Skybox_2/Textures/4K_Resolution/Right_4K_TEX.png - Importer: ScriptedImporter/UnityEditor.QuickSearchModule:UnityEditor.Search:ASIAI0B -> (ImportResultId: 'ffdeec26966e56d2323ad500c2e9ea8c') in 0.0396449 seconds
[Worker1] Imported GUID: fcc68c2cbd648c943a4a182eb75c5aec - Path: Assets/SpaceSkies Free/Skybox_1/Textures/2K_Resolution/Down_2K_TEX.png - Importer: ScriptedImporter/UnityEditor.QuickSearchModule:UnityEditor.Search:ASIAI0B -> (ImportResultId: '4dbff98e691e77a63df6230acb71ee57') in 0.0364933 seconds
[Worker3] Imported GUID: 2294659746b7dc74a9bd4b40fbbf13f1 - Path: Assets/SpaceSkies Free/Skybox_1/Textures/4K_Resolution/Front_4K_TEX.png - Importer: ScriptedImporter/UnityEditor.QuickSearchModule:UnityEditor.Search:ASIAI0B -> (ImportResultId: 'a1530982176508f5e022c04c5c3fecda') in 0.0319358 seconds
[Worker4] Imported GUID: 7abd0ba876d3eec47a97c7aadc380210 - Path: Assets/SpaceSkies Free/Skybox_3/Textures/2K_Resolution/Back_2K_TEX.png - Importer: ScriptedImporter/UnityEditor.QuickSearchModule:UnityEditor.Search:ASIAI0B -> (ImportResultId: 'b47f48e53245a330ead4e2b560c2a886') in 0.0440444 seconds
[Worker2] Imported GUID: 985fa1ea9fecfaf469918bae7e557416 - Path: Assets/SpaceSkies Free/Skybox_1/Textures/4K_Resolution/Right_4K_TEX.png - Importer: ScriptedImporter/UnityEditor.QuickSearchModule:UnityEditor.Search:ASIAI0B -> (ImportResultId: '45db6287052c0b8cee578ba06a8b1264') in 0.0498626 seconds
[Worker3] Imported GUID: 1aa1cb2acaa1a0944b8d6106ee3b10c5 - Path: Assets/SpaceSkies Free/Skybox_2/Textures/2K_Resolution/Down_2K_TEX.png - Importer: ScriptedImporter/UnityEditor.QuickSearchModule:UnityEditor.Search:ASIAI0B -> (ImportResultId: '9eb225c31b2b6c729775878230188601') in 0.0393779 seconds
[Worker1] Imported GUID: 0df7cac303be5da4b8a48d3fef142f03 - Path: Assets/SpaceSkies Free/Skybox_1/Textures/4K_Resolution/Left_4K_TEX.png - Importer: ScriptedImporter/UnityEditor.QuickSearchModule:UnityEditor.Search:ASIAI0B -> (ImportResultId: '1bba7911bff48477c9bad45fcd86964b') in 0.0487003 seconds
[Worker4] Imported GUID: bafd58aaef15d2b4daa1850e8e71d177 - Path: Assets/SpaceSkies Free/Skybox_1/Textures/4K_Resolution - Importer: ScriptedImporter/UnityEditor.QuickSearchModule:UnityEditor.Search:ASIAI0B -> (ImportResultId: 'cd262f09fe7aa81dc6fe82091ca7614c') in 0.0251352 seconds
[Worker2] Imported GUID: 3bd9a2ba233530b46b8e292ebf4c91de - Path: Assets/SpaceSkies Free/Skybox_3/Textures/2K_Resolution/Down_2K_TEX.png - Importer: ScriptedImporter/UnityEditor.QuickSearchModule:UnityEditor.Search:ASIAI0B -> (ImportResultId: 'f5c5b3db91b05f1f3211c50364e1f29b') in 0.0371514 seconds
[Worker1] Imported GUID: 02cf5c3336924bf4bbeb6152a0d8da8b - Path: Assets/SpaceSkies Free/Skybox_1/Textures - Importer: ScriptedImporter/UnityEditor.QuickSearchModule:UnityEditor.Search:ASIAI0B -> (ImportResultId: '2db5fd7d821994e52664744da282ce86') in 0.0299324 seconds
[Worker3] Imported GUID: d993ced003ce4db428db820c5408c06c - Path: Assets/SpaceSkies Free/Skybox_2/Textures/1K_Resolution/Left_1K_TEX.png - Importer: ScriptedImporter/UnityEditor.QuickSearchModule:UnityEditor.Search:ASIAI0B -> (ImportResultId: '5c0f156aa859e52c23e19f1629d49510') in 0.0421233 seconds
[Worker4] Imported GUID: 9a3e5f51e31f79c4fb340e92ffc286e8 - Path: Assets/SpaceSkies Free/Demo/Scripts/LookCamera.cs - Importer: ScriptedImporter/UnityEditor.QuickSearchModule:UnityEditor.Search:ASIAI0B -> (ImportResultId: '67b35fc422cab1a8d89f6d5b6426fae4') in 0.0328297 seconds
[Worker2] Imported GUID: 186352de5993ec44c850bc5286ebcc36 - Path: Assets/SpaceSkies Free/Skybox_2/Textures/1K_Resolution/Front_1K_TEX.png - Importer: ScriptedImporter/UnityEditor.QuickSearchModule:UnityEditor.Search:ASIAI0B -> (ImportResultId: '2b9e141fd0fc670ab3bf4610d1aaed20') in 0.0382952 seconds
[Worker3] Imported GUID: 46f657b61a981d747b79847775b24900 - Path: Assets/SpaceSkies Free/Skybox_3/Textures/1K_Resolution/Right_1K_TEX.png - Importer: ScriptedImporter/UnityEditor.QuickSearchModule:UnityEditor.Search:ASIAI0B -> (ImportResultId: '19b6c264511a776fba1c59e0402d30d4') in 0.0353502 seconds
[Worker4] Imported GUID: 9ce30f16c60a000408fcdd7875fa11a7 - Path: Assets/SpaceSkies Free/Skybox_2/Textures/2K_Resolution/Left_2K_TEX.png - Importer: ScriptedImporter/UnityEditor.QuickSearchModule:UnityEditor.Search:ASIAI0B -> (ImportResultId: '1ed558c8e2d1e63d5c6c3fffb2b6909c') in 0.0374127 seconds
[Worker3] Imported GUID: 3cf686925f5deb9498710d174dbf5096 - Path: Assets/SpaceSkies Free/Skybox_2/Textures/4K_Resolution - Importer: ScriptedImporter/UnityEditor.QuickSearchModule:UnityEditor.Search:ASIAI0B -> (ImportResultId: '8c2dc49d9c28741dbc19a3977b975b70') in 0.0244713 seconds
[Worker2] Imported GUID: 00f1123b0b858d44cb5eb000321c86e3 - Path: Assets/SpaceSkies Free/Skybox_3/Textures/4K_Resolution/Front_4K_TEX.png - Importer: ScriptedImporter/UnityEditor.QuickSearchModule:UnityEditor.Search:ASIAI0B -> (ImportResultId: 'ffc13f139f1d319b21fe9facb6793f18') in 0.0413095 seconds
[Worker1] Imported GUID: 8401881fcb9afd34eb383fc90bbbbddc - Path: Assets/SpaceSkies Free/Skybox_1/Pink_4K_Resolution.mat - Importer: ScriptedImporter/UnityEditor.QuickSearchModule:UnityEditor.Search:ASIAI0B -> (ImportResultId: '32c56df90b411872e5a3e5c07e317d31') in 0.0808447 seconds
[Worker3] Imported GUID: 0d75254716c4d2944b355b0ac02b2f06 - Path: Assets/SpaceSkies Free/Skybox_3/Textures/4K_Resolution/Left_4K_TEX.png - Importer: ScriptedImporter/UnityEditor.QuickSearchModule:UnityEditor.Search:ASIAI0B -> (ImportResultId: 'd44e20b6ae06f07e3d69a0c58f31b2dc') in 0.0355076 seconds
[Worker2] Imported GUID: de08a4479f1bab54f83be26de404f384 - Path: Assets/SpaceSkies Free/Skybox_2/Textures/1K_Resolution/Up_1K_TEX.png - Importer: ScriptedImporter/UnityEditor.QuickSearchModule:UnityEditor.Search:ASIAI0B -> (ImportResultId: '916de49dc5f69075c4b434fee4c4a920') in 0.0355988 seconds
[Worker4] Imported GUID: 25c03fdd40dca27499a5ecdf702bb73c - Path: Assets/SpaceSkies Free/Skybox_1/Textures/1K_Resolution/Left_1K_TEX.png - Importer: ScriptedImporter/UnityEditor.QuickSearchModule:UnityEditor.Search:ASIAI0B -> (ImportResultId: 'be3f40c3a504daea21e0c0bbefb0b856') in 0.06225 seconds
[Worker3] Imported GUID: 33bb4058bb27cfe4e89d7c517f5ab86d - Path: Assets/SpaceSkies Free/Skybox_2/Textures/2K_Resolution/Back_2K_TEX.png - Importer: ScriptedImporter/UnityEditor.QuickSearchModule:UnityEditor.Search:ASIAI0B -> (ImportResultId: 'd5d53dc10f15df7686ddf3f4093fc335') in 0.0381839 seconds
[Worker1] Imported GUID: f2df341f63f55624dad25163e8c063ac - Path: Assets/SpaceSkies Free/Skybox_2/Textures/1K_Resolution/Down_1K_TEX.png - Importer: ScriptedImporter/UnityEditor.QuickSearchModule:UnityEditor.Search:ASIAI0B -> (ImportResultId: 'a6e01c77cfd1c5dc9fe395b807969680') in 0.0598064 seconds
[Worker2] Imported GUID: 47cd513b8c4397e4ca272a1ff269d933 - Path: Assets/SpaceSkies Free/Demo/DemoScene.unity - Importer: ScriptedImporter/UnityEditor.QuickSearchModule:UnityEditor.Search:ASIAI0B -> (ImportResultId: '7bd553b15a6e73c92215c8ef8a8c882c') in 0.0307562 seconds
[Worker4] Imported GUID: a096daa9a788d7342892ce655a940dba - Path: Assets/SpaceSkies Free/Skybox_1/Textures/2K_Resolution/Up_2K_TEX.png - Importer: ScriptedImporter/UnityEditor.QuickSearchModule:UnityEditor.Search:ASIAI0B -> (ImportResultId: 'd24d1561354824ca96132877285c0343') in 0.0374376 seconds
[Worker3] Imported GUID: 41f70e70af801c8479aa11cebd1babde - Path: Assets/SpaceSkies Free/Skybox_1/Textures/1K_Resolution/Right_1K_TEX.png - Importer: ScriptedImporter/UnityEditor.QuickSearchModule:UnityEditor.Search:ASIAI0B -> (ImportResultId: '272898b7a227e6f5e936c2d4d9805c47') in 0.0303349 seconds
[Worker3] Imported GUID: e3cb4c025ab640f479fc15ed30fda7b5 - Path: Assets/SpaceSkies Free/Skybox_1/Textures/2K_Resolution - Importer: ScriptedImporter/UnityEditor.QuickSearchModule:UnityEditor.Search:ASIAI0B -> (ImportResultId: 'b2572b486e67658f8f753cb536ba012c') in 0.0206648 seconds
[Worker1] Imported GUID: 3f3332868f90d9247ba60a10ab3edf8f - Path: Assets/SpaceSkies Free/Skybox_1/Textures/4K_Resolution/Down_4K_TEX.png - Importer: ScriptedImporter/UnityEditor.QuickSearchModule:UnityEditor.Search:ASIAI0B -> (ImportResultId: 'a13d79bf7fb229ef3beece93e8cc2782') in 0.0292007 seconds
[Worker2] Imported GUID: 49a8bdde5f42613408b38567bd620391 - Path: Assets/SpaceSkies Free/Skybox_3/Textures/4K_Resolution/Up_4K_TEX.png - Importer: ScriptedImporter/UnityEditor.QuickSearchModule:UnityEditor.Search:ASIAI0B -> (ImportResultId: '1224469bf73846ae57c92b6ec2309727') in 0.033492 seconds
[Worker3] Imported GUID: 4a9d5d576ee1eb14790fc2ef95202df1 - Path: Assets/SpaceSkies Free/Skybox_3/Textures/1K_Resolution - Importer: ScriptedImporter/UnityEditor.QuickSearchModule:UnityEditor.Search:ASIAI0B -> (ImportResultId: '4a8cd2b26a41d12e36e360e961b507a4') in 0.0212624 seconds
[Worker1] Imported GUID: 4be65bedc83569b48b3f0d93a0469b7c - Path: Assets/SpaceSkies Free/Skybox_2/Textures/2K_Resolution - Importer: ScriptedImporter/UnityEditor.QuickSearchModule:UnityEditor.Search:ASIAI0B -> (ImportResultId: '9560db158ef705c2bd8ff41e833854d2') in 0.027859 seconds
[Worker3] Imported GUID: e6304ed6970a3cf4c833dabb80ee8d29 - Path: Assets/SpaceSkies Free/Skybox_1/Textures/1K_Resolution/Down_1K_TEX.png - Importer: ScriptedImporter/UnityEditor.QuickSearchModule:UnityEditor.Search:ASIAI0B -> (ImportResultId: 'b0f03a9c336f7fc0ba4df67f027c9bf2') in 0.0391072 seconds
[Worker1] Imported GUID: 9234250fc17e9ee4aaf2c63b8e32f4f1 - Path: Assets/SpaceSkies Free/Skybox_3/Textures - Importer: ScriptedImporter/UnityEditor.QuickSearchModule:UnityEditor.Search:ASIAI0B -> (ImportResultId: '8ffc12d1ce8ea2c84341f3e982c12386') in 0.0265498 seconds
[Worker4] Imported GUID: 246d4b1ad4a63004d8fcf3949494e5b3 - Path: Assets/SpaceSkies Free/Skybox_3/Purple_2K_Resolution.mat - Importer: ScriptedImporter/UnityEditor.QuickSearchModule:UnityEditor.Search:ASIAI0B -> (ImportResultId: '24d7a1d2d6300863bf72ceedff2b3f08') in 0.0873226 seconds
[Worker1] Imported GUID: c8633f978b5b4574fbf3ee4ffefb9205 - Path: Assets/SpaceSkies Free/Skybox_3/Textures/2K_Resolution - Importer: ScriptedImporter/UnityEditor.QuickSearchModule:UnityEditor.Search:ASIAI0B -> (ImportResultId: '7b4751f9a9cccc1f2862b0ea786cbc7e') in 0.0203028 seconds
[Worker2] Imported GUID: 269967744bbed1849a317b8175dc3f43 - Path: Assets/SpaceSkies Free/Skybox_2/Green_2K_Resoution.mat - Importer: ScriptedImporter/UnityEditor.QuickSearchModule:UnityEditor.Search:ASIAI0B -> (ImportResultId: '65e2d1115642ace75fc7d0bfcfd1e481') in 0.0759847 seconds
[Worker4] Imported GUID: 975a9258238e7a34a9bf52aeff3eb403 - Path: Assets/SpaceSkies Free - Importer: ScriptedImporter/UnityEditor.QuickSearchModule:UnityEditor.Search:ASIAI0B -> (ImportResultId: 'e31fe1552b2423a056589a49752e41cf') in 0.0261943 seconds
[Worker3] Imported GUID: 7532f699e134c3547b373487f6b4d57f - Path: Assets/SpaceSkies Free/Skybox_2/Green_1K_Resolution.mat - Importer: ScriptedImporter/UnityEditor.QuickSearchModule:UnityEditor.Search:ASIAI0B -> (ImportResultId: 'f1ea0c802cf9ca5f2f5725775a5ccb64') in 0.0429836 seconds
[Worker1] Imported GUID: 7080738d246006747964bbce844203b4 - Path: Assets/SpaceSkies Free/Demo/Scripts - Importer: ScriptedImporter/UnityEditor.QuickSearchModule:UnityEditor.Search:ASIAI0B -> (ImportResultId: 'ce2f46edb2a3dbff353da1d8fe21a72f') in 0.0300218 seconds
[Worker4] Imported GUID: 7a664615cc2deb54683d055292b815d3 - Path: Assets/SpaceSkies Free/Skybox_2/Textures/2K_Resolution/Front_2K_TEX.png - Importer: ScriptedImporter/UnityEditor.QuickSearchModule:UnityEditor.Search:ASIAI0B -> (ImportResultId: '21b64774dd8a665ba849aae228ca5289') in 0.0333043 seconds
[Worker2] Imported GUID: 4a641c129d021924b96b754f3ee37f14 - Path: Assets/SpaceSkies Free/Skybox_3/Textures/2K_Resolution/Left_2K_TEX.png - Importer: ScriptedImporter/UnityEditor.QuickSearchModule:UnityEditor.Search:ASIAI0B -> (ImportResultId: '59c7194df8057f5d3e7c71ec926b2641') in 0.0504002 seconds
[Worker3] Imported GUID: 68fd53fc5d2a60d4faebe6a65d52793f - Path: Assets/SpaceSkies Free/Skybox_1/Textures/1K_Resolution/Up_1K_TEX.png - Importer: ScriptedImporter/UnityEditor.QuickSearchModule:UnityEditor.Search:ASIAI0B -> (ImportResultId: '69944a0b3a7f141e4e3dc0659598f6c6') in 0.0376129 seconds
[Worker1] Imported GUID: 91a1010f590c3b1468a65486fa7d0d56 - Path: Assets/SpaceSkies Free/Skybox_2/Textures/2K_Resolution/Up_2K_TEX.png - Importer: ScriptedImporter/UnityEditor.QuickSearchModule:UnityEditor.Search:ASIAI0B -> (ImportResultId: 'e8692d8a95b8fa825b660cde3fe45d12') in 0.0380958 seconds
[Worker4] Imported GUID: e3910dca1fac1894e95d811bb9e0e995 - Path: Assets/SpaceSkies Free/Skybox_1/Textures/4K_Resolution/Up_4K_TEX.png - Importer: ScriptedImporter/UnityEditor.QuickSearchModule:UnityEditor.Search:ASIAI0B -> (ImportResultId: 'be5d6df955df72f126e99c2169d77462') in 0.0453176 seconds
[Worker3] Imported GUID: f05bd0dfe0c5b254daa70bf1b61342f4 - Path: Assets/SpaceSkies Free/Skybox_3/Textures/4K_Resolution/Down_4K_TEX.png - Importer: ScriptedImporter/UnityEditor.QuickSearchModule:UnityEditor.Search:ASIAI0B -> (ImportResultId: '736a55c1e9fe6211d7522fde63de7171') in 0.0409664 seconds
[Worker1] Imported GUID: 8d89aa73e7a8ffa449bc080309db1c3c - Path: Assets/SpaceSkies Free/Skybox_2/Textures/4K_Resolution/Down_4K_TEX.png - Importer: ScriptedImporter/UnityEditor.QuickSearchModule:UnityEditor.Search:ASIAI0B -> (ImportResultId: '9d0d1bba7d801ecc721e20907a7236f8') in 0.0347533 seconds
[Worker2] Imported GUID: 697dcc1a69e1a2c4ea5db483875ede85 - Path: Assets/SpaceSkies Free/Skybox_3/Purple_1K_Resolution.mat - Importer: ScriptedImporter/UnityEditor.QuickSearchModule:UnityEditor.Search:ASIAI0B -> (ImportResultId: 'b6974d2563e6035e49f8110cb70ae2f3') in 0.0575936 seconds
Importing 'GUID: ed8db47c2b179f940b206fc942403535 - Path: Assets/Material/New Material 1.mat' with importer (NativeFormatImporter)
Imported 'GUID: ed8db47c2b179f940b206fc942403535' -> (Import Result ID: 'fe664b7d3014c053f5f79645799436c7') in 0.008 seconds [static dependencies only]. Details - ImportResultOutputID=bce09b7b7a6de6a8189ea158657310d9 DependenciesID=ea1c784dfd1991ec614e807674ed33d1 StaticDependenciesID=cd9171bf2dca92a426a76956b69cd784 
Refreshing native plugins compatible for Editor in 4.69 ms, found 4 plugins.
Asset Pipeline Refresh (id=ff4bd4f33b224154e9147d45b79941c4): Total: 0.218 seconds - Initiated by StopAssetImportingV2(NoUpdateAssetOptions)
Importing 'GUID: ed8db47c2b179f940b206fc942403535 - Path: Assets/Material/New Material 1.mat' with importer (NativeFormatImporter)
Imported 'GUID: ed8db47c2b179f940b206fc942403535' -> (Import Result ID: 'b5f164bd2098396916cf1a08ba4af3cb') in 0.002 seconds [static dependencies only]. Details - ImportResultOutputID=bce09b7b7a6de6a8189ea158657310d9 DependenciesID=765f688c989531097ff419a41ad52bb1 StaticDependenciesID=9d903e87dcc30943e314660d33ae71c3 
Asset Pipeline Refresh (id=113f11fc7e963414c89d6cc5037095b9): Total: 0.110 seconds - Initiated by StopAssetImportingV2(NoUpdateAssetOptions)
[Worker4] Imported GUID: ed8db47c2b179f940b206fc942403535 - Path: Assets/Material/New Material 1.mat - Importer: ScriptedImporter/UnityEditor.QuickSearchModule:UnityEditor.Search:ASIAI0B -> (ImportResultId: '5c54ca61700339c5cd4a543461dcd95a') in 0.0498001 seconds
Worker ready: AssetImportWorkerHW5 5
Reloading assemblies for play mode.
Reloading assemblies after forced synchronous recompile.
[Licensing::Client] Successfully resolved entitlement details
Begin MonoManager ReloadAssembly
Refreshing native plugins compatible for Editor in 4.73 ms, found 4 plugins.
Native extension for WindowsStandalone target not found
Native extension for WebGL target not found
ScheduleIndexationOnStartup MainProcess:True IndexOnStartup:True
[MODES] ModeService[none].Initialize
[MODES] ModeService[none].LoadModes
Mono: successfully reloaded assembly
- Finished resetting the current domain, in  4.202 seconds
Domain Reload Profiling: 8834ms
	BeginReloadAssembly (3913ms)
		DisableScriptedObjects (207ms)
		CreateAndSetChildDomain (3155ms)
	RebuildCommonClasses (26ms)
	RebuildNativeTypeToScriptingClass (33ms)
	initialDomainReloadingComplete (171ms)
	LoadAllAssembliesAndSetupDomain (487ms)
		LoadAssemblies (421ms)
		AnalyzeDomain (86ms)
			TypeCache.Refresh (17ms)
			ResolveRequiredComponents (55ms)
	FinalizeReload (4204ms)
		SetupLoadedEditorAssemblies (0ms)
			InitializePlatformSupportModulesInManaged (5ms)
			BeforeProcessingInitializeOnLoad (203ms)
			ProcessInitializeOnLoadAttributes (784ms)
			ProcessInitializeOnLoadMethodAttributes (255ms)
			AfterProcessingInitializeOnLoad (9ms)
		AwakeInstancesAfterBackupRestoration (1586ms)

Asset Pipeline Refresh (id=8b5be9e8b2f13444f81ac140ca84ee38): Total: 9.374 seconds - Initiated by StopAssetImportingV2(ForceSynchronousImport | ForceDomainReload)
	(Values over 0.05ms)
	Summary:
		Imports: total=0 (actual=0, local cache=0, cache server=0)
		Asset DB Process Time: managed=0 ms, native=4477 ms
		Asset DB Callback time: managed=60 ms, native=2 ms
		Scripting: domain reloads=1, domain reload time=4829 ms, compile time=3 ms, other=0 ms
		Project Asset Count: scripts=1392, non-scripts=2428
		Asset File Changes: new=0, changed=0, moved=0, deleted=0
		Scan Filter Count: 0
	InvokePackagesCallback: 5.419ms
	ApplyChangesToAssetFolders: 0.601ms
	Collect global state as custom dependencies: 10.705ms
	ProcessAssetsWithTransientArtifactChanges: 0.601ms
	CategorizeAssets: 107.029ms
	CompileScripts: 2.820ms
	ImportOutOfDateAssets: 4279.762ms (4229.603ms without children)
		CollectScriptTypesHashes: 2.307ms
		ReloadNativeAssets: 2.557ms
		UnloadImportedAssets: 0.536ms
		EnsureUptoDateAssetsAreRegisteredWithGuidPM: 1.506ms
		ImportSchedulerStart: 45.482ms
	PostProcessAllAssets: 60.792ms
		MonoPostProcessAllAssets: 60.785ms
			UniversalRenderPipelineGlobalSettingsPostprocessor.OnPostprocessAllAssets 23.142ms
			WindowAssetPostprocessingWatcher.OnPostprocessAllAssets 5.178ms
			SyncVS.PostprocessSyncProject 4.861ms
			SpeedTree9Postprocessor.OnPostprocessAllAssets 2.879ms
			RenderPipelineGlobalSettingsPostprocessor.OnPostprocessAllAssets 1.226ms
			ProjectSettingsPostprocessor.OnPostprocessAllAssets 1.133ms
			AssetChangedListener.OnPostprocessAllAssets 0.908ms
			ShaderReflectionAssetPostProcessor.OnPostprocessAllAssets 0.661ms
			EditModeScopePostprocessor.OnPostprocessAllAssets 0.563ms
			ReferencedClipsPostProcessor.OnPostprocessAllAssets 0.478ms
			MaterialPostprocessor.OnPostprocessAllAssets 0.463ms
			InputActionAssetPostprocessor.OnPostprocessAllAssets 0.413ms
			AssetDatabaseCallbacks.OnPostprocessAllAssets 0.307ms
			TerrainToolbarOverlayPostProcessor.OnPostprocessAllAssets 0.240ms
			ShaderGraphAssetPostProcessor.OnPostprocessAllAssets 0.136ms
			AssetPostprocessor.OnPostprocessAllAssets 0.095ms
	GatherAllCurrentPrimaryImportResultRevisions: 1.960ms
	PersistCurrentRevisions: 0.183ms
	GenerateScriptTypeHashes: 4.776ms
	GenerateScriptTypeSerializationHashes: 7.783ms
	Untracked: 4896.074ms

Loaded scene 'Temp/__Backupscenes/0.backup'
	Deserialize:            6.664 ms
	Integration:            1109.224 ms
	Integration of assets:  0.014 ms
	Thread Wait Time:       0.012 ms
	Total Operation Time:   1115.915 ms
[Licensing::Client] Successfully resolved entitlement details
[Licensing::Client] Successfully resolved entitlement details
Fall Speed: 0.9809996
UnityEngine.Debug:ExtractStackTraceNoAlloc (byte*,int,string)
UnityEngine.StackTraceUtility:ExtractStackTrace ()
UnityEngine.DebugLogHandler:Internal_Log (UnityEngine.LogType,UnityEngine.LogOption,string,UnityEngine.Object)
UnityEngine.DebugLogHandler:LogFormat (UnityEngine.LogType,UnityEngine.Object,string,object[])
UnityEngine.Logger:Log (UnityEngine.LogType,object)
UnityEngine.Debug:Log (object)
PlatForm:OnCollisionEnter (UnityEngine.Collision) (at Assets/Script/PlatForm.cs:19)
UnityEngine.Physics:SendOnCollisionEnter (UnityEngine.Component,UnityEngine.Collision)
UnityEngine.Physics:ReportContacts (Unity.Collections.NativeArray`1/ReadOnly<UnityEngine.ContactPairHeader>)
UnityEngine.Physics:OnSceneContact (UnityEngine.PhysicsScene,intptr,int)

(Filename: Assets/Script/PlatForm.cs Line: 19)

Fuel: 100
UnityEngine.Debug:ExtractStackTraceNoAlloc (byte*,int,string)
UnityEngine.StackTraceUtility:ExtractStackTrace ()
UnityEngine.DebugLogHandler:Internal_Log (UnityEngine.LogType,UnityEngine.LogOption,string,UnityEngine.Object)
UnityEngine.DebugLogHandler:LogFormat (UnityEngine.LogType,UnityEngine.Object,string,object[])
UnityEngine.Logger:Log (UnityEngine.LogType,object)
UnityEngine.Debug:Log (object)
PlatForm:OnCollisionEnter (UnityEngine.Collision) (at Assets/Script/PlatForm.cs:20)
UnityEngine.Physics:SendOnCollisionEnter (UnityEngine.Component,UnityEngine.Collision)
UnityEngine.Physics:ReportContacts (Unity.Collections.NativeArray`1/ReadOnly<UnityEngine.ContactPairHeader>)
UnityEngine.Physics:OnSceneContact (UnityEngine.PhysicsScene,intptr,int)

(Filename: Assets/Script/PlatForm.cs Line: 20)

Score: 0
UnityEngine.Debug:ExtractStackTraceNoAlloc (byte*,int,string)
UnityEngine.StackTraceUtility:ExtractStackTrace ()
UnityEngine.DebugLogHandler:Internal_Log (UnityEngine.LogType,UnityEngine.LogOption,string,UnityEngine.Object)
UnityEngine.DebugLogHandler:LogFormat (UnityEngine.LogType,UnityEngine.Object,string,object[])
UnityEngine.Logger:Log (UnityEngine.LogType,object)
UnityEngine.Debug:Log (object)
PlatForm:OnCollisionEnter (UnityEngine.Collision) (at Assets/Script/PlatForm.cs:21)
UnityEngine.Physics:SendOnCollisionEnter (UnityEngine.Component,UnityEngine.Collision)
UnityEngine.Physics:ReportContacts (Unity.Collections.NativeArray`1/ReadOnly<UnityEngine.ContactPairHeader>)
UnityEngine.Physics:OnSceneContact (UnityEngine.PhysicsScene,intptr,int)

(Filename: Assets/Script/PlatForm.cs Line: 21)

เหรียญยังไม่ครบ และน้ำมันยังเหลือ → เล่นต่อ
UnityEngine.Debug:ExtractStackTraceNoAlloc (byte*,int,string)
UnityEngine.StackTraceUtility:ExtractStackTrace ()
UnityEngine.DebugLogHandler:Internal_Log (UnityEngine.LogType,UnityEngine.LogOption,string,UnityEngine.Object)
UnityEngine.DebugLogHandler:LogFormat (UnityEngine.LogType,UnityEngine.Object,string,object[])
UnityEngine.Logger:Log (UnityEngine.LogType,object)
UnityEngine.Debug:Log (object)
PlatForm:OnCollisionEnter (UnityEngine.Collision) (at Assets/Script/PlatForm.cs:57)
UnityEngine.Physics:SendOnCollisionEnter (UnityEngine.Component,UnityEngine.Collision)
UnityEngine.Physics:ReportContacts (Unity.Collections.NativeArray`1/ReadOnly<UnityEngine.ContactPairHeader>)
UnityEngine.Physics:OnSceneContact (UnityEngine.PhysicsScene,intptr,int)

(Filename: Assets/Script/PlatForm.cs Line: 57)

Unloading 0 Unused Serialized files (Serialized files now loaded: 0)
Loaded scene 'Temp/__Backupscenes/0.backup'
	Deserialize:            5.473 ms
	Integration:            366.986 ms
	Integration of assets:  0.011 ms
	Thread Wait Time:       0.021 ms
	Total Operation Time:   372.492 ms
Unloading 102 unused Assets / (351.8 KB). Loaded Objects now: 9182.
Memory consumption went from 1.22 GB to 1.22 GB.
Total: 43.572700 ms (FindLiveObjects: 0.741400 ms CreateObjectMapping: 2.146100 ms MarkObjects: 38.976400 ms  DeleteObjects: 1.701100 ms)

[Licensing::Client] Successfully resolved entitlement details
Importing 'GUID: ed8db47c2b179f940b206fc942403535 - Path: Assets/Material/New Material 1.mat' with importer (NativeFormatImporter)
Imported 'GUID: ed8db47c2b179f940b206fc942403535' -> (Import Result ID: 'df436c237d3fcfc1bef1a1ccf4ed4227') in 0.008 seconds [static dependencies only]. Details - ImportResultOutputID=bce09b7b7a6de6a8189ea158657310d9 DependenciesID=d68a0113b7794b8f0d43e725ec1fe5a4 StaticDependenciesID=dd90a066b82cf6337b93d12977521326 
Refreshing native plugins compatible for Editor in 2.28 ms, found 4 plugins.
Asset Pipeline Refresh (id=56d52771eb6d2ae41b9d85d49ba0a967): Total: 0.179 seconds - Initiated by StopAssetImportingV2(NoUpdateAssetOptions)
Importing 'GUID: 99c9720ab356a0642a771bea13969a05 - Path: Assets/Scenes/SampleScene.unity' with importer (DefaultImporter)
Imported 'GUID: 99c9720ab356a0642a771bea13969a05' -> (Import Result ID: 'b8489d1eee9b050a64f5c7910e836aa0') in 0.003 seconds [static dependencies only]. Details - ImportResultOutputID=378ca25c6c95e370f41ed482e616ed68 DependenciesID=abe55f41dd3958d5a9820d963efba4ae StaticDependenciesID=82380b5331d13804282d53e1a08fd41e 
Refreshing native plugins compatible for Editor in 2.10 ms, found 4 plugins.
Asset Pipeline Refresh (id=5bbfc1213570cf84fa3f8deca37ba3cc): Total: 0.113 seconds - Initiated by StopAssetImportingV2(NoUpdateAssetOptions)
Opening scene 'Assets/StartMenu.unity'
Unloading 24 Unused Serialized files (Serialized files now loaded: 0)
Loaded scene 'Assets/StartMenu.unity'
	Deserialize:            6.268 ms
	Integration:            370.095 ms
	Integration of assets:  0.008 ms
	Thread Wait Time:       0.022 ms
	Total Operation Time:   376.393 ms
Unloading 194 unused Assets / (9.4 MB). Loaded Objects now: 9180.
Memory consumption went from 1.14 GB to 1.13 GB.
Total: 38.981000 ms (FindLiveObjects: 0.821800 ms CreateObjectMapping: 1.686700 ms MarkObjects: 35.813100 ms  DeleteObjects: 0.656400 ms)

Asset Pipeline Refresh (id=e8c6d954d06f1824e900c8a534941024): Total: 0.023 seconds - Initiated by RefreshV2(AllowForceSynchronousImport)
Asset Pipeline Refresh (id=cb6af51caf573c048a0038684947bd84): Total: 0.006 seconds - Initiated by RefreshV2(AllowForceSynchronousImport)
Importing 'GUID: 5442b403b6d7c5841af84a2098cfa4e4 - Path: Assets/StartMenu.unity' with importer (DefaultImporter)
Imported 'GUID: 5442b403b6d7c5841af84a2098cfa4e4' -> (Import Result ID: '7e04b4c3bc6bb2495b2eb8e41dcbb7c3') in 0.003 seconds [static dependencies only]. Details - ImportResultOutputID=b474c4222c27f1bc85a98d9c1c596db0 DependenciesID=f052f1eacf84a67dcfb57831c238e4aa StaticDependenciesID=48b2cea4c8ae8a2a5bdad35ea39a0003 
Refreshing native plugins compatible for Editor in 2.60 ms, found 4 plugins.
Asset Pipeline Refresh (id=d2ee366655a576c4f82897f6f6ba6d3e): Total: 0.121 seconds - Initiated by StopAssetImportingV2(NoUpdateAssetOptions)
Opening scene 'Assets/Scenes/SampleScene.unity'
Unloading 22 Unused Serialized files (Serialized files now loaded: 0)
Loaded scene 'Assets/Scenes/SampleScene.unity'
	Deserialize:            11.464 ms
	Integration:            338.391 ms
	Integration of assets:  0.533 ms
	Thread Wait Time:       0.044 ms
	Total Operation Time:   350.431 ms
Unloading 186 unused Assets / (10.0 MB). Loaded Objects now: 9258.
Memory consumption went from 1.16 GB to 1.15 GB.
Total: 42.657300 ms (FindLiveObjects: 0.571300 ms CreateObjectMapping: 1.782900 ms MarkObjects: 39.384000 ms  DeleteObjects: 0.917300 ms)

Asset Pipeline Refresh (id=9b9211e6bb10738479d5a820165186ba): Total: 0.019 seconds - Initiated by RefreshV2(AllowForceSynchronousImport)
Asset Pipeline Refresh (id=e52432bcbc8483247b2e12b65431a729): Total: 0.006 seconds - Initiated by RefreshV2(AllowForceSynchronousImport)
Asset Pipeline Refresh (id=df182e5b12744d9498067d158c64f903): Total: 0.005 seconds - Initiated by RefreshV2(AllowForceSynchronousImport)
Reloading assemblies for play mode.
Reloading assemblies after forced synchronous recompile.
[Licensing::Client] Successfully resolved entitlement details
Begin MonoManager ReloadAssembly
Refreshing native plugins compatible for Editor in 2.05 ms, found 4 plugins.
Native extension for WindowsStandalone target not found
Native extension for WebGL target not found
ScheduleIndexationOnStartup MainProcess:True IndexOnStartup:True
[MODES] ModeService[none].Initialize
[MODES] ModeService[none].LoadModes
Mono: successfully reloaded assembly
- Finished resetting the current domain, in  3.548 seconds
Domain Reload Profiling: 5433ms
	BeginReloadAssembly (1348ms)
		DisableScriptedObjects (160ms)
		CreateAndSetChildDomain (836ms)
	RebuildCommonClasses (24ms)
	RebuildNativeTypeToScriptingClass (32ms)
	initialDomainReloadingComplete (98ms)
	LoadAllAssembliesAndSetupDomain (381ms)
		LoadAssemblies (285ms)
		AnalyzeDomain (68ms)
			TypeCache.Refresh (15ms)
			ResolveRequiredComponents (46ms)
	FinalizeReload (3550ms)
		SetupLoadedEditorAssemblies (0ms)
			InitializePlatformSupportModulesInManaged (3ms)
			BeforeProcessingInitializeOnLoad (191ms)
			ProcessInitializeOnLoadAttributes (720ms)
			ProcessInitializeOnLoadMethodAttributes (247ms)
			AfterProcessingInitializeOnLoad (8ms)
		AwakeInstancesAfterBackupRestoration (1219ms)

Asset Pipeline Refresh (id=7cbea882fd2d61346b9e8611c12d1f2b): Total: 5.908 seconds - Initiated by StopAssetImportingV2(ForceSynchronousImport | ForceDomainReload)
	(Values over 0.05ms)
	Summary:
		Imports: total=0 (actual=0, local cache=0, cache server=0)
		Asset DB Process Time: managed=0 ms, native=3773 ms
		Asset DB Callback time: managed=59 ms, native=0 ms
		Scripting: domain reloads=1, domain reload time=2071 ms, compile time=2 ms, other=0 ms
		Project Asset Count: scripts=1392, non-scripts=2428
		Asset File Changes: new=0, changed=0, moved=0, deleted=0
		Scan Filter Count: 0
	InvokePackagesCallback: 2.411ms
	ApplyChangesToAssetFolders: 0.523ms
	Collect global state as custom dependencies: 8.379ms
	ProcessAssetsWithTransientArtifactChanges: 0.379ms
	CategorizeAssets: 83.575ms
	CompileScripts: 2.227ms
	ImportOutOfDateAssets: 3619.660ms (3573.064ms without children)
		CollectScriptTypesHashes: 1.443ms
		ReloadNativeAssets: 2.048ms
		UnloadImportedAssets: 0.483ms
		EnsureUptoDateAssetsAreRegisteredWithGuidPM: 1.232ms
		ImportSchedulerStart: 42.780ms
	PostProcessAllAssets: 59.642ms
		MonoPostProcessAllAssets: 59.634ms
			UniversalRenderPipelineGlobalSettingsPostprocessor.OnPostprocessAllAssets 24.570ms
			WindowAssetPostprocessingWatcher.OnPostprocessAllAssets 4.030ms
			SyncVS.PostprocessSyncProject 3.976ms
			SpeedTree9Postprocessor.OnPostprocessAllAssets 2.776ms
			RenderPipelineGlobalSettingsPostprocessor.OnPostprocessAllAssets 1.197ms
			ShaderReflectionAssetPostProcessor.OnPostprocessAllAssets 0.960ms
			ProjectSettingsPostprocessor.OnPostprocessAllAssets 0.928ms
			EditModeScopePostprocessor.OnPostprocessAllAssets 0.658ms
			InputActionAssetPostprocessor.OnPostprocessAllAssets 0.515ms
			ReferencedClipsPostProcessor.OnPostprocessAllAssets 0.435ms
			TerrainToolbarOverlayPostProcessor.OnPostprocessAllAssets 0.358ms
			AssetDatabaseCallbacks.OnPostprocessAllAssets 0.268ms
			ShaderGraphAssetPostProcessor.OnPostprocessAllAssets 0.150ms
			AssetPostprocessor.OnPostprocessAllAssets 0.102ms
			AssetChangedListener.OnPostprocessAllAssets 0.088ms
	GatherAllCurrentPrimaryImportResultRevisions: 0.265ms
	PersistCurrentRevisions: 0.183ms
	GenerateScriptTypeHashes: 3.959ms
	GenerateScriptTypeSerializationHashes: 6.460ms
	Untracked: 2123.281ms

Loaded scene 'Temp/__Backupscenes/0.backup'
	Deserialize:            5.815 ms
	Integration:            1097.435 ms
	Integration of assets:  0.012 ms
	Thread Wait Time:       0.020 ms
	Total Operation Time:   1103.282 ms
[Licensing::Client] Successfully resolved entitlement details
[Licensing::Client] Successfully resolved entitlement details
Fall Speed: 0.6771995
UnityEngine.Debug:ExtractStackTraceNoAlloc (byte*,int,string)
UnityEngine.StackTraceUtility:ExtractStackTrace ()
UnityEngine.DebugLogHandler:Internal_Log (UnityEngine.LogType,UnityEngine.LogOption,string,UnityEngine.Object)
UnityEngine.DebugLogHandler:LogFormat (UnityEngine.LogType,UnityEngine.Object,string,object[])
UnityEngine.Logger:Log (UnityEngine.LogType,object)
UnityEngine.Debug:Log (object)
PlatForm:OnCollisionEnter (UnityEngine.Collision) (at Assets/Script/PlatForm.cs:19)
UnityEngine.Physics:SendOnCollisionEnter (UnityEngine.Component,UnityEngine.Collision)
UnityEngine.Physics:ReportContacts (Unity.Collections.NativeArray`1/ReadOnly<UnityEngine.ContactPairHeader>)
UnityEngine.Physics:OnSceneContact (UnityEngine.PhysicsScene,intptr,int)

(Filename: Assets/Script/PlatForm.cs Line: 19)

Fuel: 98.80631
UnityEngine.Debug:ExtractStackTraceNoAlloc (byte*,int,string)
UnityEngine.StackTraceUtility:ExtractStackTrace ()
UnityEngine.DebugLogHandler:Internal_Log (UnityEngine.LogType,UnityEngine.LogOption,string,UnityEngine.Object)
UnityEngine.DebugLogHandler:LogFormat (UnityEngine.LogType,UnityEngine.Object,string,object[])
UnityEngine.Logger:Log (UnityEngine.LogType,object)
UnityEngine.Debug:Log (object)
PlatForm:OnCollisionEnter (UnityEngine.Collision) (at Assets/Script/PlatForm.cs:20)
UnityEngine.Physics:SendOnCollisionEnter (UnityEngine.Component,UnityEngine.Collision)
UnityEngine.Physics:ReportContacts (Unity.Collections.NativeArray`1/ReadOnly<UnityEngine.ContactPairHeader>)
UnityEngine.Physics:OnSceneContact (UnityEngine.PhysicsScene,intptr,int)

(Filename: Assets/Script/PlatForm.cs Line: 20)

Score: 0
UnityEngine.Debug:ExtractStackTraceNoAlloc (byte*,int,string)
UnityEngine.StackTraceUtility:ExtractStackTrace ()
UnityEngine.DebugLogHandler:Internal_Log (UnityEngine.LogType,UnityEngine.LogOption,string,UnityEngine.Object)
UnityEngine.DebugLogHandler:LogFormat (UnityEngine.LogType,UnityEngine.Object,string,object[])
UnityEngine.Logger:Log (UnityEngine.LogType,object)
UnityEngine.Debug:Log (object)
PlatForm:OnCollisionEnter (UnityEngine.Collision) (at Assets/Script/PlatForm.cs:21)
UnityEngine.Physics:SendOnCollisionEnter (UnityEngine.Component,UnityEngine.Collision)
UnityEngine.Physics:ReportContacts (Unity.Collections.NativeArray`1/ReadOnly<UnityEngine.ContactPairHeader>)
UnityEngine.Physics:OnSceneContact (UnityEngine.PhysicsScene,intptr,int)

(Filename: Assets/Script/PlatForm.cs Line: 21)

เหรียญยังไม่ครบ และน้ำมันยังเหลือ → เล่นต่อ
UnityEngine.Debug:ExtractStackTraceNoAlloc (byte*,int,string)
UnityEngine.StackTraceUtility:ExtractStackTrace ()
UnityEngine.DebugLogHandler:Internal_Log (UnityEngine.LogType,UnityEngine.LogOption,string,UnityEngine.Object)
UnityEngine.DebugLogHandler:LogFormat (UnityEngine.LogType,UnityEngine.Object,string,object[])
UnityEngine.Logger:Log (UnityEngine.LogType,object)
UnityEngine.Debug:Log (object)
PlatForm:OnCollisionEnter (UnityEngine.Collision) (at Assets/Script/PlatForm.cs:57)
UnityEngine.Physics:SendOnCollisionEnter (UnityEngine.Component,UnityEngine.Collision)
UnityEngine.Physics:ReportContacts (Unity.Collections.NativeArray`1/ReadOnly<UnityEngine.ContactPairHeader>)
UnityEngine.Physics:OnSceneContact (UnityEngine.PhysicsScene,intptr,int)

(Filename: Assets/Script/PlatForm.cs Line: 57)

Fall Speed: 43.40983
UnityEngine.Debug:ExtractStackTraceNoAlloc (byte*,int,string)
UnityEngine.StackTraceUtility:ExtractStackTrace ()
UnityEngine.DebugLogHandler:Internal_Log (UnityEngine.LogType,UnityEngine.LogOption,string,UnityEngine.Object)
UnityEngine.DebugLogHandler:LogFormat (UnityEngine.LogType,UnityEngine.Object,string,object[])
UnityEngine.Logger:Log (UnityEngine.LogType,object)
UnityEngine.Debug:Log (object)
PlatForm:OnCollisionEnter (UnityEngine.Collision) (at Assets/Script/PlatForm.cs:19)
UnityEngine.Physics:SendOnCollisionEnter (UnityEngine.Component,UnityEngine.Collision)
UnityEngine.Physics:ReportContacts (Unity.Collections.NativeArray`1/ReadOnly<UnityEngine.ContactPairHeader>)
UnityEngine.Physics:OnSceneContact (UnityEngine.PhysicsScene,intptr,int)

(Filename: Assets/Script/PlatForm.cs Line: 19)

Fuel: 86.2879
UnityEngine.Debug:ExtractStackTraceNoAlloc (byte*,int,string)
UnityEngine.StackTraceUtility:ExtractStackTrace ()
UnityEngine.DebugLogHandler:Internal_Log (UnityEngine.LogType,UnityEngine.LogOption,string,UnityEngine.Object)
UnityEngine.DebugLogHandler:LogFormat (UnityEngine.LogType,UnityEngine.Object,string,object[])
UnityEngine.Logger:Log (UnityEngine.LogType,object)
UnityEngine.Debug:Log (object)
PlatForm:OnCollisionEnter (UnityEngine.Collision) (at Assets/Script/PlatForm.cs:20)
UnityEngine.Physics:SendOnCollisionEnter (UnityEngine.Component,UnityEngine.Collision)
UnityEngine.Physics:ReportContacts (Unity.Collections.NativeArray`1/ReadOnly<UnityEngine.ContactPairHeader>)
UnityEngine.Physics:OnSceneContact (UnityEngine.PhysicsScene,intptr,int)

(Filename: Assets/Script/PlatForm.cs Line: 20)

Score: 5
UnityEngine.Debug:ExtractStackTraceNoAlloc (byte*,int,string)
UnityEngine.StackTraceUtility:ExtractStackTrace ()
UnityEngine.DebugLogHandler:Internal_Log (UnityEngine.LogType,UnityEngine.LogOption,string,UnityEngine.Object)
UnityEngine.DebugLogHandler:LogFormat (UnityEngine.LogType,UnityEngine.Object,string,object[])
UnityEngine.Logger:Log (UnityEngine.LogType,object)
UnityEngine.Debug:Log (object)
PlatForm:OnCollisionEnter (UnityEngine.Collision) (at Assets/Script/PlatForm.cs:21)
UnityEngine.Physics:SendOnCollisionEnter (UnityEngine.Component,UnityEngine.Collision)
UnityEngine.Physics:ReportContacts (Unity.Collections.NativeArray`1/ReadOnly<UnityEngine.ContactPairHeader>)
UnityEngine.Physics:OnSceneContact (UnityEngine.PhysicsScene,intptr,int)

(Filename: Assets/Script/PlatForm.cs Line: 21)

BOOM - YOU LOSE
UnityEngine.Debug:ExtractStackTraceNoAlloc (byte*,int,string)
UnityEngine.StackTraceUtility:ExtractStackTrace ()
UnityEngine.DebugLogHandler:Internal_Log (UnityEngine.LogType,UnityEngine.LogOption,string,UnityEngine.Object)
UnityEngine.DebugLogHandler:LogFormat (UnityEngine.LogType,UnityEngine.Object,string,object[])
UnityEngine.Logger:Log (UnityEngine.LogType,object)
UnityEngine.Debug:Log (object)
PlatForm:OnCollisionEnter (UnityEngine.Collision) (at Assets/Script/PlatForm.cs:40)
UnityEngine.Physics:SendOnCollisionEnter (UnityEngine.Component,UnityEngine.Collision)
UnityEngine.Physics:ReportContacts (Unity.Collections.NativeArray`1/ReadOnly<UnityEngine.ContactPairHeader>)
UnityEngine.Physics:OnSceneContact (UnityEngine.PhysicsScene,intptr,int)

(Filename: Assets/Script/PlatForm.cs Line: 40)

Asset Pipeline Refresh (id=6e4914bf018aa0646b51935d5bc239c7): Total: 0.015 seconds - Initiated by RefreshV2(NoUpdateAssetOptions)
Asset Pipeline Refresh (id=02def7cce7aff3d4e936f4d20f4c2cd4): Total: 0.005 seconds - Initiated by RefreshV2(NoUpdateAssetOptions)
Unloading 0 Unused Serialized files (Serialized files now loaded: 0)
Loaded scene 'Temp/__Backupscenes/0.backup'
	Deserialize:            3.165 ms
	Integration:            345.410 ms
	Integration of assets:  0.008 ms
	Thread Wait Time:       0.019 ms
	Total Operation Time:   348.602 ms
Unloading 30 unused Assets / (224.1 KB). Loaded Objects now: 9160.
Memory consumption went from 1.13 GB to 1.13 GB.
Total: 38.454600 ms (FindLiveObjects: 0.792600 ms CreateObjectMapping: 2.176800 ms MarkObjects: 35.332900 ms  DeleteObjects: 0.149900 ms)

[Licensing::Client] Successfully resolved entitlement details
Importing 'GUID: 99c9720ab356a0642a771bea13969a05 - Path: Assets/Scenes/SampleScene.unity' with importer (DefaultImporter)
Imported 'GUID: 99c9720ab356a0642a771bea13969a05' -> (Import Result ID: '959988a59e4e6449cab5ac8f5284d2c6') in 0.005 seconds [static dependencies only]. Details - ImportResultOutputID=378ca25c6c95e370f41ed482e616ed68 DependenciesID=5b88f6e1653d9b35185d6e5298a74ddb StaticDependenciesID=54c77f6bb8fc271e25bfed5e84c1d433 
Asset Pipeline Refresh (id=9014d67cbe146f3449ae4f50756585aa): Total: 0.158 seconds - Initiated by StopAssetImportingV2(NoUpdateAssetOptions)
MonoPathRemapper: Attempts to remap: 385149; Successful remaps: 113536
Serialized file version minimum: 17, current 23
[LAYOUT] About to save layout C:\Users\golfa\Rocket\UserSettings\Layouts\default-6000.dwlt
[LAYOUT] About to save layout C:/Users/golfa/AppData/Roaming/Unity/Editor-5.x/Preferences\Layouts\current\default-6000.dwlt
Input System module state changed to: ShutdownInProgress.
Input Polling Thread exited.
Input System module state changed to: Shutdown.
[Physics::Module] Cleanup current backend.
[Physics::Module] Id: 0xf2b8ea05
[Licensing::IpcConnector] LicenseClient-golfa-notifications channel disconnected successfully.
[Licensing::IpcConnector] LicenseClient-golfa channel disconnected successfully.
Lingering sessions upon destruction of worker manager
AcceleratorClientConnectionCallback - disconnected - :0
Cleanup mono
CodeReloadManager destroyed
abort_threads: Failed aborting id: 0000000000006D04, mono_thread_manage will ignore it

abort_threads: Failed aborting id: 0000000000000238, mono_thread_manage will ignore it

abort_threads: Failed aborting id: 0000000000002C48, mono_thread_manage will ignore it

abort_threads: Failed aborting id: 0000000000006D04, mono_thread_manage will ignore it

abort_threads: Failed aborting id: 0000000000000238, mono_thread_manage will ignore it

abort_threads: Failed aborting id: 0000000000002C48, mono_thread_manage will ignore it

debugger-agent: Unable to listen on 4904
Checking for leaked weakptr:
  Found no leaked weakptrs.
[Package Manager] Server process was shutdown
##utp:{"type":"MemoryLeaks","version":2,"phase":"Immediate","time":1789421646816,"processId":28452,"allocatedMemory":56696089,"memoryLabels":[{"Default":334383},{"Permanent":15516},{"NewDelete":129229},{"Thread":4209784},{"Manager":823144},{"VertexData":8},{"Geometry":816},{"Texture":24},{"Shader":871558},{"Material":24},{"GfxDevice":149808},{"GfxThread":13824},{"Animation":952},{"Audio":880},{"FreeType":8},{"FontEngine":736},{"Physics":2146},{"Physics2D":16},{"Serialization":239200},{"Input":45280},{"JobScheduler":256},{"TextLib":76624},{"Mono":48},{"MonoCode":128},{"ScriptingNativeRuntime":2163772},{"BaseObject":1622312},{"Resource":1208},{"Renderer":3080},{"Transform":4685},{"File":36664},{"WebCam":616},{"Culling":32},{"Terrain":11442},{"Wind":24},{"STL":40},{"String":15487},{"StaticString":3808},{"Utility":2674596},{"PoolAlloc":2360},{"AI":80},{"TypeTree":3915705},{"CodeReload":448},{"RuntimeInitializeOnLoadManager":64},{"Sprites":102},{"SpriteAtlas":120},{"GI":8136},{"Director":8296},{"CloudService":14696},{"WebRequest":4586},{"VR":47114},{"SceneManager":608},{"Video":208},{"LazyScriptCache":32},{"NativeArray":33074572},{"Camera":17},{"Secure":265},{"SerializationCache":1576},{"APIUpdating":10320},{"Subsystems":336},{"VirtualTexturing":57888},{"StaticSafetyDebugInfo":278528},{"Analytics":728},{"Hierarchy":1176},{"UIElements":611208},{"CoreStats":13688},{"Identifiers":6768},{"Gui":804},{"EditorUtility":390578},{"VersionControl":8},{"Undo":931},{"AssetDatabase":4752125},{"AssetImporter":40},{"EditorGi":328},{"UnityConnect":36138},{"Upm":1988},{"UpmDiagnostics":8},{"AssetCompliance":64},{"DrivenProperties":72},{"LocalIPC":260},{"ProfilerEditor":9746},{"CoreBusinessMetrics":3480},{"Windowing":456},{"Licensing":776},{"AssetReference":32},{"IPCStream":32}]}
