[Licensing::Module] Trying to connect to existing licensing client channel...
Built from '6000.5/staging' branch; Version is '6000.5.9f1 (b57deb96f08d) revision 11894251'; Using compiler version '194234433'; Build Type 'Release'
[Licensing::IpcConnector] Successfully connected to: "LicenseClient-golfa" at "2026-09-14T21:37:46.5743389Z"
OS: 'Windows 11  (10.0.26200) Core' Language: 'en' Physical Memory: 16125 MB
BatchMode: 0, IsHumanControllingUs: 1, StartBugReporterOnCrash: 1, Is64bit: 1
System  architecture: x64
Process architecture: x64
Date: 2026-09-14T21:37:46Z
[Licensing::Client] Code 10 while verifying Licensing Client signature (process Id: 16192, path: "C:/Program Files/Unity Hub/UnityLicensingClient_V1/Unity.Licensing.Client.exe")
[Licensing::Module] LicensingClient has failed validation; ignoring
[Licensing::Client] Handshaking with LicensingClient:
  Version:                 1.18.3+d7ffd15
  Session Id:              6add06db16c5437cacfa582fd36fbb07
  Correlation Id:          072e5d8d47958b7b3cefe669362c5ab1
  External correlation Id: 8683479212102395085
  Machine Id:              FUnE4I3JiGVUYJ7CitaydDp0Olk=
[Licensing::Module] Successfully connected to LicensingClient on channel: "LicenseClient-golfa" (connect: 0.00s, validation: 0.00s, handshake: 0.07s)
[Licensing::IpcConnector] Successfully connected to: "LicenseClient-golfa-notifications" at "2026-09-14T21:37:46.6471959Z"
[Licensing::Client] Successfully updated the access token
[Licensing::Module] Successfully updated the access token as3zY62PQN...
[Licensing::Client] Successfully resolved entitlement details
[Licensing::Module] License group:
  Id: 18967218653225-UnityPersXXXX
  Product: Unity Personal
  Type: Assigned
  Expiration: Unlimited
[Licensing::Client] Successfully updated license, isAsync: True, time: 0.00
[Licensing::Client] Successfully resolved entitlement details
[Licensing::Module] Licensing Background thread has ended after 0.09s

COMMAND LINE ARGUMENTS:
C:\Program Files\Unity\Hub\Editor\6000.5.9f1\Editor\Unity.exe
-projectpath
C:\Users\golfa\Documents\GitHub\Rocket
-acceptSoftwareTermsForThisRunOnly
-useHub
-hubIPC
-cloudEnvironment
production
-licensingIpc
LicenseClient-golfa
-hubSessionId
e65939fd-25b6-4c2d-a3ea-ee50c082887c
-accessToken
as3zY62PQNmovZBXpMLsmorCO7L5bh8heAxlCcONhQU011f
Successfully changed project path to: C:\Users\golfa\Documents\GitHub\Rocket
C:/Users/golfa/Documents/GitHub/Rocket
[UnityMemory] Configuration Parameters - Can be set up in boot.config
    "memorysetup-temp-allocator-size-gi-baking-worker=262144"
    "memorysetup-temp-allocator-size-gi-baking-worker=262144"
    "memorysetup-temp-allocator-size-gi-baking-worker=262144"
    "memorysetup-temp-allocator-size-gi-baking-worker=262144"
    "memorysetup-temp-allocator-size-gi-baking-worker=262144"
    "memorysetup-temp-allocator-size-nav-mesh-worker=65536"
    "memorysetup-temp-allocator-size-audio-worker=65536"
    "memorysetup-temp-allocator-size-cloud-worker=32768"
    "memorysetup-temp-allocator-size-gfx=262144"
    "memorysetup-remapper-allocator-initial-capacity=32768"
    "memorysetup-temp-allocator-size-preload-manager=33554432"
    "memorysetup-allocator-temp-initial-block-size-main=262144"
    "memorysetup-allocator-temp-initial-block-size-worker=262144"
    "memorysetup-temp-allocator-size-job-worker=262144"
    "memorysetup-temp-allocator-size-background-worker=32768"
    "memorysetup-bucket-allocator-granularity=16"
    "memorysetup-bucket-allocator-bucket-count=8"
    "memorysetup-bucket-allocator-block-size=33554432"
    "memorysetup-bucket-allocator-block-count=8"
    "memorysetup-main-allocator-block-size=16777216"
    "memorysetup-thread-allocator-block-size=16777216"
    "memorysetup-main-allocator-mimalloc-enabled=0"
    "memorysetup-gfx-main-allocator-block-size=16777216"
    "memorysetup-gfx-thread-allocator-block-size=16777216"
    "memorysetup-cache-allocator-block-size=4194304"
    "memorysetup-typetree-allocator-block-size=2097152"
    "memorysetup-profiler-bucket-allocator-granularity=16"
    "memorysetup-profiler-bucket-allocator-bucket-count=8"
    "memorysetup-profiler-bucket-allocator-block-size=33554432"
    "memorysetup-profiler-bucket-allocator-block-count=8"
    "memorysetup-profiler-allocator-block-size=16777216"
    "memorysetup-profiler-editor-allocator-block-size=1048576"
    "memorysetup-temp-allocator-size-main=16777216"
    "memorysetup-job-temp-allocator-block-size=2097152"
    "memorysetup-job-temp-allocator-block-size-background=1048576"
    "memorysetup-job-temp-allocator-reduction-small-platforms=262144"
Player connection [3668]  Target information:

Player connection [3668]  * "[IP] 192.168.1.100 [Port] 55504 [Flags] 2 [Guid] 1268850701 [EditorId] 1268850701 [Version] 1048832 [Id] WindowsEditor(7,Onejack) [Debug] 1 [PackageName] WindowsEditor [ProjectName] Editor" 

Player connection [3668] Host joined multi-casting on [225.0.0.222:54997]...
Player connection [3668] Host joined alternative multi-casting on [225.0.0.222:34997]...
Input System module state changed to: Initialized.
[Physics::Module] Initialized fallback backend.
[Physics::Module] Id: 0xdecafbad
[Package Manager] Connected to IPC stream "Upm-21620" after 0.5 seconds.
[Licensing::Client] Successfully resolved entitlement details
Library Redirect Path: Library/
[Physics::Module] Selected backend.
[Physics::Module] Name: PhysX
[Physics::Module] Id: 0xf2b8ea05
[Physics::Module] SDK Version: 4.1.2
[Physics::Module] Integration Version: 1.0.0
[Physics::Module] Threading Mode: Multi-Threaded
Artifact Garbage Collection - Removed 14 unused hashed content files
Initialize engine version: 6000.5.9f1 (b57deb96f08d)
[Subsystems] Discovering subsystems at path C:/Program Files/Unity/Hub/Editor/6000.5.9f1/Editor/Data/Resources/UnitySubsystems
[Subsystems] Discovering subsystems at path C:/Users/golfa/Documents/GitHub/Rocket/Assets
[D3D12 Device Filter] Vendor Name: NVIDIA
[D3D12 Device Filter] Device Name: NVIDIA GeForce RTX 4060 Ti
[D3D12 Device Filter] Driver Version: 32.0.16.1088
[D3D12 Device Filter] Feature Level: 12.2
[D3D12 Device Filter] Graphics Memory: 7949 MB
[D3D12 Device Filter] Processor Count: 20
[D3D12 Device Filter] Device Type: Discrete
GfxDevice: creating device client; kGfxThreadingModeSplitJobs
d3d12: failed to query info queue interface (0x80004002).
Direct3D:
    Version:         Direct3D 12 [level 12.2]
    Renderer:        NVIDIA GeForce RTX 4060 Ti (ID=0x2803)
    Vendor:          NVIDIA
    VRAM:            7949 MB
    App VRAM Budget: 6941 MB
    Driver:          32.0.16.1088
Initialize mono
Mono path[0] = 'C:/Program Files/Unity/Hub/Editor/6000.5.9f1/Editor/Data/Managed'
Mono path[1] = 'C:/Program Files/Unity/Hub/Editor/6000.5.9f1/Editor/Data/BCLExtensions/runtime/netstandard2.1'
Mono path[2] = 'C:/Program Files/Unity/Hub/Editor/6000.5.9f1/Editor/Data/MonoBleedingEdge/lib/mono/unityjit-win32'
Mono config path = 'C:/Program Files/Unity/Hub/Editor/6000.5.9f1/Editor/Data/MonoBleedingEdge/etc'
Using monoOptions --debugger-agent=transport=dt_socket,embedding=1,server=y,suspend=n,address=127.0.0.1:56620
CodeReloadManager initialized
ImportWorker Server TCP listen port: 0
AcceleratorClientConnectionCallback - disconnected - :0
Begin MonoManager ReloadAssembly
Registering precompiled unity dll's ...
Register platform support module: C:/Program Files/Unity/Hub/Editor/6000.5.9f1/Editor/Data/PlaybackEngines/WebGLSupport/UnityEditor.WebGL.Extensions.dll
Register platform support module: C:/Program Files/Unity/Hub/Editor/6000.5.9f1/Editor/Data/PlaybackEngines/WindowsStandaloneSupport/UnityEditor.WindowsStandalone.Extensions.dll
Registered in 0.003048 seconds.
Native extension for WindowsStandalone target not found
Native extension for WebGL target not found
Package Manager log level set to [2]
ScheduleIndexationOnStartup MainProcess:False IndexOnStartup:True
Mono: successfully reloaded assembly
- Finished resetting the current domain, in  0.975 seconds
Domain Reload Profiling: 1782ms
	BeginReloadAssembly (211ms)
		CreateAndSetChildDomain (18ms)
	RebuildCommonClasses (9ms)
	RebuildNativeTypeToScriptingClass (24ms)
	initialDomainReloadingComplete (101ms)
	LoadAllAssembliesAndSetupDomain (459ms)
		LoadAssemblies (191ms)
		AnalyzeDomain (332ms)
			TypeCache.Refresh (330ms)
				TypeCache.ScanAssembly (306ms)
	FinalizeReload (978ms)
		SetupLoadedEditorAssemblies (0ms)
			InitializePlatformSupportModulesInManaged (5ms)
			BeforeProcessingInitializeOnLoad (156ms)
			ProcessInitializeOnLoadAttributes (138ms)
			ProcessInitializeOnLoadMethodAttributes (557ms)
[Licensing::Client] Successfully resolved entitlement details
Application.AssetDatabase Initial Refresh Start
[Package Manager] Done resolving packages in 1.98 seconds
[Licensing::Client] Successfully resolved entitlement details
[Package Manager] Registered 57 packages:
  Packages from [https://packages.unity.com]:
    com.unity.ai.navigation@2.0.14 (location: C:\Users\golfa\Documents\GitHub\Rocket\Library\PackageCache\com.unity.ai.navigation@134dd6a3b97b)
    com.unity.collab-proxy@2.13.6 (location: C:\Users\golfa\Documents\GitHub\Rocket\Library\PackageCache\com.unity.collab-proxy@4628d2ba6ea4)
    com.unity.ide.rider@3.0.38 (location: C:\Users\golfa\Documents\GitHub\Rocket\Library\PackageCache\com.unity.ide.rider@1f60b3138684)
    com.unity.ide.visualstudio@2.0.26 (location: C:\Users\golfa\Documents\GitHub\Rocket\Library\PackageCache\com.unity.ide.visualstudio@a99d56dec63f)
    com.unity.inputsystem@1.20.0 (location: C:\Users\golfa\Documents\GitHub\Rocket\Library\PackageCache\com.unity.inputsystem@7a4e1a2a8194)
    com.unity.timeline@1.8.12 (location: C:\Users\golfa\Documents\GitHub\Rocket\Library\PackageCache\com.unity.timeline@8cd8509afae5)
    com.unity.visualscripting@1.9.12 (location: C:\Users\golfa\Documents\GitHub\Rocket\Library\PackageCache\com.unity.visualscripting@4edfcc09512f)
    com.unity.searcher@4.9.5 (location: C:\Users\golfa\Documents\GitHub\Rocket\Library\PackageCache\com.unity.searcher@a463122f2c00)
    com.unity.burst@1.8.30 (location: C:\Users\golfa\Documents\GitHub\Rocket\Library\PackageCache\com.unity.burst@2f3d916873ea)
    com.unity.nuget.mono-cecil@1.11.6 (location: C:\Users\golfa\Documents\GitHub\Rocket\Library\PackageCache\com.unity.nuget.mono-cecil@ecb9724e46ff)
    com.unity.test-framework.performance@3.5.0 (location: C:\Users\golfa\Documents\GitHub\Rocket\Library\PackageCache\com.unity.test-framework.performance@8b56083ec0f0)
  Built-in packages:
    com.unity.multiplayer.center@1.0.1 (location: C:\Users\golfa\Documents\GitHub\Rocket\Library\PackageCache\com.unity.multiplayer.center@b860850997d0)
    com.unity.render-pipelines.universal@17.5.0 (location: C:\Users\golfa\Documents\GitHub\Rocket\Library\PackageCache\com.unity.render-pipelines.universal@d7774c218bdf)
    com.unity.test-framework@1.7.0 (location: C:\Users\golfa\Documents\GitHub\Rocket\Library\PackageCache\com.unity.test-framework@1405238725ab)
    com.unity.ugui@2.5.0 (location: C:\Users\golfa\Documents\GitHub\Rocket\Library\PackageCache\com.unity.ugui@1c4864518158)
    com.unity.modules.accessibility@1.0.0 (location: C:\Users\golfa\Documents\GitHub\Rocket\Library\PackageCache\com.unity.modules.accessibility)
    com.unity.modules.adaptiveperformance@1.0.0 (location: C:\Users\golfa\Documents\GitHub\Rocket\Library\PackageCache\com.unity.modules.adaptiveperformance)
    com.unity.modules.ai@1.0.0 (location: C:\Users\golfa\Documents\GitHub\Rocket\Library\PackageCache\com.unity.modules.ai)
    com.unity.modules.androidjni@1.0.0 (location: C:\Users\golfa\Documents\GitHub\Rocket\Library\PackageCache\com.unity.modules.androidjni)
    com.unity.modules.animation@1.0.0 (location: C:\Users\golfa\Documents\GitHub\Rocket\Library\PackageCache\com.unity.modules.animation)
    com.unity.modules.assetbundle@1.0.0 (location: C:\Users\golfa\Documents\GitHub\Rocket\Library\PackageCache\com.unity.modules.assetbundle)
    com.unity.modules.audio@1.0.0 (location: C:\Users\golfa\Documents\GitHub\Rocket\Library\PackageCache\com.unity.modules.audio)
    com.unity.modules.cloth@1.0.0 (location: C:\Users\golfa\Documents\GitHub\Rocket\Library\PackageCache\com.unity.modules.cloth)
    com.unity.modules.director@1.0.0 (location: C:\Users\golfa\Documents\GitHub\Rocket\Library\PackageCache\com.unity.modules.director)
    com.unity.modules.imageconversion@1.0.0 (location: C:\Users\golfa\Documents\GitHub\Rocket\Library\PackageCache\com.unity.modules.imageconversion)
    com.unity.modules.imgui@1.0.0 (location: C:\Users\golfa\Documents\GitHub\Rocket\Library\PackageCache\com.unity.modules.imgui)
    com.unity.modules.jsonserialize@1.0.0 (location: C:\Users\golfa\Documents\GitHub\Rocket\Library\PackageCache\com.unity.modules.jsonserialize)
    com.unity.modules.particlesystem@1.0.0 (location: C:\Users\golfa\Documents\GitHub\Rocket\Library\PackageCache\com.unity.modules.particlesystem)
    com.unity.modules.physics@1.0.0 (location: C:\Users\golfa\Documents\GitHub\Rocket\Library\PackageCache\com.unity.modules.physics)
    com.unity.modules.physics2d@1.0.0 (location: C:\Users\golfa\Documents\GitHub\Rocket\Library\PackageCache\com.unity.modules.physics2d)
    com.unity.modules.physicscore2d@1.0.0 (location: C:\Users\golfa\Documents\GitHub\Rocket\Library\PackageCache\com.unity.modules.physicscore2d)
    com.unity.modules.screencapture@1.0.0 (location: C:\Users\golfa\Documents\GitHub\Rocket\Library\PackageCache\com.unity.modules.screencapture)
    com.unity.modules.terrain@1.0.0 (location: C:\Users\golfa\Documents\GitHub\Rocket\Library\PackageCache\com.unity.modules.terrain)
    com.unity.modules.terrainphysics@1.0.0 (location: C:\Users\golfa\Documents\GitHub\Rocket\Library\PackageCache\com.unity.modules.terrainphysics)
    com.unity.modules.tilemap@1.0.0 (location: C:\Users\golfa\Documents\GitHub\Rocket\Library\PackageCache\com.unity.modules.tilemap)
    com.unity.modules.ui@1.0.0 (location: C:\Users\golfa\Documents\GitHub\Rocket\Library\PackageCache\com.unity.modules.ui)
    com.unity.modules.uielements@1.0.0 (location: C:\Users\golfa\Documents\GitHub\Rocket\Library\PackageCache\com.unity.modules.uielements)
    com.unity.modules.umbra@1.0.0 (location: C:\Users\golfa\Documents\GitHub\Rocket\Library\PackageCache\com.unity.modules.umbra)
    com.unity.modules.unityanalytics@1.0.0 (location: C:\Users\golfa\Documents\GitHub\Rocket\Library\PackageCache\com.unity.modules.unityanalytics)
    com.unity.modules.unitywebrequest@1.0.0 (location: C:\Users\golfa\Documents\GitHub\Rocket\Library\PackageCache\com.unity.modules.unitywebrequest)
    com.unity.modules.unitywebrequestassetbundle@1.0.0 (location: C:\Users\golfa\Documents\GitHub\Rocket\Library\PackageCache\com.unity.modules.unitywebrequestassetbundle)
    com.unity.modules.unitywebrequestaudio@1.0.0 (location: C:\Users\golfa\Documents\GitHub\Rocket\Library\PackageCache\com.unity.modules.unitywebrequestaudio)
    com.unity.modules.unitywebrequesttexture@1.0.0 (location: C:\Users\golfa\Documents\GitHub\Rocket\Library\PackageCache\com.unity.modules.unitywebrequesttexture)
    com.unity.modules.unitywebrequestwww@1.0.0 (location: C:\Users\golfa\Documents\GitHub\Rocket\Library\PackageCache\com.unity.modules.unitywebrequestwww)
    com.unity.modules.vectorgraphics@1.0.0 (location: C:\Users\golfa\Documents\GitHub\Rocket\Library\PackageCache\com.unity.modules.vectorgraphics)
    com.unity.modules.vehicles@1.0.0 (location: C:\Users\golfa\Documents\GitHub\Rocket\Library\PackageCache\com.unity.modules.vehicles)
    com.unity.modules.video@1.0.0 (location: C:\Users\golfa\Documents\GitHub\Rocket\Library\PackageCache\com.unity.modules.video)
    com.unity.modules.wind@1.0.0 (location: C:\Users\golfa\Documents\GitHub\Rocket\Library\PackageCache\com.unity.modules.wind)
    com.unity.modules.xr@1.0.0 (location: C:\Users\golfa\Documents\GitHub\Rocket\Library\PackageCache\com.unity.modules.xr)
    com.unity.modules.subsystems@1.0.0 (location: C:\Users\golfa\Documents\GitHub\Rocket\Library\PackageCache\com.unity.modules.subsystems)
    com.unity.modules.hierarchycore@1.0.0 (location: C:\Users\golfa\Documents\GitHub\Rocket\Library\PackageCache\com.unity.modules.hierarchycore)
    com.unity.ext.nunit@2.1.0 (location: C:\Users\golfa\Documents\GitHub\Rocket\Library\PackageCache\com.unity.ext.nunit@44f7d31723bd)
    com.unity.render-pipelines.core@17.5.0 (location: C:\Users\golfa\Documents\GitHub\Rocket\Library\PackageCache\com.unity.render-pipelines.core@a4c9a9793789)
    com.unity.shadergraph@17.5.0 (location: C:\Users\golfa\Documents\GitHub\Rocket\Library\PackageCache\com.unity.shadergraph@8d7376ec43ee)
    com.unity.render-pipelines.universal-config@17.5.0 (location: C:\Users\golfa\Documents\GitHub\Rocket\Library\PackageCache\com.unity.render-pipelines.universal-config@fdda01c80fe3)
    com.unity.collections@6.5.0 (location: C:\Users\golfa\Documents\GitHub\Rocket\Library\PackageCache\com.unity.collections@ec2c217e4cb2)
    com.unity.mathematics@1.4.0 (location: C:\Users\golfa\Documents\GitHub\Rocket\Library\PackageCache\com.unity.mathematics@981956d94fb6)
[Subsystems] No new subsystems found in resolved package list.
[Package Manager] Done registering packages in 0.00 seconds
info: Microsoft.Hosting.Lifetime[14]
      Now listening on: http://localhost:80
info: Microsoft.Hosting.Lifetime[0]
      Application started. Press Ctrl+C to shut down.
info: Microsoft.Hosting.Lifetime[0]
      Hosting environment: Production
info: Microsoft.Hosting.Lifetime[0]
      Content root path: C:\Users\golfa\Documents\GitHub\Rocket
info: Microsoft.AspNetCore.Hosting.Diagnostics[1]
      Request starting HTTP/2 POST http://ilpp/UnityILPP.PostProcessing/Ping - application/grpc -
info: Microsoft.AspNetCore.Routing.EndpointMiddleware[0]
      Executing endpoint 'gRPC - /UnityILPP.PostProcessing/Ping'
info: Microsoft.AspNetCore.Routing.EndpointMiddleware[1]
      Executed endpoint 'gRPC - /UnityILPP.PostProcessing/Ping'
info: Microsoft.AspNetCore.Hosting.Diagnostics[2]
      Request finished HTTP/2 POST http://ilpp/UnityILPP.PostProcessing/Ping - 200 - application/grpc 66.1506ms
Starting: C:\Program Files\Unity\Hub\Editor\6000.5.9f1\Editor\Data\Tools\BuildPipeline\bee_backend.exe --ipc --defer-dag-verification --dagfile="Library/Bee/1900b0aE.dag" --continue-on-failure --profile="Library/Bee/backend1.traceevents" ScriptAssemblies
WorkingDir: C:/Users/golfa/Documents/GitHub/Rocket
ExitCode: 4 Duration: 1m:00s
Rebuilding DAG because FileSignature timestamp changed: Library/Bee/1900b0aE-inputdata.json
[BUSY       6s] ILPP-Configuration Library/ilpp-configuration.nevergeneratedoutput
[BUSY      16s] ILPP-Configuration Library/ilpp-configuration.nevergeneratedoutput
[BUSY      26s] ILPP-Configuration Library/ilpp-configuration.nevergeneratedoutput
[BUSY      36s] ILPP-Configuration Library/ilpp-configuration.nevergeneratedoutput
[BUSY      46s] ILPP-Configuration Library/ilpp-configuration.nevergeneratedoutput
[BUSY      56s] ILPP-Configuration Library/ilpp-configuration.nevergeneratedoutput
*** Tundra requires additional run (60.32 seconds - 0:01:00), 1 items updated, 728 evaluated
Starting: C:\Program Files\Unity\Hub\Editor\6000.5.9f1\Editor\Data\netcorerun\netcorerun.exe "C:\Program Files\Unity\Hub\Editor\6000.5.9f1\Editor\Data\Tools\BuildPipeline\ScriptCompilationBuildProgram.exe" "Library/Bee/1900b0aE.dag.json" "Library/Bee/1900b0aE-inputdata.json" "Library\Bee\buildprogram0.traceevents"
WorkingDir: C:/Users/golfa/Documents/GitHub/Rocket
ExitCode: 0 Duration: 1s836ms
Starting: C:\Program Files\Unity\Hub\Editor\6000.5.9f1\Editor\Data\Tools\BuildPipeline\bee_backend.exe --ipc --defer-dag-verification --dagfile="Library/Bee/1900b0aE.dag" --continue-on-failure --dagfilejson="Library\Bee\1900b0aE.dag.json" --profile="Library/Bee/backend2.traceevents" ScriptAssemblies
WorkingDir: C:/Users/golfa/Documents/GitHub/Rocket
info: Microsoft.AspNetCore.Hosting.Diagnostics[1]
      Request starting HTTP/2 POST http://ilpp/UnityILPP.PostProcessing/ConfigurePostProcessors - application/grpc -
info: Microsoft.AspNetCore.Routing.EndpointMiddleware[0]
      Executing endpoint 'gRPC - /UnityILPP.PostProcessing/ConfigurePostProcessors'
warn: Unity.ILPP.Runner.PostProcessingAssemblyLoadContext[0]
      Assembly system.runtime.interopservices.windowsruntime has duplicate hint path. Ignoring "C:\Program Files\Unity\Hub\Editor\6000.5.9f1\Editor\Data\UnityReferenceAssemblies\unity-4.8-api\Facades\System.Runtime.InteropServices.WindowsRuntime.dll" in favor of "C:\Program Files\Unity\Hub\Editor\6000.5.9f1\Editor\Data\NetStandard\Extensions\2.0.0\System.Runtime.InteropServices.WindowsRuntime.dll"
warn: Unity.ILPP.Runner.PostProcessingAssemblyLoadContext[0]
      Assembly system.componentmodel.composition has duplicate hint path. Ignoring "C:\Program Files\Unity\Hub\Editor\6000.5.9f1\Editor\Data\UnityReferenceAssemblies\unity-4.8-api\System.ComponentModel.Composition.dll" in favor of "C:\Program Files\Unity\Hub\Editor\6000.5.9f1\Editor\Data\NetStandard\compat\2.1.0\shims\netfx\System.ComponentModel.Composition.dll"
info: Unity.ILPP.Runner.PostProcessingAssemblyLoadContext[0]
      Resolved Unity.Burst.Cecil, Version=0.11.6.0, Culture=neutral, PublicKeyToken=50cebf1cceb9d05e with Library\PackageCache\com.unity.burst@2f3d916873ea\Unity.Burst.CodeGen\Unity.Burst.Cecil.dll
info: Unity.ILPP.Runner.PostProcessingAssemblyLoadContext[0]
      Resolved Mono.Cecil, Version=0.11.5.0, Culture=neutral, PublicKeyToken=50cebf1cceb9d05e with Library\PackageCache\com.unity.nuget.mono-cecil@ecb9724e46ff\Mono.Cecil.dll
info: Microsoft.AspNetCore.Routing.EndpointMiddleware[1]
      Executed endpoint 'gRPC - /UnityILPP.PostProcessing/ConfigurePostProcessors'
info: Microsoft.AspNetCore.Hosting.Diagnostics[2]
      Request finished HTTP/2 POST http://ilpp/UnityILPP.PostProcessing/ConfigurePostProcessors - 200 - application/grpc 978.0815ms
info: Microsoft.AspNetCore.Hosting.Diagnostics[1]
      Request starting HTTP/2 POST http://ilpp/UnityILPP.PostProcessing/PostProcessAssembly - application/grpc -
info: Microsoft.AspNetCore.Routing.EndpointMiddleware[0]
      Executing endpoint 'gRPC - /UnityILPP.PostProcessing/PostProcessAssembly'
info: Microsoft.AspNetCore.Hosting.Diagnostics[1]
      Request starting HTTP/2 POST http://ilpp/UnityILPP.PostProcessing/PostProcessAssembly - application/grpc -
info: Microsoft.AspNetCore.Routing.EndpointMiddleware[0]
      Executing endpoint 'gRPC - /UnityILPP.PostProcessing/PostProcessAssembly'
info: Microsoft.AspNetCore.Hosting.Diagnostics[1]
      Request starting HTTP/2 POST http://ilpp/UnityILPP.PostProcessing/PostProcessAssembly - application/grpc -
info: Microsoft.AspNetCore.Hosting.Diagnostics[1]
      Request starting HTTP/2 POST http://ilpp/UnityILPP.PostProcessing/PostProcessAssembly - application/grpc -
info: Microsoft.AspNetCore.Routing.EndpointMiddleware[0]
      Executing endpoint 'gRPC - /UnityILPP.PostProcessing/PostProcessAssembly'
info: Microsoft.AspNetCore.Routing.EndpointMiddleware[0]
      Executing endpoint 'gRPC - /UnityILPP.PostProcessing/PostProcessAssembly'
info: Microsoft.AspNetCore.Hosting.Diagnostics[1]
      Request starting HTTP/2 POST http://ilpp/UnityILPP.PostProcessing/PostProcessAssembly - application/grpc -
info: Microsoft.AspNetCore.Routing.EndpointMiddleware[0]
      Executing endpoint 'gRPC - /UnityILPP.PostProcessing/PostProcessAssembly'
info: Microsoft.AspNetCore.Hosting.Diagnostics[1]
      Request starting HTTP/2 POST http://ilpp/UnityILPP.PostProcessing/PostProcessAssembly - application/grpc -
info: Microsoft.AspNetCore.Routing.EndpointMiddleware[0]
      Executing endpoint 'gRPC - /UnityILPP.PostProcessing/PostProcessAssembly'
info: Microsoft.AspNetCore.Hosting.Diagnostics[1]
      Request starting HTTP/2 POST http://ilpp/UnityILPP.PostProcessing/PostProcessAssembly - application/grpc -
info: Microsoft.AspNetCore.Routing.EndpointMiddleware[0]
      Executing endpoint 'gRPC - /UnityILPP.PostProcessing/PostProcessAssembly'
info: Microsoft.AspNetCore.Hosting.Diagnostics[1]
      Request starting HTTP/2 POST http://ilpp/UnityILPP.PostProcessing/PostProcessAssembly - application/grpc -
info: Microsoft.AspNetCore.Hosting.Diagnostics[1]
      Request starting HTTP/2 POST http://ilpp/UnityILPP.PostProcessing/PostProcessAssembly - application/grpc -
info: Microsoft.AspNetCore.Routing.EndpointMiddleware[0]
      Executing endpoint 'gRPC - /UnityILPP.PostProcessing/PostProcessAssembly'
info: Microsoft.AspNetCore.Routing.EndpointMiddleware[0]
      Executing endpoint 'gRPC - /UnityILPP.PostProcessing/PostProcessAssembly'
info: Microsoft.AspNetCore.Hosting.Diagnostics[1]
      Request starting HTTP/2 POST http://ilpp/UnityILPP.PostProcessing/PostProcessAssembly - application/grpc -
info: Microsoft.AspNetCore.Routing.EndpointMiddleware[0]
      Executing endpoint 'gRPC - /UnityILPP.PostProcessing/PostProcessAssembly'
info: Microsoft.AspNetCore.Hosting.Diagnostics[1]
      Request starting HTTP/2 POST http://ilpp/UnityILPP.PostProcessing/PostProcessAssembly - application/grpc -
info: Microsoft.AspNetCore.Routing.EndpointMiddleware[0]
      Executing endpoint 'gRPC - /UnityILPP.PostProcessing/PostProcessAssembly'
info: Microsoft.AspNetCore.Hosting.Diagnostics[1]
      Request starting HTTP/2 POST http://ilpp/UnityILPP.PostProcessing/PostProcessAssembly - application/grpc -
info: Microsoft.AspNetCore.Routing.EndpointMiddleware[0]
      Executing endpoint 'gRPC - /UnityILPP.PostProcessing/PostProcessAssembly'
info: Microsoft.AspNetCore.Hosting.Diagnostics[1]
      Request starting HTTP/2 POST http://ilpp/UnityILPP.PostProcessing/PostProcessAssembly - application/grpc -
info: Microsoft.AspNetCore.Routing.EndpointMiddleware[0]
      Executing endpoint 'gRPC - /UnityILPP.PostProcessing/PostProcessAssembly'
info: Microsoft.AspNetCore.Hosting.Diagnostics[1]
      Request starting HTTP/2 POST http://ilpp/UnityILPP.PostProcessing/PostProcessAssembly - application/grpc -
info: Microsoft.AspNetCore.Routing.EndpointMiddleware[0]
      Executing endpoint 'gRPC - /UnityILPP.PostProcessing/PostProcessAssembly'
info: Unity.ILPP.Runner.PostProcessingPipeline[0]
      Processing assembly Library/Bee/artifacts/1900b0aE.dag/Unity.Burst.dll, with 141 defines and 283 references
info: Unity.ILPP.Runner.PostProcessingPipeline[0]
      Processing assembly Library/Bee/artifacts/1900b0aE.dag/Unity.PerformanceTesting.dll, with 142 defines and 281 references
info: Unity.ILPP.Runner.PostProcessingPipeline[0]
      Processing assembly Library/Bee/artifacts/1900b0aE.dag/Unity.RenderPipelines.Core.ShaderLibrary.dll, with 141 defines and 296 references
info: Unity.ILPP.Runner.PostProcessingPipeline[0]
      Processing assembly Library/Bee/artifacts/1900b0aE.dag/Unity.UnifiedRayTracing.Runtime.dll, with 142 defines and 299 references
info: Unity.ILPP.Runner.PostProcessingPipeline[0]
      Processing assembly Library/Bee/artifacts/1900b0aE.dag/Unity.VisualScripting.State.dll, with 141 defines and 298 references
info: Unity.ILPP.Runner.PostProcessingPipeline[0]
      Processing assembly Library/Bee/artifacts/1900b0aE.dag/Unity.InputSystem.ForUI.dll, with 141 defines and 297 references
info: Unity.ILPP.Runner.PostProcessingPipeline[0]
      Processing assembly Library/Bee/artifacts/1900b0aE.dag/Unity.Mathematics.dll, with 141 defines and 296 references
info: Unity.ILPP.Runner.PostProcessingPipeline[0]
      Processing assembly Library/Bee/artifacts/1900b0aE.dag/Unity.RenderPipelines.Core.Runtime.dll, with 145 defines and 300 references
info: Unity.ILPP.Runner.PostProcessingPipeline[0]
      Processing assembly Library/Bee/artifacts/1900b0aE.dag/Assembly-CSharp.dll, with 141 defines and 339 references
info: Unity.ILPP.Runner.PostProcessingPipeline[0]
      Processing assembly Library/Bee/artifacts/1900b0aE.dag/Unity.TextMeshPro.dll, with 142 defines and 297 references
info: Unity.ILPP.Runner.PostProcessingPipeline[0]
      Processing assembly Library/Bee/artifacts/1900b0aE.dag/Unity.Multiplayer.Center.Common.dll, with 141 defines and 296 references
info: Unity.ILPP.Runner.PostProcessingPipeline[0]
      Processing assembly Library/Bee/artifacts/1900b0aE.dag/Unity.Timeline.dll, with 142 defines and 296 references
info: Unity.ILPP.Runner.PostProcessingPipeline[0]
      Processing assembly Library/Bee/artifacts/1900b0aE.dag/Unity.VisualScripting.DocCodeExamples.dll, with 141 defines and 284 references
info: Unity.ILPP.Runner.PostProcessingPipeline[0]
      Processing assembly Library/Bee/artifacts/1900b0aE.dag/Unity.VisualScripting.Core.dll, with 146 defines and 297 references
info: Unity.ILPP.Runner.PostProcessingPipeline[0]
      processors: Unity.Jobs.CodeGen.JobsILPostProcessor, zzzUnity.Burst.CodeGen.BurstILPostProcessor
info: Unity.ILPP.Runner.PostProcessingPipeline[0]
      processors: Unity.Jobs.CodeGen.JobsILPostProcessor, zzzUnity.Burst.CodeGen.BurstILPostProcessor
info: Unity.ILPP.Runner.PostProcessingPipeline[0]
      processors: Unity.Jobs.CodeGen.JobsILPostProcessor, zzzUnity.Burst.CodeGen.BurstILPostProcessor
info: Unity.ILPP.Runner.PostProcessingPipeline[0]
      processors: Unity.Jobs.CodeGen.JobsILPostProcessor, zzzUnity.Burst.CodeGen.BurstILPostProcessor
info: Unity.ILPP.Runner.PostProcessingPipeline[0]
      processors: Unity.Jobs.CodeGen.JobsILPostProcessor, zzzUnity.Burst.CodeGen.BurstILPostProcessor
info: Unity.ILPP.Runner.PostProcessingPipeline[0]
      processors: Unity.Jobs.CodeGen.JobsILPostProcessor, zzzUnity.Burst.CodeGen.BurstILPostProcessor
info: Unity.ILPP.Runner.PostProcessingPipeline[0]
      processors: Unity.Jobs.CodeGen.JobsILPostProcessor, zzzUnity.Burst.CodeGen.BurstILPostProcessor
info: Unity.ILPP.Runner.PostProcessingPipeline[0]
      processors: Unity.Jobs.CodeGen.JobsILPostProcessor, zzzUnity.Burst.CodeGen.BurstILPostProcessor
info: Unity.ILPP.Runner.PostProcessingPipeline[0]
      processors: Unity.Jobs.CodeGen.JobsILPostProcessor, zzzUnity.Burst.CodeGen.BurstILPostProcessor
info: Unity.ILPP.Runner.PostProcessingPipeline[0]
      processors: Unity.Jobs.CodeGen.JobsILPostProcessor, zzzUnity.Burst.CodeGen.BurstILPostProcessor
info: Unity.ILPP.Runner.PostProcessingPipeline[0]
      processors: Unity.Jobs.CodeGen.JobsILPostProcessor, zzzUnity.Burst.CodeGen.BurstILPostProcessor
info: Unity.ILPP.Runner.PostProcessingPipeline[0]
      processors: Unity.Jobs.CodeGen.JobsILPostProcessor, zzzUnity.Burst.CodeGen.BurstILPostProcessor
info: Unity.ILPP.Runner.PostProcessingPipeline[0]
      processors: Unity.Jobs.CodeGen.JobsILPostProcessor, zzzUnity.Burst.CodeGen.BurstILPostProcessor
info: Unity.ILPP.Runner.PostProcessingPipeline[0]
      processors: Unity.Jobs.CodeGen.JobsILPostProcessor, zzzUnity.Burst.CodeGen.BurstILPostProcessor
info: Unity.ILPP.Runner.PostProcessingPipeline[0]
      running Unity.Jobs.CodeGen.JobsILPostProcessor
info: Unity.ILPP.Runner.PostProcessingPipeline[0]
      running Unity.Jobs.CodeGen.JobsILPostProcessor
info: Unity.ILPP.Runner.PostProcessingPipeline[0]
      running Unity.Jobs.CodeGen.JobsILPostProcessor
info: Unity.ILPP.Runner.PostProcessingPipeline[0]
      running Unity.Jobs.CodeGen.JobsILPostProcessor
info: Unity.ILPP.Runner.PostProcessingPipeline[0]
      running zzzUnity.Burst.CodeGen.BurstILPostProcessor
info: Unity.ILPP.Runner.PostProcessingPipeline[0]
      running zzzUnity.Burst.CodeGen.BurstILPostProcessor
info: Unity.ILPP.Runner.PostProcessingPipeline[0]
      running zzzUnity.Burst.CodeGen.BurstILPostProcessor
info: Unity.ILPP.Runner.PostProcessingPipeline[0]
      running Unity.Jobs.CodeGen.JobsILPostProcessor
info: Unity.ILPP.Runner.PostProcessingPipeline[0]
      running zzzUnity.Burst.CodeGen.BurstILPostProcessor
info: Unity.ILPP.Runner.PostProcessingPipeline[0]
      running Unity.Jobs.CodeGen.JobsILPostProcessor
info: Unity.ILPP.Runner.PostProcessingPipeline[0]
      running zzzUnity.Burst.CodeGen.BurstILPostProcessor
info: Unity.ILPP.Runner.PostProcessingPipeline[0]
      running Unity.Jobs.CodeGen.JobsILPostProcessor
info: Unity.ILPP.Runner.PostProcessingPipeline[0]
      running Unity.Jobs.CodeGen.JobsILPostProcessor
info: Unity.ILPP.Runner.PostProcessingPipeline[0]
      running Unity.Jobs.CodeGen.JobsILPostProcessor
info: Unity.ILPP.Runner.PostProcessingPipeline[0]
      running zzzUnity.Burst.CodeGen.BurstILPostProcessor
info: Unity.ILPP.Runner.PostProcessingPipeline[0]
      running zzzUnity.Burst.CodeGen.BurstILPostProcessor
info: Unity.ILPP.Runner.PostProcessingPipeline[0]
      running Unity.Jobs.CodeGen.JobsILPostProcessor
info: Unity.ILPP.Runner.PostProcessingPipeline[0]
      running zzzUnity.Burst.CodeGen.BurstILPostProcessor
info: Microsoft.AspNetCore.Routing.EndpointMiddleware[1]
      Executed endpoint 'gRPC - /UnityILPP.PostProcessing/PostProcessAssembly'
info: Microsoft.AspNetCore.Hosting.Diagnostics[2]
      Request finished HTTP/2 POST http://ilpp/UnityILPP.PostProcessing/PostProcessAssembly - 200 - application/grpc 45.4530ms
info: Microsoft.AspNetCore.Routing.EndpointMiddleware[1]
      Executed endpoint 'gRPC - /UnityILPP.PostProcessing/PostProcessAssembly'
info: Microsoft.AspNetCore.Hosting.Diagnostics[2]
      Request finished HTTP/2 POST http://ilpp/UnityILPP.PostProcessing/PostProcessAssembly - 200 - application/grpc 43.9427ms
info: Microsoft.AspNetCore.Routing.EndpointMiddleware[1]
      Executed endpoint 'gRPC - /UnityILPP.PostProcessing/PostProcessAssembly'
info: Microsoft.AspNetCore.Hosting.Diagnostics[2]
      Request finished HTTP/2 POST http://ilpp/UnityILPP.PostProcessing/PostProcessAssembly - 200 - application/grpc 44.6712ms
info: Microsoft.AspNetCore.Routing.EndpointMiddleware[1]
      Executed endpoint 'gRPC - /UnityILPP.PostProcessing/PostProcessAssembly'
info: Microsoft.AspNetCore.Hosting.Diagnostics[2]
      Request finished HTTP/2 POST http://ilpp/UnityILPP.PostProcessing/PostProcessAssembly - 200 - application/grpc 43.6645ms
info: Microsoft.AspNetCore.Routing.EndpointMiddleware[1]
      Executed endpoint 'gRPC - /UnityILPP.PostProcessing/PostProcessAssembly'
info: Microsoft.AspNetCore.Hosting.Diagnostics[2]
      Request finished HTTP/2 POST http://ilpp/UnityILPP.PostProcessing/PostProcessAssembly - 200 - application/grpc 45.6880ms
info: Microsoft.AspNetCore.Routing.EndpointMiddleware[1]
      Executed endpoint 'gRPC - /UnityILPP.PostProcessing/PostProcessAssembly'
info: Microsoft.AspNetCore.Hosting.Diagnostics[2]
      Request finished HTTP/2 POST http://ilpp/UnityILPP.PostProcessing/PostProcessAssembly - 200 - application/grpc 45.8246ms
info: Unity.ILPP.Runner.PostProcessingPipeline[0]
      running Unity.Jobs.CodeGen.JobsILPostProcessor
info: Microsoft.AspNetCore.Routing.EndpointMiddleware[1]
      Executed endpoint 'gRPC - /UnityILPP.PostProcessing/PostProcessAssembly'
info: Microsoft.AspNetCore.Hosting.Diagnostics[1]
      Request starting HTTP/2 POST http://ilpp/UnityILPP.PostProcessing/PostProcessAssembly - application/grpc -
info: Microsoft.AspNetCore.Hosting.Diagnostics[1]
      Request starting HTTP/2 POST http://ilpp/UnityILPP.PostProcessing/PostProcessAssembly - application/grpc -
info: Microsoft.AspNetCore.Hosting.Diagnostics[1]
      Request starting HTTP/2 POST http://ilpp/UnityILPP.PostProcessing/PostProcessAssembly - application/grpc -
info: Microsoft.AspNetCore.Hosting.Diagnostics[1]
      Request starting HTTP/2 POST http://ilpp/UnityILPP.PostProcessing/PostProcessAssembly - application/grpc -
info: Microsoft.AspNetCore.Hosting.Diagnostics[2]
      Request finished HTTP/2 POST http://ilpp/UnityILPP.PostProcessing/PostProcessAssembly - 200 - application/grpc 47.2914ms
info: Microsoft.AspNetCore.Routing.EndpointMiddleware[0]
      Executing endpoint 'gRPC - /UnityILPP.PostProcessing/PostProcessAssembly'
info: Microsoft.AspNetCore.Routing.EndpointMiddleware[0]
      Executing endpoint 'gRPC - /UnityILPP.PostProcessing/PostProcessAssembly'
info: Microsoft.AspNetCore.Routing.EndpointMiddleware[0]
      Executing endpoint 'gRPC - /UnityILPP.PostProcessing/PostProcessAssembly'
info: Microsoft.AspNetCore.Hosting.Diagnostics[1]
      Request starting HTTP/2 POST http://ilpp/UnityILPP.PostProcessing/PostProcessAssembly - application/grpc -
info: Microsoft.AspNetCore.Routing.EndpointMiddleware[0]
      Executing endpoint 'gRPC - /UnityILPP.PostProcessing/PostProcessAssembly'
info: Microsoft.AspNetCore.Routing.EndpointMiddleware[0]
      Executing endpoint 'gRPC - /UnityILPP.PostProcessing/PostProcessAssembly'
info: Unity.ILPP.Runner.PostProcessingPipeline[0]
      running zzzUnity.Burst.CodeGen.BurstILPostProcessor
info: Unity.ILPP.Runner.PostProcessingPipeline[0]
      Processing assembly Library/Bee/artifacts/1900b0aE.dag/Unity.RenderPipelines.GPUDriven.Runtime.dll, with 141 defines and 300 references
info: Unity.ILPP.Runner.PostProcessingPipeline[0]
      Processing assembly Library/Bee/artifacts/1900b0aE.dag/Unity.SurfaceCache.Runtime.dll, with 141 defines and 300 references
info: Unity.ILPP.Runner.PostProcessingPipeline[0]
      Processing assembly Library/Bee/artifacts/1900b0aE.dag/UnityEngine.UI.dll, with 147 defines and 294 references
info: Unity.ILPP.Runner.PostProcessingPipeline[0]
      Processing assembly Library/Bee/artifacts/1900b0aE.dag/Unity.RenderPipelines.Universal.2D.Runtime.dll, with 143 defines and 301 references
info: Unity.ILPP.Runner.PostProcessingPipeline[0]
      Processing assembly Library/Bee/artifacts/1900b0aE.dag/Unity.InputSystem.TestFramework.dll, with 143 defines and 283 references
info: Unity.ILPP.Runner.PostProcessingPipeline[0]
      processors: Unity.Jobs.CodeGen.JobsILPostProcessor, zzzUnity.Burst.CodeGen.BurstILPostProcessor
info: Unity.ILPP.Runner.PostProcessingPipeline[0]
      processors: Unity.Jobs.CodeGen.JobsILPostProcessor, zzzUnity.Burst.CodeGen.BurstILPostProcessor
info: Unity.ILPP.Runner.PostProcessingPipeline[0]
      processors: Unity.Jobs.CodeGen.JobsILPostProcessor, zzzUnity.Burst.CodeGen.BurstILPostProcessor
info: Unity.ILPP.Runner.PostProcessingPipeline[0]
      processors: Unity.Jobs.CodeGen.JobsILPostProcessor, zzzUnity.Burst.CodeGen.BurstILPostProcessor
info: Unity.ILPP.Runner.PostProcessingPipeline[0]
      processors: Unity.Jobs.CodeGen.JobsILPostProcessor, zzzUnity.Burst.CodeGen.BurstILPostProcessor
info: Microsoft.AspNetCore.Routing.EndpointMiddleware[1]
      Executed endpoint 'gRPC - /UnityILPP.PostProcessing/PostProcessAssembly'
info: Unity.ILPP.Runner.PostProcessingPipeline[0]
      running Unity.Jobs.CodeGen.JobsILPostProcessor
info: Microsoft.AspNetCore.Hosting.Diagnostics[2]
      Request finished HTTP/2 POST http://ilpp/UnityILPP.PostProcessing/PostProcessAssembly - 200 - application/grpc 46.0941ms
info: Unity.ILPP.Runner.PostProcessingPipeline[0]
      running zzzUnity.Burst.CodeGen.BurstILPostProcessor
info: Unity.ILPP.Runner.PostProcessingPipeline[0]
      running Unity.Jobs.CodeGen.JobsILPostProcessor
info: Unity.ILPP.Runner.PostProcessingPipeline[0]
      running zzzUnity.Burst.CodeGen.BurstILPostProcessor
info: Microsoft.AspNetCore.Hosting.Diagnostics[1]
      Request starting HTTP/2 POST http://ilpp/UnityILPP.PostProcessing/PostProcessAssembly - application/grpc -
info: Microsoft.AspNetCore.Routing.EndpointMiddleware[0]
      Executing endpoint 'gRPC - /UnityILPP.PostProcessing/PostProcessAssembly'
info: Unity.ILPP.Runner.PostProcessingPipeline[0]
      Processing assembly Library/Bee/artifacts/1900b0aE.dag/Unity.RenderPipeline.Universal.ShaderLibrary.dll, with 141 defines and 297 references
info: Unity.ILPP.Runner.PostProcessingPipeline[0]
      processors: Unity.Jobs.CodeGen.JobsILPostProcessor, zzzUnity.Burst.CodeGen.BurstILPostProcessor
info: Unity.ILPP.Runner.PostProcessingPipeline[0]
      running Unity.Jobs.CodeGen.JobsILPostProcessor
info: Unity.ILPP.Runner.PostProcessingPipeline[0]
      running zzzUnity.Burst.CodeGen.BurstILPostProcessor
info: Microsoft.AspNetCore.Routing.EndpointMiddleware[1]
      Executed endpoint 'gRPC - /UnityILPP.PostProcessing/PostProcessAssembly'
info: Microsoft.AspNetCore.Hosting.Diagnostics[2]
      Request finished HTTP/2 POST http://ilpp/UnityILPP.PostProcessing/PostProcessAssembly - 200 - application/grpc 52.7724ms
info: Unity.ILPP.Runner.PostProcessingPipeline[0]
      running Unity.Jobs.CodeGen.JobsILPostProcessor
info: Unity.ILPP.Runner.PostProcessingPipeline[0]
      running zzzUnity.Burst.CodeGen.BurstILPostProcessor
info: Unity.ILPP.Runner.PostProcessingPipeline[0]
      running Unity.Jobs.CodeGen.JobsILPostProcessor
info: Unity.ILPP.Runner.PostProcessingPipeline[0]
      running zzzUnity.Burst.CodeGen.BurstILPostProcessor
info: Microsoft.AspNetCore.Routing.EndpointMiddleware[1]
      Executed endpoint 'gRPC - /UnityILPP.PostProcessing/PostProcessAssembly'
info: Microsoft.AspNetCore.Hosting.Diagnostics[2]
      Request finished HTTP/2 POST http://ilpp/UnityILPP.PostProcessing/PostProcessAssembly - 200 - application/grpc 54.6149ms
info: Unity.ILPP.Runner.PostProcessingPipeline[0]
      running Unity.Jobs.CodeGen.JobsILPostProcessor
info: Unity.ILPP.Runner.PostProcessingPipeline[0]
      running Unity.Jobs.CodeGen.JobsILPostProcessor
info: Unity.ILPP.Runner.PostProcessingPipeline[0]
      running zzzUnity.Burst.CodeGen.BurstILPostProcessor
info: Unity.ILPP.Runner.PostProcessingPipeline[0]
      running Unity.Jobs.CodeGen.JobsILPostProcessor
info: Microsoft.AspNetCore.Routing.EndpointMiddleware[1]
      Executed endpoint 'gRPC - /UnityILPP.PostProcessing/PostProcessAssembly'
info: Microsoft.AspNetCore.Hosting.Diagnostics[2]
      Request finished HTTP/2 POST http://ilpp/UnityILPP.PostProcessing/PostProcessAssembly - 200 - application/grpc 8.0569ms
info: Unity.ILPP.Runner.PostProcessingPipeline[0]
      running Unity.Jobs.CodeGen.JobsILPostProcessor
info: Microsoft.AspNetCore.Routing.EndpointMiddleware[1]
      Executed endpoint 'gRPC - /UnityILPP.PostProcessing/PostProcessAssembly'
info: Unity.ILPP.Runner.PostProcessingPipeline[0]
      running zzzUnity.Burst.CodeGen.BurstILPostProcessor
info: Microsoft.AspNetCore.Hosting.Diagnostics[2]
      Request finished HTTP/2 POST http://ilpp/UnityILPP.PostProcessing/PostProcessAssembly - 200 - application/grpc 8.8180ms
info: Microsoft.AspNetCore.Routing.EndpointMiddleware[1]
      Executed endpoint 'gRPC - /UnityILPP.PostProcessing/PostProcessAssembly'
info: Microsoft.AspNetCore.Hosting.Diagnostics[2]
      Request finished HTTP/2 POST http://ilpp/UnityILPP.PostProcessing/PostProcessAssembly - 200 - application/grpc 7.9633ms
info: Microsoft.AspNetCore.Routing.EndpointMiddleware[1]
      Executed endpoint 'gRPC - /UnityILPP.PostProcessing/PostProcessAssembly'
info: Microsoft.AspNetCore.Hosting.Diagnostics[2]
      Request finished HTTP/2 POST http://ilpp/UnityILPP.PostProcessing/PostProcessAssembly - 200 - application/grpc 14.7343ms
info: Unity.ILPP.Runner.PostProcessingAssemblyLoadContext[0]
      Resolved Unity.Collections, Version=0.0.0.0, Culture=neutral, PublicKeyToken=null with Library\Bee\artifacts\1900b0aE.dag\Unity.Collections.dll
info: Microsoft.AspNetCore.Hosting.Diagnostics[1]
      Request starting HTTP/2 POST http://ilpp/UnityILPP.PostProcessing/PostProcessAssembly - application/grpc -
info: Microsoft.AspNetCore.Hosting.Diagnostics[1]
      Request starting HTTP/2 POST http://ilpp/UnityILPP.PostProcessing/PostProcessAssembly - application/grpc -
info: Microsoft.AspNetCore.Routing.EndpointMiddleware[0]
      Executing endpoint 'gRPC - /UnityILPP.PostProcessing/PostProcessAssembly'
info: Microsoft.AspNetCore.Routing.EndpointMiddleware[0]
      Executing endpoint 'gRPC - /UnityILPP.PostProcessing/PostProcessAssembly'
info: Microsoft.AspNetCore.Hosting.Diagnostics[1]
      Request starting HTTP/2 POST http://ilpp/UnityILPP.PostProcessing/PostProcessAssembly - application/grpc -
info: Microsoft.AspNetCore.Routing.EndpointMiddleware[0]
      Executing endpoint 'gRPC - /UnityILPP.PostProcessing/PostProcessAssembly'
info: Microsoft.AspNetCore.Hosting.Diagnostics[1]
      Request starting HTTP/2 POST http://ilpp/UnityILPP.PostProcessing/PostProcessAssembly - application/grpc -
info: Microsoft.AspNetCore.Routing.EndpointMiddleware[0]
      Executing endpoint 'gRPC - /UnityILPP.PostProcessing/PostProcessAssembly'
info: Microsoft.AspNetCore.Hosting.Diagnostics[1]
      Request starting HTTP/2 POST http://ilpp/UnityILPP.PostProcessing/PostProcessAssembly - application/grpc -
info: Unity.ILPP.Runner.PostProcessingPipeline[0]
      Processing assembly Library/Bee/artifacts/1900b0aE.dag/Unity.RenderPipelines.Universal.Runtime.dll, with 147 defines and 306 references
info: Microsoft.AspNetCore.Routing.EndpointMiddleware[0]
      Executing endpoint 'gRPC - /UnityILPP.PostProcessing/PostProcessAssembly'
info: Unity.ILPP.Runner.PostProcessingPipeline[0]
      processors: Unity.Jobs.CodeGen.JobsILPostProcessor, zzzUnity.Burst.CodeGen.BurstILPostProcessor
info: Microsoft.AspNetCore.Hosting.Diagnostics[1]
      Request starting HTTP/2 POST http://ilpp/UnityILPP.PostProcessing/PostProcessAssembly - application/grpc -
info: Microsoft.AspNetCore.Routing.EndpointMiddleware[0]
      Executing endpoint 'gRPC - /UnityILPP.PostProcessing/PostProcessAssembly'
info: Microsoft.AspNetCore.Hosting.Diagnostics[1]
      Request starting HTTP/2 POST http://ilpp/UnityILPP.PostProcessing/PostProcessAssembly - application/grpc -
info: Microsoft.AspNetCore.Routing.EndpointMiddleware[0]
      Executing endpoint 'gRPC - /UnityILPP.PostProcessing/PostProcessAssembly'
info: Unity.ILPP.Runner.PostProcessingPipeline[0]
      Processing assembly Library/Bee/artifacts/1900b0aE.dag/Unity.RenderPipelines.Universal.Config.Runtime.dll, with 141 defines and 297 references
info: Unity.ILPP.Runner.PostProcessingPipeline[0]
      processors: Unity.Jobs.CodeGen.JobsILPostProcessor, zzzUnity.Burst.CodeGen.BurstILPostProcessor
info: Unity.ILPP.Runner.PostProcessingPipeline[0]
      Processing assembly Library/Bee/artifacts/1900b0aE.dag/Unity.RenderPipelines.Universal.Shaders.dll, with 141 defines and 296 references
info: Unity.ILPP.Runner.PostProcessingPipeline[0]
      processors: Unity.Jobs.CodeGen.JobsILPostProcessor, zzzUnity.Burst.CodeGen.BurstILPostProcessor
info: Unity.ILPP.Runner.PostProcessingPipeline[0]
      Processing assembly Library/Bee/artifacts/1900b0aE.dag/Unity.RenderPipelines.ShaderGraph.ShaderGraphLibrary.dll, with 141 defines and 296 references
info: Unity.ILPP.Runner.PostProcessingPipeline[0]
      processors: Unity.Jobs.CodeGen.JobsILPostProcessor, zzzUnity.Burst.CodeGen.BurstILPostProcessor
info: Unity.ILPP.Runner.PostProcessingPipeline[0]
      running Unity.Jobs.CodeGen.JobsILPostProcessor
info: Unity.ILPP.Runner.PostProcessingPipeline[0]
      running zzzUnity.Burst.CodeGen.BurstILPostProcessor
info: Unity.ILPP.Runner.PostProcessingPipeline[0]
      running Unity.Jobs.CodeGen.JobsILPostProcessor
info: Unity.ILPP.Runner.PostProcessingPipeline[0]
      running zzzUnity.Burst.CodeGen.BurstILPostProcessor
info: Unity.ILPP.Runner.PostProcessingPipeline[0]
      running Unity.Jobs.CodeGen.JobsILPostProcessor
info: Unity.ILPP.Runner.PostProcessingPipeline[0]
      running zzzUnity.Burst.CodeGen.BurstILPostProcessor
info: Microsoft.AspNetCore.Routing.EndpointMiddleware[1]
      Executed endpoint 'gRPC - /UnityILPP.PostProcessing/PostProcessAssembly'
info: Microsoft.AspNetCore.Hosting.Diagnostics[2]
      Request finished HTTP/2 POST http://ilpp/UnityILPP.PostProcessing/PostProcessAssembly - 200 - application/grpc 6.9747ms
info: Unity.ILPP.Runner.PostProcessingPipeline[0]
      Processing assembly Library/Bee/artifacts/1900b0aE.dag/Unity.VisualScripting.Flow.dll, with 149 defines and 298 references
info: Unity.ILPP.Runner.PostProcessingPipeline[0]
      processors: Unity.Jobs.CodeGen.JobsILPostProcessor, zzzUnity.Burst.CodeGen.BurstILPostProcessor
info: Unity.ILPP.Runner.PostProcessingPipeline[0]
      Processing assembly Library/Bee/artifacts/1900b0aE.dag/Unity.AI.Navigation.dll, with 142 defines and 296 references
info: Unity.ILPP.Runner.PostProcessingPipeline[0]
      processors: Unity.Jobs.CodeGen.JobsILPostProcessor, zzzUnity.Burst.CodeGen.BurstILPostProcessor
info: Microsoft.AspNetCore.Hosting.Diagnostics[1]
      Request starting HTTP/2 POST http://ilpp/UnityILPP.PostProcessing/PostProcessAssembly - application/grpc -
info: Microsoft.AspNetCore.Routing.EndpointMiddleware[0]
      Executing endpoint 'gRPC - /UnityILPP.PostProcessing/PostProcessAssembly'
info: Unity.ILPP.Runner.PostProcessingPipeline[0]
      Processing assembly Library/Bee/artifacts/1900b0aE.dag/Unity.InternalAPIEngineBridge.RenderPipelines.Core.Runtime.Shared.dll, with 141 defines and 296 references
info: Unity.ILPP.Runner.PostProcessingPipeline[0]
      processors: Unity.Jobs.CodeGen.JobsILPostProcessor, zzzUnity.Burst.CodeGen.BurstILPostProcessor
info: Microsoft.AspNetCore.Routing.EndpointMiddleware[1]
      Executed endpoint 'gRPC - /UnityILPP.PostProcessing/PostProcessAssembly'
info: Microsoft.AspNetCore.Hosting.Diagnostics[2]
      Request finished HTTP/2 POST http://ilpp/UnityILPP.PostProcessing/PostProcessAssembly - 200 - application/grpc 17.0709ms
info: Microsoft.AspNetCore.Routing.EndpointMiddleware[1]
      Executed endpoint 'gRPC - /UnityILPP.PostProcessing/PostProcessAssembly'
info: Microsoft.AspNetCore.Hosting.Diagnostics[2]
      Request finished HTTP/2 POST http://ilpp/UnityILPP.PostProcessing/PostProcessAssembly - 200 - application/grpc 18.9710ms
info: Unity.ILPP.Runner.PostProcessingPipeline[0]
      running Unity.Jobs.CodeGen.JobsILPostProcessor
info: Unity.ILPP.Runner.PostProcessingPipeline[0]
      running zzzUnity.Burst.CodeGen.BurstILPostProcessor
info: Unity.ILPP.Runner.PostProcessingPipeline[0]
      running Unity.Jobs.CodeGen.JobsILPostProcessor
info: Unity.ILPP.Runner.PostProcessingPipeline[0]
      running zzzUnity.Burst.CodeGen.BurstILPostProcessor
info: Unity.ILPP.Runner.PostProcessingPipeline[0]
      running Unity.Jobs.CodeGen.JobsILPostProcessor
info: Unity.ILPP.Runner.PostProcessingPipeline[0]
      running zzzUnity.Burst.CodeGen.BurstILPostProcessor
info: Microsoft.AspNetCore.Routing.EndpointMiddleware[1]
      Executed endpoint 'gRPC - /UnityILPP.PostProcessing/PostProcessAssembly'
info: Microsoft.AspNetCore.Routing.EndpointMiddleware[1]
      Executed endpoint 'gRPC - /UnityILPP.PostProcessing/PostProcessAssembly'
info: Microsoft.AspNetCore.Hosting.Diagnostics[2]
      Request finished HTTP/2 POST http://ilpp/UnityILPP.PostProcessing/PostProcessAssembly - 200 - application/grpc 16.5217ms
info: Microsoft.AspNetCore.Hosting.Diagnostics[2]
      Request finished HTTP/2 POST http://ilpp/UnityILPP.PostProcessing/PostProcessAssembly - 200 - application/grpc 24.0581ms
info: Unity.ILPP.Runner.PostProcessingPipeline[0]
      Processing assembly Library/Bee/artifacts/1900b0aE.dag/Unity.PathTracing.Runtime.dll, with 142 defines and 300 references
info: Unity.ILPP.Runner.PostProcessingPipeline[0]
      processors: Unity.Jobs.CodeGen.JobsILPostProcessor, zzzUnity.Burst.CodeGen.BurstILPostProcessor
info: Unity.ILPP.Runner.PostProcessingPipeline[0]
      running Unity.Jobs.CodeGen.JobsILPostProcessor
info: Unity.ILPP.Runner.PostProcessingPipeline[0]
      running zzzUnity.Burst.CodeGen.BurstILPostProcessor
info: Microsoft.AspNetCore.Hosting.Diagnostics[1]
      Request starting HTTP/2 POST http://ilpp/UnityILPP.PostProcessing/PostProcessAssembly - application/grpc -
info: Microsoft.AspNetCore.Routing.EndpointMiddleware[0]
      Executing endpoint 'gRPC - /UnityILPP.PostProcessing/PostProcessAssembly'
info: Unity.ILPP.Runner.PostProcessingPipeline[0]
      running Unity.Jobs.CodeGen.JobsILPostProcessor
info: Microsoft.AspNetCore.Routing.EndpointMiddleware[1]
      Executed endpoint 'gRPC - /UnityILPP.PostProcessing/PostProcessAssembly'
info: Microsoft.AspNetCore.Hosting.Diagnostics[2]
      Request finished HTTP/2 POST http://ilpp/UnityILPP.PostProcessing/PostProcessAssembly - 200 - application/grpc 27.4240ms
info: Unity.ILPP.Runner.PostProcessingPipeline[0]
      Processing assembly Library/Bee/artifacts/1900b0aE.dag/Unity.InternalAPIEngineBridge.004.dll, with 141 defines and 296 references
info: Unity.ILPP.Runner.PostProcessingPipeline[0]
      processors: Unity.Jobs.CodeGen.JobsILPostProcessor, zzzUnity.Burst.CodeGen.BurstILPostProcessor
info: Unity.ILPP.Runner.PostProcessingPipeline[0]
      running Unity.Jobs.CodeGen.JobsILPostProcessor
info: Unity.ILPP.Runner.PostProcessingPipeline[0]
      running zzzUnity.Burst.CodeGen.BurstILPostProcessor
info: Microsoft.AspNetCore.Routing.EndpointMiddleware[1]
      Executed endpoint 'gRPC - /UnityILPP.PostProcessing/PostProcessAssembly'
info: Microsoft.AspNetCore.Hosting.Diagnostics[2]
      Request finished HTTP/2 POST http://ilpp/UnityILPP.PostProcessing/PostProcessAssembly - 200 - application/grpc 5.5895ms
info: Microsoft.AspNetCore.Hosting.Diagnostics[1]
      Request starting HTTP/2 POST http://ilpp/UnityILPP.PostProcessing/PostProcessAssembly - application/grpc -
info: Microsoft.AspNetCore.Routing.EndpointMiddleware[0]
      Executing endpoint 'gRPC - /UnityILPP.PostProcessing/PostProcessAssembly'
info: Microsoft.AspNetCore.Hosting.Diagnostics[1]
      Request starting HTTP/2 POST http://ilpp/UnityILPP.PostProcessing/PostProcessAssembly - application/grpc -
info: Microsoft.AspNetCore.Routing.EndpointMiddleware[0]
      Executing endpoint 'gRPC - /UnityILPP.PostProcessing/PostProcessAssembly'
info: Microsoft.AspNetCore.Hosting.Diagnostics[1]
      Request starting HTTP/2 POST http://ilpp/UnityILPP.PostProcessing/PostProcessAssembly - application/grpc -
info: Microsoft.AspNetCore.Routing.EndpointMiddleware[0]
      Executing endpoint 'gRPC - /UnityILPP.PostProcessing/PostProcessAssembly'
info: Unity.ILPP.Runner.PostProcessingPipeline[0]
      Processing assembly Library/Bee/artifacts/1900b0aE.dag/Unity.RenderPipelines.Core.Runtime.Shared.dll, with 141 defines and 299 references
info: Unity.ILPP.Runner.PostProcessingPipeline[0]
      processors: Unity.Jobs.CodeGen.JobsILPostProcessor, zzzUnity.Burst.CodeGen.BurstILPostProcessor
info: Unity.ILPP.Runner.PostProcessingPipeline[0]
      Processing assembly Library/Bee/artifacts/1900b0aE.dag/Unity.VisualScripting.SettingsProvider.Editor.dll, with 139 defines and 310 references
info: Unity.ILPP.Runner.PostProcessingPipeline[0]
      processors: Unity.Jobs.CodeGen.JobsILPostProcessor, zzzUnity.Burst.CodeGen.BurstILPostProcessor
info: Unity.ILPP.Runner.PostProcessingAssemblyLoadContext[0]
      Resolved Unity.Burst.Cecil.Rocks, Version=0.11.6.0, Culture=neutral, PublicKeyToken=50cebf1cceb9d05e with Library\PackageCache\com.unity.burst@2f3d916873ea\Unity.Burst.CodeGen\Unity.Burst.Cecil.Rocks.dll
info: Microsoft.AspNetCore.Routing.EndpointMiddleware[1]
      Executed endpoint 'gRPC - /UnityILPP.PostProcessing/PostProcessAssembly'
info: Unity.ILPP.Runner.PostProcessingPipeline[0]
      running Unity.Jobs.CodeGen.JobsILPostProcessor
info: Unity.ILPP.Runner.PostProcessingPipeline[0]
      running Unity.Jobs.CodeGen.JobsILPostProcessor
info: Microsoft.AspNetCore.Hosting.Diagnostics[2]
      Request finished HTTP/2 POST http://ilpp/UnityILPP.PostProcessing/PostProcessAssembly - 200 - application/grpc 462.6550ms
info: Unity.ILPP.Runner.PostProcessingPipeline[0]
      running zzzUnity.Burst.CodeGen.BurstILPostProcessor
info: Microsoft.AspNetCore.Routing.EndpointMiddleware[1]
      Executed endpoint 'gRPC - /UnityILPP.PostProcessing/PostProcessAssembly'
info: Microsoft.AspNetCore.Hosting.Diagnostics[2]
      Request finished HTTP/2 POST http://ilpp/UnityILPP.PostProcessing/PostProcessAssembly - 200 - application/grpc 431.7390ms
info: Unity.ILPP.Runner.PostProcessingPipeline[0]
      Processing assembly Library/Bee/artifacts/1900b0aE.dag/Unity.Collections.dll, with 143 defines and 298 references
info: Unity.ILPP.Runner.PostProcessingPipeline[0]
      processors: Unity.Jobs.CodeGen.JobsILPostProcessor, zzzUnity.Burst.CodeGen.BurstILPostProcessor
info: Microsoft.AspNetCore.Hosting.Diagnostics[1]
      Request starting HTTP/2 POST http://ilpp/UnityILPP.PostProcessing/PostProcessAssembly - application/grpc -
info: Microsoft.AspNetCore.Hosting.Diagnostics[1]
      Request starting HTTP/2 POST http://ilpp/UnityILPP.PostProcessing/PostProcessAssembly - application/grpc -
info: Microsoft.AspNetCore.Routing.EndpointMiddleware[0]
      Executing endpoint 'gRPC - /UnityILPP.PostProcessing/PostProcessAssembly'
info: Microsoft.AspNetCore.Routing.EndpointMiddleware[0]
      Executing endpoint 'gRPC - /UnityILPP.PostProcessing/PostProcessAssembly'
info: Unity.ILPP.Runner.PostProcessingPipeline[0]
      Processing assembly Library/Bee/artifacts/1900b0aE.dag/Unity.Collections.Editor.dll, with 140 defines and 306 references
info: Unity.ILPP.Runner.PostProcessingPipeline[0]
      processors: Unity.Jobs.CodeGen.JobsILPostProcessor, zzzUnity.Burst.CodeGen.BurstILPostProcessor
info: Unity.ILPP.Runner.PostProcessingPipeline[0]
      Processing assembly Library/Bee/artifacts/1900b0aE.dag/Unity.InputSystem.dll, with 154 defines and 296 references
info: Unity.ILPP.Runner.PostProcessingPipeline[0]
      processors: Unity.Jobs.CodeGen.JobsILPostProcessor, zzzUnity.Burst.CodeGen.BurstILPostProcessor
info: Microsoft.AspNetCore.Routing.EndpointMiddleware[1]
      Executed endpoint 'gRPC - /UnityILPP.PostProcessing/PostProcessAssembly'
info: Microsoft.AspNetCore.Routing.EndpointMiddleware[1]
      Executed endpoint 'gRPC - /UnityILPP.PostProcessing/PostProcessAssembly'
info: Microsoft.AspNetCore.Hosting.Diagnostics[2]
      Request finished HTTP/2 POST http://ilpp/UnityILPP.PostProcessing/PostProcessAssembly - 200 - application/grpc 963.3960ms
info: Microsoft.AspNetCore.Hosting.Diagnostics[2]
      Request finished HTTP/2 POST http://ilpp/UnityILPP.PostProcessing/PostProcessAssembly - 200 - application/grpc 1010.1588ms
info: Unity.ILPP.Runner.PostProcessingPipeline[0]
      running Unity.Jobs.CodeGen.JobsILPostProcessor
info: Microsoft.AspNetCore.Hosting.Diagnostics[1]
      Request starting HTTP/2 POST http://ilpp/UnityILPP.PostProcessing/PostProcessAssembly - application/grpc -
info: Microsoft.AspNetCore.Routing.EndpointMiddleware[0]
      Executing endpoint 'gRPC - /UnityILPP.PostProcessing/PostProcessAssembly'
info: Microsoft.AspNetCore.Hosting.Diagnostics[1]
      Request starting HTTP/2 POST http://ilpp/UnityILPP.PostProcessing/PostProcessAssembly - application/grpc -
info: Microsoft.AspNetCore.Hosting.Diagnostics[1]
      Request starting HTTP/2 POST http://ilpp/UnityILPP.PostProcessing/PostProcessAssembly - application/grpc -
info: Microsoft.AspNetCore.Routing.EndpointMiddleware[0]
      Executing endpoint 'gRPC - /UnityILPP.PostProcessing/PostProcessAssembly'
info: Unity.ILPP.Runner.PostProcessingPipeline[0]
      Processing assembly Library/Bee/artifacts/1900b0aE.dag/Unity.Burst.Editor.dll, with 139 defines and 306 references
info: Unity.ILPP.Runner.PostProcessingPipeline[0]
      processors: Unity.Jobs.CodeGen.JobsILPostProcessor, zzzUnity.Burst.CodeGen.BurstILPostProcessor
info: Microsoft.AspNetCore.Routing.EndpointMiddleware[0]
      Executing endpoint 'gRPC - /UnityILPP.PostProcessing/PostProcessAssembly'
info: Unity.ILPP.Runner.PostProcessingPipeline[0]
      Processing assembly Library/Bee/artifacts/1900b0aE.dag/Unity.AI.Navigation.Updater.dll, with 139 defines and 308 references
info: Unity.ILPP.Runner.PostProcessingPipeline[0]
      Processing assembly Library/Bee/artifacts/1900b0aE.dag/Unity.VisualScripting.Flow.Editor.dll, with 141 defines and 309 references
info: Unity.ILPP.Runner.PostProcessingPipeline[0]
      processors: Unity.Jobs.CodeGen.JobsILPostProcessor, zzzUnity.Burst.CodeGen.BurstILPostProcessor
info: Unity.ILPP.Runner.PostProcessingPipeline[0]
      processors: Unity.Jobs.CodeGen.JobsILPostProcessor, zzzUnity.Burst.CodeGen.BurstILPostProcessor
info: Unity.ILPP.Runner.PostProcessingAssemblyLoadContext[0]
      Resolved UnityEditor.CoreModule, Version=0.0.0.0, Culture=neutral, PublicKeyToken=null with C:\Program Files\Unity\Hub\Editor\6000.5.9f1\Editor\Data\Managed\UnityEngine\UnityEditor.CoreModule.dll
info: Unity.ILPP.Runner.PostProcessingAssemblyLoadContext[0]
      Resolved UnityEngine.CoreModule, Version=0.0.0.0, Culture=neutral, PublicKeyToken=null with C:\Program Files\Unity\Hub\Editor\6000.5.9f1\Editor\Data\Managed\UnityEngine\UnityEngine.CoreModule.dll
info: Unity.ILPP.Runner.PostProcessingAssemblyLoadContext[0]
      Resolved Unity.Scripting, Version=0.0.0.0, Culture=neutral, PublicKeyToken=null with C:\Program Files\Unity\Hub\Editor\6000.5.9f1\Editor\Data\Managed\UnityEngine\Unity.Scripting.dll
info: Unity.ILPP.Runner.PostProcessingPipeline[0]
      running zzzUnity.Burst.CodeGen.BurstILPostProcessor
info: Unity.ILPP.Runner.PostProcessingPipeline[0]
      running zzzUnity.Burst.CodeGen.BurstILPostProcessor
info: Unity.ILPP.Runner.PostProcessingPipeline[0]
      running zzzUnity.Burst.CodeGen.BurstILPostProcessor
info: Unity.ILPP.Runner.PostProcessingPipeline[0]
      running Unity.Jobs.CodeGen.JobsILPostProcessor
info: Microsoft.AspNetCore.Routing.EndpointMiddleware[1]
      Executed endpoint 'gRPC - /UnityILPP.PostProcessing/PostProcessAssembly'
info: Microsoft.AspNetCore.Hosting.Diagnostics[2]
      Request finished HTTP/2 POST http://ilpp/UnityILPP.PostProcessing/PostProcessAssembly - 200 - application/grpc 2115.0538ms
info: Microsoft.AspNetCore.Routing.EndpointMiddleware[1]
      Executed endpoint 'gRPC - /UnityILPP.PostProcessing/PostProcessAssembly'
info: Microsoft.AspNetCore.Hosting.Diagnostics[2]
      Request finished HTTP/2 POST http://ilpp/UnityILPP.PostProcessing/PostProcessAssembly - 200 - application/grpc 1682.5161ms
info: Unity.ILPP.Runner.PostProcessingPipeline[0]
      running Unity.Jobs.CodeGen.JobsILPostProcessor
info: Unity.ILPP.Runner.PostProcessingPipeline[0]
      running zzzUnity.Burst.CodeGen.BurstILPostProcessor
info: Microsoft.AspNetCore.Hosting.Diagnostics[1]
      Request starting HTTP/2 POST http://ilpp/UnityILPP.PostProcessing/PostProcessAssembly - application/grpc -
info: Microsoft.AspNetCore.Routing.EndpointMiddleware[0]
      Executing endpoint 'gRPC - /UnityILPP.PostProcessing/PostProcessAssembly'
info: Unity.ILPP.Runner.PostProcessingPipeline[0]
      running Unity.Jobs.CodeGen.JobsILPostProcessor
info: Unity.ILPP.Runner.PostProcessingPipeline[0]
      running zzzUnity.Burst.CodeGen.BurstILPostProcessor
info: Unity.ILPP.Runner.PostProcessingPipeline[0]
      Processing assembly Library/Bee/artifacts/1900b0aE.dag/Unity.Multiplayer.Center.Editor.dll, with 139 defines and 306 references
info: Unity.ILPP.Runner.PostProcessingPipeline[0]
      processors: Unity.Jobs.CodeGen.JobsILPostProcessor, zzzUnity.Burst.CodeGen.BurstILPostProcessor
info: Microsoft.AspNetCore.Routing.EndpointMiddleware[1]
      Executed endpoint 'gRPC - /UnityILPP.PostProcessing/PostProcessAssembly'
info: Microsoft.AspNetCore.Hosting.Diagnostics[2]
      Request finished HTTP/2 POST http://ilpp/UnityILPP.PostProcessing/PostProcessAssembly - 200 - application/grpc 1339.1730ms
info: Microsoft.AspNetCore.Hosting.Diagnostics[1]
      Request starting HTTP/2 POST http://ilpp/UnityILPP.PostProcessing/PostProcessAssembly - application/grpc -
info: Microsoft.AspNetCore.Routing.EndpointMiddleware[0]
      Executing endpoint 'gRPC - /UnityILPP.PostProcessing/PostProcessAssembly'
info: Microsoft.AspNetCore.Routing.EndpointMiddleware[1]
      Executed endpoint 'gRPC - /UnityILPP.PostProcessing/PostProcessAssembly'
info: Microsoft.AspNetCore.Hosting.Diagnostics[2]
      Request finished HTTP/2 POST http://ilpp/UnityILPP.PostProcessing/PostProcessAssembly - 200 - application/grpc 1340.0533ms
info: Unity.ILPP.Runner.PostProcessingPipeline[0]
      Processing assembly Library/Bee/artifacts/1900b0aE.dag/Unity.PlasticSCM.Editor.Entities.dll, with 139 defines and 306 references
info: Unity.ILPP.Runner.PostProcessingPipeline[0]
      processors: Unity.Jobs.CodeGen.JobsILPostProcessor, zzzUnity.Burst.CodeGen.BurstILPostProcessor
info: Microsoft.AspNetCore.Hosting.Diagnostics[1]
      Request starting HTTP/2 POST http://ilpp/UnityILPP.PostProcessing/PostProcessAssembly - application/grpc -
info: Microsoft.AspNetCore.Routing.EndpointMiddleware[0]
      Executing endpoint 'gRPC - /UnityILPP.PostProcessing/PostProcessAssembly'
info: Unity.ILPP.Runner.PostProcessingPipeline[0]
      Processing assembly Library/Bee/artifacts/1900b0aE.dag/Unity.VisualScripting.Shared.Editor.dll, with 139 defines and 311 references
info: Unity.ILPP.Runner.PostProcessingPipeline[0]
      processors: Unity.Jobs.CodeGen.JobsILPostProcessor, zzzUnity.Burst.CodeGen.BurstILPostProcessor
info: Unity.ILPP.Runner.PostProcessingPipeline[0]
      running Unity.Jobs.CodeGen.JobsILPostProcessor
info: Unity.ILPP.Runner.PostProcessingPipeline[0]
      running zzzUnity.Burst.CodeGen.BurstILPostProcessor
info: Unity.ILPP.Runner.PostProcessingPipeline[0]
      running Unity.Jobs.CodeGen.JobsILPostProcessor
info: Unity.ILPP.Runner.PostProcessingPipeline[0]
      running zzzUnity.Burst.CodeGen.BurstILPostProcessor
info: Unity.ILPP.Runner.PostProcessingPipeline[0]
      running Unity.Jobs.CodeGen.JobsILPostProcessor
info: Unity.ILPP.Runner.PostProcessingPipeline[0]
      running zzzUnity.Burst.CodeGen.BurstILPostProcessor
info: Microsoft.AspNetCore.Routing.EndpointMiddleware[1]
      Executed endpoint 'gRPC - /UnityILPP.PostProcessing/PostProcessAssembly'
info: Microsoft.AspNetCore.Hosting.Diagnostics[2]
      Request finished HTTP/2 POST http://ilpp/UnityILPP.PostProcessing/PostProcessAssembly - 200 - application/grpc 7.9376ms
info: Unity.ILPP.Runner.PostProcessingPipeline[0]
      running Unity.Jobs.CodeGen.JobsILPostProcessor
info: Unity.ILPP.Runner.PostProcessingPipeline[0]
      running zzzUnity.Burst.CodeGen.BurstILPostProcessor
info: Microsoft.AspNetCore.Routing.EndpointMiddleware[1]
      Executed endpoint 'gRPC - /UnityILPP.PostProcessing/PostProcessAssembly'
info: Microsoft.AspNetCore.Hosting.Diagnostics[2]
      Request finished HTTP/2 POST http://ilpp/UnityILPP.PostProcessing/PostProcessAssembly - 200 - application/grpc 6.0493ms
info: Microsoft.AspNetCore.Routing.EndpointMiddleware[1]
      Executed endpoint 'gRPC - /UnityILPP.PostProcessing/PostProcessAssembly'
info: Microsoft.AspNetCore.Routing.EndpointMiddleware[1]
      Executed endpoint 'gRPC - /UnityILPP.PostProcessing/PostProcessAssembly'
info: Microsoft.AspNetCore.Hosting.Diagnostics[2]
      Request finished HTTP/2 POST http://ilpp/UnityILPP.PostProcessing/PostProcessAssembly - 200 - application/grpc 6.9813ms
info: Microsoft.AspNetCore.Hosting.Diagnostics[2]
      Request finished HTTP/2 POST http://ilpp/UnityILPP.PostProcessing/PostProcessAssembly - 200 - application/grpc 2357.1444ms
info: Microsoft.AspNetCore.Hosting.Diagnostics[1]
      Request starting HTTP/2 POST http://ilpp/UnityILPP.PostProcessing/PostProcessAssembly - application/grpc -
info: Microsoft.AspNetCore.Routing.EndpointMiddleware[0]
      Executing endpoint 'gRPC - /UnityILPP.PostProcessing/PostProcessAssembly'
info: Unity.ILPP.Runner.PostProcessingPipeline[0]
      Processing assembly Library/Bee/artifacts/1900b0aE.dag/UnityEditor.UI.dll, with 142 defines and 304 references
info: Unity.ILPP.Runner.PostProcessingPipeline[0]
      processors: Unity.Jobs.CodeGen.JobsILPostProcessor, zzzUnity.Burst.CodeGen.BurstILPostProcessor
info: Unity.ILPP.Runner.PostProcessingPipeline[0]
      running Unity.Jobs.CodeGen.JobsILPostProcessor
info: Unity.ILPP.Runner.PostProcessingPipeline[0]
      running zzzUnity.Burst.CodeGen.BurstILPostProcessor
info: Unity.ILPP.Runner.PostProcessingAssemblyLoadContext[0]
      Resolved Mono.Cecil.Rocks, Version=0.11.5.0, Culture=neutral, PublicKeyToken=50cebf1cceb9d05e with Library\PackageCache\com.unity.nuget.mono-cecil@ecb9724e46ff\Mono.Cecil.Rocks.dll
info: Unity.ILPP.Runner.PostProcessingPipeline[0]
      running Unity.Jobs.CodeGen.JobsILPostProcessor
info: Unity.ILPP.Runner.PostProcessingPipeline[0]
      running zzzUnity.Burst.CodeGen.BurstILPostProcessor
info: Microsoft.AspNetCore.Routing.EndpointMiddleware[1]
      Executed endpoint 'gRPC - /UnityILPP.PostProcessing/PostProcessAssembly'
info: Microsoft.AspNetCore.Hosting.Diagnostics[2]
      Request finished HTTP/2 POST http://ilpp/UnityILPP.PostProcessing/PostProcessAssembly - 200 - application/grpc 35.9780ms
info: Microsoft.AspNetCore.Routing.EndpointMiddleware[1]
      Executed endpoint 'gRPC - /UnityILPP.PostProcessing/PostProcessAssembly'
info: Microsoft.AspNetCore.Hosting.Diagnostics[2]
      Request finished HTTP/2 POST http://ilpp/UnityILPP.PostProcessing/PostProcessAssembly - 200 - application/grpc 1730.4637ms
info: Unity.ILPP.Runner.PostProcessingPipeline[0]
      running zzzUnity.Burst.CodeGen.BurstILPostProcessor
info: Microsoft.AspNetCore.Routing.EndpointMiddleware[1]
      Executed endpoint 'gRPC - /UnityILPP.PostProcessing/PostProcessAssembly'
info: Microsoft.AspNetCore.Hosting.Diagnostics[2]
      Request finished HTTP/2 POST http://ilpp/UnityILPP.PostProcessing/PostProcessAssembly - 200 - application/grpc 1509.2187ms
info: Microsoft.AspNetCore.Hosting.Diagnostics[1]
      Request starting HTTP/2 POST http://ilpp/UnityILPP.PostProcessing/PostProcessAssembly - application/grpc -
info: Microsoft.AspNetCore.Hosting.Diagnostics[1]
      Request starting HTTP/2 POST http://ilpp/UnityILPP.PostProcessing/PostProcessAssembly - application/grpc -
info: Microsoft.AspNetCore.Routing.EndpointMiddleware[0]
      Executing endpoint 'gRPC - /UnityILPP.PostProcessing/PostProcessAssembly'
info: Microsoft.AspNetCore.Routing.EndpointMiddleware[0]
      Executing endpoint 'gRPC - /UnityILPP.PostProcessing/PostProcessAssembly'
info: Microsoft.AspNetCore.Hosting.Diagnostics[1]
      Request starting HTTP/2 POST http://ilpp/UnityILPP.PostProcessing/PostProcessAssembly - application/grpc -
info: Microsoft.AspNetCore.Hosting.Diagnostics[1]
      Request starting HTTP/2 POST http://ilpp/UnityILPP.PostProcessing/PostProcessAssembly - application/grpc -
info: Microsoft.AspNetCore.Routing.EndpointMiddleware[0]
      Executing endpoint 'gRPC - /UnityILPP.PostProcessing/PostProcessAssembly'
info: Microsoft.AspNetCore.Routing.EndpointMiddleware[0]
      Executing endpoint 'gRPC - /UnityILPP.PostProcessing/PostProcessAssembly'
info: Unity.ILPP.Runner.PostProcessingPipeline[0]
      Processing assembly Library/Bee/artifacts/1900b0aE.dag/Unity.RenderPipelines.Universal.2D.Editor.Overrides.dll, with 140 defines and 314 references
info: Unity.ILPP.Runner.PostProcessingPipeline[0]
      Processing assembly Library/Bee/artifacts/1900b0aE.dag/Unity.VisualScripting.Core.Editor.dll, with 139 defines and 306 references
info: Unity.ILPP.Runner.PostProcessingPipeline[0]
      Processing assembly Library/Bee/artifacts/1900b0aE.dag/Unity.RenderPipelines.Universal.Editor.dll, with 141 defines and 318 references
info: Unity.ILPP.Runner.PostProcessingPipeline[0]
      processors: Unity.Jobs.CodeGen.JobsILPostProcessor, zzzUnity.Burst.CodeGen.BurstILPostProcessor
info: Unity.ILPP.Runner.PostProcessingPipeline[0]
      processors: Unity.Jobs.CodeGen.JobsILPostProcessor, zzzUnity.Burst.CodeGen.BurstILPostProcessor
info: Unity.ILPP.Runner.PostProcessingPipeline[0]
      processors: Unity.Jobs.CodeGen.JobsILPostProcessor, zzzUnity.Burst.CodeGen.BurstILPostProcessor
info: Microsoft.AspNetCore.Hosting.Diagnostics[1]
      Request starting HTTP/2 POST http://ilpp/UnityILPP.PostProcessing/PostProcessAssembly - application/grpc -
info: Microsoft.AspNetCore.Hosting.Diagnostics[1]
      Request starting HTTP/2 POST http://ilpp/UnityILPP.PostProcessing/PostProcessAssembly - application/grpc -
info: Microsoft.AspNetCore.Hosting.Diagnostics[1]
      Request starting HTTP/2 POST http://ilpp/UnityILPP.PostProcessing/PostProcessAssembly - application/grpc -
info: Microsoft.AspNetCore.Routing.EndpointMiddleware[0]
      Executing endpoint 'gRPC - /UnityILPP.PostProcessing/PostProcessAssembly'
info: Microsoft.AspNetCore.Routing.EndpointMiddleware[0]
      Executing endpoint 'gRPC - /UnityILPP.PostProcessing/PostProcessAssembly'
info: Microsoft.AspNetCore.Routing.EndpointMiddleware[0]
      Executing endpoint 'gRPC - /UnityILPP.PostProcessing/PostProcessAssembly'
info: Microsoft.AspNetCore.Hosting.Diagnostics[1]
      Request starting HTTP/2 POST http://ilpp/UnityILPP.PostProcessing/PostProcessAssembly - application/grpc -
info: Microsoft.AspNetCore.Routing.EndpointMiddleware[0]
      Executing endpoint 'gRPC - /UnityILPP.PostProcessing/PostProcessAssembly'
info: Unity.ILPP.Runner.PostProcessingPipeline[0]
      Processing assembly Library/Bee/artifacts/1900b0aE.dag/Unity.PathTracing.Editor.dll, with 140 defines and 309 references
info: Unity.ILPP.Runner.PostProcessingPipeline[0]
      processors: Unity.Jobs.CodeGen.JobsILPostProcessor, zzzUnity.Burst.CodeGen.BurstILPostProcessor
info: Unity.ILPP.Runner.PostProcessingPipeline[0]
      Processing assembly Library/Bee/artifacts/1900b0aE.dag/Unity.InternalAPIEditorBridge.ShaderGraph.Editor.dll, with 139 defines and 305 references
info: Unity.ILPP.Runner.PostProcessingPipeline[0]
      Processing assembly Library/Bee/artifacts/1900b0aE.dag/Unity.CollabProxy.Editor.dll, with 139 defines and 306 references
info: Unity.ILPP.Runner.PostProcessingPipeline[0]
      processors: Unity.Jobs.CodeGen.JobsILPostProcessor, zzzUnity.Burst.CodeGen.BurstILPostProcessor
info: Unity.ILPP.Runner.PostProcessingPipeline[0]
      processors: Unity.Jobs.CodeGen.JobsILPostProcessor, zzzUnity.Burst.CodeGen.BurstILPostProcessor
info: Microsoft.AspNetCore.Hosting.Diagnostics[1]
      Request starting HTTP/2 POST http://ilpp/UnityILPP.PostProcessing/PostProcessAssembly - application/grpc -
info: Microsoft.AspNetCore.Routing.EndpointMiddleware[0]
      Executing endpoint 'gRPC - /UnityILPP.PostProcessing/PostProcessAssembly'
info: Unity.ILPP.Runner.PostProcessingPipeline[0]
      Processing assembly Library/Bee/artifacts/1900b0aE.dag/Unity.VisualScripting.State.Editor.dll, with 139 defines and 310 references
info: Unity.ILPP.Runner.PostProcessingPipeline[0]
      processors: Unity.Jobs.CodeGen.JobsILPostProcessor, zzzUnity.Burst.CodeGen.BurstILPostProcessor
info: Unity.ILPP.Runner.PostProcessingPipeline[0]
      running Unity.Jobs.CodeGen.JobsILPostProcessor
info: Unity.ILPP.Runner.PostProcessingPipeline[0]
      running zzzUnity.Burst.CodeGen.BurstILPostProcessor
info: Unity.ILPP.Runner.PostProcessingPipeline[0]
      running Unity.Jobs.CodeGen.JobsILPostProcessor
info: Unity.ILPP.Runner.PostProcessingPipeline[0]
      running zzzUnity.Burst.CodeGen.BurstILPostProcessor
info: Unity.ILPP.Runner.PostProcessingPipeline[0]
      running Unity.Jobs.CodeGen.JobsILPostProcessor
info: Unity.ILPP.Runner.PostProcessingPipeline[0]
      running zzzUnity.Burst.CodeGen.BurstILPostProcessor
info: Microsoft.AspNetCore.Routing.EndpointMiddleware[1]
      Executed endpoint 'gRPC - /UnityILPP.PostProcessing/PostProcessAssembly'
info: Microsoft.AspNetCore.Hosting.Diagnostics[2]
      Request finished HTTP/2 POST http://ilpp/UnityILPP.PostProcessing/PostProcessAssembly - 200 - application/grpc 6.9998ms
info: Unity.ILPP.Runner.PostProcessingPipeline[0]
      running Unity.Jobs.CodeGen.JobsILPostProcessor
info: Unity.ILPP.Runner.PostProcessingPipeline[0]
      running zzzUnity.Burst.CodeGen.BurstILPostProcessor
info: Microsoft.AspNetCore.Routing.EndpointMiddleware[1]
      Executed endpoint 'gRPC - /UnityILPP.PostProcessing/PostProcessAssembly'
info: Microsoft.AspNetCore.Routing.EndpointMiddleware[1]
      Executed endpoint 'gRPC - /UnityILPP.PostProcessing/PostProcessAssembly'
info: Microsoft.AspNetCore.Hosting.Diagnostics[2]
      Request finished HTTP/2 POST http://ilpp/UnityILPP.PostProcessing/PostProcessAssembly - 200 - application/grpc 7.9527ms
info: Microsoft.AspNetCore.Hosting.Diagnostics[2]
      Request finished HTTP/2 POST http://ilpp/UnityILPP.PostProcessing/PostProcessAssembly - 200 - application/grpc 9.0756ms
info: Unity.ILPP.Runner.PostProcessingPipeline[0]
      running Unity.Jobs.CodeGen.JobsILPostProcessor
info: Unity.ILPP.Runner.PostProcessingPipeline[0]
      running zzzUnity.Burst.CodeGen.BurstILPostProcessor
info: Microsoft.AspNetCore.Hosting.Diagnostics[1]
      Request starting HTTP/2 POST http://ilpp/UnityILPP.PostProcessing/PostProcessAssembly - application/grpc -
info: Microsoft.AspNetCore.Routing.EndpointMiddleware[0]
      Executing endpoint 'gRPC - /UnityILPP.PostProcessing/PostProcessAssembly'
info: Unity.ILPP.Runner.PostProcessingPipeline[0]
      Processing assembly Library/Bee/artifacts/1900b0aE.dag/Unity.AI.Navigation.Editor.ConversionSystem.dll, with 139 defines and 305 references
info: Unity.ILPP.Runner.PostProcessingPipeline[0]
      processors: Unity.Jobs.CodeGen.JobsILPostProcessor, zzzUnity.Burst.CodeGen.BurstILPostProcessor
info: Microsoft.AspNetCore.Routing.EndpointMiddleware[1]
      Executed endpoint 'gRPC - /UnityILPP.PostProcessing/PostProcessAssembly'
info: Microsoft.AspNetCore.Hosting.Diagnostics[2]
      Request finished HTTP/2 POST http://ilpp/UnityILPP.PostProcessing/PostProcessAssembly - 200 - application/grpc 62.2751ms
info: Unity.ILPP.Runner.PostProcessingPipeline[0]
      running Unity.Jobs.CodeGen.JobsILPostProcessor
info: Unity.ILPP.Runner.PostProcessingPipeline[0]
      running zzzUnity.Burst.CodeGen.BurstILPostProcessor
info: Microsoft.AspNetCore.Hosting.Diagnostics[1]
      Request starting HTTP/2 POST http://ilpp/UnityILPP.PostProcessing/PostProcessAssembly - application/grpc -
info: Microsoft.AspNetCore.Routing.EndpointMiddleware[0]
      Executing endpoint 'gRPC - /UnityILPP.PostProcessing/PostProcessAssembly'
info: Unity.ILPP.Runner.PostProcessingPipeline[0]
      Processing assembly Library/Bee/artifacts/1900b0aE.dag/UnityEditor.UI.Analytics.dll, with 139 defines and 306 references
info: Unity.ILPP.Runner.PostProcessingPipeline[0]
      processors: Unity.Jobs.CodeGen.JobsILPostProcessor, zzzUnity.Burst.CodeGen.BurstILPostProcessor
info: Microsoft.AspNetCore.Routing.EndpointMiddleware[1]
      Executed endpoint 'gRPC - /UnityILPP.PostProcessing/PostProcessAssembly'
info: Microsoft.AspNetCore.Hosting.Diagnostics[2]
      Request finished HTTP/2 POST http://ilpp/UnityILPP.PostProcessing/PostProcessAssembly - 200 - application/grpc 63.3184ms
info: Unity.ILPP.Runner.PostProcessingPipeline[0]
      running Unity.Jobs.CodeGen.JobsILPostProcessor
info: Unity.ILPP.Runner.PostProcessingPipeline[0]
      running zzzUnity.Burst.CodeGen.BurstILPostProcessor
info: Microsoft.AspNetCore.Hosting.Diagnostics[1]
      Request starting HTTP/2 POST http://ilpp/UnityILPP.PostProcessing/PostProcessAssembly - application/grpc -
info: Microsoft.AspNetCore.Routing.EndpointMiddleware[0]
      Executing endpoint 'gRPC - /UnityILPP.PostProcessing/PostProcessAssembly'
info: Unity.ILPP.Runner.PostProcessingPipeline[0]
      Processing assembly Library/Bee/artifacts/1900b0aE.dag/Unity.RenderPipelines.Core.Editor.dll, with 142 defines and 314 references
info: Unity.ILPP.Runner.PostProcessingPipeline[0]
      processors: Unity.Jobs.CodeGen.JobsILPostProcessor, zzzUnity.Burst.CodeGen.BurstILPostProcessor
info: Unity.ILPP.Runner.PostProcessingPipeline[0]
      running Unity.Jobs.CodeGen.JobsILPostProcessor
info: Unity.ILPP.Runner.PostProcessingPipeline[0]
      running zzzUnity.Burst.CodeGen.BurstILPostProcessor
info: Microsoft.AspNetCore.Routing.EndpointMiddleware[1]
      Executed endpoint 'gRPC - /UnityILPP.PostProcessing/PostProcessAssembly'
info: Microsoft.AspNetCore.Routing.EndpointMiddleware[1]
      Executed endpoint 'gRPC - /UnityILPP.PostProcessing/PostProcessAssembly'
info: Microsoft.AspNetCore.Hosting.Diagnostics[2]
      Request finished HTTP/2 POST http://ilpp/UnityILPP.PostProcessing/PostProcessAssembly - 200 - application/grpc 66.9184ms
info: Microsoft.AspNetCore.Hosting.Diagnostics[2]
      Request finished HTTP/2 POST http://ilpp/UnityILPP.PostProcessing/PostProcessAssembly - 200 - application/grpc 57.5956ms
info: Microsoft.AspNetCore.Hosting.Diagnostics[1]
      Request starting HTTP/2 POST http://ilpp/UnityILPP.PostProcessing/PostProcessAssembly - application/grpc -
info: Microsoft.AspNetCore.Routing.EndpointMiddleware[0]
      Executing endpoint 'gRPC - /UnityILPP.PostProcessing/PostProcessAssembly'
info: Microsoft.AspNetCore.Hosting.Diagnostics[1]
      Request starting HTTP/2 POST http://ilpp/UnityILPP.PostProcessing/PostProcessAssembly - application/grpc -
info: Microsoft.AspNetCore.Routing.EndpointMiddleware[0]
      Executing endpoint 'gRPC - /UnityILPP.PostProcessing/PostProcessAssembly'
info: Unity.ILPP.Runner.PostProcessingPipeline[0]
      Processing assembly Library/Bee/artifacts/1900b0aE.dag/Unity.InternalAPIEngineBridge.RenderPipelines.Core.Editor.dll, with 139 defines and 305 references
info: Unity.ILPP.Runner.PostProcessingPipeline[0]
      processors: Unity.Jobs.CodeGen.JobsILPostProcessor, zzzUnity.Burst.CodeGen.BurstILPostProcessor
info: Unity.ILPP.Runner.PostProcessingPipeline[0]
      Processing assembly Library/Bee/artifacts/1900b0aE.dag/Unity.AI.Navigation.Editor.dll, with 140 defines and 307 references
info: Unity.ILPP.Runner.PostProcessingPipeline[0]
      processors: Unity.Jobs.CodeGen.JobsILPostProcessor, zzzUnity.Burst.CodeGen.BurstILPostProcessor
info: Microsoft.AspNetCore.Routing.EndpointMiddleware[1]
      Executed endpoint 'gRPC - /UnityILPP.PostProcessing/PostProcessAssembly'
info: Microsoft.AspNetCore.Hosting.Diagnostics[2]
      Request finished HTTP/2 POST http://ilpp/UnityILPP.PostProcessing/PostProcessAssembly - 200 - application/grpc 67.6880ms
info: Unity.ILPP.Runner.PostProcessingPipeline[0]
      Processing assembly Library/Bee/artifacts/1900b0aE.dag/Unity.PerformanceTesting.Editor.dll, with 140 defines and 292 references
info: Unity.ILPP.Runner.PostProcessingPipeline[0]
      Processing assembly Library/Bee/artifacts/1900b0aE.dag/Unity.ShaderGraph.Utilities.dll, with 139 defines and 305 references
info: Unity.ILPP.Runner.PostProcessingPipeline[0]
      processors: Unity.Jobs.CodeGen.JobsILPostProcessor, zzzUnity.Burst.CodeGen.BurstILPostProcessor
info: Unity.ILPP.Runner.PostProcessingPipeline[0]
      processors: Unity.Jobs.CodeGen.JobsILPostProcessor, zzzUnity.Burst.CodeGen.BurstILPostProcessor
info: Unity.ILPP.Runner.PostProcessingPipeline[0]
      running Unity.Jobs.CodeGen.JobsILPostProcessor
info: Unity.ILPP.Runner.PostProcessingPipeline[0]
      running zzzUnity.Burst.CodeGen.BurstILPostProcessor
info: Microsoft.AspNetCore.Routing.EndpointMiddleware[1]
      Executed endpoint 'gRPC - /UnityILPP.PostProcessing/PostProcessAssembly'
info: Microsoft.AspNetCore.Hosting.Diagnostics[2]
      Request finished HTTP/2 POST http://ilpp/UnityILPP.PostProcessing/PostProcessAssembly - 200 - application/grpc 4.2782ms
info: Unity.ILPP.Runner.PostProcessingPipeline[0]
      running Unity.Jobs.CodeGen.JobsILPostProcessor
info: Unity.ILPP.Runner.PostProcessingPipeline[0]
      running zzzUnity.Burst.CodeGen.BurstILPostProcessor
info: Unity.ILPP.Runner.PostProcessingPipeline[0]
      running Unity.Jobs.CodeGen.JobsILPostProcessor
info: Unity.ILPP.Runner.PostProcessingPipeline[0]
      running zzzUnity.Burst.CodeGen.BurstILPostProcessor
info: Unity.ILPP.Runner.PostProcessingPipeline[0]
      running Unity.Jobs.CodeGen.JobsILPostProcessor
info: Microsoft.AspNetCore.Routing.EndpointMiddleware[1]
      Executed endpoint 'gRPC - /UnityILPP.PostProcessing/PostProcessAssembly'
info: Microsoft.AspNetCore.Hosting.Diagnostics[2]
      Request finished HTTP/2 POST http://ilpp/UnityILPP.PostProcessing/PostProcessAssembly - 200 - application/grpc 73.5907ms
info: Microsoft.AspNetCore.Routing.EndpointMiddleware[1]
      Executed endpoint 'gRPC - /UnityILPP.PostProcessing/PostProcessAssembly'
info: Microsoft.AspNetCore.Hosting.Diagnostics[2]
      Request finished HTTP/2 POST http://ilpp/UnityILPP.PostProcessing/PostProcessAssembly - 200 - application/grpc 90.8787ms
info: Unity.ILPP.Runner.PostProcessingPipeline[0]
      running Unity.Jobs.CodeGen.JobsILPostProcessor
info: Unity.ILPP.Runner.PostProcessingPipeline[0]
      running zzzUnity.Burst.CodeGen.BurstILPostProcessor
info: Microsoft.AspNetCore.Routing.EndpointMiddleware[1]
      Executed endpoint 'gRPC - /UnityILPP.PostProcessing/PostProcessAssembly'
info: Microsoft.AspNetCore.Hosting.Diagnostics[2]
      Request finished HTTP/2 POST http://ilpp/UnityILPP.PostProcessing/PostProcessAssembly - 200 - application/grpc 43.6792ms
info: Microsoft.AspNetCore.Hosting.Diagnostics[1]
      Request starting HTTP/2 POST http://ilpp/UnityILPP.PostProcessing/PostProcessAssembly - application/grpc -
info: Microsoft.AspNetCore.Routing.EndpointMiddleware[0]
      Executing endpoint 'gRPC - /UnityILPP.PostProcessing/PostProcessAssembly'
info: Unity.ILPP.Runner.PostProcessingPipeline[0]
      running Unity.Jobs.CodeGen.JobsILPostProcessor
info: Unity.ILPP.Runner.PostProcessingPipeline[0]
      running zzzUnity.Burst.CodeGen.BurstILPostProcessor
info: Unity.ILPP.Runner.PostProcessingPipeline[0]
      Processing assembly Library/Bee/artifacts/1900b0aE.dag/Unity.Timeline.Editor.dll, with 140 defines and 306 references
info: Unity.ILPP.Runner.PostProcessingPipeline[0]
      processors: Unity.Jobs.CodeGen.JobsILPostProcessor, zzzUnity.Burst.CodeGen.BurstILPostProcessor
info: Microsoft.AspNetCore.Routing.EndpointMiddleware[1]
      Executed endpoint 'gRPC - /UnityILPP.PostProcessing/PostProcessAssembly'
info: Microsoft.AspNetCore.Hosting.Diagnostics[2]
      Request finished HTTP/2 POST http://ilpp/UnityILPP.PostProcessing/PostProcessAssembly - 200 - application/grpc 93.6641ms
info: Unity.ILPP.Runner.PostProcessingPipeline[0]
      running Unity.Jobs.CodeGen.JobsILPostProcessor
info: Unity.ILPP.Runner.PostProcessingPipeline[0]
      running zzzUnity.Burst.CodeGen.BurstILPostProcessor
info: Microsoft.AspNetCore.Routing.EndpointMiddleware[1]
      Executed endpoint 'gRPC - /UnityILPP.PostProcessing/PostProcessAssembly'
info: Microsoft.AspNetCore.Hosting.Diagnostics[2]
      Request finished HTTP/2 POST http://ilpp/UnityILPP.PostProcessing/PostProcessAssembly - 200 - application/grpc 36.8642ms
info: Microsoft.AspNetCore.Hosting.Diagnostics[1]
      Request starting HTTP/2 POST http://ilpp/UnityILPP.PostProcessing/PostProcessAssembly - application/grpc -
info: Microsoft.AspNetCore.Hosting.Diagnostics[1]
      Request starting HTTP/2 POST http://ilpp/UnityILPP.PostProcessing/PostProcessAssembly - application/grpc -
info: Microsoft.AspNetCore.Routing.EndpointMiddleware[0]
      Executing endpoint 'gRPC - /UnityILPP.PostProcessing/PostProcessAssembly'
info: Microsoft.AspNetCore.Routing.EndpointMiddleware[0]
      Executing endpoint 'gRPC - /UnityILPP.PostProcessing/PostProcessAssembly'
info: Unity.ILPP.Runner.PostProcessingPipeline[0]
      Processing assembly Library/Bee/artifacts/1900b0aE.dag/Unity.PlasticSCM.Editor.dll, with 140 defines and 295 references
info: Unity.ILPP.Runner.PostProcessingPipeline[0]
      Processing assembly Library/Bee/artifacts/1900b0aE.dag/Unity.InputSystem.DocCodeSamples.dll, with 139 defines and 292 references
info: Unity.ILPP.Runner.PostProcessingPipeline[0]
      processors: Unity.Jobs.CodeGen.JobsILPostProcessor, zzzUnity.Burst.CodeGen.BurstILPostProcessor
info: Unity.ILPP.Runner.PostProcessingPipeline[0]
      processors: Unity.Jobs.CodeGen.JobsILPostProcessor, zzzUnity.Burst.CodeGen.BurstILPostProcessor
info: Unity.ILPP.Runner.PostProcessingPipeline[0]
      running Unity.Jobs.CodeGen.JobsILPostProcessor
info: Unity.ILPP.Runner.PostProcessingPipeline[0]
      running zzzUnity.Burst.CodeGen.BurstILPostProcessor
info: Microsoft.AspNetCore.Hosting.Diagnostics[1]
      Request starting HTTP/2 POST http://ilpp/UnityILPP.PostProcessing/PostProcessAssembly - application/grpc -
info: Microsoft.AspNetCore.Hosting.Diagnostics[1]
      Request starting HTTP/2 POST http://ilpp/UnityILPP.PostProcessing/PostProcessAssembly - application/grpc -
info: Microsoft.AspNetCore.Routing.EndpointMiddleware[0]
      Executing endpoint 'gRPC - /UnityILPP.PostProcessing/PostProcessAssembly'
info: Microsoft.AspNetCore.Routing.EndpointMiddleware[0]
      Executing endpoint 'gRPC - /UnityILPP.PostProcessing/PostProcessAssembly'
info: Unity.ILPP.Runner.PostProcessingPipeline[0]
      Processing assembly Library/Bee/artifacts/1900b0aE.dag/Unity.RenderPipelines.Core.Editor.Shared.dll, with 139 defines and 312 references
info: Unity.ILPP.Runner.PostProcessingPipeline[0]
      Processing assembly Library/Bee/artifacts/1900b0aE.dag/Unity.Searcher.Editor.dll, with 139 defines and 305 references
info: Unity.ILPP.Runner.PostProcessingPipeline[0]
      processors: Unity.Jobs.CodeGen.JobsILPostProcessor, zzzUnity.Burst.CodeGen.BurstILPostProcessor
info: Unity.ILPP.Runner.PostProcessingPipeline[0]
      processors: Unity.Jobs.CodeGen.JobsILPostProcessor, zzzUnity.Burst.CodeGen.BurstILPostProcessor
info: Microsoft.AspNetCore.Routing.EndpointMiddleware[1]
      Executed endpoint 'gRPC - /UnityILPP.PostProcessing/PostProcessAssembly'
info: Microsoft.AspNetCore.Hosting.Diagnostics[2]
      Request finished HTTP/2 POST http://ilpp/UnityILPP.PostProcessing/PostProcessAssembly - 200 - application/grpc 56.3035ms
info: Microsoft.AspNetCore.Hosting.Diagnostics[1]
      Request starting HTTP/2 POST http://ilpp/UnityILPP.PostProcessing/PostProcessAssembly - application/grpc -
info: Microsoft.AspNetCore.Hosting.Diagnostics[1]
      Request starting HTTP/2 POST http://ilpp/UnityILPP.PostProcessing/PostProcessAssembly - application/grpc -
info: Microsoft.AspNetCore.Hosting.Diagnostics[1]
      Request starting HTTP/2 POST http://ilpp/UnityILPP.PostProcessing/PostProcessAssembly - application/grpc -
info: Microsoft.AspNetCore.Routing.EndpointMiddleware[0]
      Executing endpoint 'gRPC - /UnityILPP.PostProcessing/PostProcessAssembly'
info: Microsoft.AspNetCore.Routing.EndpointMiddleware[0]
      Executing endpoint 'gRPC - /UnityILPP.PostProcessing/PostProcessAssembly'
info: Microsoft.AspNetCore.Routing.EndpointMiddleware[0]
      Executing endpoint 'gRPC - /UnityILPP.PostProcessing/PostProcessAssembly'
info: Unity.ILPP.Runner.PostProcessingPipeline[0]
      Processing assembly Library/Bee/artifacts/1900b0aE.dag/Unity.PlasticSCM.Editor.Assistant.dll, with 139 defines and 306 references
info: Unity.ILPP.Runner.PostProcessingPipeline[0]
      Processing assembly Library/Bee/artifacts/1900b0aE.dag/Unity.TextMeshPro.Editor.dll, with 139 defines and 307 references
info: Unity.ILPP.Runner.PostProcessingPipeline[0]
      Processing assembly Library/Bee/artifacts/1900b0aE.dag/Unity.ShaderGraph.Editor.dll, with 139 defines and 310 references
info: Unity.ILPP.Runner.PostProcessingPipeline[0]
      processors: Unity.Jobs.CodeGen.JobsILPostProcessor, zzzUnity.Burst.CodeGen.BurstILPostProcessor
info: Unity.ILPP.Runner.PostProcessingPipeline[0]
      processors: Unity.Jobs.CodeGen.JobsILPostProcessor, zzzUnity.Burst.CodeGen.BurstILPostProcessor
info: Unity.ILPP.Runner.PostProcessingPipeline[0]
      processors: Unity.Jobs.CodeGen.JobsILPostProcessor, zzzUnity.Burst.CodeGen.BurstILPostProcessor
info: Unity.ILPP.Runner.PostProcessingPipeline[0]
      running zzzUnity.Burst.CodeGen.BurstILPostProcessor
info: Unity.ILPP.Runner.PostProcessingPipeline[0]
      running zzzUnity.Burst.CodeGen.BurstILPostProcessor
info: Microsoft.AspNetCore.Routing.EndpointMiddleware[1]
      Executed endpoint 'gRPC - /UnityILPP.PostProcessing/PostProcessAssembly'
info: Unity.ILPP.Runner.PostProcessingPipeline[0]
      running Unity.Jobs.CodeGen.JobsILPostProcessor
info: Microsoft.AspNetCore.Hosting.Diagnostics[2]
      Request finished HTTP/2 POST http://ilpp/UnityILPP.PostProcessing/PostProcessAssembly - 200 - application/grpc 2842.7916ms
info: Unity.ILPP.Runner.PostProcessingPipeline[0]
      running zzzUnity.Burst.CodeGen.BurstILPostProcessor
info: Unity.ILPP.Runner.PostProcessingPipeline[0]
      running Unity.Jobs.CodeGen.JobsILPostProcessor
info: Unity.ILPP.Runner.PostProcessingPipeline[0]
      running zzzUnity.Burst.CodeGen.BurstILPostProcessor
info: Unity.ILPP.Runner.PostProcessingPipeline[0]
      running Unity.Jobs.CodeGen.JobsILPostProcessor
info: Unity.ILPP.Runner.PostProcessingPipeline[0]
      running zzzUnity.Burst.CodeGen.BurstILPostProcessor
info: Microsoft.AspNetCore.Routing.EndpointMiddleware[1]
      Executed endpoint 'gRPC - /UnityILPP.PostProcessing/PostProcessAssembly'
info: Microsoft.AspNetCore.Routing.EndpointMiddleware[1]
      Executed endpoint 'gRPC - /UnityILPP.PostProcessing/PostProcessAssembly'
info: Unity.ILPP.Runner.PostProcessingPipeline[0]
      running Unity.Jobs.CodeGen.JobsILPostProcessor
info: Microsoft.AspNetCore.Hosting.Diagnostics[2]
      Request finished HTTP/2 POST http://ilpp/UnityILPP.PostProcessing/PostProcessAssembly - 200 - application/grpc 274.1053ms
info: Unity.ILPP.Runner.PostProcessingPipeline[0]
      running zzzUnity.Burst.CodeGen.BurstILPostProcessor
info: Microsoft.AspNetCore.Hosting.Diagnostics[2]
      Request finished HTTP/2 POST http://ilpp/UnityILPP.PostProcessing/PostProcessAssembly - 200 - application/grpc 274.2390ms
info: Microsoft.AspNetCore.Routing.EndpointMiddleware[1]
      Executed endpoint 'gRPC - /UnityILPP.PostProcessing/PostProcessAssembly'
info: Microsoft.AspNetCore.Hosting.Diagnostics[2]
      Request finished HTTP/2 POST http://ilpp/UnityILPP.PostProcessing/PostProcessAssembly - 200 - application/grpc 273.7768ms
info: Microsoft.AspNetCore.Hosting.Diagnostics[1]
      Request starting HTTP/2 POST http://ilpp/UnityILPP.PostProcessing/PostProcessAssembly - application/grpc -
info: Microsoft.AspNetCore.Hosting.Diagnostics[1]
      Request starting HTTP/2 POST http://ilpp/UnityILPP.PostProcessing/PostProcessAssembly - application/grpc -
info: Microsoft.AspNetCore.Routing.EndpointMiddleware[0]
      Executing endpoint 'gRPC - /UnityILPP.PostProcessing/PostProcessAssembly'
info: Microsoft.AspNetCore.Routing.EndpointMiddleware[0]
      Executing endpoint 'gRPC - /UnityILPP.PostProcessing/PostProcessAssembly'
info: Unity.ILPP.Runner.PostProcessingPipeline[0]
      Processing assembly Library/Bee/artifacts/1900b0aE.dag/Unity.InputSystem.ForUI.Editor.dll, with 139 defines and 307 references
info: Unity.ILPP.Runner.PostProcessingPipeline[0]
      Processing assembly Library/Bee/artifacts/1900b0aE.dag/Unity.Rendering.LightTransport.Editor.dll, with 139 defines and 305 references
info: Unity.ILPP.Runner.PostProcessingPipeline[0]
      processors: Unity.Jobs.CodeGen.JobsILPostProcessor, zzzUnity.Burst.CodeGen.BurstILPostProcessor
info: Unity.ILPP.Runner.PostProcessingPipeline[0]
      processors: Unity.Jobs.CodeGen.JobsILPostProcessor, zzzUnity.Burst.CodeGen.BurstILPostProcessor
info: Unity.ILPP.Runner.PostProcessingPipeline[0]
      running Unity.Jobs.CodeGen.JobsILPostProcessor
info: Unity.ILPP.Runner.PostProcessingPipeline[0]
      running zzzUnity.Burst.CodeGen.BurstILPostProcessor
info: Unity.ILPP.Runner.PostProcessingPipeline[0]
      running Unity.Jobs.CodeGen.JobsILPostProcessor
info: Unity.ILPP.Runner.PostProcessingPipeline[0]
      running zzzUnity.Burst.CodeGen.BurstILPostProcessor
info: Unity.ILPP.Runner.PostProcessingPipeline[0]
      running Unity.Jobs.CodeGen.JobsILPostProcessor
info: Unity.ILPP.Runner.PostProcessingPipeline[0]
      running zzzUnity.Burst.CodeGen.BurstILPostProcessor
info: Microsoft.AspNetCore.Routing.EndpointMiddleware[1]
      Executed endpoint 'gRPC - /UnityILPP.PostProcessing/PostProcessAssembly'
info: Microsoft.AspNetCore.Hosting.Diagnostics[2]
      Request finished HTTP/2 POST http://ilpp/UnityILPP.PostProcessing/PostProcessAssembly - 200 - application/grpc 2.7636ms
info: Unity.ILPP.Runner.PostProcessingPipeline[0]
      running Unity.Jobs.CodeGen.JobsILPostProcessor
info: Unity.ILPP.Runner.PostProcessingPipeline[0]
      running zzzUnity.Burst.CodeGen.BurstILPostProcessor
info: Microsoft.AspNetCore.Routing.EndpointMiddleware[1]
      Executed endpoint 'gRPC - /UnityILPP.PostProcessing/PostProcessAssembly'
info: Microsoft.AspNetCore.Hosting.Diagnostics[2]
      Request finished HTTP/2 POST http://ilpp/UnityILPP.PostProcessing/PostProcessAssembly - 200 - application/grpc 3095.9280ms
info: Microsoft.AspNetCore.Routing.EndpointMiddleware[1]
      Executed endpoint 'gRPC - /UnityILPP.PostProcessing/PostProcessAssembly'
info: Microsoft.AspNetCore.Routing.EndpointMiddleware[1]
      Executed endpoint 'gRPC - /UnityILPP.PostProcessing/PostProcessAssembly'
info: Microsoft.AspNetCore.Routing.EndpointMiddleware[1]
      Executed endpoint 'gRPC - /UnityILPP.PostProcessing/PostProcessAssembly'
info: Microsoft.AspNetCore.Hosting.Diagnostics[2]
      Request finished HTTP/2 POST http://ilpp/UnityILPP.PostProcessing/PostProcessAssembly - 200 - application/grpc 281.2040ms
info: Microsoft.AspNetCore.Hosting.Diagnostics[2]
      Request finished HTTP/2 POST http://ilpp/UnityILPP.PostProcessing/PostProcessAssembly - 200 - application/grpc 327.1891ms
info: Microsoft.AspNetCore.Hosting.Diagnostics[2]
      Request finished HTTP/2 POST http://ilpp/UnityILPP.PostProcessing/PostProcessAssembly - 200 - application/grpc 383.8239ms
info: Microsoft.AspNetCore.Routing.EndpointMiddleware[1]
      Executed endpoint 'gRPC - /UnityILPP.PostProcessing/PostProcessAssembly'
info: Microsoft.AspNetCore.Hosting.Diagnostics[2]
      Request finished HTTP/2 POST http://ilpp/UnityILPP.PostProcessing/PostProcessAssembly - 200 - application/grpc 3142.2488ms
info: Microsoft.AspNetCore.Routing.EndpointMiddleware[1]
      Executed endpoint 'gRPC - /UnityILPP.PostProcessing/PostProcessAssembly'
info: Microsoft.AspNetCore.Hosting.Diagnostics[2]
      Request finished HTTP/2 POST http://ilpp/UnityILPP.PostProcessing/PostProcessAssembly - 200 - application/grpc 54.8525ms
info: Unity.ILPP.Runner.PostProcessingPipeline[0]
      running zzzUnity.Burst.CodeGen.BurstILPostProcessor
info: Unity.ILPP.Runner.PostProcessingPipeline[0]
      running zzzUnity.Burst.CodeGen.BurstILPostProcessor
info: Unity.ILPP.Runner.PostProcessingPipeline[0]
      running zzzUnity.Burst.CodeGen.BurstILPostProcessor
info: Microsoft.AspNetCore.Routing.EndpointMiddleware[1]
      Executed endpoint 'gRPC - /UnityILPP.PostProcessing/PostProcessAssembly'
info: Microsoft.AspNetCore.Hosting.Diagnostics[2]
      Request finished HTTP/2 POST http://ilpp/UnityILPP.PostProcessing/PostProcessAssembly - 200 - application/grpc 666.0221ms
info: Microsoft.AspNetCore.Routing.EndpointMiddleware[1]
      Executed endpoint 'gRPC - /UnityILPP.PostProcessing/PostProcessAssembly'
info: Microsoft.AspNetCore.Hosting.Diagnostics[2]
      Request finished HTTP/2 POST http://ilpp/UnityILPP.PostProcessing/PostProcessAssembly - 200 - application/grpc 3372.7561ms
info: Microsoft.AspNetCore.Routing.EndpointMiddleware[1]
      Executed endpoint 'gRPC - /UnityILPP.PostProcessing/PostProcessAssembly'
info: Microsoft.AspNetCore.Hosting.Diagnostics[2]
      Request finished HTTP/2 POST http://ilpp/UnityILPP.PostProcessing/PostProcessAssembly - 200 - application/grpc 3300.3028ms
ExitCode: 0 Duration: 5s277ms
Finished compiling graph: 930 nodes, 17422 flattened edges (14720 ToBuild, 142 ToUse), maximum node priority 955
[ 52/927    0s] WriteText Library/Bee/artifacts/1900b0aE.dag/UnityEngine.TestRunner.UnityAdditionalFile.txt
[ 56/927    0s] WriteText Library/Bee/artifacts/1900b0aE.dag/UnityEngine.TestRunner.rsp2
[180/927    0s] WriteText Library/Bee/artifacts/1900b0aE.dag/UnityEngine.UI.rsp2
[181/927    0s] WriteText Library/Bee/artifacts/1900b0aE.dag/UnityEngine.UI.UnityAdditionalFile.txt
[182/927    0s] WriteText Library/Bee/artifacts/1900b0aE.dag/UnityEditor.TestRunner.UnityAdditionalFile.txt
[183/927    0s] WriteText Library/Bee/artifacts/1900b0aE.dag/UnityEditor.TestRunner.rsp2
[186/927    0s] WriteText Library/Bee/artifacts/1900b0aE.dag/UnityEditor.UI.UnityAdditionalFile.txt
[187/927    0s] WriteText Library/Bee/artifacts/1900b0aE.dag/Unity.Burst.rsp2
[190/927    0s] WriteText Library/Bee/artifacts/1900b0aE.dag/Unity.Mathematics.rsp2
[193/927    0s] WriteText Library/Bee/artifacts/1900b0aE.dag/Unity.Mathematics.UnityAdditionalFile.txt
[195/927    0s] WriteText Library/Bee/artifacts/1900b0aE.dag/Unity.Collections.UnityAdditionalFile.txt
[198/927    0s] WriteText Library/Bee/artifacts/1900b0aE.dag/UnityEditor.UI.rsp2
[202/927    0s] WriteText Library/Bee/artifacts/1900b0aE.dag/Unity.Collections.rsp2
[204/927    0s] WriteText Library/Bee/artifacts/1900b0aE.dag/Unity.InputSystem.rsp2
[209/927    0s] WriteText Library/Bee/artifacts/1900b0aE.dag/Unity.Burst.UnityAdditionalFile.txt
[210/927    0s] WriteText Library/Bee/artifacts/1900b0aE.dag/Unity.InputSystem.UnityAdditionalFile.txt
[211/927    0s] WriteText Library/Bee/artifacts/1900b0aE.dag/Unity.Burst.CodeGen.UnityAdditionalFile.txt
[212/927    0s] WriteText Library/Bee/artifacts/1900b0aE.dag/Unity.Collections.CodeGen.rsp2
[214/927    0s] WriteText Library/Bee/artifacts/1900b0aE.dag/Unity.Collections.CodeGen.UnityAdditionalFile.txt
[216/927    0s] WriteText Library/Bee/artifacts/1900b0aE.dag/Unity.Burst.CodeGen.rsp2
[217/927    0s] WriteText Library/Bee/artifacts/1900b0aE.dag/Unity.RenderPipelines.Core.Runtime.rsp2
[219/927    0s] WriteText Library/Bee/artifacts/1900b0aE.dag/Unity.RenderPipelines.Core.Runtime.UnityAdditionalFile.txt
[220/927    0s] WriteText Library/Bee/artifacts/1900b0aE.dag/Unity.UnifiedRayTracing.Runtime.rsp2
[221/927    0s] WriteText Library/Bee/artifacts/1900b0aE.dag/Unity.VisualScripting.Core.rsp2
[222/927    0s] WriteText Library/Bee/artifacts/1900b0aE.dag/Unity.PathTracing.Runtime.UnityAdditionalFile.txt
[223/927    0s] WriteText Library/Bee/artifacts/1900b0aE.dag/Unity.VisualScripting.Core.UnityAdditionalFile.txt
[225/927    0s] WriteText Library/Bee/artifacts/1900b0aE.dag/Unity.PathTracing.Runtime.rsp2
[226/927    0s] WriteText Library/Bee/artifacts/1900b0aE.dag/Unity.InternalAPIEngineBridge.RenderPipelines.Core.Runtime.Shared.UnityAdditionalFile.txt
[227/927    0s] WriteText Library/Bee/artifacts/1900b0aE.dag/Unity.InternalAPIEngineBridge.RenderPipelines.Core.Runtime.Shared.rsp2
[228/927    0s] WriteText Library/Bee/artifacts/1900b0aE.dag/Unity.RenderPipelines.GPUDriven.Runtime.rsp2
[229/927    0s] WriteText Library/Bee/artifacts/1900b0aE.dag/Unity.RenderPipelines.GPUDriven.Runtime.UnityAdditionalFile.txt
[230/927    0s] WriteText Library/Bee/artifacts/1900b0aE.dag/Unity.UnifiedRayTracing.Runtime.UnityAdditionalFile.txt
[234/927    0s] WriteText Library/Bee/artifacts/1900b0aE.dag/Unity.VisualScripting.Flow.UnityAdditionalFile.txt
[237/927    0s] WriteText Library/Bee/artifacts/1900b0aE.dag/Unity.VisualScripting.Flow.rsp2
[241/927    0s] WriteText Library/Bee/artifacts/1900b0aE.dag/Unity.InternalAPIEngineBridge.RenderPipelines.Core.Editor.UnityAdditionalFile.txt
[245/927    0s] WriteText Library/Bee/artifacts/1900b0aE.dag/Unity.PathTracing.Editor.rsp2
[251/927    0s] WriteText Library/Bee/artifacts/1900b0aE.dag/Unity.PathTracing.Editor.UnityAdditionalFile.txt
[252/927    0s] WriteText Library/Bee/artifacts/1900b0aE.dag/Unity.InternalAPIEngineBridge.RenderPipelines.Core.Editor.rsp2
[253/927    0s] WriteResponseFile Library/Bee/artifacts/rsp/4747638433968585886.rsp
[254/927    0s] WriteText Library/Bee/artifacts/1900b0aE.dag/Unity.RenderPipelines.Core.Runtime.Shared.UnityAdditionalFile.txt
[256/927    0s] WriteText Library/Bee/artifacts/1900b0aE.dag/Unity.VisualScripting.Core.Editor.rsp2
[257/927    0s] WriteText Library/Bee/artifacts/1900b0aE.dag/Unity.RenderPipelines.Core.Runtime.Shared.rsp2
[258/927    0s] WriteText Library/Bee/artifacts/1900b0aE.dag/Unity.RenderPipeline.Universal.ShaderLibrary.UnityAdditionalFile.txt
[259/927    0s] WriteText Library/Bee/artifacts/1900b0aE.dag/Unity.VisualScripting.Core.Editor.UnityAdditionalFile.txt
[260/927    0s] WriteText Library/Bee/artifacts/1900b0aE.dag/Unity.SurfaceCache.Runtime.rsp2
[261/927    0s] WriteText Library/Bee/artifacts/1900b0aE.dag/Unity.RenderPipeline.Universal.ShaderLibrary.rsp2
[263/927    0s] WriteText Library/Bee/artifacts/1900b0aE.dag/Unity.SurfaceCache.Runtime.UnityAdditionalFile.txt
[264/927    0s] WriteText Library/Bee/artifacts/1900b0aE.dag/Unity.RenderPipelines.Universal.Config.Runtime.rsp2
[265/927    0s] WriteText Library/Bee/artifacts/1900b0aE.dag/Unity.RenderPipelines.Universal.Config.Runtime.UnityAdditionalFile.txt
[267/927    0s] WriteText Library/Bee/artifacts/1900b0aE.dag/Unity.RenderPipelines.Core.Editor.rsp2
[268/927    0s] WriteText Library/Bee/artifacts/1900b0aE.dag/Unity.RenderPipelines.Core.Editor.UnityAdditionalFile.txt
[269/927    0s] WriteText Library/Bee/artifacts/1900b0aE.dag/Unity.RenderPipelines.Universal.Runtime.UnityAdditionalFile.txt
[270/927    0s] WriteText Library/Bee/artifacts/1900b0aE.dag/Unity.RenderPipelines.Universal.Runtime.rsp2
[272/927    0s] WriteText Library/Bee/artifacts/1900b0aE.dag/Unity.VisualScripting.State.rsp2
[276/927    0s] WriteText Library/Bee/artifacts/1900b0aE.dag/Unity.VisualScripting.Flow.Editor.UnityAdditionalFile.txt
[283/927    0s] WriteText Library/Bee/artifacts/1900b0aE.dag/Unity.VisualScripting.Flow.Editor.rsp2
[293/927    0s] WriteText Library/Bee/artifacts/1900b0aE.dag/Unity.VisualScripting.State.UnityAdditionalFile.txt
[297/927    0s] WriteText Library/Bee/artifacts/1900b0aE.dag/Unity.Searcher.Editor.UnityAdditionalFile.txt
[298/927    0s] WriteText Library/Bee/artifacts/1900b0aE.dag/Unity.Searcher.Editor.rsp2
[299/927    0s] WriteText Library/Bee/artifacts/1900b0aE.dag/Unity.InternalAPIEngineBridge.004.rsp2
[300/927    0s] WriteText Library/Bee/artifacts/1900b0aE.dag/Unity.InternalAPIEngineBridge.004.UnityAdditionalFile.txt
[301/927    0s] WriteText Library/Bee/artifacts/1900b0aE.dag/Unity.InternalAPIEditorBridge.ShaderGraph.Editor.UnityAdditionalFile.txt
[302/927    0s] WriteText Library/Bee/artifacts/1900b0aE.dag/Unity.InternalAPIEditorBridge.ShaderGraph.Editor.rsp2
[304/927    0s] WriteText Library/Bee/artifacts/1900b0aE.dag/Unity.AI.Navigation.Editor.ConversionSystem.rsp2
[305/927    0s] WriteText Library/Bee/artifacts/1900b0aE.dag/Unity.AI.Navigation.UnityAdditionalFile.txt
[307/927    0s] WriteText Library/Bee/artifacts/1900b0aE.dag/Unity.AI.Navigation.Editor.ConversionSystem.UnityAdditionalFile.txt
[308/927    0s] WriteText Library/Bee/artifacts/1900b0aE.dag/Unity.AI.Navigation.rsp2
[309/927    0s] WriteText Library/Bee/artifacts/1900b0aE.dag/Unity.ShaderGraph.Utilities.rsp2
[310/927    0s] WriteText Library/Bee/artifacts/1900b0aE.dag/Unity.ShaderGraph.Utilities.UnityAdditionalFile.txt
[311/927    0s] WriteText Library/Bee/artifacts/1900b0aE.dag/Unity.PlasticSCM.Editor.UnityAdditionalFile.txt
[312/927    0s] WriteText Library/Bee/artifacts/1900b0aE.dag/Unity.PlasticSCM.Editor.rsp2
[313/927    0s] WriteText Library/Bee/artifacts/1900b0aE.dag/Unity.RenderPipelines.Universal.2D.Runtime.UnityAdditionalFile.txt
[314/927    0s] WriteText Library/Bee/artifacts/1900b0aE.dag/Unity.Burst.Editor.rsp2
[315/927    0s] WriteText Library/Bee/artifacts/1900b0aE.dag/Unity.ShaderGraph.Editor.UnityAdditionalFile.txt
[317/927    0s] WriteText Library/Bee/artifacts/1900b0aE.dag/Unity.TextMeshPro.rsp2
[318/927    0s] WriteText Library/Bee/artifacts/1900b0aE.dag/Unity.RenderPipelines.Universal.2D.Runtime.rsp2
[338/927    0s] WriteText Library/Bee/artifacts/1900b0aE.dag/Unity.RenderPipelines.Core.Editor.Shared.UnityAdditionalFile.txt
[339/927    0s] WriteText Library/Bee/artifacts/1900b0aE.dag/Unity.ShaderGraph.Editor.rsp2
[340/927    0s] WriteText Library/Bee/artifacts/1900b0aE.dag/Unity.Burst.Editor.UnityAdditionalFile.txt
[341/927    0s] WriteText Library/Bee/artifacts/1900b0aE.dag/Unity.RenderPipelines.Core.Editor.Shared.rsp2
[342/927    0s] WriteText Library/Bee/artifacts/1900b0aE.dag/Unity.TextMeshPro.UnityAdditionalFile.txt
[343/927    0s] WriteText Library/Bee/artifacts/1900b0aE.dag/Unity.VisualScripting.State.Editor.rsp2
[344/927    0s] WriteText Library/Bee/artifacts/1900b0aE.dag/Unity.Multiplayer.Center.Common.rsp2
[345/927    0s] WriteText Library/Bee/artifacts/1900b0aE.dag/Unity.Multiplayer.Center.Common.UnityAdditionalFile.txt
[346/927    0s] WriteText Library/Bee/artifacts/1900b0aE.dag/Unity.Timeline.rsp2
[347/927    0s] WriteText Library/Bee/artifacts/1900b0aE.dag/Unity.AI.Navigation.Editor.rsp2
[348/927    0s] WriteText Library/Bee/artifacts/1900b0aE.dag/Unity.AI.Navigation.Editor.UnityAdditionalFile.txt
[349/927    0s] WriteText Library/Bee/artifacts/1900b0aE.dag/Unity.InputSystem.ForUI.rsp2
[350/927    0s] WriteText Library/Bee/artifacts/1900b0aE.dag/Unity.InputSystem.ForUI.UnityAdditionalFile.txt
[351/927    0s] WriteText Library/Bee/artifacts/1900b0aE.dag/Unity.VisualScripting.State.Editor.UnityAdditionalFile.txt
[352/927    0s] WriteText Library/Bee/artifacts/1900b0aE.dag/Unity.Timeline.UnityAdditionalFile.txt
[353/927    0s] WriteText Library/Bee/artifacts/1900b0aE.dag/Unity.Rider.Editor.UnityAdditionalFile.txt
[354/927    0s] WriteText Library/Bee/artifacts/1900b0aE.dag/Unity.VisualStudio.Editor.rsp2
[355/927    0s] WriteText Library/Bee/artifacts/1900b0aE.dag/Unity.VisualStudio.Editor.UnityAdditionalFile.txt
[356/927    0s] WriteText Library/Bee/artifacts/1900b0aE.dag/Unity.Rider.Editor.rsp2
[357/927    0s] WriteText Library/Bee/artifacts/1900b0aE.dag/Unity.Collections.Editor.rsp2
[358/927    0s] WriteText Library/Bee/artifacts/1900b0aE.dag/Unity.RenderPipelines.Universal.Shaders.rsp2
[359/927    0s] WriteText Library/Bee/artifacts/1900b0aE.dag/Unity.Rendering.LightTransport.Editor.UnityAdditionalFile.txt
[360/927    0s] WriteText Library/Bee/artifacts/1900b0aE.dag/Unity.Rendering.LightTransport.Editor.rsp2
[361/927    0s] WriteText Library/Bee/artifacts/1900b0aE.dag/Unity.Multiplayer.Center.Editor.rsp2
[362/927    0s] WriteText Library/Bee/artifacts/1900b0aE.dag/Unity.TextMeshPro.Editor.rsp2
[363/927    0s] WriteText Library/Bee/artifacts/1900b0aE.dag/Unity.Timeline.Editor.UnityAdditionalFile.txt
[364/927    0s] WriteText Library/Bee/artifacts/1900b0aE.dag/Unity.Timeline.Editor.rsp2
[365/927    0s] WriteText Library/Bee/artifacts/1900b0aE.dag/Unity.VisualScripting.SettingsProvider.Editor.UnityAdditionalFile.txt
[366/927    0s] WriteText Library/Bee/artifacts/1900b0aE.dag/Unity.VisualScripting.SettingsProvider.Editor.rsp2
[367/927    0s] WriteText Library/Bee/artifacts/1900b0aE.dag/Unity.VisualScripting.Shared.Editor.UnityAdditionalFile.txt
[368/927    0s] WriteText Library/Bee/artifacts/1900b0aE.dag/Unity.VisualScripting.Shared.Editor.rsp2
[370/927    0s] WriteText Library/Bee/artifacts/1900b0aE.dag/UnityEditor.UI.Analytics.UnityAdditionalFile.txt
[372/927    0s] WriteText Library/Bee/artifacts/1900b0aE.dag/UnityEditor.UI.Analytics.rsp2
[375/927    0s] WriteText Library/Bee/artifacts/1900b0aE.dag/Unity.Collections.Editor.UnityAdditionalFile.txt
[376/927    0s] WriteText Library/Bee/artifacts/1900b0aE.dag/Unity.AI.Navigation.Updater.rsp2
[377/927    0s] WriteText Library/Bee/artifacts/1900b0aE.dag/Unity.RenderPipelines.ShaderGraph.ShaderGraphLibrary.UnityAdditionalFile.txt
[380/927    0s] WriteText Library/Bee/artifacts/1900b0aE.dag/Unity.InputSystem.ForUI.Editor.rsp2
[384/927    0s] WriteText Library/Bee/artifacts/1900b0aE.dag/Unity.Multiplayer.Center.Editor.UnityAdditionalFile.txt
[413/927    0s] WriteText Library/Bee/artifacts/1900b0aE.dag/Unity.PlasticSCM.Editor.Assistant.UnityAdditionalFile.txt
[417/927    0s] WriteText Library/Bee/artifacts/1900b0aE.dag/Unity.AI.Navigation.Updater.UnityAdditionalFile.txt
[423/927    0s] WriteText Library/Bee/artifacts/1900b0aE.dag/Unity.RenderPipelines.Universal.Editor.UnityAdditionalFile.txt
[429/927    0s] WriteText Library/Bee/artifacts/1900b0aE.dag/Unity.RenderPipelines.Core.ShaderLibrary.UnityAdditionalFile.txt
[431/927    0s] WriteText Library/Bee/artifacts/1900b0aE.dag/Unity.PlasticSCM.Editor.Assistant.rsp2
[434/927    0s] WriteText Library/Bee/artifacts/1900b0aE.dag/Unity.RenderPipelines.Core.ShaderLibrary.rsp2
[435/927    0s] WriteText Library/Bee/artifacts/1900b0aE.dag/Unity.TextMeshPro.Editor.UnityAdditionalFile.txt
[437/927    0s] WriteText Library/Bee/artifacts/1900b0aE.dag/Unity.RenderPipelines.ShaderGraph.ShaderGraphLibrary.rsp2
[440/927    0s] WriteText Library/Bee/artifacts/1900b0aE.dag/Unity.RenderPipelines.Universal.2D.Editor.Overrides.UnityAdditionalFile.txt
[442/927    0s] WriteText Library/Bee/artifacts/1900b0aE.dag/Unity.InputSystem.ForUI.Editor.UnityAdditionalFile.txt
[449/927    0s] WriteText Library/Bee/artifacts/1900b0aE.dag/Unity.RenderPipelines.Universal.2D.Editor.Overrides.rsp2
[450/927    0s] WriteText Library/Bee/artifacts/1900b0aE.dag/Unity.RenderPipelines.Universal.Editor.rsp2
[459/927    0s] WriteText Library/Bee/artifacts/1900b0aE.dag/Unity.RenderPipelines.Universal.Shaders.UnityAdditionalFile.txt
[462/927    0s] WriteText Library/Bee/artifacts/1900b0aE.dag/Unity.PerformanceTesting.UnityAdditionalFile.txt
[469/927    0s] WriteText Library/Bee/artifacts/1900b0aE.dag/Unity.PerformanceTesting.rsp2
[489/927    0s] WriteText Library/Bee/artifacts/1900b0aE.dag/Assembly-CSharp.UnityAdditionalFile.txt
[493/927    0s] WriteText Library/Bee/artifacts/1900b0aE.dag/Unity.VisualScripting.DocCodeExamples.UnityAdditionalFile.txt
[494/927    0s] WriteText Library/Bee/artifacts/1900b0aE.dag/Unity.InputSystem.TestFramework.rsp2
[497/927    0s] WriteText Library/Bee/artifacts/1900b0aE.dag/Unity.VisualScripting.DocCodeExamples.rsp2
[499/927    0s] WriteText Library/Bee/artifacts/1900b0aE.dag/Unity.InputSystem.TestFramework.UnityAdditionalFile.txt
[501/927    0s] WriteText Library/Bee/artifacts/1900b0aE.dag/Unity.PerformanceTesting.Editor.UnityAdditionalFile.txt
[502/927    0s] WriteText Library/Bee/artifacts/1900b0aE.dag/Unity.InputSystem.DocCodeSamples.rsp2
[504/927    0s] WriteText Library/Bee/artifacts/1900b0aE.dag/Unity.PlasticSCM.Editor.Entities.rsp2
[510/927    0s] WriteText Library/Bee/artifacts/1900b0aE.dag/Unity.CollabProxy.Editor.UnityAdditionalFile.txt
[518/927    0s] WriteResponseFile Library/Bee/artifacts/rsp/4014436084419441659.rsp
[522/927    0s] WriteText Library/Bee/artifacts/1900b0aE.dag/Unity.CollabProxy.Editor.rsp2
[523/927    0s] WriteText Library/Bee/artifacts/1900b0aE.dag/Unity.PlasticSCM.Editor.Entities.UnityAdditionalFile.txt
[526/927    0s] WriteResponseFile Library/Bee/artifacts/rsp/10411718816959651794.rsp
[530/927    0s] WriteText Library/Bee/artifacts/1900b0aE.dag/Unity.InputSystem.DocCodeSamples.UnityAdditionalFile.txt
[535/927    0s] WriteText Library/Bee/artifacts/1900b0aE.dag/Unity.PerformanceTesting.Editor.rsp2
[544/927    0s] WriteResponseFile Library/Bee/artifacts/rsp/5249134988916615986.rsp
[547/927    0s] WriteResponseFile Library/Bee/artifacts/rsp/5546506141355401238.rsp
[548/927    0s] WriteResponseFile Library/Bee/artifacts/rsp/15183482696195477058.rsp
[549/927    0s] WriteResponseFile Library/Bee/artifacts/rsp/1237274906319909237.rsp
[550/927    0s] WriteResponseFile Library/Bee/artifacts/rsp/11294775302662683298.rsp
[551/927    0s] WriteResponseFile Library/Bee/artifacts/rsp/17525389461119239690.rsp
[552/927    0s] WriteResponseFile Library/Bee/artifacts/rsp/10397561839769426034.rsp
[553/927    0s] WriteResponseFile Library/Bee/artifacts/rsp/2897256077774953845.rsp
[554/927    0s] WriteResponseFile Library/Bee/artifacts/rsp/10010842633742469623.rsp
[555/927    0s] WriteResponseFile Library/Bee/artifacts/rsp/8899139255040401798.rsp
[556/927    0s] WriteResponseFile Library/Bee/artifacts/rsp/1478594098268573080.rsp
[557/927    0s] WriteResponseFile Library/Bee/artifacts/rsp/13686715218353603589.rsp
[558/927    0s] WriteResponseFile Library/Bee/artifacts/rsp/2157608619508796868.rsp
[559/927    0s] WriteResponseFile Library/Bee/artifacts/rsp/10678863128556690338.rsp
[560/927    0s] WriteResponseFile Library/Bee/artifacts/rsp/9362519405459664194.rsp
[561/927    0s] WriteResponseFile Library/Bee/artifacts/rsp/4691676790321305727.rsp
[562/927    0s] WriteResponseFile Library/Bee/artifacts/rsp/7606483801609891643.rsp
[563/927    0s] WriteResponseFile Library/Bee/artifacts/rsp/14832617886295879631.rsp
[564/927    0s] WriteResponseFile Library/Bee/artifacts/rsp/15085861467720516389.rsp
[565/927    0s] WriteResponseFile Library/Bee/artifacts/rsp/13909235412005675431.rsp
[566/927    0s] WriteResponseFile Library/Bee/artifacts/rsp/10142702499866438521.rsp
[567/927    0s] WriteResponseFile Library/Bee/artifacts/rsp/10571807241835812913.rsp
[571/927    0s] WriteResponseFile Library/Bee/artifacts/rsp/18218310762646611085.rsp
[572/927    0s] WriteResponseFile Library/Bee/artifacts/rsp/5803490648119114145.rsp
[573/927    0s] WriteResponseFile Library/Bee/artifacts/rsp/9870516708743257357.rsp
[574/927    0s] WriteResponseFile Library/Bee/artifacts/rsp/1418726328684876121.rsp
[578/927    0s] WriteResponseFile Library/Bee/artifacts/rsp/5916180605834378387.rsp
[579/927    0s] WriteResponseFile Library/Bee/artifacts/rsp/17346584914308636752.rsp
[580/927    0s] WriteResponseFile Library/Bee/artifacts/rsp/8863518860715653438.rsp
[582/927    0s] WriteResponseFile Library/Bee/artifacts/rsp/3064155424177982801.rsp
[585/927    0s] WriteResponseFile Library/Bee/artifacts/rsp/15966515983506956808.rsp
[590/927    0s] WriteResponseFile Library/Bee/artifacts/rsp/2953117779104569460.rsp
[591/927    0s] WriteResponseFile Library/Bee/artifacts/rsp/10831531723267835799.rsp
[592/927    0s] WriteResponseFile Library/Bee/artifacts/rsp/12248871281822510316.rsp
[593/927    0s] WriteResponseFile Library/Bee/artifacts/rsp/6262281476893245489.rsp
[594/927    0s] WriteResponseFile Library/Bee/artifacts/rsp/14402696373757716438.rsp
[595/927    0s] WriteResponseFile Library/Bee/artifacts/rsp/1723042715960067801.rsp
[596/927    0s] WriteResponseFile Library/Bee/artifacts/rsp/3938377011463375229.rsp
[597/927    0s] WriteResponseFile Library/Bee/artifacts/rsp/2400031028012695012.rsp
[598/927    0s] WriteResponseFile Library/Bee/artifacts/rsp/9675442845102135732.rsp
[599/927    0s] WriteResponseFile Library/Bee/artifacts/rsp/15394042617203071315.rsp
[600/927    0s] WriteResponseFile Library/Bee/artifacts/rsp/17296387151066238333.rsp
[601/927    0s] WriteResponseFile Library/Bee/artifacts/rsp/11820488456832421373.rsp
[602/927    0s] WriteResponseFile Library/Bee/artifacts/rsp/9111662996337956171.rsp
[603/927    0s] WriteResponseFile Library/Bee/artifacts/rsp/1488387367365330867.rsp
[604/927    0s] WriteResponseFile Library/Bee/artifacts/rsp/6841316898876630997.rsp
[605/927    0s] WriteResponseFile Library/Bee/artifacts/rsp/9703144790800738880.rsp
[606/927    0s] WriteResponseFile Library/Bee/artifacts/rsp/15183149355271759364.rsp
[612/927    0s] WriteResponseFile Library/Bee/artifacts/rsp/9963604852455136489.rsp
[619/927    0s] WriteResponseFile Library/Bee/artifacts/rsp/10292501669419677951.rsp
[621/927    0s] WriteResponseFile Library/Bee/artifacts/rsp/15312589170787849123.rsp
[622/927    0s] WriteResponseFile Library/Bee/artifacts/rsp/14566447020836459352.rsp
[623/927    0s] WriteResponseFile Library/Bee/artifacts/rsp/5652260764500437206.rsp
[624/927    0s] WriteResponseFile Library/Bee/artifacts/rsp/4772145154433932943.rsp
[625/927    0s] WriteResponseFile Library/Bee/artifacts/rsp/7759033573704817190.rsp
[626/927    0s] WriteResponseFile Library/Bee/artifacts/rsp/17723086061372457914.rsp
[627/927    0s] WriteResponseFile Library/Bee/artifacts/rsp/6413563044966999158.rsp
[628/927    0s] WriteResponseFile Library/Bee/artifacts/rsp/16285879237017002407.rsp
[629/927    0s] WriteResponseFile Library/Bee/artifacts/rsp/2240406767038398906.rsp
[630/927    0s] WriteResponseFile Library/Bee/artifacts/rsp/12812556936427222528.rsp
[631/927    0s] WriteResponseFile Library/Bee/artifacts/rsp/3388064732626934676.rsp
[632/927    0s] WriteResponseFile Library/Bee/artifacts/rsp/12900333509587573630.rsp
[633/927    0s] WriteResponseFile Library/Bee/artifacts/rsp/6083568660615989563.rsp
[731/927    1s] ILPP-Configuration Library/ilpp-configuration.nevergeneratedoutput
[732/927    0s] ILPostProcess Library/Bee/artifacts/1900b0aE.dag/post-processed/Unity.VisualScripting.State.dll (+pdb)
Processing assembly Library/Bee/artifacts/1900b0aE.dag/Unity.VisualScripting.State.dll, with 141 defines and 298 references

processors: Unity.Jobs.CodeGen.JobsILPostProcessor, zzzUnity.Burst.CodeGen.BurstILPostProcessor

running Unity.Jobs.CodeGen.JobsILPostProcessor

running zzzUnity.Burst.CodeGen.BurstILPostProcessor
[733/927    0s] ILPostProcess Library/Bee/artifacts/1900b0aE.dag/post-processed/Unity.Mathematics.dll (+pdb)
Processing assembly Library/Bee/artifacts/1900b0aE.dag/Unity.Mathematics.dll, with 141 defines and 296 references

processors: Unity.Jobs.CodeGen.JobsILPostProcessor, zzzUnity.Burst.CodeGen.BurstILPostProcessor

running Unity.Jobs.CodeGen.JobsILPostProcessor

running zzzUnity.Burst.CodeGen.BurstILPostProcessor
[734/927    0s] ILPostProcess Library/Bee/artifacts/1900b0aE.dag/post-processed/Unity.Multiplayer.Center.Common.dll (+pdb)
Processing assembly Library/Bee/artifacts/1900b0aE.dag/Unity.Multiplayer.Center.Common.dll, with 141 defines and 296 references

processors: Unity.Jobs.CodeGen.JobsILPostProcessor, zzzUnity.Burst.CodeGen.BurstILPostProcessor

running Unity.Jobs.CodeGen.JobsILPostProcessor

running zzzUnity.Burst.CodeGen.BurstILPostProcessor
[735/927    0s] ILPostProcess Library/Bee/artifacts/1900b0aE.dag/post-processed/Unity.VisualScripting.DocCodeExamples.dll (+pdb)
Processing assembly Library/Bee/artifacts/1900b0aE.dag/Unity.VisualScripting.DocCodeExamples.dll, with 141 defines and 284 references

processors: Unity.Jobs.CodeGen.JobsILPostProcessor, zzzUnity.Burst.CodeGen.BurstILPostProcessor

running Unity.Jobs.CodeGen.JobsILPostProcessor

running zzzUnity.Burst.CodeGen.BurstILPostProcessor
[736/927    0s] ILPostProcess Library/Bee/artifacts/1900b0aE.dag/post-processed/Unity.PerformanceTesting.dll (+pdb)
Processing assembly Library/Bee/artifacts/1900b0aE.dag/Unity.PerformanceTesting.dll, with 142 defines and 281 references

processors: Unity.Jobs.CodeGen.JobsILPostProcessor, zzzUnity.Burst.CodeGen.BurstILPostProcessor

running Unity.Jobs.CodeGen.JobsILPostProcessor

running zzzUnity.Burst.CodeGen.BurstILPostProcessor
[737/927    0s] ILPostProcess Library/Bee/artifacts/1900b0aE.dag/post-processed/Unity.RenderPipelines.Core.ShaderLibrary.dll (+pdb)
Processing assembly Library/Bee/artifacts/1900b0aE.dag/Unity.RenderPipelines.Core.ShaderLibrary.dll, with 141 defines and 296 references

processors: Unity.Jobs.CodeGen.JobsILPostProcessor, zzzUnity.Burst.CodeGen.BurstILPostProcessor

running Unity.Jobs.CodeGen.JobsILPostProcessor

running zzzUnity.Burst.CodeGen.BurstILPostProcessor
[738/927    0s] ILPostProcess Library/Bee/artifacts/1900b0aE.dag/post-processed/Unity.VisualScripting.Core.dll (+pdb)
Processing assembly Library/Bee/artifacts/1900b0aE.dag/Unity.VisualScripting.Core.dll, with 146 defines and 297 references

processors: Unity.Jobs.CodeGen.JobsILPostProcessor, zzzUnity.Burst.CodeGen.BurstILPostProcessor

running Unity.Jobs.CodeGen.JobsILPostProcessor

running zzzUnity.Burst.CodeGen.BurstILPostProcessor
[739/927    0s] ILPostProcess Library/Bee/artifacts/1900b0aE.dag/post-processed/Unity.InputSystem.ForUI.dll (+pdb)
Processing assembly Library/Bee/artifacts/1900b0aE.dag/Unity.InputSystem.ForUI.dll, with 141 defines and 297 references

processors: Unity.Jobs.CodeGen.JobsILPostProcessor, zzzUnity.Burst.CodeGen.BurstILPostProcessor

running Unity.Jobs.CodeGen.JobsILPostProcessor

running zzzUnity.Burst.CodeGen.BurstILPostProcessor
[740/927    0s] ILPostProcess Library/Bee/artifacts/1900b0aE.dag/post-processed/Unity.RenderPipeline.Universal.ShaderLibrary.dll (+pdb)
Processing assembly Library/Bee/artifacts/1900b0aE.dag/Unity.RenderPipeline.Universal.ShaderLibrary.dll, with 141 defines and 297 references

processors: Unity.Jobs.CodeGen.JobsILPostProcessor, zzzUnity.Burst.CodeGen.BurstILPostProcessor

running Unity.Jobs.CodeGen.JobsILPostProcessor

running zzzUnity.Burst.CodeGen.BurstILPostProcessor
[741/927    0s] ILPostProcess Library/Bee/artifacts/1900b0aE.dag/post-processed/Unity.TextMeshPro.dll (+pdb)
Processing assembly Library/Bee/artifacts/1900b0aE.dag/Unity.TextMeshPro.dll, with 142 defines and 297 references

processors: Unity.Jobs.CodeGen.JobsILPostProcessor, zzzUnity.Burst.CodeGen.BurstILPostProcessor

running Unity.Jobs.CodeGen.JobsILPostProcessor

running zzzUnity.Burst.CodeGen.BurstILPostProcessor
[742/927    0s] ILPostProcess Library/Bee/artifacts/1900b0aE.dag/post-processed/Unity.InputSystem.TestFramework.dll (+pdb)
Processing assembly Library/Bee/artifacts/1900b0aE.dag/Unity.InputSystem.TestFramework.dll, with 143 defines and 283 references

processors: Unity.Jobs.CodeGen.JobsILPostProcessor, zzzUnity.Burst.CodeGen.BurstILPostProcessor

running Unity.Jobs.CodeGen.JobsILPostProcessor

running zzzUnity.Burst.CodeGen.BurstILPostProcessor
[743/927    0s] ILPostProcess Library/Bee/artifacts/1900b0aE.dag/post-processed/UnityEngine.UI.dll (+pdb)
Processing assembly Library/Bee/artifacts/1900b0aE.dag/UnityEngine.UI.dll, with 147 defines and 294 references

processors: Unity.Jobs.CodeGen.JobsILPostProcessor, zzzUnity.Burst.CodeGen.BurstILPostProcessor

running Unity.Jobs.CodeGen.JobsILPostProcessor

running zzzUnity.Burst.CodeGen.BurstILPostProcessor
[744/927    0s] ILPostProcess Library/Bee/artifacts/1900b0aE.dag/post-processed/Unity.Timeline.dll (+pdb)
Processing assembly Library/Bee/artifacts/1900b0aE.dag/Unity.Timeline.dll, with 142 defines and 296 references

processors: Unity.Jobs.CodeGen.JobsILPostProcessor, zzzUnity.Burst.CodeGen.BurstILPostProcessor

running Unity.Jobs.CodeGen.JobsILPostProcessor

running zzzUnity.Burst.CodeGen.BurstILPostProcessor
[745/927    0s] ILPostProcess Library/Bee/artifacts/1900b0aE.dag/post-processed/Unity.SurfaceCache.Runtime.dll (+pdb)
Processing assembly Library/Bee/artifacts/1900b0aE.dag/Unity.SurfaceCache.Runtime.dll, with 141 defines and 300 references

processors: Unity.Jobs.CodeGen.JobsILPostProcessor, zzzUnity.Burst.CodeGen.BurstILPostProcessor

running Unity.Jobs.CodeGen.JobsILPostProcessor

running zzzUnity.Burst.CodeGen.BurstILPostProcessor
[746/927    0s] ILPostProcess Library/Bee/artifacts/1900b0aE.dag/post-processed/Unity.RenderPipelines.Universal.Config.Runtime.dll (+pdb)
Processing assembly Library/Bee/artifacts/1900b0aE.dag/Unity.RenderPipelines.Universal.Config.Runtime.dll, with 141 defines and 297 references

processors: Unity.Jobs.CodeGen.JobsILPostProcessor, zzzUnity.Burst.CodeGen.BurstILPostProcessor

running Unity.Jobs.CodeGen.JobsILPostProcessor

running zzzUnity.Burst.CodeGen.BurstILPostProcessor
[747/927    0s] ILPostProcess Library/Bee/artifacts/1900b0aE.dag/post-processed/Unity.RenderPipelines.Universal.Shaders.dll (+pdb)
Processing assembly Library/Bee/artifacts/1900b0aE.dag/Unity.RenderPipelines.Universal.Shaders.dll, with 141 defines and 296 references

processors: Unity.Jobs.CodeGen.JobsILPostProcessor, zzzUnity.Burst.CodeGen.BurstILPostProcessor

running Unity.Jobs.CodeGen.JobsILPostProcessor

running zzzUnity.Burst.CodeGen.BurstILPostProcessor
[748/927    0s] ILPostProcess Library/Bee/artifacts/1900b0aE.dag/post-processed/Unity.AI.Navigation.dll (+pdb)
Processing assembly Library/Bee/artifacts/1900b0aE.dag/Unity.AI.Navigation.dll, with 142 defines and 296 references

processors: Unity.Jobs.CodeGen.JobsILPostProcessor, zzzUnity.Burst.CodeGen.BurstILPostProcessor

running Unity.Jobs.CodeGen.JobsILPostProcessor

running zzzUnity.Burst.CodeGen.BurstILPostProcessor
[749/927    0s] ILPostProcess Library/Bee/artifacts/1900b0aE.dag/post-processed/Unity.InternalAPIEngineBridge.RenderPipelines.Core.Runtime.Shared.dll (+pdb)
Processing assembly Library/Bee/artifacts/1900b0aE.dag/Unity.InternalAPIEngineBridge.RenderPipelines.Core.Runtime.Shared.dll, with 141 defines and 296 references

processors: Unity.Jobs.CodeGen.JobsILPostProcessor, zzzUnity.Burst.CodeGen.BurstILPostProcessor

running Unity.Jobs.CodeGen.JobsILPostProcessor

running zzzUnity.Burst.CodeGen.BurstILPostProcessor
[750/927    0s] ILPostProcess Library/Bee/artifacts/1900b0aE.dag/post-processed/Unity.RenderPipelines.ShaderGraph.ShaderGraphLibrary.dll (+pdb)
Processing assembly Library/Bee/artifacts/1900b0aE.dag/Unity.RenderPipelines.ShaderGraph.ShaderGraphLibrary.dll, with 141 defines and 296 references

processors: Unity.Jobs.CodeGen.JobsILPostProcessor, zzzUnity.Burst.CodeGen.BurstILPostProcessor

running Unity.Jobs.CodeGen.JobsILPostProcessor

running zzzUnity.Burst.CodeGen.BurstILPostProcessor
[751/927    0s] ILPostProcess Library/Bee/artifacts/1900b0aE.dag/post-processed/Unity.VisualScripting.Flow.dll (+pdb)
Processing assembly Library/Bee/artifacts/1900b0aE.dag/Unity.VisualScripting.Flow.dll, with 149 defines and 298 references

processors: Unity.Jobs.CodeGen.JobsILPostProcessor, zzzUnity.Burst.CodeGen.BurstILPostProcessor

running Unity.Jobs.CodeGen.JobsILPostProcessor

running zzzUnity.Burst.CodeGen.BurstILPostProcessor
[752/927    0s] ILPostProcess Library/Bee/artifacts/1900b0aE.dag/post-processed/Unity.InternalAPIEngineBridge.004.dll (+pdb)
Processing assembly Library/Bee/artifacts/1900b0aE.dag/Unity.InternalAPIEngineBridge.004.dll, with 141 defines and 296 references

processors: Unity.Jobs.CodeGen.JobsILPostProcessor, zzzUnity.Burst.CodeGen.BurstILPostProcessor

running Unity.Jobs.CodeGen.JobsILPostProcessor

running zzzUnity.Burst.CodeGen.BurstILPostProcessor
[753/927    2s] ILPostProcess Library/Bee/artifacts/1900b0aE.dag/post-processed/Unity.VisualScripting.SettingsProvider.Editor.dll (+pdb)
Processing assembly Library/Bee/artifacts/1900b0aE.dag/Unity.VisualScripting.SettingsProvider.Editor.dll, with 139 defines and 310 references

processors: Unity.Jobs.CodeGen.JobsILPostProcessor, zzzUnity.Burst.CodeGen.BurstILPostProcessor

running Unity.Jobs.CodeGen.JobsILPostProcessor

running zzzUnity.Burst.CodeGen.BurstILPostProcessor
[754/927    2s] ILPostProcess Library/Bee/artifacts/1900b0aE.dag/post-processed/Unity.RenderPipelines.Universal.Runtime.dll (+pdb)
Processing assembly Library/Bee/artifacts/1900b0aE.dag/Unity.RenderPipelines.Universal.Runtime.dll, with 147 defines and 306 references

processors: Unity.Jobs.CodeGen.JobsILPostProcessor, zzzUnity.Burst.CodeGen.BurstILPostProcessor

running Unity.Jobs.CodeGen.JobsILPostProcessor

running zzzUnity.Burst.CodeGen.BurstILPostProcessor
[755/927    2s] ILPostProcess Library/Bee/artifacts/1900b0aE.dag/post-processed/Unity.Burst.dll (+pdb)
Processing assembly Library/Bee/artifacts/1900b0aE.dag/Unity.Burst.dll, with 141 defines and 283 references

processors: Unity.Jobs.CodeGen.JobsILPostProcessor, zzzUnity.Burst.CodeGen.BurstILPostProcessor

running Unity.Jobs.CodeGen.JobsILPostProcessor

running zzzUnity.Burst.CodeGen.BurstILPostProcessor
[756/927    2s] ILPostProcess Library/Bee/artifacts/1900b0aE.dag/post-processed/Assembly-CSharp.dll (+pdb)
Processing assembly Library/Bee/artifacts/1900b0aE.dag/Assembly-CSharp.dll, with 141 defines and 339 references

processors: Unity.Jobs.CodeGen.JobsILPostProcessor, zzzUnity.Burst.CodeGen.BurstILPostProcessor

running Unity.Jobs.CodeGen.JobsILPostProcessor

running zzzUnity.Burst.CodeGen.BurstILPostProcessor
[757/927    2s] ILPostProcess Library/Bee/artifacts/1900b0aE.dag/post-processed/Unity.RenderPipelines.Universal.2D.Runtime.dll (+pdb)
Processing assembly Library/Bee/artifacts/1900b0aE.dag/Unity.RenderPipelines.Universal.2D.Runtime.dll, with 143 defines and 301 references

processors: Unity.Jobs.CodeGen.JobsILPostProcessor, zzzUnity.Burst.CodeGen.BurstILPostProcessor

running Unity.Jobs.CodeGen.JobsILPostProcessor

running zzzUnity.Burst.CodeGen.BurstILPostProcessor
[758/927    2s] ILPostProcess Library/Bee/artifacts/1900b0aE.dag/post-processed/Unity.Multiplayer.Center.Editor.dll (+pdb)
Processing assembly Library/Bee/artifacts/1900b0aE.dag/Unity.Multiplayer.Center.Editor.dll, with 139 defines and 306 references

processors: Unity.Jobs.CodeGen.JobsILPostProcessor, zzzUnity.Burst.CodeGen.BurstILPostProcessor

running Unity.Jobs.CodeGen.JobsILPostProcessor

running zzzUnity.Burst.CodeGen.BurstILPostProcessor
[759/927    2s] ILPostProcess Library/Bee/artifacts/1900b0aE.dag/post-processed/Unity.VisualScripting.Flow.Editor.dll (+pdb)
Processing assembly Library/Bee/artifacts/1900b0aE.dag/Unity.VisualScripting.Flow.Editor.dll, with 141 defines and 309 references

processors: Unity.Jobs.CodeGen.JobsILPostProcessor, zzzUnity.Burst.CodeGen.BurstILPostProcessor

running Unity.Jobs.CodeGen.JobsILPostProcessor

running zzzUnity.Burst.CodeGen.BurstILPostProcessor
[760/927    2s] ILPostProcess Library/Bee/artifacts/1900b0aE.dag/post-processed/Unity.Collections.Editor.dll (+pdb)
Processing assembly Library/Bee/artifacts/1900b0aE.dag/Unity.Collections.Editor.dll, with 140 defines and 306 references

processors: Unity.Jobs.CodeGen.JobsILPostProcessor, zzzUnity.Burst.CodeGen.BurstILPostProcessor

running Unity.Jobs.CodeGen.JobsILPostProcessor

running zzzUnity.Burst.CodeGen.BurstILPostProcessor
[761/927    2s] ILPostProcess Library/Bee/artifacts/1900b0aE.dag/post-processed/Unity.RenderPipelines.Core.Runtime.Shared.dll (+pdb)
Processing assembly Library/Bee/artifacts/1900b0aE.dag/Unity.RenderPipelines.Core.Runtime.Shared.dll, with 141 defines and 299 references

processors: Unity.Jobs.CodeGen.JobsILPostProcessor, zzzUnity.Burst.CodeGen.BurstILPostProcessor

running Unity.Jobs.CodeGen.JobsILPostProcessor

running zzzUnity.Burst.CodeGen.BurstILPostProcessor
[762/927    2s] ILPostProcess Library/Bee/artifacts/1900b0aE.dag/post-processed/Unity.AI.Navigation.Updater.dll (+pdb)
Processing assembly Library/Bee/artifacts/1900b0aE.dag/Unity.AI.Navigation.Updater.dll, with 139 defines and 308 references

processors: Unity.Jobs.CodeGen.JobsILPostProcessor, zzzUnity.Burst.CodeGen.BurstILPostProcessor

running Unity.Jobs.CodeGen.JobsILPostProcessor

running zzzUnity.Burst.CodeGen.BurstILPostProcessor
[763/927    2s] ILPostProcess Library/Bee/artifacts/1900b0aE.dag/post-processed/Unity.PlasticSCM.Editor.Entities.dll (+pdb)
Processing assembly Library/Bee/artifacts/1900b0aE.dag/Unity.PlasticSCM.Editor.Entities.dll, with 139 defines and 306 references

processors: Unity.Jobs.CodeGen.JobsILPostProcessor, zzzUnity.Burst.CodeGen.BurstILPostProcessor

running Unity.Jobs.CodeGen.JobsILPostProcessor

running zzzUnity.Burst.CodeGen.BurstILPostProcessor
[764/927    2s] ILPostProcess Library/Bee/artifacts/1900b0aE.dag/post-processed/Unity.VisualScripting.Shared.Editor.dll (+pdb)
Processing assembly Library/Bee/artifacts/1900b0aE.dag/Unity.VisualScripting.Shared.Editor.dll, with 139 defines and 311 references

processors: Unity.Jobs.CodeGen.JobsILPostProcessor, zzzUnity.Burst.CodeGen.BurstILPostProcessor

running Unity.Jobs.CodeGen.JobsILPostProcessor

running zzzUnity.Burst.CodeGen.BurstILPostProcessor
[765/927    1s] ILPostProcess Library/Bee/artifacts/1900b0aE.dag/post-processed/UnityEditor.UI.dll (+pdb)
Processing assembly Library/Bee/artifacts/1900b0aE.dag/UnityEditor.UI.dll, with 142 defines and 304 references

processors: Unity.Jobs.CodeGen.JobsILPostProcessor, zzzUnity.Burst.CodeGen.BurstILPostProcessor

running Unity.Jobs.CodeGen.JobsILPostProcessor

running zzzUnity.Burst.CodeGen.BurstILPostProcessor
[766/927    2s] ILPostProcess Library/Bee/artifacts/1900b0aE.dag/post-processed/Unity.InputSystem.dll (+pdb)
Processing assembly Library/Bee/artifacts/1900b0aE.dag/Unity.InputSystem.dll, with 154 defines and 296 references

processors: Unity.Jobs.CodeGen.JobsILPostProcessor, zzzUnity.Burst.CodeGen.BurstILPostProcessor

running Unity.Jobs.CodeGen.JobsILPostProcessor

running zzzUnity.Burst.CodeGen.BurstILPostProcessor
[767/927    2s] ILPostProcess Library/Bee/artifacts/1900b0aE.dag/post-processed/Unity.Burst.Editor.dll (+pdb)
Processing assembly Library/Bee/artifacts/1900b0aE.dag/Unity.Burst.Editor.dll, with 139 defines and 306 references

processors: Unity.Jobs.CodeGen.JobsILPostProcessor, zzzUnity.Burst.CodeGen.BurstILPostProcessor

running Unity.Jobs.CodeGen.JobsILPostProcessor

running zzzUnity.Burst.CodeGen.BurstILPostProcessor
[768/927    0s] ILPostProcess Library/Bee/artifacts/1900b0aE.dag/post-processed/Unity.PathTracing.Editor.dll (+pdb)
Processing assembly Library/Bee/artifacts/1900b0aE.dag/Unity.PathTracing.Editor.dll, with 140 defines and 309 references

processors: Unity.Jobs.CodeGen.JobsILPostProcessor, zzzUnity.Burst.CodeGen.BurstILPostProcessor

running Unity.Jobs.CodeGen.JobsILPostProcessor

running zzzUnity.Burst.CodeGen.BurstILPostProcessor
[769/927    0s] ILPostProcess Library/Bee/artifacts/1900b0aE.dag/post-processed/Unity.RenderPipelines.Universal.2D.Editor.Overrides.dll (+pdb)
Processing assembly Library/Bee/artifacts/1900b0aE.dag/Unity.RenderPipelines.Universal.2D.Editor.Overrides.dll, with 140 defines and 314 references

processors: Unity.Jobs.CodeGen.JobsILPostProcessor, zzzUnity.Burst.CodeGen.BurstILPostProcessor

running Unity.Jobs.CodeGen.JobsILPostProcessor

running zzzUnity.Burst.CodeGen.BurstILPostProcessor
[770/927    0s] ILPostProcess Library/Bee/artifacts/1900b0aE.dag/post-processed/Unity.RenderPipelines.Universal.Editor.dll (+pdb)
Processing assembly Library/Bee/artifacts/1900b0aE.dag/Unity.RenderPipelines.Universal.Editor.dll, with 141 defines and 318 references

processors: Unity.Jobs.CodeGen.JobsILPostProcessor, zzzUnity.Burst.CodeGen.BurstILPostProcessor

running Unity.Jobs.CodeGen.JobsILPostProcessor

running zzzUnity.Burst.CodeGen.BurstILPostProcessor
[771/927    0s] ILPostProcess Library/Bee/artifacts/1900b0aE.dag/post-processed/Unity.VisualScripting.State.Editor.dll (+pdb)
Processing assembly Library/Bee/artifacts/1900b0aE.dag/Unity.VisualScripting.State.Editor.dll, with 139 defines and 310 references

processors: Unity.Jobs.CodeGen.JobsILPostProcessor, zzzUnity.Burst.CodeGen.BurstILPostProcessor

running Unity.Jobs.CodeGen.JobsILPostProcessor

running zzzUnity.Burst.CodeGen.BurstILPostProcessor
[772/927    0s] ILPostProcess Library/Bee/artifacts/1900b0aE.dag/post-processed/Unity.InternalAPIEditorBridge.ShaderGraph.Editor.dll (+pdb)
Processing assembly Library/Bee/artifacts/1900b0aE.dag/Unity.InternalAPIEditorBridge.ShaderGraph.Editor.dll, with 139 defines and 305 references

processors: Unity.Jobs.CodeGen.JobsILPostProcessor, zzzUnity.Burst.CodeGen.BurstILPostProcessor

running Unity.Jobs.CodeGen.JobsILPostProcessor

running zzzUnity.Burst.CodeGen.BurstILPostProcessor
[773/927    0s] ILPostProcess Library/Bee/artifacts/1900b0aE.dag/post-processed/Unity.VisualScripting.Core.Editor.dll (+pdb)
Processing assembly Library/Bee/artifacts/1900b0aE.dag/Unity.VisualScripting.Core.Editor.dll, with 139 defines and 306 references

processors: Unity.Jobs.CodeGen.JobsILPostProcessor, zzzUnity.Burst.CodeGen.BurstILPostProcessor

running Unity.Jobs.CodeGen.JobsILPostProcessor

running zzzUnity.Burst.CodeGen.BurstILPostProcessor
[774/927    0s] ILPostProcess Library/Bee/artifacts/1900b0aE.dag/post-processed/Unity.CollabProxy.Editor.dll (+pdb)
Processing assembly Library/Bee/artifacts/1900b0aE.dag/Unity.CollabProxy.Editor.dll, with 139 defines and 306 references

processors: Unity.Jobs.CodeGen.JobsILPostProcessor, zzzUnity.Burst.CodeGen.BurstILPostProcessor

running Unity.Jobs.CodeGen.JobsILPostProcessor

running zzzUnity.Burst.CodeGen.BurstILPostProcessor
[775/927    0s] ILPostProcess Library/Bee/artifacts/1900b0aE.dag/post-processed/Unity.ShaderGraph.Utilities.dll (+pdb)
Processing assembly Library/Bee/artifacts/1900b0aE.dag/Unity.ShaderGraph.Utilities.dll, with 139 defines and 305 references

processors: Unity.Jobs.CodeGen.JobsILPostProcessor, zzzUnity.Burst.CodeGen.BurstILPostProcessor

running Unity.Jobs.CodeGen.JobsILPostProcessor

running zzzUnity.Burst.CodeGen.BurstILPostProcessor
[776/927    0s] ILPostProcess Library/Bee/artifacts/1900b0aE.dag/post-processed/Unity.AI.Navigation.Editor.ConversionSystem.dll (+pdb)
Processing assembly Library/Bee/artifacts/1900b0aE.dag/Unity.AI.Navigation.Editor.ConversionSystem.dll, with 139 defines and 305 references

processors: Unity.Jobs.CodeGen.JobsILPostProcessor, zzzUnity.Burst.CodeGen.BurstILPostProcessor

running Unity.Jobs.CodeGen.JobsILPostProcessor

running zzzUnity.Burst.CodeGen.BurstILPostProcessor
[777/927    0s] ILPostProcess Library/Bee/artifacts/1900b0aE.dag/post-processed/Unity.AI.Navigation.Editor.dll (+pdb)
Processing assembly Library/Bee/artifacts/1900b0aE.dag/Unity.AI.Navigation.Editor.dll, with 140 defines and 307 references

processors: Unity.Jobs.CodeGen.JobsILPostProcessor, zzzUnity.Burst.CodeGen.BurstILPostProcessor

running Unity.Jobs.CodeGen.JobsILPostProcessor

running zzzUnity.Burst.CodeGen.BurstILPostProcessor
[778/927    0s] ILPostProcess Library/Bee/artifacts/1900b0aE.dag/post-processed/Unity.PerformanceTesting.Editor.dll (+pdb)
Processing assembly Library/Bee/artifacts/1900b0aE.dag/Unity.PerformanceTesting.Editor.dll, with 140 defines and 292 references

processors: Unity.Jobs.CodeGen.JobsILPostProcessor, zzzUnity.Burst.CodeGen.BurstILPostProcessor

running Unity.Jobs.CodeGen.JobsILPostProcessor

running zzzUnity.Burst.CodeGen.BurstILPostProcessor
[779/927    0s] ILPostProcess Library/Bee/artifacts/1900b0aE.dag/post-processed/UnityEditor.UI.Analytics.dll (+pdb)
Processing assembly Library/Bee/artifacts/1900b0aE.dag/UnityEditor.UI.Analytics.dll, with 139 defines and 306 references

processors: Unity.Jobs.CodeGen.JobsILPostProcessor, zzzUnity.Burst.CodeGen.BurstILPostProcessor

running Unity.Jobs.CodeGen.JobsILPostProcessor

running zzzUnity.Burst.CodeGen.BurstILPostProcessor
[876/927    0s] ILPostProcess Library/Bee/artifacts/1900b0aE.dag/post-processed/Unity.InternalAPIEngineBridge.RenderPipelines.Core.Editor.dll (+pdb)
Processing assembly Library/Bee/artifacts/1900b0aE.dag/Unity.InternalAPIEngineBridge.RenderPipelines.Core.Editor.dll, with 139 defines and 305 references

processors: Unity.Jobs.CodeGen.JobsILPostProcessor, zzzUnity.Burst.CodeGen.BurstILPostProcessor

running Unity.Jobs.CodeGen.JobsILPostProcessor

running zzzUnity.Burst.CodeGen.BurstILPostProcessor
[877/927    0s] ILPostProcess Library/Bee/artifacts/1900b0aE.dag/post-processed/Unity.Timeline.Editor.dll (+pdb)
Processing assembly Library/Bee/artifacts/1900b0aE.dag/Unity.Timeline.Editor.dll, with 140 defines and 306 references

processors: Unity.Jobs.CodeGen.JobsILPostProcessor, zzzUnity.Burst.CodeGen.BurstILPostProcessor

running Unity.Jobs.CodeGen.JobsILPostProcessor

running zzzUnity.Burst.CodeGen.BurstILPostProcessor
[882/927    2s] ILPostProcess Library/Bee/artifacts/1900b0aE.dag/post-processed/Unity.PathTracing.Runtime.dll (+pdb)
Processing assembly Library/Bee/artifacts/1900b0aE.dag/Unity.PathTracing.Runtime.dll, with 142 defines and 300 references

processors: Unity.Jobs.CodeGen.JobsILPostProcessor, zzzUnity.Burst.CodeGen.BurstILPostProcessor

running Unity.Jobs.CodeGen.JobsILPostProcessor

running zzzUnity.Burst.CodeGen.BurstILPostProcessor
[883/927    0s] ILPostProcess Library/Bee/artifacts/1900b0aE.dag/post-processed/Unity.Searcher.Editor.dll (+pdb)
Processing assembly Library/Bee/artifacts/1900b0aE.dag/Unity.Searcher.Editor.dll, with 139 defines and 305 references

processors: Unity.Jobs.CodeGen.JobsILPostProcessor, zzzUnity.Burst.CodeGen.BurstILPostProcessor

running Unity.Jobs.CodeGen.JobsILPostProcessor

running zzzUnity.Burst.CodeGen.BurstILPostProcessor
[884/927    0s] ILPostProcess Library/Bee/artifacts/1900b0aE.dag/post-processed/Unity.RenderPipelines.Core.Editor.Shared.dll (+pdb)
Processing assembly Library/Bee/artifacts/1900b0aE.dag/Unity.RenderPipelines.Core.Editor.Shared.dll, with 139 defines and 312 references

processors: Unity.Jobs.CodeGen.JobsILPostProcessor, zzzUnity.Burst.CodeGen.BurstILPostProcessor

running Unity.Jobs.CodeGen.JobsILPostProcessor

running zzzUnity.Burst.CodeGen.BurstILPostProcessor
[885/927    0s] ILPostProcess Library/Bee/artifacts/1900b0aE.dag/post-processed/Unity.InputSystem.DocCodeSamples.dll (+pdb)
Processing assembly Library/Bee/artifacts/1900b0aE.dag/Unity.InputSystem.DocCodeSamples.dll, with 139 defines and 292 references

processors: Unity.Jobs.CodeGen.JobsILPostProcessor, zzzUnity.Burst.CodeGen.BurstILPostProcessor

running Unity.Jobs.CodeGen.JobsILPostProcessor

running zzzUnity.Burst.CodeGen.BurstILPostProcessor
[886/927    0s] ILPostProcess Library/Bee/artifacts/1900b0aE.dag/post-processed/Unity.PlasticSCM.Editor.Assistant.dll (+pdb)
Processing assembly Library/Bee/artifacts/1900b0aE.dag/Unity.PlasticSCM.Editor.Assistant.dll, with 139 defines and 306 references

processors: Unity.Jobs.CodeGen.JobsILPostProcessor, zzzUnity.Burst.CodeGen.BurstILPostProcessor

running Unity.Jobs.CodeGen.JobsILPostProcessor

running zzzUnity.Burst.CodeGen.BurstILPostProcessor
[887/927    0s] ILPostProcess Library/Bee/artifacts/1900b0aE.dag/post-processed/Unity.InputSystem.ForUI.Editor.dll (+pdb)
Processing assembly Library/Bee/artifacts/1900b0aE.dag/Unity.InputSystem.ForUI.Editor.dll, with 139 defines and 307 references

processors: Unity.Jobs.CodeGen.JobsILPostProcessor, zzzUnity.Burst.CodeGen.BurstILPostProcessor

running Unity.Jobs.CodeGen.JobsILPostProcessor

running zzzUnity.Burst.CodeGen.BurstILPostProcessor
[888/927    3s] ILPostProcess Library/Bee/artifacts/1900b0aE.dag/post-processed/Unity.RenderPipelines.Core.Runtime.dll (+pdb)
Processing assembly Library/Bee/artifacts/1900b0aE.dag/Unity.RenderPipelines.Core.Runtime.dll, with 145 defines and 300 references

processors: Unity.Jobs.CodeGen.JobsILPostProcessor, zzzUnity.Burst.CodeGen.BurstILPostProcessor

running Unity.Jobs.CodeGen.JobsILPostProcessor

running zzzUnity.Burst.CodeGen.BurstILPostProcessor
[889/927    0s] ILPostProcess Library/Bee/artifacts/1900b0aE.dag/post-processed/Unity.ShaderGraph.Editor.dll (+pdb)
Processing assembly Library/Bee/artifacts/1900b0aE.dag/Unity.ShaderGraph.Editor.dll, with 139 defines and 310 references

processors: Unity.Jobs.CodeGen.JobsILPostProcessor, zzzUnity.Burst.CodeGen.BurstILPostProcessor

running Unity.Jobs.CodeGen.JobsILPostProcessor

running zzzUnity.Burst.CodeGen.BurstILPostProcessor
[903/927    0s] ILPostProcess Library/Bee/artifacts/1900b0aE.dag/post-processed/Unity.PlasticSCM.Editor.dll (+pdb)
Processing assembly Library/Bee/artifacts/1900b0aE.dag/Unity.PlasticSCM.Editor.dll, with 140 defines and 295 references

processors: Unity.Jobs.CodeGen.JobsILPostProcessor, zzzUnity.Burst.CodeGen.BurstILPostProcessor

running Unity.Jobs.CodeGen.JobsILPostProcessor

running zzzUnity.Burst.CodeGen.BurstILPostProcessor
[905/927    0s] ILPostProcess Library/Bee/artifacts/1900b0aE.dag/post-processed/Unity.TextMeshPro.Editor.dll (+pdb)
Processing assembly Library/Bee/artifacts/1900b0aE.dag/Unity.TextMeshPro.Editor.dll, with 139 defines and 307 references

processors: Unity.Jobs.CodeGen.JobsILPostProcessor, zzzUnity.Burst.CodeGen.BurstILPostProcessor

running Unity.Jobs.CodeGen.JobsILPostProcessor

running zzzUnity.Burst.CodeGen.BurstILPostProcessor
[906/927    3s] ILPostProcess Library/Bee/artifacts/1900b0aE.dag/post-processed/Unity.UnifiedRayTracing.Runtime.dll (+pdb)
Processing assembly Library/Bee/artifacts/1900b0aE.dag/Unity.UnifiedRayTracing.Runtime.dll, with 142 defines and 299 references

processors: Unity.Jobs.CodeGen.JobsILPostProcessor, zzzUnity.Burst.CodeGen.BurstILPostProcessor

running Unity.Jobs.CodeGen.JobsILPostProcessor

running zzzUnity.Burst.CodeGen.BurstILPostProcessor
[907/927    0s] ILPostProcess Library/Bee/artifacts/1900b0aE.dag/post-processed/Unity.Rendering.LightTransport.Editor.dll (+pdb)
Processing assembly Library/Bee/artifacts/1900b0aE.dag/Unity.Rendering.LightTransport.Editor.dll, with 139 defines and 305 references

processors: Unity.Jobs.CodeGen.JobsILPostProcessor, zzzUnity.Burst.CodeGen.BurstILPostProcessor

running Unity.Jobs.CodeGen.JobsILPostProcessor

running zzzUnity.Burst.CodeGen.BurstILPostProcessor
[918/927    0s] ILPostProcess Library/Bee/artifacts/1900b0aE.dag/post-processed/Unity.RenderPipelines.Core.Editor.dll (+pdb)
Processing assembly Library/Bee/artifacts/1900b0aE.dag/Unity.RenderPipelines.Core.Editor.dll, with 142 defines and 314 references

processors: Unity.Jobs.CodeGen.JobsILPostProcessor, zzzUnity.Burst.CodeGen.BurstILPostProcessor

running Unity.Jobs.CodeGen.JobsILPostProcessor

running zzzUnity.Burst.CodeGen.BurstILPostProcessor
[921/927    3s] ILPostProcess Library/Bee/artifacts/1900b0aE.dag/post-processed/Unity.RenderPipelines.GPUDriven.Runtime.dll (+pdb)
Processing assembly Library/Bee/artifacts/1900b0aE.dag/Unity.RenderPipelines.GPUDriven.Runtime.dll, with 141 defines and 300 references

processors: Unity.Jobs.CodeGen.JobsILPostProcessor, zzzUnity.Burst.CodeGen.BurstILPostProcessor

running Unity.Jobs.CodeGen.JobsILPostProcessor

running zzzUnity.Burst.CodeGen.BurstILPostProcessor
[924/927    3s] ILPostProcess Library/Bee/artifacts/1900b0aE.dag/post-processed/Unity.Collections.dll (+pdb)
Processing assembly Library/Bee/artifacts/1900b0aE.dag/Unity.Collections.dll, with 143 defines and 298 references

processors: Unity.Jobs.CodeGen.JobsILPostProcessor, zzzUnity.Burst.CodeGen.BurstILPostProcessor

running Unity.Jobs.CodeGen.JobsILPostProcessor

running zzzUnity.Burst.CodeGen.BurstILPostProcessor
*** Tundra build success (5.24 seconds), 273 items updated, 927 evaluated
AssetDatabase: script compilation time: 68.383140s
[Licensing::Client] Successfully resolved entitlement details
Begin MonoManager ReloadAssembly
Total cache size 64119356
Total cache size after purge 64119356, took 00:00:00.1877245
Refreshing native plugins compatible for Editor in 2.58 ms, found 4 plugins.
Native extension for WindowsStandalone target not found
Native extension for WebGL target not found
Refreshing native plugins compatible for Editor in 2.23 ms, found 4 plugins.
ScheduleIndexationOnStartup MainProcess:True IndexOnStartup:True
Mono: successfully reloaded assembly
- Finished resetting the current domain, in  4.299 seconds
Domain Reload Profiling: 5761ms
	BeginReloadAssembly (363ms)
		DisableScriptedObjects (41ms)
		CreateAndSetChildDomain (73ms)
	RebuildCommonClasses (14ms)
	RebuildNativeTypeToScriptingClass (26ms)
	initialDomainReloadingComplete (91ms)
	LoadAllAssembliesAndSetupDomain (966ms)
		LoadAssemblies (575ms)
		AnalyzeDomain (377ms)
			TypeCache.Refresh (246ms)
				TypeCache.ScanAssembly (224ms)
			BuildScriptInfoCaches (116ms)
			ResolveRequiredComponents (12ms)
	FinalizeReload (4300ms)
		SetupLoadedEditorAssemblies (0ms)
			InitializePlatformSupportModulesInManaged (3ms)
			BeforeProcessingInitializeOnLoad (144ms)
			ProcessInitializeOnLoadAttributes (3103ms)
			ProcessInitializeOnLoadMethodAttributes (279ms)
			AfterProcessingInitializeOnLoad (12ms)
		AwakeInstancesAfterBackupRestoration (87ms)
Starting new worker id: 0 with log in C:/Users/golfa/Documents/GitHub/Rocket/Logs/AssetImportWorkerHW0.log

Asset Pipeline Refresh (id=bf7ba573f7caf9549a385424707c80bc): Total: 77.240 seconds - Initiated by InitialRefreshV2(ForceSynchronousImport)
	(Values over 0.05ms)
	Summary:
		Imports: total=0 (actual=0, local cache=0, cache server=0)
		Asset DB Process Time: managed=0 ms, native=5135 ms
		Asset DB Callback time: managed=92 ms, native=2014 ms
		Scripting: domain reloads=1, domain reload time=1543 ms, compile time=68386 ms, other=69 ms
		Project Asset Count: scripts=1392, non-scripts=2428
		Asset File Changes: new=0, changed=0, moved=0, deleted=0
		Scan Filter Count: 0
	InvokePackagesCallback: 2016.159ms
	ApplyChangesToAssetFolders: 1.408ms
	Scan: 225.786ms
	Collect global state as custom dependencies: 33.396ms
	CategorizeScriptCompilationAssets: 87.925ms
	ProcessAssetsWithTransientArtifactChanges: 139.404ms
	CategorizeAssets: 81.414ms
	CompileScripts: 68385.606ms
	ImportOutOfDateAssets: 4405.658ms (4332.523ms without children)
		UnloadImportedAssets: 0.792ms
		EnsureUptoDateAssetsAreRegisteredWithGuidPM: 0.990ms
		ImportSchedulerStart: 71.308ms
	PostProcessAllAssets: 92.235ms
		MonoPostProcessAllAssets: 92.089ms
			RenderPipelineGlobalSettingsPostprocessor.OnPostprocessAllAssets 37.380ms
			UniversalRenderPipelineGlobalSettingsPostprocessor.OnPostprocessAllAssets 16.890ms
			SyncVS.PostprocessSyncProject 5.759ms
			WindowAssetPostprocessingWatcher.OnPostprocessAllAssets 4.208ms
			SpeedTree9Postprocessor.OnPostprocessAllAssets 2.847ms
			EditModeScopePostprocessor.OnPostprocessAllAssets 1.737ms
			ShaderReflectionAssetPostProcessor.OnPostprocessAllAssets 0.559ms
			ReferencedClipsPostProcessor.OnPostprocessAllAssets 0.508ms
			InputActionAssetPostprocessor.OnPostprocessAllAssets 0.462ms
			ProjectSettingsPostprocessor.OnPostprocessAllAssets 0.304ms
			TerrainToolbarOverlayPostProcessor.OnPostprocessAllAssets 0.295ms
			AssetDatabaseCallbacks.OnPostprocessAllAssets 0.277ms
	UnloadStreamsBegin: 4.214ms
	PersistCurrentRevisions: 0.182ms
	GenerateScriptTypeHashes: 3.085ms
	GenerateScriptTypeSerializationHashes: 4.910ms
	Untracked: 1759.776ms

Application.AssetDatabase Initial Refresh End
Launched and connected shader compiler UnityShaderCompiler.exe after 0.02 seconds
Scanning for USB devices : 32.285ms
Initializing Unity extensions:
[MODES] ModeService[none].Initialize
[MODES] ModeService[none].LoadModes
[MODES] Loading mode Default (0) for mode-current-id-Rocket
GetVirtualKey: Could not map char: z (122) to any virtual key
GetVirtualKey: Could not map char: y (121) to any virtual key
GetVirtualKey: Could not map char: x (120) to any virtual key
GetVirtualKey: Could not map char: c (99) to any virtual key
GetVirtualKey: Could not map char: v (118) to any virtual key
GetVirtualKey: Could not map char: V (86) to any virtual key
GetVirtualKey: Could not map char: d (100) to any virtual key
GetVirtualKey: Could not map char: f (102) to any virtual key
GetVirtualKey: Could not map char: f (102) to any virtual key
GetVirtualKey: Could not map char: a (97) to any virtual key
GetVirtualKey: Could not map char: d (100) to any virtual key
GetVirtualKey: Could not map char: c (99) to any virtual key
GetVirtualKey: Could not map char: r (114) to any virtual key
GetVirtualKey: Could not map char: i (105) to any virtual key
GetVirtualKey: Could not map char: l (108) to any virtual key
GetVirtualKey: Could not map char: f (102) to any virtual key
GetVirtualKey: Could not map char: k (107) to any virtual key
GetVirtualKey: Could not map char: p (112) to any virtual key
GetVirtualKey: Could not map char: p (112) to any virtual key
GetVirtualKey: Could not map char: p (112) to any virtual key
GetVirtualKey: Could not map char: c (99) to any virtual key
GetVirtualKey: Could not map char: r (114) to any virtual key
GetVirtualKey: Could not map char: P (80) to any virtual key
GetVirtualKey: Could not map char: n (110) to any virtual key
GetVirtualKey: Could not map char: n (110) to any virtual key
GetVirtualKey: Could not map char: g (103) to any virtual key
GetVirtualKey: Could not map char: = (61) to any virtual key
GetVirtualKey: Could not map char: f (102) to any virtual key
GetVirtualKey: Could not map char: f (102) to any virtual key
GetVirtualKey: Could not map char: a (97) to any virtual key
GetVirtualKey: Could not map char: a (97) to any virtual key
GetVirtualKey: Could not map char: n (110) to any virtual key
GetVirtualKey: Could not map char: o (111) to any virtual key
GetVirtualKey: Could not map char: s (115) to any virtual key
GetVirtualKey: Could not map char: s (115) to any virtual key
GetVirtualKey: Could not map char: b (98) to any virtual key
GetVirtualKey: Could not map char: b (98) to any virtual key
GetVirtualKey: Could not map char: c (99) to any virtual key
GetVirtualKey: Could not map char: u (117) to any virtual key
Unloading 31 Unused Serialized files (Serialized files now loaded: 0)
Loaded scene 'Assets/Scenes/SampleScene.unity'
	Deserialize:            104.481 ms
	Integration:            391.324 ms
	Integration of assets:  6.996 ms
	Thread Wait Time:       0.091 ms
	Total Operation Time:   502.892 ms
Unloading 6651 unused Assets / (7.5 MB). Loaded Objects now: 7853.
Memory consumption went from 441.7 MB to 434.2 MB.
Total: 25.365400 ms (FindLiveObjects: 0.866500 ms CreateObjectMapping: 3.659300 ms MarkObjects: 11.314800 ms  DeleteObjects: 9.518600 ms)

[LAYOUT] About to load UserSettings\Layouts\default-6000.dwlt, keepMainWindow=False
[LAYOUT] About to save layout C:\Users\golfa\Documents\GitHub\Rocket\UserSettings\Layouts\default-6000.dwlt
[LAYOUT] About to save layout C:/Users/golfa/AppData/Roaming/Unity/Editor-5.x/Preferences\Layouts\current\default-6000.dwlt
[MODES] ModeService[default].InitializeCurrentMode
[MODES] ModeService[default].RaiseModeChanged(default, default)
<RI> Initializing input.
Using Windows.Gaming.Input
[Project] Loading completed in 84.698 seconds
	Project init time: 				82.061 seconds
		Template init time: 		0.000 seconds
		Package Manager init time: 		0.545 seconds
		Asset Database init time: 		0.375 seconds
		Global illumination init time: 	0.005 seconds
		Assemblies load time: 			1.845 seconds
		Unity extensions init time: 	0.056 seconds
		Asset Database refresh time: 	77.241 seconds
	Scene opening time: 			2.381 seconds
##utp:{"type":"ProjectInfo","version":2,"phase":"Immediate","time":1789421951255,"processId":21620,"projectLoad":84.6979651,"projectInit":82.0612552,"templateInit":0.0,"packageManagerInit":0.5449426,"assetDatabaseInit":0.3754994,"globalIlluminationInit":0.004734,"assembliesLoad":1.8446101,"unityExtensionsInit":0.0559283,"assetDatabaseRefresh":77.2406862,"sceneOpening":2.3806132}
##utp:{"type":"EditorInfo","version":2,"phase":"Immediate","time":1789421951256,"processId":21620,"editorVersion":"6000.5.9f1 (b57deb96f08d)","branch":"6000.5/staging","buildType":"Release","platform":"Windows"}
Worker ready: AssetImportWorkerHW0 0
[Licensing::Client] Successfully resolved entitlement details
Asset Pipeline Refresh (id=03e633f9aa56c1048b9d598e791f1305): Total: 0.150 seconds - Initiated by RefreshV2(AllowForceSynchronousImport)
[MODES] ModeService[default].LoadModes
[Licensing::Client] Successfully resolved entitlement details
[Licensing::Client] Successfully resolved entitlement details
Created GICache directory at C:/Users/golfa/AppData/LocalLow/Unity/Caches/GiCache. Took: 0.037s, timestamps: [87.098 - 87.135]
[Licensing::Client] Successfully resolved entitlement details
[Licensing::Client] Successfully resolved entitlement details
[Licensing::Client] Successfully updated the access token
[Licensing::Module] Successfully updated access token: "as3zY62P"... (expires: 2026-09-14T22:17:32Z)
Asset Pipeline Refresh (id=e65d7455dd54f1843b19fb126f9cf7db): Total: 0.005 seconds - Initiated by RefreshV2(AllowForceSynchronousImport)
Start Indexing on Editor startup
[Indexing] Starting Initial Indexing for Assets
GetVirtualKey: Could not map char: z (122) to any virtual key
GetVirtualKey: Could not map char: y (121) to any virtual key
GetVirtualKey: Could not map char: x (120) to any virtual key
GetVirtualKey: Could not map char: c (99) to any virtual key
GetVirtualKey: Could not map char: v (118) to any virtual key
GetVirtualKey: Could not map char: V (86) to any virtual key
GetVirtualKey: Could not map char: d (100) to any virtual key
GetVirtualKey: Could not map char: f (102) to any virtual key
GetVirtualKey: Could not map char: f (102) to any virtual key
GetVirtualKey: Could not map char: a (97) to any virtual key
GetVirtualKey: Could not map char: d (100) to any virtual key
GetVirtualKey: Could not map char: c (99) to any virtual key
GetVirtualKey: Could not map char: r (114) to any virtual key
GetVirtualKey: Could not map char: i (105) to any virtual key
GetVirtualKey: Could not map char: l (108) to any virtual key
GetVirtualKey: Could not map char: f (102) to any virtual key
GetVirtualKey: Could not map char: k (107) to any virtual key
GetVirtualKey: Could not map char: p (112) to any virtual key
GetVirtualKey: Could not map char: p (112) to any virtual key
GetVirtualKey: Could not map char: p (112) to any virtual key
GetVirtualKey: Could not map char: c (99) to any virtual key
GetVirtualKey: Could not map char: r (114) to any virtual key
GetVirtualKey: Could not map char: P (80) to any virtual key
GetVirtualKey: Could not map char: n (110) to any virtual key
GetVirtualKey: Could not map char: n (110) to any virtual key
GetVirtualKey: Could not map char: g (103) to any virtual key
GetVirtualKey: Could not map char: = (61) to any virtual key
GetVirtualKey: Could not map char: f (102) to any virtual key
GetVirtualKey: Could not map char: f (102) to any virtual key
GetVirtualKey: Could not map char: a (97) to any virtual key
GetVirtualKey: Could not map char: a (97) to any virtual key
GetVirtualKey: Could not map char: c (99) to any virtual key
GetVirtualKey: Could not map char: u (117) to any virtual key
GetVirtualKey: Could not map char: n (110) to any virtual key
GetVirtualKey: Could not map char: o (111) to any virtual key
GetVirtualKey: Could not map char: s (115) to any virtual key
GetVirtualKey: Could not map char: s (115) to any virtual key
GetVirtualKey: Could not map char: b (98) to any virtual key
GetVirtualKey: Could not map char: b (98) to any virtual key
[Licensing::Client] Successfully resolved entitlement details
Opening scene 'Assets/StartMenu.unity'
Unloading 1 Unused Serialized files (Serialized files now loaded: 0)
Loaded scene 'Assets/StartMenu.unity'
	Deserialize:            4.396 ms
	Integration:            339.401 ms
	Integration of assets:  0.005 ms
	Thread Wait Time:       0.043 ms
	Total Operation Time:   343.846 ms
Unloading 60 unused Assets / (24.0 MB). Loaded Objects now: 8724.
Memory consumption went from 0.67 GB to 0.64 GB.
Total: 25.909000 ms (FindLiveObjects: 0.690800 ms CreateObjectMapping: 1.890100 ms MarkObjects: 19.889300 ms  DeleteObjects: 3.436400 ms)

Starting new worker id: 1 with log in C:/Users/golfa/Documents/GitHub/Rocket/Logs/AssetImportWorkerHW1.log
[Worker0] Imported GUID: 99c9720ab356a0642a771bea13969a05 - Path: Assets/Scenes/SampleScene.unity - Importer: ScriptedImporter/UnityEditor.QuickSearchModule:UnityEditor.Search:ASIAI0B -> (ImportResultId: '6f9884da0a42ace4ff848fb7f36a754b') in 0.1639225 seconds
[Worker0] Imported GUID: 5442b403b6d7c5841af84a2098cfa4e4 - Path: Assets/StartMenu.unity - Importer: ScriptedImporter/UnityEditor.QuickSearchModule:UnityEditor.Search:ASIAI0B -> (ImportResultId: '33bfef69787ac5cc4f1329f7f75e62d9') in 0.0294082 seconds
[Worker0] Imported GUID: ed8db47c2b179f940b206fc942403535 - Path: Assets/Material/New Material 1.mat - Importer: ScriptedImporter/UnityEditor.QuickSearchModule:UnityEditor.Search:ASIAI0B -> (ImportResultId: '1de891e25ba003a70c49e4f663aa9d31') in 0.0762905 seconds
MonoPathRemapper: Attempts to remap: 47793; Successful remaps: 18904
Serialized file version minimum: 23, current 23
[LAYOUT] About to save layout C:\Users\golfa\Documents\GitHub\Rocket\UserSettings\Layouts\default-6000.dwlt
[LAYOUT] About to save layout C:/Users/golfa/AppData/Roaming/Unity/Editor-5.x/Preferences\Layouts\current\default-6000.dwlt
Input System module state changed to: ShutdownInProgress.
Input Polling Thread exited.
Input System module state changed to: Shutdown.
[Physics::Module] Cleanup current backend.
[Physics::Module] Id: 0xf2b8ea05
[Licensing::IpcConnector] LicenseClient-golfa-notifications channel disconnected successfully.
[Licensing::IpcConnector] LicenseClient-golfa channel disconnected successfully.
Lingering sessions upon destruction of worker manager
AcceleratorClientConnectionCallback - disconnected - :0
Cleanup mono
CodeReloadManager destroyed
abort_threads: Failed aborting id: 0000000000004848, mono_thread_manage will ignore it

abort_threads: Failed aborting id: 0000000000003198, mono_thread_manage will ignore it

abort_threads: Failed aborting id: 0000000000004848, mono_thread_manage will ignore it

abort_threads: Failed aborting id: 0000000000003198, mono_thread_manage will ignore it

debugger-agent: Unable to listen on 5032
Checking for leaked weakptr:
  Found no leaked weakptrs.
[Package Manager] Server process was shutdown
##utp:{"type":"MemoryLeaks","version":2,"phase":"Immediate","time":1789421963919,"processId":21620,"allocatedMemory":51338026,"memoryLabels":[{"Default":219363},{"Permanent":15516},{"NewDelete":64545},{"Thread":4206712},{"Manager":822856},{"VertexData":8},{"Geometry":816},{"Texture":24},{"Shader":866591},{"Material":24},{"GfxDevice":61400},{"GfxThread":4608},{"Animation":952},{"Audio":1544},{"FreeType":8},{"FontEngine":736},{"Physics":2146},{"Physics2D":16},{"Serialization":144064},{"Input":45280},{"JobScheduler":256},{"TextLib":27478},{"Mono":48},{"MonoCode":64},{"ScriptingNativeRuntime":1626412},{"BaseObject":1622024},{"Resource":1208},{"Renderer":3080},{"Transform":4685},{"File":6978},{"WebCam":616},{"Culling":32},{"Terrain":11442},{"Wind":24},{"STL":40},{"String":9877},{"StaticString":3808},{"Utility":2674458},{"Curl":48},{"PoolAlloc":2360},{"AI":80},{"TypeTree":17165},{"CodeReload":448},{"RuntimeInitializeOnLoadManager":64},{"Sprites":102},{"SpriteAtlas":120},{"GI":7816},{"Director":8296},{"CloudService":7208},{"WebRequest":9210},{"VR":47114},{"SceneManager":608},{"Video":208},{"LazyScriptCache":32},{"NativeArray":33042332},{"Camera":17},{"Secure":265},{"SerializationCache":1576},{"APIUpdating":10320},{"Subsystems":336},{"VirtualTexturing":57888},{"StaticSafetyDebugInfo":278528},{"Analytics":728},{"Hierarchy":1176},{"UIElements":370312},{"CoreStats":13688},{"Identifiers":6768},{"Gui":173},{"EditorUtility":197168},{"VersionControl":8},{"Undo":931},{"AssetDatabase":4752670},{"AssetImporter":40},{"EditorGi":328},{"UnityConnect":35346},{"Upm":1988},{"UpmDiagnostics":8},{"AssetCompliance":64},{"DrivenProperties":72},{"LocalIPC":260},{"ProfilerEditor":9746},{"CoreBusinessMetrics":3480},{"Windowing":456},{"Licensing":776},{"AssetReference":32},{"IPCStream":32}]}
